mtllib material.mtl
s off
v 4.00000000 12.00000000 6.00000000
v 4.00000000 24.00000000 6.00000000
v 12.00000000 24.00000000 6.00000000
v 12.00000000 12.00000000 6.00000000
v 4.00000000 12.00000000 10.00000000
v 12.00000000 12.00000000 10.00000000
v 12.00000000 24.00000000 10.00000000
v 4.00000000 24.00000000 10.00000000
v 4.00000000 24.00000000 4.00000000
v 4.00000000 32.00000000 4.00000000
v 12.00000000 32.00000000 4.00000000
v 12.00000000 24.00000000 4.00000000
v 4.00000000 24.00000000 12.00000000
v 12.00000000 24.00000000 12.00000000
v 12.00000000 32.00000000 12.00000000
v 4.00000000 32.00000000 12.00000000
v -0.81557474 18.33673779 6.00000000
v 0.01946386 24.27834620 6.00000000
v 3.98053614 23.72165380 6.00000000
v 3.14549753 17.78004539 6.00000000
v -0.81557474 18.33673779 10.00000000
v 3.14549753 17.78004539 10.00000000
v 3.98053614 23.72165380 10.00000000
v 0.01946386 24.27834620 10.00000000
v -1.31659791 14.77177274 6.00000000
v -0.81557474 18.33673779 6.00000000
v 3.14549753 17.78004539 6.00000000
v 2.64447437 14.21508034 6.00000000
v -1.31659791 14.77177274 10.00000000
v 2.64447437 14.21508034 10.00000000
v 3.14549753 17.78004539 10.00000000
v -0.81557474 18.33673779 10.00000000
v -1.65061335 12.39512938 6.00000000
v -1.31659791 14.77177274 6.00000000
v 2.64447437 14.21508034 6.00000000
v 2.31045893 11.83843697 6.00000000
v -1.65061335 12.39512938 10.00000000
v 2.31045893 11.83843697 10.00000000
v 2.64447437 14.21508034 10.00000000
v -1.31659791 14.77177274 10.00000000
v 12.85450247 17.78004539 6.00000000
v 12.01946386 23.72165380 6.00000000
v 15.98053614 24.27834620 6.00000000
v 16.81557474 18.33673779 6.00000000
v 12.85450247 17.78004539 10.00000000
v 16.81557474 18.33673779 10.00000000
v 15.98053614 24.27834620 10.00000000
v 12.01946386 23.72165380 10.00000000
v 13.35552563 14.21508034 6.00000000
v 12.85450247 17.78004539 6.00000000
v 16.81557474 18.33673779 6.00000000
v 17.31659791 14.77177274 6.00000000
v 13.35552563 14.21508034 10.00000000
v 17.31659791 14.77177274 10.00000000
v 16.81557474 18.33673779 10.00000000
v 12.85450247 17.78004539 10.00000000
v 13.68954107 11.83843697 6.00000000
v 13.35552563 14.21508034 6.00000000
v 17.31659791 14.77177274 6.00000000
v 17.65061335 12.39512938 6.00000000
v 13.68954107 11.83843697 10.00000000
v 17.65061335 12.39512938 10.00000000
v 17.31659791 14.77177274 10.00000000
v 13.35552563 14.21508034 10.00000000
v 3.48467615 6.19714330 6.00000000
v 4.00761060 12.17431149 6.00000000
v 7.99238940 11.82568851 6.00000000
v 7.46945494 5.84852033 6.00000000
v 3.48467615 6.19714330 10.00000000
v 7.46945494 5.84852033 10.00000000
v 7.99238940 11.82568851 10.00000000
v 4.00761060 12.17431149 10.00000000
v 3.13605318 2.21236450 6.00000000
v 3.48467615 6.19714330 6.00000000
v 7.46945494 5.84852033 6.00000000
v 7.12083197 1.86374153 6.00000000
v 3.13605318 2.21236450 10.00000000
v 7.12083197 1.86374153 10.00000000
v 7.46945494 5.84852033 10.00000000
v 3.48467615 6.19714330 10.00000000
v 2.96174169 0.21997511 6.00000000
v 3.13605318 2.21236450 6.00000000
v 7.12083197 1.86374153 6.00000000
v 6.94652048 -0.12864786 6.00000000
v 2.96174169 0.21997511 10.00000000
v 6.94652048 -0.12864786 10.00000000
v 7.12083197 1.86374153 10.00000000
v 3.13605318 2.21236450 10.00000000
v 8.53054506 5.84852033 6.00000000
v 8.00761060 11.82568851 6.00000000
v 11.99238940 12.17431149 6.00000000
v 12.51532385 6.19714330 6.00000000
v 8.53054506 5.84852033 10.00000000
v 12.51532385 6.19714330 10.00000000
v 11.99238940 12.17431149 10.00000000
v 8.00761060 11.82568851 10.00000000
v 8.87916803 1.86374153 6.00000000
v 8.53054506 5.84852033 6.00000000
v 12.51532385 6.19714330 6.00000000
v 12.86394682 2.21236450 6.00000000
v 8.87916803 1.86374153 10.00000000
v 12.86394682 2.21236450 10.00000000
v 12.51532385 6.19714330 10.00000000
v 8.53054506 5.84852033 10.00000000
v 9.05347952 -0.12864786 6.00000000
v 8.87916803 1.86374153 6.00000000
v 12.86394682 2.21236450 6.00000000
v 13.03825831 0.21997511 6.00000000
v 9.05347952 -0.12864786 10.00000000
v 13.03825831 0.21997511 10.00000000
v 12.86394682 2.21236450 10.00000000
v 8.87916803 1.86374153 10.00000000
v 12.45000000 29.30000000 3.63000000
v 12.45000000 31.80000000 3.63000000
v 12.45000000 31.80000000 8.00000000
v 12.38917466 31.77708248 7.99974496
v 12.39248714 31.76971564 3.63035874
v 12.38500000 29.30000000 3.63000000
v 12.45000000 27.70000000 8.00000000
v 12.38500000 27.70000000 8.00000000
v 11.75000000 32.55000000 3.63000000
v 11.75000000 32.65000000 8.00000000
v 11.71353430 32.59620055 7.99906653
v 11.71981602 32.49246985 3.63205145
v 10.00000000 33.05000000 3.63000000
v 10.00000000 33.30000000 8.00000000
v 9.98088482 33.23789104 7.99855513
v 9.98224321 32.98761956 3.63428679
v 7.45000000 33.70000000 3.63000000
v 7.45000000 34.10000000 8.00000000
v 7.43943401 34.03589890 7.99790033
v 7.44401541 33.63561878 3.63665158
v 5.90000000 33.65000000 3.63000000
v 5.80000000 34.20000000 8.00000000
v 5.81614242 34.13704065 7.99926362
v 5.92381440 33.58994832 3.63718821
v 4.25000000 32.75000000 3.63000000
v 4.25000000 33.15000000 8.00000000
v 4.29671308 33.10481770 8.00120317
v 4.29853990 32.70685603 3.63273418
v 3.55000000 31.80000000 3.63000000
v 3.55000000 31.80000000 8.00000000
v 3.61273171 31.78298503 8.00047328
v 3.61359355 31.78655156 3.63000000
v 3.55000000 29.30000000 3.63000000
v 3.55000000 27.70000000 8.00000000
v 3.61500000 27.70000000 8.00000000
v 3.61500000 29.30000000 3.63000000
v 12.45000000 31.80000000 12.33000000
v 12.38711002 31.78357289 12.33000000
v 12.45000000 25.90000000 12.33000000
v 12.38500000 25.90000000 12.33000000
v 11.75000000 32.50000000 12.33000000
v 11.71063915 32.44828751 12.32875845
v 10.00000000 33.00000000 12.33000000
v 9.98232276 32.93755379 12.32639643
v 7.45000000 33.50000000 12.33000000
v 7.43932273 33.43630495 12.32265584
v 6.00000000 33.50000000 12.33000000
v 6.00727521 33.43620969 12.31985761
v 4.25000000 32.75000000 12.33000000
v 4.28891829 32.69835445 12.32343465
v 3.55000000 31.80000000 12.33000000
v 3.61052458 31.77633016 12.32876961
v 3.55000000 25.90000000 12.33000000
v 3.61500000 25.90000000 12.33000000
v 7.94500000 30.61000000 12.33000000
v 12.45000000 25.90000000 12.33000000
v 12.45000000 31.80000000 12.33000000
v 7.94500000 30.61000000 12.26500000
v 12.45000000 31.80000000 12.26500000
v 12.45000000 25.90000000 12.26500000
v 11.75000000 32.50000000 12.33000000
v 11.75000000 32.50000000 12.26500000
v 10.00000000 33.00000000 12.33000000
v 10.00000000 33.00000000 12.26500000
v 7.45000000 33.50000000 12.33000000
v 7.45000000 33.50000000 12.26500000
v 6.00000000 33.50000000 12.33000000
v 6.00000000 33.50000000 12.26500000
v 4.25000000 32.75000000 12.33000000
v 4.25000000 32.75000000 12.26500000
v 3.55000000 31.80000000 12.33000000
v 3.55000000 31.80000000 12.26500000
v 3.55000000 25.90000000 12.33000000
v 3.55000000 25.90000000 12.26500000
v 8.00000000 25.45000000 12.33000000
v 8.00000000 25.45000000 12.26500000
v -0.44156200 24.42439039 5.47120000
v 2.10716329 24.41562660 5.40160000
v 1.77732304 22.41557109 5.26720000
v 1.77742072 22.41692568 5.33218581
v 2.10546178 24.41470248 5.46647250
v -0.41220474 24.42201505 5.52840905
v -0.85639392 22.78571587 5.34040000
v -0.81001278 22.78089496 5.38568299
v 4.04000000 24.00000000 5.47120000
v 3.78363410 22.04542631 5.34040000
v 3.73679696 22.04834796 5.38537495
v 3.98181146 24.00573198 5.49959434
v 4.04000000 24.00000000 8.00000000
v 3.78363410 22.04542631 8.00000000
v 3.71885812 22.05081815 8.00000000
v 3.97555200 24.00845313 8.00000000
v 4.04000000 24.00000000 10.52880000
v 3.78363410 22.04542631 10.65960000
v 3.73735448 22.05212471 10.61445215
v 4.00873011 24.00057815 10.47181877
v 2.10716329 24.41562660 10.59840000
v 1.77732304 22.41557109 10.73280000
v 1.77712965 22.41698861 10.66781575
v 2.10695122 24.41465392 10.53351690
v -0.44156200 24.42439039 10.52880000
v -0.85639392 22.78571587 10.65960000
v -0.80999078 22.78094893 10.61433384
v -0.38475827 24.42099844 10.50026493
v -0.44156200 24.42439039 8.00000000
v -0.85639392 22.78571587 8.00000000
v -0.79187462 22.77782536 8.00000000
v -0.37790122 24.42110876 8.00000000
v 1.44330760 20.03892773 5.51360000
v 1.44420458 20.04543524 5.57826721
v -0.95294308 20.37569879 5.58020000
v -0.90599347 20.37820112 5.62508288
v 3.70000000 19.70215666 5.58020000
v 3.65437531 19.71246740 5.62533398
v 3.70000000 19.70215666 8.00000000
v 3.63533975 19.70879386 8.00000000
v 3.70000000 19.70215666 10.41980000
v 3.65409737 19.71045642 10.37453343
v 1.44330760 20.03892773 10.48640000
v 1.44415909 20.04542127 10.42173077
v -0.95294308 20.37569879 10.41980000
v -0.90599081 20.37820146 10.37491992
v -0.95294308 20.37569879 8.00000000
v -0.88799754 20.37303846 8.00000000
v 1.16496139 18.05839159 5.71520000
v 1.16516171 18.05982441 5.78018390
v -1.03699868 18.36785689 5.77640000
v -0.99063136 18.36331952 5.82172641
v 3.36692147 17.74892628 5.77640000
v 3.32085983 17.75638119 5.82165207
v 3.36692147 17.74892628 8.00000000
v 3.30244530 17.75716177 8.00000000
v 3.36692147 17.74892628 10.22360000
v 3.32072574 17.75529143 10.17831823
v 1.16496139 18.05839159 10.28480000
v 1.16515370 18.05981543 10.21981588
v -1.03699868 18.36785689 10.22360000
v -0.99057467 18.36337423 10.17832621
v -1.03699868 18.36785689 8.00000000
v -0.97245035 18.36020753 8.00000000
v 0.99795367 16.87006991 5.64800000
v 0.99778646 16.86888309 5.71298895
v -1.26876994 17.18863713 5.71100000
v -1.22288428 17.18053796 5.75632008
v 3.26467728 16.55150268 5.71100000
v 3.21831350 16.55633816 5.75629921
v 3.26467728 16.55150268 8.00000000
v 3.20015788 16.55939230 8.00000000
v 3.26467728 16.55150268 10.28900000
v 3.21833672 16.55636506 10.24367992
v 0.99795367 16.87006991 10.35200000
v 0.99778728 16.86888298 10.28701105
v -1.26876994 17.18863713 10.28900000
v -1.22286937 17.18050570 10.24370079
v -1.26876994 17.18863713 8.00000000
v -1.20457523 17.17843716 8.00000000
v 0.67089689 14.54293994 5.69280000
v 0.67165970 14.54408378 5.75778546
v -1.55265104 14.85543922 5.75460000
v -1.49471199 14.84892671 5.78333420
v 2.89444481 14.23044066 5.75460000
v 2.86463959 14.23627441 5.81206840
v 2.89444481 14.23044066 8.00000000
v 2.83025627 14.24067937 8.00000000
v 2.89444481 14.23044066 10.24540000
v 2.83695513 14.24015060 10.21666580
v 0.67089689 14.54293994 10.30720000
v 0.67047891 14.54424973 10.24221454
v -1.55265104 14.85543922 10.24540000
v -1.52239243 14.85283155 10.18793160
v -1.55265104 14.85543922 8.00000000
v -1.48812688 14.84758855 8.00000000
v 1.87620507 24.34742805 8.00000000
v -0.44156200 24.42439039 8.00000000
v -0.44156200 24.42439039 10.52880000
v 1.87531115 24.33117959 8.00000000
v -0.44245592 24.40814193 10.52880000
v -0.44245592 24.40814193 8.00000000
v 2.10716329 24.41562660 10.59840000
v 2.10626936 24.39937814 10.59840000
v 4.04000000 24.00000000 10.52880000
v 4.03910607 23.93500615 10.52880000
v 4.04000000 24.00000000 8.00000000
v 4.03910607 23.93500615 8.00000000
v 4.04000000 24.00000000 5.47120000
v 4.03910607 23.93500615 5.47120000
v 2.10716329 24.41562660 5.40160000
v 2.10626936 24.39937814 5.40160000
v -0.44156200 24.42439039 5.47120000
v -0.44245592 24.40814193 5.47120000
v -1.35966846 17.40337760 10.40890000
v -1.35966846 17.40337760 8.00000000
v -1.54059349 16.11602911 8.00000000
v -1.47622606 16.10698286 8.00000000
v -1.29530103 17.39433135 8.00000000
v -1.29530103 17.39433135 10.40890000
v -1.54059349 16.11602911 10.40890000
v -1.47622606 16.10698286 10.40890000
v -1.35966846 17.40337760 5.59110000
v -1.54059349 16.11602911 5.59110000
v -1.49445698 16.10954505 5.63642527
v -1.32962732 17.39915560 5.64858656
v 1.02578829 17.06812352 5.52480000
v 0.84486326 15.78077503 5.52480000
v 0.84663417 15.78052614 5.58977539
v 1.02755920 17.06787463 5.58977539
v -1.65889062 15.27430125 8.00000000
v -1.59452320 15.26525500 8.00000000
v -1.67280793 15.17527445 10.40890000
v -1.60844051 15.16622820 10.40890000
v -1.64497331 15.37332806 5.59110000
v -1.58724125 15.36521435 5.61984328
v 0.75440075 15.13710078 5.52480000
v 0.75617166 15.13685190 5.58977539
v -1.67280793 15.17527445 10.40890000
v -1.65889062 15.27430125 8.00000000
v -1.65889062 15.49430125 7.96500000
v -1.70388984 15.49425962 7.96473831
v -1.70388984 15.27425962 7.99973831
v -1.71780715 15.17523281 10.40863831
v -1.67280793 15.39527445 10.37390000
v -1.71780715 15.39523281 10.37363831
v -1.64497331 15.37332806 5.59110000
v -1.64497331 15.59332806 5.55610000
v -1.68530495 15.59019221 5.53638894
v -1.66640431 15.36711116 5.55202235
v 0.75440075 15.13710078 5.52480000
v 0.75440075 15.35710078 5.48980000
v 0.75247841 15.35003706 5.44539945
v 0.75247841 15.13003706 5.48039945
v -1.56103345 15.10907419 5.71100000
v 0.70569016 14.79050696 5.64800000
v 0.66811342 14.52313458 5.64800000
v 0.66852223 14.52307713 5.69299811
v 0.70528135 14.79056442 5.69299811
v -1.54023574 15.10615126 5.75079839
v -1.59861019 14.84170181 5.71100000
v -1.55864183 14.83608462 5.73089919
v 2.97241377 14.47193973 5.71100000
v 2.93483703 14.20456735 5.71100000
v 2.91403933 14.20749028 5.75079839
v 2.93244542 14.47755692 5.73089919
v 2.97241377 14.47193973 8.00000000
v 2.93483703 14.20456735 8.00000000
v 2.89027497 14.21083014 8.00000000
v 2.92785171 14.47820252 8.00000000
v 2.97241377 14.47193973 10.28900000
v 2.93483703 14.20456735 10.28900000
v 2.89486868 14.21018454 10.26910081
v 2.95161606 14.47486266 10.24920161
v 0.70569016 14.79050696 10.35200000
v 0.66811342 14.52313458 10.35200000
v 0.66770461 14.52319204 10.30700189
v 0.70609897 14.79044951 10.30700189
v -1.56103345 15.10907419 10.28900000
v -1.59861019 14.84170181 10.28900000
v -1.57781248 14.83877888 10.24920161
v -1.52106509 15.10345700 10.26910081
v -1.56103345 15.10907419 8.00000000
v -1.59861019 14.84170181 8.00000000
v -1.55404812 14.83543902 8.00000000
v -1.51647139 15.10281140 8.00000000
v 11.96000000 24.00000000 5.47120000
v 13.89283671 24.41562660 5.40160000
v 14.22267696 22.41557109 5.26720000
v 14.22287035 22.41698861 5.33218425
v 13.89304878 24.41465392 5.46648310
v 11.99126989 24.00057815 5.52818123
v 12.21636590 22.04542631 5.34040000
v 12.26264552 22.05212471 5.38554785
v 16.44156200 24.42439039 5.47120000
v 16.85639392 22.78571587 5.34040000
v 16.80999078 22.78094893 5.38566616
v 16.38475827 24.42099844 5.49973507
v 16.44156200 24.42439039 8.00000000
v 16.85639392 22.78571587 8.00000000
v 16.79187462 22.77782536 8.00000000
v 16.37790122 24.42110876 8.00000000
v 16.44156200 24.42439039 10.52880000
v 16.85639392 22.78571587 10.65960000
v 16.81001278 22.78089496 10.61431701
v 16.41220474 24.42201505 10.47159095
v 13.89283671 24.41562660 10.59840000
v 14.22267696 22.41557109 10.73280000
v 14.22257928 22.41692568 10.66781419
v 13.89453822 24.41470248 10.53352750
v 11.96000000 24.00000000 10.52880000
v 12.21636590 22.04542631 10.65960000
v 12.26320304 22.04834796 10.61462505
v 12.01818854 24.00573198 10.50040566
v 11.96000000 24.00000000 8.00000000
v 12.21636590 22.04542631 8.00000000
v 12.28114188 22.05081815 8.00000000
v 12.02444800 24.00845313 8.00000000
v 14.55669240 20.03892773 5.51360000
v 14.55584091 20.04542127 5.57826923
v 12.30000000 19.70215666 5.58020000
v 12.34590263 19.71045642 5.62546657
v 16.95294308 20.37569879 5.58020000
v 16.90599081 20.37820146 5.62508008
v 16.95294308 20.37569879 8.00000000
v 16.88799754 20.37303846 8.00000000
v 16.95294308 20.37569879 10.41980000
v 16.90599347 20.37820112 10.37491712
v 14.55669240 20.03892773 10.48640000
v 14.55579542 20.04543524 10.42173279
v 12.30000000 19.70215666 10.41980000
v 12.34562469 19.71246740 10.37466602
v 12.30000000 19.70215666 8.00000000
v 12.36466025 19.70879386 8.00000000
v 14.83503861 18.05839159 5.71520000
v 14.83484630 18.05981543 5.78018412
v 12.63307853 17.74892628 5.77640000
v 12.67927426 17.75529143 5.82168177
v 17.03699868 18.36785689 5.77640000
v 16.99057467 18.36337423 5.82167379
v 17.03699868 18.36785689 8.00000000
v 16.97245035 18.36020753 8.00000000
v 17.03699868 18.36785689 10.22360000
v 16.99063136 18.36331952 10.17827359
v 14.83503861 18.05839159 10.28480000
v 14.83483829 18.05982441 10.21981610
v 12.63307853 17.74892628 10.22360000
v 12.67914017 17.75638119 10.17834793
v 12.63307853 17.74892628 8.00000000
v 12.69755470 17.75716177 8.00000000
v 15.00204633 16.87006991 5.64800000
v 15.00221272 16.86888298 5.71298895
v 12.73532272 16.55150268 5.71100000
v 12.78166328 16.55636506 5.75632008
v 17.26876994 17.18863713 5.71100000
v 17.22286937 17.18050570 5.75629921
v 17.26876994 17.18863713 8.00000000
v 17.20457523 17.17843716 8.00000000
v 17.26876994 17.18863713 10.28900000
v 17.22288428 17.18053796 10.24367992
v 15.00204633 16.87006991 10.35200000
v 15.00221354 16.86888309 10.28701105
v 12.73532272 16.55150268 10.28900000
v 12.78168650 16.55633816 10.24370079
v 12.73532272 16.55150268 8.00000000
v 12.79984212 16.55939230 8.00000000
v 15.32910311 14.54293994 5.69280000
v 15.32952109 14.54424973 5.75778546
v 13.10555519 14.23044066 5.75460000
v 13.16304487 14.24015060 5.78333420
v 17.55265104 14.85543922 5.75460000
v 17.52239243 14.85283155 5.81206840
v 17.55265104 14.85543922 8.00000000
v 17.48812688 14.84758855 8.00000000
v 17.55265104 14.85543922 10.24540000
v 17.49471199 14.84892671 10.21666580
v 15.32910311 14.54293994 10.30720000
v 15.32834030 14.54408378 10.24221454
v 13.10555519 14.23044066 10.24540000
v 13.13536041 14.23627441 10.18793160
v 13.10555519 14.23044066 8.00000000
v 13.16974373 14.24067937 8.00000000
v 14.12379493 24.34742805 8.00000000
v 11.96000000 24.00000000 8.00000000
v 11.96000000 24.00000000 10.52880000
v 14.14764842 24.33231181 8.00000000
v 11.98385350 23.93953505 10.52880000
v 11.98385350 23.93953505 8.00000000
v 13.89283671 24.41562660 10.59840000
v 13.91669021 24.40051037 10.59840000
v 16.44156200 24.42439039 10.52880000
v 16.46541549 24.40927415 10.52880000
v 16.44156200 24.42439039 8.00000000
v 16.46541549 24.40927415 8.00000000
v 16.44156200 24.42439039 5.47120000
v 16.46541549 24.40927415 5.47120000
v 13.89283671 24.41562660 5.40160000
v 13.91669021 24.40051037 5.40160000
v 11.96000000 24.00000000 5.47120000
v 11.98385350 23.93953505 5.47120000
v 14.97421171 17.06812352 5.52480000
v 17.35966846 17.40337760 5.59110000
v 17.54059349 16.11602911 5.59110000
v 17.49445698 16.10954505 5.63642527
v 17.30193639 17.39526389 5.61984328
v 14.97244080 17.06787463 5.58977539
v 15.15513674 15.78077503 5.52480000
v 15.15336583 15.78052614 5.58977539
v 17.35966846 17.40337760 8.00000000
v 17.54059349 16.11602911 8.00000000
v 17.47622606 16.10698286 8.00000000
v 17.29530103 17.39433135 8.00000000
v 17.35966846 17.40337760 10.40890000
v 17.54059349 16.11602911 10.40890000
v 17.47622606 16.10698286 10.40890000
v 17.29530103 17.39433135 10.40890000
v 17.65889062 15.27430125 5.59110000
v 17.62884949 15.27007925 5.64858656
v 15.28735118 14.84002036 5.52480000
v 15.28558027 14.83977148 5.58977539
v 17.64497331 15.37332806 8.00000000
v 17.58060589 15.36428181 8.00000000
v 17.63105600 15.47235487 10.40890000
v 17.56668858 15.46330862 10.40890000
v 15.28735118 14.84002036 5.52480000
v 17.65889062 15.27430125 5.59110000
v 17.65889062 15.49430125 5.55610000
v 17.68084166 15.48812931 5.51730491
v 17.69946080 15.27124231 5.57187232
v 15.28988428 14.83296140 5.48042935
v 15.28735118 15.06002036 5.48980000
v 15.28988428 15.05296140 5.44542935
v 17.64497331 15.37332806 8.00000000
v 17.64497331 15.59332806 7.96500000
v 17.68997255 15.59336915 7.96525829
v 17.68997255 15.37336915 8.00025829
v 17.63105600 15.47235487 10.40890000
v 17.63105600 15.69235487 10.37390000
v 17.67605524 15.69239596 10.37415829
v 17.67605524 15.47239596 10.40915829
v 13.02758623 14.47193973 5.71100000
v 15.29430984 14.79050696 5.64800000
v 15.33188658 14.52313458 5.64800000
v 15.33229539 14.52319204 5.69299811
v 15.29390103 14.79044951 5.69299811
v 13.04838394 14.47486266 5.75079839
v 13.06516297 14.20456735 5.71100000
v 13.10513132 14.21018454 5.73089919
v 17.56103345 15.10907419 5.71100000
v 17.59861019 14.84170181 5.71100000
v 17.57781248 14.83877888 5.75079839
v 17.52106509 15.10345700 5.73089919
v 17.56103345 15.10907419 8.00000000
v 17.59861019 14.84170181 8.00000000
v 17.55404812 14.83543902 8.00000000
v 17.51647139 15.10281140 8.00000000
v 17.56103345 15.10907419 10.28900000
v 17.59861019 14.84170181 10.28900000
v 17.55864183 14.83608462 10.26910081
v 17.54023574 15.10615126 10.24920161
v 15.29430984 14.79050696 10.35200000
v 15.33188658 14.52313458 10.35200000
v 15.33147777 14.52307713 10.30700189
v 15.29471865 14.79056442 10.30700189
v 13.02758623 14.47193973 10.28900000
v 13.06516297 14.20456735 10.28900000
v 13.08596067 14.20749028 10.24920161
v 13.06755458 14.47755692 10.26910081
v 13.02758623 14.47193973 8.00000000
v 13.06516297 14.20456735 8.00000000
v 13.10972503 14.21083014 8.00000000
v 13.07214829 14.47820252 8.00000000
v 4.00000000 23.10000000 5.82000000
v 6.00000000 22.60000000 5.82000000
v 6.00000000 21.00000000 5.82000000
v 6.00000000 21.00000000 5.88500000
v 6.00000000 22.60000000 5.88500000
v 4.00000000 23.10000000 5.88500000
v 4.00000000 21.00000000 5.82000000
v 4.00000000 21.00000000 5.88500000
v 8.00000000 22.20000000 5.82000000
v 8.00000000 21.00000000 5.82000000
v 8.00000000 21.00000000 5.88500000
v 8.00000000 22.20000000 5.88500000
v 10.00000000 22.60000000 5.82000000
v 10.00000000 21.00000000 5.82000000
v 10.00000000 21.00000000 5.88500000
v 10.00000000 22.60000000 5.88500000
v 12.00000000 23.10000000 5.82000000
v 12.00000000 21.00000000 5.82000000
v 12.00000000 21.00000000 5.88500000
v 12.00000000 23.10000000 5.88500000
v 6.00000000 18.00000000 5.82000000
v 6.00000000 18.00000000 5.88500000
v 4.00000000 18.00000000 5.82000000
v 4.00000000 18.00000000 5.88500000
v 8.00000000 18.00000000 5.82000000
v 8.00000000 18.00000000 5.88500000
v 10.00000000 18.00000000 5.82000000
v 10.00000000 18.00000000 5.88500000
v 12.00000000 18.00000000 5.82000000
v 12.00000000 18.00000000 5.88500000
v 6.00000000 14.00000000 5.82000000
v 6.00000000 14.00000000 5.88500000
v 4.00000000 14.00000000 5.82000000
v 4.00000000 14.00000000 5.88500000
v 8.00000000 14.00000000 5.82000000
v 8.00000000 14.00000000 5.88500000
v 10.00000000 14.00000000 5.82000000
v 10.00000000 14.00000000 5.88500000
v 12.00000000 14.00000000 5.82000000
v 12.00000000 14.00000000 5.88500000
v 12.00000000 23.10000000 10.20000000
v 10.00000000 22.60000000 10.20000000
v 10.00000000 21.00000000 10.20000000
v 10.00000000 21.00000000 10.13500000
v 10.00000000 22.60000000 10.13500000
v 12.00000000 23.10000000 10.13500000
v 12.00000000 21.00000000 10.20000000
v 12.00000000 21.00000000 10.13500000
v 8.00000000 22.20000000 10.20000000
v 8.00000000 21.00000000 10.20000000
v 8.00000000 21.00000000 10.13500000
v 8.00000000 22.20000000 10.13500000
v 6.00000000 22.60000000 10.20000000
v 6.00000000 21.00000000 10.20000000
v 6.00000000 21.00000000 10.13500000
v 6.00000000 22.60000000 10.13500000
v 4.00000000 23.10000000 10.20000000
v 4.00000000 21.00000000 10.20000000
v 4.00000000 21.00000000 10.13500000
v 4.00000000 23.10000000 10.13500000
v 10.00000000 18.00000000 10.20000000
v 10.00000000 18.00000000 10.13500000
v 12.00000000 18.00000000 10.20000000
v 12.00000000 18.00000000 10.13500000
v 8.00000000 18.00000000 10.20000000
v 8.00000000 18.00000000 10.13500000
v 6.00000000 18.00000000 10.20000000
v 6.00000000 18.00000000 10.13500000
v 4.00000000 18.00000000 10.20000000
v 4.00000000 18.00000000 10.13500000
v 10.00000000 14.00000000 10.20000000
v 10.00000000 14.00000000 10.13500000
v 12.00000000 14.00000000 10.20000000
v 12.00000000 14.00000000 10.13500000
v 8.00000000 14.00000000 10.20000000
v 8.00000000 14.00000000 10.13500000
v 6.00000000 14.00000000 10.20000000
v 6.00000000 14.00000000 10.13500000
v 4.00000000 14.00000000 10.20000000
v 4.00000000 14.00000000 10.13500000
v 3.90000000 23.95000000 5.66000000
v 8.00000000 23.95000000 5.66000000
v 8.00000000 22.10000000 5.66000000
v 8.00000000 22.10000000 5.71000000
v 8.00000000 23.95000000 5.71000000
v 3.92236068 23.95000000 5.70472136
v 3.90000000 22.10000000 5.66000000
v 3.94472136 22.10000000 5.68236068
v 12.10000000 23.95000000 5.66000000
v 12.10000000 22.10000000 5.66000000
v 12.07763932 22.10000000 5.70472136
v 12.05527864 23.95000000 5.68236068
v 12.10000000 23.95000000 8.00000000
v 12.10000000 22.10000000 8.00000000
v 12.05000000 22.10000000 8.00000000
v 12.05000000 23.95000000 8.00000000
v 12.10000000 23.95000000 10.45000000
v 12.10000000 22.10000000 10.45000000
v 12.05527864 22.10000000 10.42763932
v 12.07763932 23.95000000 10.40527864
v 8.00000000 23.95000000 10.45000000
v 8.00000000 22.10000000 10.45000000
v 8.00000000 22.10000000 10.40000000
v 8.00000000 23.95000000 10.40000000
v 3.90000000 23.95000000 10.45000000
v 3.90000000 22.10000000 10.45000000
v 3.92236068 22.10000000 10.40527864
v 3.94472136 23.95000000 10.42763932
v 3.90000000 23.95000000 8.00000000
v 3.90000000 22.10000000 8.00000000
v 3.95000000 22.10000000 8.00000000
v 3.95000000 23.95000000 8.00000000
v 4.00000000 23.10000000 5.28000000
v 3.88000000 23.10000000 8.00000000
v 3.95000000 24.05000000 8.00000000
v 3.97213741 24.01082688 8.00063379
v 3.92497101 23.09838568 8.00004903
v 4.04498662 23.09952971 5.28099122
v 3.95000000 24.05000000 5.37560000
v 3.95072521 24.00500584 5.37560000
v 4.00000000 22.90000000 10.75000000
v 3.95000000 24.05000000 10.63940000
v 3.98855298 24.02681406 10.63836105
v 4.04492759 22.90177726 10.74816878
v 4.04000000 24.00000000 8.00000000
v 4.01814607 23.96066292 8.00000000
v 4.04000000 24.00000000 5.47120000
v 4.01814607 23.96066292 5.47120000
v 4.04000000 24.00000000 10.52880000
v 4.01814607 23.96066292 10.52880000
v 12.00000000 22.90000000 10.75000000
v 12.12000000 23.10000000 8.00000000
v 12.05000000 24.05000000 8.00000000
v 12.02791686 24.01079742 7.99929812
v 12.07502414 23.09852764 7.99993795
v 11.95501853 22.89932454 10.74889969
v 12.05000000 24.05000000 10.63940000
v 12.04926710 24.00500597 10.63940000
v 12.00000000 23.10000000 5.32000000
v 12.05000000 24.05000000 5.39560000
v 12.01134654 24.02698694 5.39674409
v 11.95509896 23.10220322 5.32201049
v 11.96000000 24.00000000 8.00000000
v 11.98185393 23.96066292 8.00000000
v 11.96000000 24.00000000 10.52880000
v 11.98185393 23.96066292 10.52880000
v 11.96000000 24.00000000 5.47120000
v 11.98185393 23.96066292 5.47120000
v 3.55000000 14.50000000 5.16000000
v 8.00000000 14.50000000 5.06000000
v 8.00000000 13.45000000 5.06000000
v 8.00044943 13.45000000 5.11999832
v 7.99955057 14.50000000 5.11999832
v 3.57735728 14.50000000 5.21340018
v 3.55000000 13.45000000 5.16000000
v 3.60294874 13.45000000 5.18822111
v 12.45000000 14.50000000 5.16000000
v 12.45000000 13.45000000 5.16000000
v 12.42264272 13.45000000 5.21340018
v 12.39705126 14.50000000 5.18822111
v 12.56000000 14.50000000 8.00000000
v 12.56000000 13.45000000 8.00000000
v 12.50000619 13.45000000 8.00086155
v 12.50000300 14.50000000 7.99939952
v 12.45000000 14.50000000 11.20000000
v 12.45000000 13.45000000 11.20000000
v 12.39695499 13.45000000 11.17196026
v 12.42259312 14.50000000 11.14662526
v 8.00000000 14.50000000 11.30000000
v 8.00000000 13.45000000 11.30000000
v 7.99955057 13.45000000 11.24000168
v 8.00044943 14.50000000 11.24000168
v 3.55000000 14.50000000 11.20000000
v 3.55000000 13.45000000 11.20000000
v 3.57740688 13.45000000 11.14662526
v 3.60304501 14.50000000 11.17196026
v 3.44000000 14.50000000 8.00000000
v 3.44000000 13.45000000 8.00000000
v 3.49999700 13.45000000 7.99939952
v 3.49999381 14.50000000 8.00086155
v 7.50000000 13.80000000 4.87000000
v 7.50000000 14.20000000 4.87000000
v 8.50000000 14.20000000 4.87000000
v 8.50000000 13.80000000 4.87000000
v 7.50000000 13.80000000 5.08000000
v 8.50000000 13.80000000 5.08000000
v 8.50000000 14.20000000 5.08000000
v 7.50000000 14.20000000 5.08000000
v 7.57000000 21.35000000 4.36000000
v 7.57000000 21.83000000 4.36000000
v 8.32000000 21.83000000 4.36000000
v 8.32000000 21.35000000 4.36000000
v 7.57000000 21.35000000 4.52000000
v 8.32000000 21.35000000 4.52000000
v 8.32000000 21.83000000 4.52000000
v 7.57000000 21.83000000 4.52000000
v 3.65000000 13.70000000 5.35000000
v 4.55000000 13.70000000 5.47727922
v 4.10000000 11.35000000 5.24727922
v 4.09416253 11.34556940 5.31186477
v 4.54457057 13.69466798 5.54183223
v 3.64136587 13.69553738 5.41426925
v 3.10000000 11.35000000 5.12000000
v 3.09195427 11.34640732 5.18439999
v 5.45000000 13.70000000 5.53000000
v 5.10000000 11.35000000 5.30000000
v 5.10011846 11.34415365 5.36473644
v 5.45113425 13.69355539 5.59466978
v 6.35000000 13.70000000 5.47727922
v 6.10000000 11.35000000 5.24727922
v 6.10608321 11.34287826 5.31160088
v 6.35700089 13.69309521 5.54153116
v 7.25000000 13.70000000 5.35000000
v 7.10000000 11.35000000 5.12000000
v 7.10845107 11.34264609 5.18402733
v 7.25905126 13.69315823 5.41400207
v 3.68750000 9.02500000 5.07727922
v 3.68127756 9.02144528 5.14188298
v 2.70000000 8.85000000 4.95000000
v 2.69224878 8.84685694 5.01445960
v 4.67500000 9.20000000 5.13000000
v 4.67446266 9.19509200 5.19481221
v 5.66250000 9.37500000 5.07727922
v 5.66833657 9.36835102 5.14167429
v 6.65000000 9.55000000 4.95000000
v 6.65886117 9.54215200 5.01391313
v 7.80000000 13.70000000 11.00000000
v 6.76250000 13.70000000 11.14142136
v 6.42500000 11.35000000 11.59142136
v 6.41837471 11.33536502 11.52843784
v 6.75725035 13.68856185 11.07765138
v 7.79149600 13.68899608 10.93650515
v 7.50000000 11.35000000 11.45000000
v 7.49037458 11.33554095 11.38736385
v 5.72500000 13.70000000 11.20000000
v 5.35000000 11.35000000 11.65000000
v 5.34924687 11.33375714 11.58706668
v 5.72615343 13.68758128 11.13620780
v 4.68750000 13.70000000 11.14142136
v 4.27500000 11.35000000 11.59142136
v 4.28007715 11.33220902 11.52911001
v 4.69432656 13.68664512 11.07817544
v 3.65000000 13.70000000 11.00000000
v 3.20000000 11.35000000 11.45000000
v 3.20828054 11.33297900 11.38781706
v 3.65858177 13.68630093 10.93704217
v 5.81250000 8.02500000 12.59142136
v 5.80312152 8.00847986 12.52925924
v 6.80000000 7.80000000 12.45000000
v 6.78768944 7.78495557 12.38797488
v 4.82500000 8.25000000 12.65000000
v 4.82104547 8.23113583 12.58792340
v 3.83750000 8.47500000 12.59142136
v 3.83958957 8.45384291 12.52999651
v 2.85000000 8.70000000 12.45000000
v 2.85583995 8.67722605 12.38940097
v 3.65000000 13.70000000 11.00000000
v 3.64000000 13.70000000 10.15250000
v 3.08500000 11.35000000 10.50050000
v 3.14853642 11.33735402 10.49518933
v 3.70279857 13.68336620 10.15034207
v 3.71326423 13.68568263 10.99579887
v 3.20000000 11.35000000 11.45000000
v 3.26345796 11.33809069 11.44249960
v 3.62500000 13.70000000 8.17500000
v 2.90000000 11.35000000 8.28500000
v 2.96349894 11.33611704 8.28461477
v 3.68735780 13.68168755 8.17607635
v 3.64000000 13.70000000 6.19750000
v 3.01500000 11.35000000 6.06950000
v 3.07838513 11.33610287 6.07326765
v 3.70290971 13.68380758 6.19977462
v 3.65000000 13.70000000 5.35000000
v 3.10000000 11.35000000 5.12000000
v 3.16331090 11.33583945 5.12402607
v 3.71326931 13.68511922 5.35074654
v 2.72750000 8.72250000 11.32500000
v 2.79124353 8.71166824 11.31833403
v 2.85000000 8.70000000 12.45000000
v 2.91364378 8.68889528 12.44284780
v 2.52500000 8.77500000 8.70000000
v 2.58918982 8.76514922 8.69723785
v 2.62250000 8.82750000 6.07500000
v 2.68669721 8.81784892 6.07825196
v 2.70000000 8.85000000 4.95000000
v 2.76398831 8.83971307 4.95496740
v 2.70000000 8.85000000 4.95000000
v 3.68750000 9.02500000 5.07727922
v 3.68750000 9.40500000 5.01727922
v 3.69329895 9.39804020 4.97320050
v 3.69220316 9.01802012 5.03307332
v 2.70689061 8.84306445 4.90607486
v 2.70000000 9.23000000 4.89000000
v 2.70689061 9.22306445 4.84607486
v 4.67500000 9.20000000 5.13000000
v 4.67500000 9.58000000 5.07000000
v 4.67702964 9.57298883 5.02559590
v 4.67544965 9.19298203 5.08555289
v 5.66250000 9.37500000 5.07727922
v 5.66250000 9.75500000 5.01727922
v 5.66025825 9.74799040 4.97288508
v 5.65914614 9.36800120 5.03295351
v 6.65000000 9.55000000 4.95000000
v 6.65000000 9.93000000 4.89000000
v 6.64553678 9.92301629 4.84576984
v 6.64553678 9.54301629 4.90576984
v 6.80000000 7.80000000 12.45000000
v 5.81250000 8.02500000 12.59142136
v 5.81250000 8.40500000 12.65142136
v 5.81600846 8.39800305 12.69573539
v 5.81477330 8.01799065 12.63581394
v 6.80474003 7.79302073 12.49420206
v 6.80000000 8.18000000 12.51000000
v 6.80474003 8.17302073 12.55420206
v 4.82500000 8.25000000 12.65000000
v 4.82500000 8.63000000 12.71000000
v 4.82428475 8.62298257 12.75444372
v 4.82253056 8.24299226 12.69438236
v 3.83750000 8.47500000 12.59142136
v 3.83750000 8.85500000 12.65142136
v 3.83207025 8.84803296 12.69554593
v 3.83086081 8.46805849 12.63538426
v 2.85000000 8.70000000 12.45000000
v 2.85000000 9.08000000 12.51000000
v 2.84215713 9.07308910 12.55376904
v 2.84215713 8.69308910 12.49376904
v 8.75000000 13.70000000 5.39000000
v 9.65000000 13.70000000 5.51727922
v 9.90000000 11.35000000 5.28727922
v 9.89386515 11.34326509 5.35163763
v 9.64458594 13.69306720 5.58168127
v 8.74139605 13.69299006 5.45404555
v 8.90000000 11.35000000 5.16000000
v 8.89132385 11.34247808 5.22397769
v 10.55000000 13.70000000 5.57000000
v 10.90000000 11.35000000 5.34000000
v 10.89981219 11.34434254 5.40475305
v 10.55114020 13.69389105 5.63470225
v 11.45000000 13.70000000 5.51727922
v 11.90000000 11.35000000 5.28727922
v 11.90578898 11.34554821 5.35186768
v 11.45702321 13.69516705 5.58171770
v 12.35000000 13.70000000 5.39000000
v 12.90000000 11.35000000 5.16000000
v 12.90848938 11.34601467 5.22431988
v 12.35908316 13.69583974 5.45422763
v 10.33750000 9.37500000 5.11727922
v 10.33000474 9.36754911 5.18141428
v 9.35000000 9.55000000 4.99000000
v 9.34029142 9.54155545 5.05371368
v 11.32500000 9.20000000 5.17000000
v 11.32320655 9.19433993 5.23472826
v 12.31250000 9.02500000 5.11727922
v 12.31709405 9.02097268 5.18199147
v 13.30000000 8.85000000 4.99000000
v 13.30795641 8.84679393 5.05443149
v 12.35000000 13.70000000 11.04000000
v 11.31250000 13.70000000 11.18142136
v 11.72500000 11.35000000 11.63142136
v 11.71990178 11.33261858 11.56899625
v 11.30728102 13.68695065 11.11795895
v 12.34156275 13.68638968 10.97700340
v 12.80000000 11.35000000 11.49000000
v 12.79344056 11.33019778 11.42843828
v 10.27500000 13.70000000 11.24000000
v 10.65000000 11.35000000 11.69000000
v 10.65072930 11.33420965 11.62695135
v 10.27616513 13.68793814 11.17613957
v 9.23750000 13.70000000 11.18142136
v 9.57500000 11.35000000 11.63142136
v 9.58161362 11.33585348 11.56832511
v 9.24437512 13.68875316 11.11777199
v 8.20000000 13.70000000 11.04000000
v 8.50000000 11.35000000 11.49000000
v 8.50841429 11.33732852 11.42680480
v 8.20865119 13.68895112 10.97653285
v 12.16250000 8.47500000 12.63142136
v 12.15911158 8.45270508 12.57045862
v 13.15000000 8.70000000 12.49000000
v 13.14663398 8.67669339 12.42941558
v 11.17500000 8.25000000 12.69000000
v 11.17691418 8.22987149 12.62822477
v 10.18750000 8.02500000 12.63142136
v 10.19545778 8.00731762 12.56938099
v 9.20000000 7.80000000 12.49000000
v 9.21038162 7.78388226 12.42789170
v 12.35000000 13.70000000 5.39000000
v 12.36000000 13.70000000 6.23750000
v 12.98500000 11.35000000 6.10950000
v 12.92140084 11.33703875 6.11298611
v 12.29744149 13.68241551 6.23898932
v 12.28708675 13.68397660 5.39318962
v 12.90000000 11.35000000 5.16000000
v 12.83631443 11.33807494 5.16519044
v 12.37500000 13.70000000 8.21500000
v 13.10000000 11.35000000 8.32500000
v 13.03657984 11.33582889 8.32356389
v 12.31252152 13.68215457 8.21327358
v 12.36000000 13.70000000 10.19250000
v 12.91500000 11.35000000 10.54050000
v 12.85173384 11.33617033 10.53492031
v 12.29669384 13.68555431 10.18955848
v 12.35000000 13.70000000 11.04000000
v 12.80000000 11.35000000 11.49000000
v 12.73658178 11.33679064 11.48464820
v 12.28619098 13.68763708 11.03924709
v 13.37750000 8.82750000 6.11500000
v 13.31342502 8.81734661 6.11903795
v 13.30000000 8.85000000 4.99000000
v 13.23599555 8.83947378 4.99419867
v 13.47500000 8.77500000 8.74000000
v 13.41072341 8.76533030 8.74012786
v 13.27250000 8.72250000 11.36500000
v 13.20862003 8.71202137 11.35912224
v 13.15000000 8.70000000 12.49000000
v 13.08638708 8.68889706 12.48257566
v 9.35000000 9.55000000 4.99000000
v 10.33750000 9.37500000 5.11727922
v 10.33750000 9.75500000 5.05727922
v 10.34085386 9.74800120 5.01295351
v 10.33974175 9.36799040 5.07288508
v 9.35446322 9.54301629 4.94576984
v 9.35000000 9.93000000 4.93000000
v 9.35446322 9.92301629 4.88576984
v 11.32500000 9.20000000 5.17000000
v 11.32500000 9.58000000 5.11000000
v 11.32455035 9.57298203 5.06555289
v 11.32297036 9.19298883 5.12559590
v 12.31250000 9.02500000 5.11727922
v 12.31250000 9.40500000 5.05727922
v 12.30779684 9.39802012 5.01307332
v 12.30670105 9.01804020 5.07320050
v 13.30000000 8.85000000 4.99000000
v 13.30000000 9.23000000 4.93000000
v 13.29310939 9.22306445 4.88607486
v 13.29310939 8.84306445 4.94607486
v 13.15000000 8.70000000 12.49000000
v 12.16250000 8.47500000 12.63142136
v 12.16250000 8.85500000 12.69142136
v 12.16913919 8.84805849 12.73538426
v 12.16792975 8.46803296 12.67554593
v 13.15784287 8.69308910 12.53376904
v 13.15000000 9.08000000 12.55000000
v 13.15784287 9.07308910 12.59376904
v 11.17500000 8.25000000 12.69000000
v 11.17500000 8.63000000 12.75000000
v 11.17746944 8.62299226 12.79438236
v 11.17571525 8.24298257 12.73444372
v 10.18750000 8.02500000 12.63142136
v 10.18750000 8.40500000 12.69142136
v 10.18522670 8.39799065 12.73581394
v 10.18399154 8.01800305 12.67573539
v 9.20000000 7.80000000 12.49000000
v 9.20000000 8.18000000 12.55000000
v 9.19525997 8.17302073 12.59420206
v 9.19525997 7.79302073 12.53420206
v 3.50000000 13.90000000 4.99000000
v 4.25000000 13.90000000 4.99000000
v 3.80000000 11.20000000 4.69000000
v 3.79875669 11.19428992 4.75473677
v 4.25000000 13.89282195 5.05460244
v 3.49859734 13.89266969 5.05457011
v 3.00000000 11.50000000 4.69000000
v 2.99858347 11.49593104 4.75485705
v 3.65000000 10.20000000 4.65000000
v 3.64927926 10.19764107 4.71495318
v 2.78000000 10.40000000 4.65000000
v 2.77948085 10.39774170 4.71495868
v 3.91919945 12.08166448 5.82000000
v 5.99128443 11.90038053 5.78000000
v 5.73853277 9.01141591 5.78000000
v 5.73853277 9.01141591 5.84000000
v 5.99088500 11.90040440 5.83999867
v 3.94674702 12.07925438 5.87324775
v 3.66644780 9.19269985 5.82000000
v 3.70911715 9.18896677 5.86201656
v 7.98367382 11.72606904 5.82000000
v 7.81061774 8.83013196 5.82000000
v 7.76791222 8.83347273 5.86201282
v 7.92999576 11.72927675 5.84661533
v 7.98367382 11.72606904 8.00000000
v 7.81061774 8.83013196 8.00000000
v 7.75077964 8.83453661 8.00000000
v 7.92378067 11.72964815 8.00000000
v 7.98367382 11.72606904 10.18000000
v 7.81061774 8.83013196 10.18000000
v 7.76788922 8.83308721 10.13798167
v 7.95605490 11.72773421 10.12676071
v 5.99128443 11.90038053 10.22000000
v 5.73853277 9.01141591 10.22000000
v 5.73852465 9.01141129 10.16000000
v 5.99165225 11.90034835 10.16000114
v 3.91919945 12.08166448 10.18000000
v 3.66644780 9.19269985 10.18000000
v 3.70911715 9.18896677 10.13798344
v 3.97276444 12.07697815 10.15337612
v 3.91919945 12.08166448 8.00000000
v 3.66644780 9.19269985 8.00000000
v 3.72621948 9.18747051 8.00000000
v 3.97897114 12.07643513 8.00000000
v 5.47706554 6.02283181 5.78000000
v 5.47706554 6.02283181 5.84000000
v 3.40498057 6.20411576 5.82000000
v 3.44764992 6.20038267 5.86201656
v 7.54915052 5.84154787 5.82000000
v 7.50648117 5.84528095 5.86201656
v 7.54915052 5.84154787 8.00000000
v 7.48937883 5.84677721 8.00000000
v 7.54915052 5.84154787 10.18000000
v 7.50648117 5.84528095 10.13798344
v 5.47706554 6.02283181 10.22000000
v 5.47706554 6.02283181 10.16000000
v 3.40498057 6.20411576 10.18000000
v 3.44764992 6.20038267 10.13798344
v 3.40498057 6.20411576 8.00000000
v 3.46475225 6.19888641 8.00000000
v 5.29403848 3.93082295 5.78000000
v 5.29452567 3.93623826 5.83975313
v 3.22195351 4.11210689 5.82000000
v 3.26512777 4.11340036 5.86164505
v 7.36612346 3.74953900 5.82000000
v 7.32359962 3.75577176 5.86186736
v 7.36612346 3.74953900 8.00000000
v 7.30635177 3.75476835 8.00000000
v 7.36612346 3.74953900 10.18000000
v 7.32382972 3.75830995 10.13835495
v 5.29403848 3.93082295 10.22000000
v 5.29449906 3.93624059 10.16024687
v 3.22195351 4.11210689 10.18000000
v 3.26491362 4.11086077 10.13813264
v 3.22195351 4.11210689 8.00000000
v 3.28172519 4.10687755 8.00000000
v 5.23738725 3.28329639 5.90000000
v 5.23870807 3.29405152 5.95901341
v 3.16530228 3.46458034 5.93783784
v 3.21927419 3.46462837 5.96404909
v 7.30947222 3.10201245 5.93783784
v 7.28279491 3.11396900 5.99023404
v 7.30947222 3.10201245 8.00000000
v 7.24970054 3.10724179 8.00000000
v 7.30947222 3.10201245 10.06216216
v 7.25632860 3.11143187 10.03595091
v 5.23738725 3.28329639 10.10000000
v 5.23795411 3.29411749 10.04098659
v 3.16530228 3.46458034 10.06216216
v 3.19365053 3.47172278 10.00976596
v 3.16530228 3.46458034 8.00000000
v 3.22507396 3.45935099 8.00000000
v 8.01632618 11.72606904 5.82000000
v 10.00871557 11.90038053 5.78000000
v 10.26146723 9.01141591 5.78000000
v 10.26147535 9.01141129 5.84000000
v 10.00834775 11.90034835 5.83999886
v 8.04394510 11.72773421 5.87323929
v 8.18938226 8.83013196 5.82000000
v 8.23211078 8.83308721 5.86201833
v 12.08080055 12.08166448 5.82000000
v 12.33355220 9.19269985 5.82000000
v 12.29088285 9.18896677 5.86201656
v 12.02723556 12.07697815 5.84662388
v 12.08080055 12.08166448 8.00000000
v 12.33355220 9.19269985 8.00000000
v 12.27378052 9.18747051 8.00000000
v 12.02102886 12.07643513 8.00000000
v 12.08080055 12.08166448 10.18000000
v 12.33355220 9.19269985 10.18000000
v 12.29088285 9.18896677 10.13798344
v 12.05325298 12.07925438 10.12675225
v 10.00871557 11.90038053 10.22000000
v 10.26146723 9.01141591 10.22000000
v 10.26146723 9.01141591 10.16000000
v 10.00911500 11.90040440 10.16000133
v 8.01632618 11.72606904 10.18000000
v 8.18938226 8.83013196 10.18000000
v 8.23208778 8.83347273 10.13798718
v 8.07000424 11.72927675 10.15338467
v 8.01632618 11.72606904 8.00000000
v 8.18938226 8.83013196 8.00000000
v 8.24922036 8.83453661 8.00000000
v 8.07621933 11.72964815 8.00000000
v 10.52293446 6.02283181 5.78000000
v 10.52293446 6.02283181 5.84000000
v 8.45084948 5.84154787 5.82000000
v 8.49351883 5.84528095 5.86201656
v 12.59501943 6.20411576 5.82000000
v 12.55235008 6.20038267 5.86201656
v 12.59501943 6.20411576 8.00000000
v 12.53524775 6.19888641 8.00000000
v 12.59501943 6.20411576 10.18000000
v 12.55235008 6.20038267 10.13798344
v 10.52293446 6.02283181 10.22000000
v 10.52293446 6.02283181 10.16000000
v 8.45084948 5.84154787 10.18000000
v 8.49351883 5.84528095 10.13798344
v 8.45084948 5.84154787 8.00000000
v 8.51062117 5.84677721 8.00000000
v 10.70596152 3.93082295 5.78000000
v 10.70550094 3.93624059 5.83975313
v 8.63387654 3.74953900 5.82000000
v 8.67617028 3.75830995 5.86164505
v 12.77804649 4.11210689 5.82000000
v 12.73508638 4.11086077 5.86186736
v 12.77804649 4.11210689 8.00000000
v 12.71827481 4.10687755 8.00000000
v 12.77804649 4.11210689 10.18000000
v 12.73487223 4.11340036 10.13835495
v 10.70596152 3.93082295 10.22000000
v 10.70547433 3.93623826 10.16024687
v 8.63387654 3.74953900 10.18000000
v 8.67640038 3.75577176 10.13813264
v 8.63387654 3.74953900 8.00000000
v 8.69364823 3.75476835 8.00000000
v 10.76261275 3.28329639 5.90000000
v 10.76204589 3.29411749 5.95901341
v 8.69052778 3.10201245 5.93783784
v 8.74367140 3.11143187 5.96404909
v 12.83469772 3.46458034 5.93783784
v 12.80634947 3.47172278 5.99023404
v 12.83469772 3.46458034 8.00000000
v 12.77492604 3.45935099 8.00000000
v 12.83469772 3.46458034 10.06216216
v 12.78072581 3.46462837 10.03595091
v 10.76261275 3.28329639 10.10000000
v 10.76129193 3.29405152 10.04098659
v 8.69052778 3.10201245 10.06216216
v 8.71720509 3.11396900 10.00976596
v 8.69052778 3.10201245 8.00000000
v 8.75029946 3.10724179 8.00000000
v 3.78000000 13.92000000 5.68000000
v 8.00000000 13.92000000 5.65000000
v 8.00000000 11.50000000 5.65000000
v 8.00014218 11.50000000 5.70999983
v 7.99985782 13.92000000 5.70999983
v 3.80675714 13.92000000 5.73370340
v 3.78000000 11.50000000 5.68000000
v 3.83295131 11.50000000 5.70821628
v 12.22000000 13.92000000 5.68000000
v 12.22000000 11.50000000 5.68000000
v 12.19324286 11.50000000 5.73370340
v 12.16704869 13.92000000 5.70821628
v 12.30000000 13.92000000 8.00000000
v 12.30000000 11.50000000 8.00000000
v 12.24000396 11.50000000 8.00068961
v 12.24000396 13.92000000 7.99931039
v 12.22000000 13.92000000 10.32000000
v 12.22000000 11.50000000 10.32000000
v 12.16704869 11.50000000 10.29178372
v 12.19324286 13.92000000 10.26629660
v 8.00000000 13.92000000 10.35000000
v 8.00000000 11.50000000 10.35000000
v 7.99985782 11.50000000 10.29000017
v 8.00014218 13.92000000 10.29000017
v 3.78000000 13.92000000 10.32000000
v 3.78000000 11.50000000 10.32000000
v 3.80675714 11.50000000 10.26629660
v 3.83295131 13.92000000 10.29178372
v 3.70000000 13.92000000 8.00000000
v 3.70000000 11.50000000 8.00000000
v 3.75999604 11.50000000 7.99931039
v 3.75999604 13.92000000 8.00068961
v 3.08870908 4.42491022 5.70000000
v 5.32018521 4.22968135 5.70000000
v 5.25220373 3.45264949 5.70000000
v 5.25220373 3.45264949 5.75500000
v 5.32018521 4.22968135 5.75500000
v 3.11321223 4.42276647 5.74919350
v 3.02072760 3.64787835 5.70000000
v 3.06973390 3.64359086 5.72459675
v 7.55166133 4.03445249 5.70000000
v 7.48367985 3.25742063 5.70000000
v 7.45917670 3.25956437 5.74919350
v 7.50265503 4.03873999 5.72459675
v 7.55166133 4.03445249 8.00000000
v 7.48367985 3.25742063 8.00000000
v 7.42888914 3.26221419 8.00000000
v 7.49687062 4.03924606 8.00000000
v 7.55166133 4.03445249 10.30000000
v 7.48367985 3.25742063 10.30000000
v 7.43467355 3.26170812 10.27540325
v 7.52715818 4.03659624 10.25080650
v 5.32018521 4.22968135 10.30000000
v 5.25220373 3.45264949 10.30000000
v 5.25220373 3.45264949 10.24500000
v 5.32018521 4.22968135 10.24500000
v 3.08870908 4.42491022 10.30000000
v 3.02072760 3.64787835 10.30000000
v 3.04523075 3.64573461 10.25080650
v 3.13771538 4.42062272 10.27540325
v 3.08870908 4.42491022 8.00000000
v 3.02072760 3.64787835 8.00000000
v 3.07551831 3.64308479 8.00000000
v 3.14349979 4.42011665 8.00000000
v 8.44833867 4.03445249 5.70000000
v 10.67981479 4.22968135 5.70000000
v 10.74779627 3.45264949 5.70000000
v 10.74779627 3.45264949 5.75500000
v 10.67981479 4.22968135 5.75500000
v 8.47284182 4.03659624 5.74919350
v 8.51632015 3.25742063 5.70000000
v 8.56532645 3.26170812 5.72459675
v 12.91129092 4.42491022 5.70000000
v 12.97927240 3.64787835 5.70000000
v 12.95476925 3.64573461 5.74919350
v 12.86228462 4.42062272 5.72459675
v 12.91129092 4.42491022 8.00000000
v 12.97927240 3.64787835 8.00000000
v 12.92448169 3.64308479 8.00000000
v 12.85650021 4.42011665 8.00000000
v 12.91129092 4.42491022 10.30000000
v 12.97927240 3.64787835 10.30000000
v 12.93026610 3.64359086 10.27540325
v 12.88678777 4.42276647 10.25080650
v 10.67981479 4.22968135 10.30000000
v 10.74779627 3.45264949 10.30000000
v 10.74779627 3.45264949 10.24500000
v 10.67981479 4.22968135 10.24500000
v 8.44833867 4.03445249 10.30000000
v 8.51632015 3.25742063 10.30000000
v 8.54082330 3.25956437 10.25080650
v 8.49734497 4.03873999 10.27540325
v 8.44833867 4.03445249 8.00000000
v 8.51632015 3.25742063 8.00000000
v 8.57111086 3.26221419 8.00000000
v 8.50312938 4.03924606 8.00000000
v 3.38321874 3.54589710 5.50000000
v 7.10898691 3.21993462 5.50000000
v 6.99133118 1.47354345 5.30000000
v 6.95871908 1.44630832 5.37361860
v 7.06561102 3.21450850 5.57289780
v 3.40365546 3.53430859 5.58168872
v 3.19582938 1.80560683 5.30000000
v 3.22465816 1.77157118 5.37235659
v 7.42776921 3.19204478 5.82000000
v 7.31011348 1.44565361 5.62000000
v 7.23136158 1.43947596 5.65138430
v 7.34556340 3.19513307 5.84139316
v 7.42776921 3.19204478 9.93000000
v 7.31011348 1.44565361 9.93000000
v 7.23159815 1.44819501 9.89753641
v 7.35458935 3.19697497 9.88704187
v 7.10898691 3.21993462 10.25000000
v 6.99133118 1.47354345 10.25000000
v 6.95867566 1.47317932 10.17152398
v 7.08755136 3.22137875 10.16775991
v 3.38321874 3.54589710 10.25000000
v 3.19582938 1.80560683 10.25000000
v 3.22787490 1.79932008 10.17152350
v 3.42594007 3.54129699 10.17666019
v 3.06443644 3.57378694 9.93000000
v 2.87704707 1.83349667 9.93000000
v 2.95484414 1.82270194 9.89750247
v 3.14620519 3.56498232 9.90852093
v 3.06443644 3.57378694 5.82000000
v 2.87704707 1.83349667 5.62000000
v 2.95231134 1.80806935 5.65022815
v 3.13677508 3.56108058 5.86278631
v 6.96892809 0.47168363 4.55000000
v 6.93428384 0.45911202 4.62659459
v 3.04392098 0.81507725 4.55000000
v 3.07464425 0.79903081 4.62761180
v 7.28771039 0.44379379 4.87000000
v 7.20850263 0.44010337 4.90061881
v 7.28771039 0.44379379 9.98000000
v 7.20944825 0.45024816 9.94746728
v 6.96892809 0.47168363 10.30000000
v 6.93636271 0.47210218 10.22148681
v 3.04392098 0.81507725 10.30000000
v 3.07620551 0.81113832 10.22146852
v 2.72513867 0.84296709 9.98000000
v 2.80334346 0.83582785 9.94747243
v 2.72513867 0.84296709 4.87000000
v 2.80372669 0.83526241 4.90145729
v 6.88375931 -0.04285138 4.70000000
v 6.86526428 -0.01682496 4.77877537
v 3.03844778 0.29356978 4.70000000
v 3.08172439 0.31337241 4.77042720
v 7.20254162 -0.07074122 5.02000000
v 7.13236026 -0.04698126 5.06165383
v 7.20254162 -0.07074122 9.98000000
v 7.12139525 -0.05730941 9.95855581
v 6.88375931 -0.04285138 10.30000000
v 6.84129906 -0.03582312 10.22670109
v 3.03844778 0.29356978 10.30000000
v 3.05996560 0.29334395 10.21776903
v 2.71966548 0.32145962 9.98000000
v 2.79304800 0.32068947 9.93711163
v 2.71966548 0.32145962 5.02000000
v 2.80191480 0.32658681 5.04082691
v 8.89101309 3.21993462 5.50000000
v 12.61678126 3.54589710 5.50000000
v 12.80417062 1.80560683 5.30000000
v 12.77678331 1.77312243 5.37361860
v 12.57500658 3.53302127 5.57289780
v 8.91315165 3.21207097 5.58168872
v 9.00866882 1.47354345 5.30000000
v 9.04296986 1.44503094 5.37235659
v 12.93556356 3.57378694 5.82000000
v 13.12295293 1.83349667 5.62000000
v 13.04647018 1.81373774 5.65138430
v 12.85407037 3.56255342 5.84139316
v 12.93556356 3.57378694 9.93000000
v 13.12295293 1.83349667 9.93000000
v 13.04518911 1.82236541 9.89753641
v 12.86263935 3.56593467 9.88704187
v 12.61678126 3.54589710 10.25000000
v 12.80417062 1.80560683 10.25000000
v 12.77207445 1.79957766 10.17152398
v 12.59542060 3.54359705 10.16775991
v 8.89101309 3.21993462 10.25000000
v 9.00866882 1.47354345 10.25000000
v 9.04131919 1.47291685 10.17152350
v 8.93388418 3.22282288 10.17666019
v 8.57223079 3.19204478 9.93000000
v 8.68988652 1.44565361 9.93000000
v 8.76837616 1.44853220 9.89750247
v 8.65428619 3.19757292 9.90852093
v 8.57223079 3.19204478 5.82000000
v 8.68988652 1.44565361 5.62000000
v 8.76842277 1.43368210 5.65022815
v 8.64567688 3.19209294 5.86278631
v 12.95607902 0.81507725 4.55000000
v 12.92414413 0.79668073 4.62659459
v 9.03107191 0.47168363 4.55000000
v 9.06411487 0.46121601 4.62761180
v 13.27486133 0.84296709 4.87000000
v 13.19749774 0.82557846 4.90061881
v 13.27486133 0.84296709 9.98000000
v 13.19666737 0.83573333 9.94746728
v 12.95607902 0.81507725 10.30000000
v 12.92393571 0.80983453 10.22148681
v 9.03107191 0.47168363 10.30000000
v 9.06354995 0.47341069 10.22146852
v 8.71228961 0.44379379 9.98000000
v 8.79054600 0.45034313 9.94747243
v 8.71228961 0.44379379 4.87000000
v 8.79102160 0.44985282 4.90145729
v 12.96155222 0.29356978 4.70000000
v 12.93881872 0.31598917 4.77877537
v 9.11624069 -0.04285138 4.70000000
v 9.15542114 -0.01583470 4.77042720
v 13.28033452 0.32145962 5.02000000
v 13.20709351 0.33267175 5.06165383
v 13.28033452 0.32145962 9.98000000
v 13.19808854 0.32059645 9.95855581
v 12.96155222 0.29356978 10.30000000
v 12.91851659 0.29311813 10.22670109
v 9.11624069 -0.04285138 10.30000000
v 9.13747081 -0.03933725 10.21776903
v 8.79745838 -0.07074122 9.98000000
v 8.86985979 -0.05875693 9.93711163
v 8.79745838 -0.07074122 5.02000000
v 8.87756783 -0.05140948 5.04082691
v 3.40000000 29.30000000 3.63000000
v 3.40000000 31.80000000 3.63000000
v 3.92000000 31.48800000 3.15000000
v 3.93075939 31.48735001 3.19882431
v 3.42804551 31.78575362 3.66886502
v 3.43421632 29.29986637 3.66645855
v 3.89400000 28.13000000 3.15000000
v 3.89620132 28.12991788 3.19995145
v 4.25000000 32.75000000 3.63000000
v 4.56200000 32.25600000 3.15000000
v 4.57001510 32.24855376 3.19878844
v 4.26609995 32.72499291 3.67019250
v 5.90000000 33.65000000 3.63000000
v 6.05600000 32.81800000 3.15000000
v 6.05967521 32.80911929 3.19906756
v 5.90476256 33.62563189 3.67339946
v 7.45000000 33.70000000 3.63000000
v 7.73600000 32.89400000 3.15000000
v 7.73602193 32.88641271 3.19942097
v 7.44597831 33.67132909 3.67076524
v 10.00000000 33.05000000 3.63000000
v 10.00000000 32.53000000 3.15000000
v 9.99778660 32.52098258 3.19913031
v 9.99101338 33.01605843 3.66559790
v 11.75000000 32.55000000 3.63000000
v 11.46400000 32.16000000 3.15000000
v 11.46072045 32.14870864 3.19859784
v 11.73059196 32.52192860 3.66654209
v 12.60000000 31.80000000 3.63000000
v 12.08000000 31.48800000 3.15000000
v 12.07175901 31.48047846 3.19873923
v 12.56901692 31.79164601 3.66834396
v 12.60000000 29.30000000 3.63000000
v 12.10600000 28.13000000 3.15000000
v 12.08522516 28.12994069 3.19547969
v 12.56515645 29.30000000 3.66585982
v 4.40000000 31.20000000 3.30000000
v 4.36177826 31.21535097 3.32834513
v 4.35000000 27.05000000 3.28000000
v 4.30860249 27.05008794 3.30803995
v 4.85000000 31.80000000 3.30000000
v 4.83010871 31.83808689 3.32556805
v 6.20000000 32.05000000 3.30000000
v 6.19492466 32.09324349 3.32458132
v 8.00000000 32.15000000 3.30000000
v 8.00041393 32.19321540 3.32514473
v 10.00000000 32.05000000 3.30000000
v 10.00671067 32.09358624 3.32356282
v 11.20000000 31.80000000 3.30000000
v 11.22673388 31.83361339 3.32560155
v 11.60000000 31.20000000 3.30000000
v 11.63615522 31.20951405 3.33320065
v 11.65000000 27.05000000 3.28000000
v 11.67557502 27.05016303 3.32296384
v 4.40000000 31.24000000 3.42000000
v 4.35149583 31.25086519 3.42541233
v 4.43000000 27.05000000 3.42000000
v 4.38658868 27.04968918 3.44480647
v 4.85000000 31.84000000 3.42000000
v 4.81917964 31.87735097 3.40754968
v 6.20000000 32.09000000 3.42000000
v 6.19334420 32.13701202 3.40432933
v 8.00000000 32.19000000 3.42000000
v 7.99903422 32.23742532 3.40419156
v 10.00000000 32.09000000 3.42000000
v 10.00482258 32.13721301 3.40426233
v 11.20000000 31.84000000 3.42000000
v 11.22146573 31.88284040 3.40571987
v 11.60000000 31.24000000 3.42000000
v 11.64587803 31.25885962 3.41371346
v 11.57000000 27.05000000 3.42000000
v 11.61830964 27.05002353 3.43289101
v 3.40000000 29.50000000 8.85000000
v 3.40000000 30.50000000 8.00000000
v 3.40000000 27.20000000 8.00000000
v 3.45000000 27.20000000 8.00000000
v 3.45000000 30.50000000 8.00000000
v 3.45000000 29.50000000 8.85000000
v 3.40000000 27.15000000 8.85000000
v 3.45000000 27.15000000 8.85000000
v 3.40000000 31.80000000 5.60000000
v 3.40000000 27.08000000 5.60000000
v 3.45000000 27.08000000 5.60000000
v 3.45000000 31.80000000 5.60000000
v 3.40000000 31.85000000 3.28000000
v 3.40000000 26.90000000 3.28000000
v 3.45000000 26.90000000 3.28000000
v 3.45000000 31.85000000 3.28000000
v 12.60000000 31.85000000 3.28000000
v 12.60000000 31.80000000 5.60000000
v 12.60000000 27.08000000 5.60000000
v 12.55000000 27.08000000 5.60000000
v 12.55000000 31.80000000 5.60000000
v 12.55000000 31.85000000 3.28000000
v 12.60000000 26.90000000 3.28000000
v 12.55000000 26.90000000 3.28000000
v 12.60000000 30.50000000 8.00000000
v 12.60000000 27.20000000 8.00000000
v 12.55000000 27.20000000 8.00000000
v 12.55000000 30.50000000 8.00000000
v 12.60000000 29.50000000 8.85000000
v 12.60000000 27.15000000 8.85000000
v 12.55000000 27.15000000 8.85000000
v 12.55000000 29.50000000 8.85000000
v 3.40000000 29.30000000 3.10000000
v 4.40000000 29.30000000 3.10000000
v 4.35000000 27.00000000 3.10000000
v 4.35000000 27.00000000 3.14000000
v 4.40000000 29.30000000 3.14000000
v 3.40000000 29.30000000 3.14000000
v 3.40000000 27.00000000 3.10000000
v 3.40000000 27.00000000 3.14000000
v 11.60000000 29.30000000 3.10000000
v 12.60000000 29.30000000 3.10000000
v 12.60000000 27.00000000 3.10000000
v 12.60000000 27.00000000 3.14000000
v 12.60000000 29.30000000 3.14000000
v 11.60000000 29.30000000 3.14000000
v 11.65000000 27.00000000 3.10000000
v 11.65000000 27.00000000 3.14000000
v 4.35000000 27.05000000 3.25000000
v 8.00000000 26.00000000 3.55000000
v 8.00000000 25.45000000 3.40000000
v 7.99911528 25.45095888 3.45498452
v 7.99893466 25.99205856 3.60441322
v 4.34709518 27.04839409 3.30489975
v 4.10000000 25.90000000 3.35000000
v 4.09994798 25.90685183 3.40457151
v 11.65000000 27.05000000 3.25000000
v 11.90000000 25.90000000 3.35000000
v 11.90085310 25.90332318 3.40489288
v 11.65098070 27.05497543 3.30476571
v 12.60000000 27.05000000 3.25000000
v 12.65000000 25.90000000 3.35000000
v 12.61128494 25.90587393 3.38862177
v 12.55078815 27.05026766 3.27455855
v 12.60000000 27.35000000 8.00000000
v 12.65000000 25.80000000 8.00000000
v 12.59502474 25.80164815 8.00006420
v 12.54502929 27.34820573 7.99996640
v 12.60000000 27.05000000 12.65000000
v 12.65000000 25.55000000 12.70000000
v 12.61113645 25.55100665 12.66109484
v 12.57545002 27.04748448 12.60084747
v 8.00000000 27.00000000 12.65000000
v 8.00000000 25.60000000 12.70000000
v 8.00000367 25.59999876 12.64500000
v 8.00000751 26.99808076 12.59503350
v 3.40000000 27.05000000 12.65000000
v 3.35000000 25.55000000 12.70000000
v 3.38883434 25.55169341 12.66108951
v 3.44910585 27.04756952 12.62534826
v 3.40000000 27.35000000 8.00000000
v 3.35000000 25.80000000 8.00000000
v 3.40497747 25.80157398 8.00002931
v 3.45496456 27.34802579 7.99999917
v 3.40000000 27.05000000 3.25000000
v 3.35000000 25.90000000 3.35000000
v 3.38882787 25.90506114 3.38862358
v 3.42458377 27.05320034 3.29909579
v 8.00000000 24.20000000 3.65000000
v 8.00044638 24.22546672 3.69874676
v 4.20000000 24.20000000 3.60000000
v 4.19938408 24.22410958 3.64943024
v 11.80000000 24.20000000 3.60000000
v 11.79241528 24.22835102 3.64651550
v 12.50000000 24.20000000 3.60000000
v 12.46017896 24.22430390 3.62913084
v 12.50000000 24.15000000 8.00000000
v 12.44505547 24.15246934 8.00002705
v 12.50000000 24.15000000 12.65000000
v 12.45940775 24.16318426 12.61530930
v 8.00000000 24.15000000 12.65000000
v 8.00019484 24.15944232 12.59581693
v 3.50000000 24.15000000 12.65000000
v 3.53985961 24.16176583 12.61397533
v 3.50000000 24.15000000 8.00000000
v 3.55469194 24.15580855 8.00022961
v 3.50000000 24.20000000 3.60000000
v 3.54528128 24.22281331 3.62131100
v 8.00000000 22.85000000 5.05000000
v 7.99972440 22.88878204 5.08899843
v 4.25000000 23.00000000 4.70000000
v 4.26698611 23.04096392 4.73253351
v 11.75000000 23.00000000 4.70000000
v 11.73655008 23.03723982 4.73817454
v 12.45000000 24.05000000 4.70000000
v 12.41501355 24.09015658 4.71372580
v 12.50000000 24.05000000 8.00000000
v 12.44552714 24.05759214 8.00025882
v 12.50000000 24.05000000 12.55000000
v 12.45000200 24.06620494 12.53379506
v 8.00000000 23.05000000 12.55000000
v 7.99737732 23.06707341 12.49778295
v 3.50000000 24.05000000 12.55000000
v 3.52622718 24.07050694 12.50622101
v 3.50000000 24.05000000 8.00000000
v 3.55499930 24.05000000 8.00027775
v 3.55000000 24.05000000 4.70000000
v 3.60232224 24.06691840 4.70107296
v 3.95000000 23.10000000 5.50000000
v 4.85000000 23.05000000 5.30000000
v 4.85000000 21.00000000 5.28000000
v 4.86369084 21.00023846 5.33841664
v 4.86331772 23.04827595 5.35847791
v 3.96206095 23.09901244 5.55876698
v 3.95000000 21.00000000 5.45000000
v 3.96134672 21.00011378 5.50891722
v 5.70000000 22.95000000 5.15000000
v 5.80000000 21.00000000 5.00000000
v 5.80185846 20.99915847 5.05996531
v 5.69630008 22.94526906 5.20969865
v 6.70000000 22.65000000 5.30000000
v 6.80000000 21.00000000 5.18000000
v 6.79233864 20.99823566 5.23948269
v 6.69389244 22.64569714 5.35953304
v 7.90000000 22.25000000 5.34000000
v 7.90000000 21.00000000 5.27000000
v 7.89570216 20.99776286 5.32980405
v 7.89688907 22.24664977 5.39982556
v 4.95000000 18.00000000 5.30000000
v 4.96107083 18.00235388 5.35892280
v 4.05000000 18.00000000 5.48000000
v 4.06048572 18.00218908 5.53903607
v 5.95000000 18.00000000 5.08000000
v 5.95214157 18.00300385 5.13988648
v 6.80000000 18.00000000 5.25000000
v 6.79211301 18.00244248 5.30942920
v 7.85000000 18.00000000 5.33000000
v 7.84533305 18.00209539 5.38978151
v 5.10000000 14.30000000 5.48000000
v 5.10855232 14.30291083 5.53931598
v 4.35000000 14.30000000 5.58000000
v 4.35792425 14.30224877 5.63943189
v 6.00000000 14.30000000 5.39000000
v 6.00410570 14.30440659 5.44969694
v 6.90000000 14.30000000 5.49000000
v 6.89254395 14.30405641 5.54939657
v 7.80000000 14.30000000 5.55000000
v 7.79573334 14.30369017 5.60973423
v 7.65000000 22.20000000 4.98000000
v 8.70000000 22.70000000 5.22000000
v 8.70000000 21.00000000 5.25000000
v 8.69549419 21.00024312 5.30983008
v 8.70000698 22.70006370 5.27999997
v 7.63358595 22.19861900 5.03769464
v 7.65000000 21.00000000 4.90000000
v 7.63177812 20.99953737 4.95716423
v 9.80000000 22.90000000 5.14000000
v 9.80000000 21.00000000 5.08000000
v 9.79698891 21.00031940 5.13992355
v 9.79334027 22.89874449 5.19961604
v 10.95000000 23.00000000 5.35000000
v 10.95000000 21.00000000 5.35000000
v 10.93965783 21.00031595 5.40910110
v 10.94100068 23.00000000 5.40932126
v 12.05000000 23.10000000 5.50000000
v 12.05000000 21.00000000 5.50000000
v 12.04189335 21.00035425 5.55944877
v 12.04189321 23.10000000 5.55944981
v 8.70000000 18.00000000 5.29000000
v 8.69435510 18.00219149 5.34969366
v 7.70000000 18.00000000 5.00000000
v 7.68387753 18.00283480 5.05772374
v 9.80000000 18.00000000 5.16000000
v 9.79845062 18.00220986 5.21993927
v 10.85000000 18.00000000 5.40000000
v 10.83972525 18.00148351 5.45909508
v 11.95000000 18.00000000 5.54000000
v 11.94224901 18.00118813 5.59948538
v 8.65000000 14.30000000 5.48000000
v 8.64103100 14.30333203 5.53923221
v 7.72000000 14.30000000 5.24000000
v 7.70503555 14.30368045 5.29798724
v 9.70000000 14.30000000 5.39000000
v 9.70216640 14.30346955 5.44986041
v 10.75000000 14.30000000 5.49000000
v 10.74164760 14.30242304 5.54936637
v 11.65000000 14.30000000 5.58000000
v 11.64322853 14.30143533 5.63959939
v 12.00000000 22.90000000 10.60000000
v 10.00000000 22.90000000 10.73000000
v 10.02500000 21.00000000 10.78000000
v 10.01965729 20.99949923 10.72024044
v 9.99406465 22.89827686 10.67031916
v 11.99613360 22.89834878 10.54014748
v 12.05000000 21.00000000 10.65000000
v 12.04632524 20.99963270 10.59011376
v 8.00000000 22.90000000 10.96000000
v 8.00000000 21.00000000 11.02000000
v 7.99882839 20.99947149 10.96001377
v 8.00098701 22.89819065 10.90003541
v 6.00000000 22.90000000 10.80000000
v 5.97500000 21.00000000 10.85000000
v 5.98039372 20.99926699 10.79024742
v 6.00554879 22.89832925 10.74028049
v 4.00000000 22.90000000 10.60000000
v 3.95000000 21.00000000 10.65000000
v 3.95592064 20.99894015 10.59030224
v 4.00596775 22.89827249 10.54032252
v 9.97500000 18.00000000 10.76000000
v 9.97036772 18.00122912 10.70019171
v 11.95000000 18.00000000 10.65000000
v 11.94603017 18.00157034 10.59015207
v 8.00000000 18.00000000 10.97000000
v 7.99867266 18.00179488 10.91004154
v 6.02500000 18.00000000 10.84000000
v 6.03004538 18.00167095 10.78023586
v 4.05000000 18.00000000 10.65000000
v 4.05579517 18.00112531 10.59029113
v 9.82500000 14.30000000 10.66000000
v 9.82061392 14.30213378 10.60019858
v 11.65000000 14.30000000 10.50000000
v 11.64476572 14.30284481 10.44029649
v 8.00000000 14.30000000 10.80000000
v 7.99766273 14.30243638 10.74009507
v 6.17500000 14.30000000 10.68000000
v 6.17958455 14.30277083 10.62023961
v 4.35000000 14.30000000 10.50000000
v 4.35581087 14.30285075 10.44035013
v 4.00000000 22.90000000 10.60000000
v 3.96000000 23.10000000 10.25000000
v 3.93000000 21.00000000 10.25000000
v 3.98495680 20.99921056 10.24796865
v 4.01494910 23.09921501 10.24776829
v 4.05478522 22.89885070 10.59528204
v 3.95000000 21.00000000 10.65000000
v 4.00436148 20.99988179 10.64164442
v 3.96000000 23.10000000 8.00000000
v 3.93000000 21.00000000 8.00000000
v 3.98499595 20.99933220 8.00000000
v 4.01499439 23.09921437 8.00000000
v 3.96000000 23.10000000 6.05000000
v 3.93000000 21.00000000 6.05000000
v 3.98491985 20.99973405 6.05295627
v 4.01499688 23.09948419 6.05027750
v 3.95000000 23.10000000 5.50000000
v 3.95000000 21.00000000 5.45000000
v 4.00499163 21.00036291 5.45088830
v 4.00499091 23.10002381 5.49900017
v 3.90000000 18.00000000 10.25000000
v 3.95455417 18.00010416 10.24301203
v 4.05000000 18.00000000 10.65000000
v 4.09570580 18.00205211 10.61947511
v 3.90000000 18.00000000 8.00000000
v 3.95499931 17.99972501 8.00000000
v 3.90000000 18.00000000 6.05000000
v 3.95379936 18.00052642 6.06141716
v 4.05000000 18.00000000 5.48000000
v 4.10404817 18.00200991 5.48998776
v 3.90000000 14.30000000 10.25000000
v 3.94907282 14.30151249 10.22520947
v 4.35000000 14.30000000 10.50000000
v 4.37663592 14.30410337 10.45205534
v 3.90000000 14.30000000 8.00000000
v 3.95500000 14.30000000 8.00000000
v 3.90000000 14.30000000 6.05000000
v 3.95330680 14.30000000 6.06354199
v 4.35000000 14.30000000 5.58000000
v 4.39792879 14.30241597 5.60686995
v 12.05000000 23.10000000 5.50000000
v 12.04000000 23.10000000 6.05000000
v 12.07000000 21.00000000 6.05000000
v 12.01500489 20.99946310 6.05049970
v 11.98500662 23.09921438 6.04966674
v 11.99500367 23.09960709 5.50049967
v 12.05000000 21.00000000 5.50000000
v 11.99539333 21.00047501 5.50654870
v 12.04000000 23.10000000 8.00000000
v 12.07000000 21.00000000 8.00000000
v 12.01500405 20.99933220 8.00000000
v 11.98500561 23.09921437 8.00000000
v 12.04000000 23.10000000 10.25000000
v 12.07000000 21.00000000 10.25000000
v 12.01515884 20.99973264 10.24583160
v 11.98510979 23.09893408 10.24669411
v 12.00000000 22.90000000 10.60000000
v 12.05000000 21.00000000 10.65000000
v 11.99516252 20.99980733 10.64577940
v 11.94549177 22.89837724 10.59284319
v 12.10000000 18.00000000 6.05000000
v 12.04528122 18.00014542 6.05555283
v 11.95000000 18.00000000 5.54000000
v 11.90035533 18.00191171 5.56359559
v 12.10000000 18.00000000 8.00000000
v 12.04500069 17.99972501 8.00000000
v 12.10000000 18.00000000 10.25000000
v 12.04723840 18.00059545 10.23448037
v 11.95000000 18.00000000 10.65000000
v 11.89683288 18.00210848 10.63607837
v 12.10000000 14.30000000 6.05000000
v 12.04831063 14.30127094 6.06875084
v 11.65000000 14.30000000 5.58000000
v 11.61035941 14.30362441 5.61795375
v 12.10000000 14.30000000 8.00000000
v 12.04500000 14.30000000 8.00000000
v 12.10000000 14.30000000 10.25000000
v 12.04811507 14.30000000 10.23175297
v 11.65000000 14.30000000 10.50000000
v 11.60840886 14.30263324 10.46410789
v 8.00000000 22.70000000 4.55000000
v 10.40000000 23.45000000 4.00000000
v 11.10000000 23.30000000 4.55000000
v 11.09365547 23.31369731 4.60288791
v 10.38206027 23.49566458 4.02485785
v 7.99539411 22.71840996 4.60162227
v 8.00000000 22.25000000 4.55000000
v 7.99486498 22.24687672 4.60467062
v 12.65000000 24.45000000 3.85000000
v 14.30000000 24.95000000 4.85000000
v 14.28460185 24.91827785 4.89220903
v 12.65644208 24.39885547 3.86917646
v 12.65000000 24.80000000 8.00000000
v 14.45000000 25.35000000 8.00000000
v 14.45288155 25.29515812 8.00301080
v 12.66868392 24.74827307 8.00048560
v 12.65000000 24.45000000 12.65000000
v 14.30000000 25.35000000 11.20000000
v 14.29461988 25.30664788 11.16658372
v 12.64967975 24.45567911 12.59529493
v 10.40000000 24.15000000 12.65000000
v 11.15000000 23.75000000 12.60000000
v 11.14113902 23.76123301 12.54689348
v 10.39961924 24.15573858 12.59530152
v 8.00000000 24.10000000 12.65000000
v 8.00000000 23.60000000 12.60000000
v 7.99997463 23.60287323 12.54507511
v 8.00009449 24.10583845 12.59531085
v 5.60000000 24.15000000 12.65000000
v 4.85000000 23.75000000 12.60000000
v 4.85496363 23.74109868 12.54595253
v 5.61133272 24.17110457 12.60049074
v 3.35000000 24.45000000 12.65000000
v 1.70000000 24.95000000 11.20000000
v 1.70651143 24.90175740 11.17440210
v 3.33068765 24.39850248 12.65019639
v 3.35000000 24.80000000 8.00000000
v 1.55000000 25.35000000 8.00000000
v 1.54618190 25.29513453 7.99954976
v 3.33481464 24.74718142 8.00214536
v 3.35000000 24.45000000 3.85000000
v 1.70000000 24.95000000 4.85000000
v 1.70078383 24.91513717 4.89253197
v 3.37183191 24.47620019 3.89314995
v 5.60000000 23.45000000 4.00000000
v 4.90000000 23.30000000 4.55000000
v 4.91507926 23.32348089 4.59739476
v 5.60534308 23.47765907 4.04723799
v 6.99200000 23.01500000 4.50000000
v 6.69800000 22.69100000 4.28000000
v 6.69204971 22.69261475 4.33465333
v 6.97807269 23.00414172 4.55208769
v 11.61300000 22.04600000 4.55000000
v 11.61146135 22.04560649 4.60497707
v 8.00000000 21.19550000 4.55000000
v 7.99510370 21.19580489 4.60478077
v 16.80000000 24.85000000 4.85000000
v 16.77349754 24.83308011 4.89512579
v 17.40000000 24.85000000 8.00000000
v 17.36140763 24.81082998 8.00115684
v 17.20000000 24.85000000 11.20000000
v 17.17621711 24.81815086 11.16198676
v 11.54900000 22.18250000 12.60000000
v 11.54300505 22.17777656 12.54553212
v 8.00000000 21.66200000 12.60000000
v 8.00000000 21.66200000 12.54500000
v 4.45100000 20.98550000 12.60000000
v 4.45734269 20.98477881 12.54537171
v -1.20000000 24.85000000 11.20000000
v -1.16782014 24.82466120 11.16329303
v -1.40000000 24.85000000 8.00000000
v -1.36091638 24.81161166 8.00487911
v -0.80000000 24.85000000 4.85000000
v -0.78258485 24.82287739 4.89456542
v 4.38700000 20.76350000 4.55000000
v 4.39133860 20.76235512 4.60481666
v 6.48254000 21.01406000 4.30000000
v 6.48172788 21.01468663 4.35499043
v 12.00000000 21.10000000 4.55000000
v 11.99886636 21.09953624 4.60498636
v 8.00000000 20.40000000 4.55000000
v 7.99438569 20.40091202 4.60470510
v 16.70000000 21.45000000 4.85000000
v 16.67722678 21.45008834 4.90006369
v 17.85000000 22.15000000 8.00000000
v 17.79572700 22.14442505 8.00695426
v 17.45000000 21.55000000 11.20000000
v 17.40177403 21.54441334 11.17415343
v 11.85000000 21.00000000 12.60000000
v 11.84157981 20.99865092 12.54566511
v 8.00000000 20.20000000 12.60000000
v 8.00000000 20.20000000 12.54500000
v 4.15000000 18.90000000 12.60000000
v 4.15433559 18.89937425 12.54517472
v -1.45000000 20.20000000 11.20000000
v -1.41858442 20.19785161 11.15490626
v -1.85000000 21.50000000 8.00000000
v -1.79540915 21.49416870 8.00329169
v -0.70000000 20.30000000 4.85000000
v -0.65704816 20.29780963 4.88428326
v 4.00000000 18.85000000 4.55000000
v 4.00388176 18.84947863 4.60486037
v 6.32000000 19.74900000 4.34000000
v 6.32131966 19.74985455 4.39497753
usemtl material0
vt 0.00292969 0.95019531
vt 0.00292969 0.99707031
vt 0.03417969 0.99707031
f 1/1 2/2 3/3
vt 0.00292969 0.95019531
vt 0.03417969 0.99707031
vt 0.03417969 0.95019531
f 1/4 3/5 4/6
vt 0.04589844 0.95019531
vt 0.07714844 0.95019531
vt 0.07714844 0.99707031
f 5/7 6/8 7/9
vt 0.04589844 0.95019531
vt 0.07714844 0.99707031
vt 0.04589844 0.99707031
f 5/10 7/11 8/12
vt 0.08886719 0.95019531
vt 0.10449219 0.95019531
vt 0.10449219 0.99707031
f 1/13 5/14 8/15
vt 0.08886719 0.95019531
vt 0.10449219 0.99707031
vt 0.08886719 0.99707031
f 1/16 8/17 2/18
vt 0.11621094 0.95019531
vt 0.11621094 0.99707031
vt 0.13183594 0.99707031
f 4/19 3/20 7/21
vt 0.11621094 0.95019531
vt 0.13183594 0.99707031
vt 0.13183594 0.95019531
f 4/22 7/23 6/24
vt 0.14355469 0.99707031
vt 0.17480469 0.99707031
vt 0.17480469 0.98144531
f 1/25 4/26 6/27
vt 0.14355469 0.99707031
vt 0.17480469 0.98144531
vt 0.14355469 0.98144531
f 1/28 6/29 5/30
vt 0.18652344 0.99707031
vt 0.18652344 0.98144531
vt 0.21777344 0.98144531
f 2/31 8/32 7/33
vt 0.18652344 0.99707031
vt 0.21777344 0.98144531
vt 0.21777344 0.99707031
f 2/34 7/35 3/36
vt 0.22949219 0.96582031
vt 0.22949219 0.99707031
vt 0.26074219 0.99707031
f 9/37 10/38 11/39
vt 0.22949219 0.96582031
vt 0.26074219 0.99707031
vt 0.26074219 0.96582031
f 9/40 11/41 12/42
vt 0.27246094 0.96582031
vt 0.30371094 0.96582031
vt 0.30371094 0.99707031
f 13/43 14/44 15/45
vt 0.27246094 0.96582031
vt 0.30371094 0.99707031
vt 0.27246094 0.99707031
f 13/46 15/47 16/48
vt 0.31542969 0.96582031
vt 0.34667969 0.96582031
vt 0.34667969 0.99707031
f 9/49 13/50 16/51
vt 0.31542969 0.96582031
vt 0.34667969 0.99707031
vt 0.31542969 0.99707031
f 9/52 16/53 10/54
vt 0.35839844 0.96582031
vt 0.35839844 0.99707031
vt 0.38964844 0.99707031
f 12/55 11/56 15/57
vt 0.35839844 0.96582031
vt 0.38964844 0.99707031
vt 0.38964844 0.96582031
f 12/58 15/59 14/60
vt 0.40136719 0.99707031
vt 0.43261719 0.99707031
vt 0.43261719 0.96582031
f 9/61 12/62 14/63
vt 0.40136719 0.99707031
vt 0.43261719 0.96582031
vt 0.40136719 0.96582031
f 9/64 14/65 13/66
vt 0.44433594 0.99707031
vt 0.44433594 0.96582031
vt 0.47558594 0.96582031
f 10/67 16/68 15/69
vt 0.44433594 0.99707031
vt 0.47558594 0.96582031
vt 0.47558594 0.99707031
f 10/70 15/71 11/72
vt 0.48730469 0.95956839
vt 0.49104528 0.99707031
vt 0.50878906 0.99355661
f 17/73 18/74 19/75
vt 0.48730469 0.95956839
vt 0.50878906 0.99355661
vt 0.50504847 0.95605469
f 17/76 19/77 20/78
vt 0.52050781 0.95956839
vt 0.53825160 0.95605469
vt 0.54199219 0.99355661
f 21/79 22/80 23/81
vt 0.52050781 0.95956839
vt 0.54199219 0.99355661
vt 0.52424840 0.99707031
f 21/82 23/83 24/84
vt 0.55371094 0.95800781
vt 0.56933594 0.95800781
vt 0.56933594 0.99707031
f 17/85 21/86 24/87
vt 0.55371094 0.95800781
vt 0.56933594 0.99707031
vt 0.55371094 0.99707031
f 17/88 24/89 18/90
vt 0.58105469 0.95800781
vt 0.58105469 0.99707031
vt 0.59667969 0.99707031
f 20/91 19/92 23/93
vt 0.58105469 0.95800781
vt 0.59667969 0.99707031
vt 0.59667969 0.95800781
f 20/94 23/95 22/96
vt 0.60839844 0.99707031
vt 0.62597656 0.99707031
vt 0.62597656 0.97949219
f 17/97 20/98 22/99
vt 0.60839844 0.99707031
vt 0.62597656 0.97949219
vt 0.60839844 0.97949219
f 17/100 22/101 21/102
vt 0.63769531 0.99707031
vt 0.63769531 0.98144531
vt 0.65527344 0.98144531
f 18/103 24/104 23/105
vt 0.63769531 0.99707031
vt 0.65527344 0.98144531
vt 0.65527344 0.99707031
f 18/106 23/107 19/108
vt 0.66699219 0.96159447
vt 0.66940455 0.99707031
vt 0.68847656 0.99153053
f 25/109 26/110 27/111
vt 0.66699219 0.96159447
vt 0.68847656 0.99153053
vt 0.68606420 0.95605469
f 25/112 27/113 28/114
vt 0.70019531 0.96159447
vt 0.71926733 0.95605469
vt 0.72167969 0.99153053
f 29/115 30/116 31/117
vt 0.70019531 0.96159447
vt 0.72167969 0.99153053
vt 0.70260767 0.99707031
f 29/118 31/119 32/120
vt 0.73339844 0.95800781
vt 0.74902344 0.95800781
vt 0.74902344 0.99707031
f 25/121 29/122 32/123
vt 0.73339844 0.95800781
vt 0.74902344 0.99707031
vt 0.73339844 0.99707031
f 25/124 32/125 26/126
vt 0.76074219 0.95800781
vt 0.76074219 0.99707031
vt 0.77636719 0.99707031
f 28/127 27/128 31/129
vt 0.76074219 0.95800781
vt 0.77636719 0.99707031
vt 0.77636719 0.95800781
f 28/130 31/131 30/132
vt 0.78808594 0.99707031
vt 0.80566406 0.99707031
vt 0.80566406 0.97949219
f 25/133 28/134 30/135
vt 0.78808594 0.99707031
vt 0.80566406 0.97949219
vt 0.78808594 0.97949219
f 25/136 30/137 29/138
vt 0.81738281 0.99707031
vt 0.81738281 0.98144531
vt 0.83496094 0.98144531
f 26/139 32/140 31/141
vt 0.81738281 0.99707031
vt 0.83496094 0.98144531
vt 0.83496094 0.99707031
f 26/142 31/143 27/144
vt 0.84667969 0.98757556
vt 0.84804668 0.99707031
vt 0.86425781 0.99484631
f 33/145 34/146 35/147
vt 0.84667969 0.98757556
vt 0.86425781 0.99484631
vt 0.86289082 0.98535156
f 33/148 35/149 36/150
vt 0.87597656 0.98757556
vt 0.89218769 0.98535156
vt 0.89355469 0.99484631
f 37/151 38/152 39/153
vt 0.87597656 0.98757556
vt 0.89355469 0.99484631
vt 0.87734356 0.99707031
f 37/154 39/155 40/156
vt 0.90527344 0.98730469
vt 0.92089844 0.98730469
vt 0.92089844 0.99707031
f 33/157 37/158 40/159
vt 0.90527344 0.98730469
vt 0.92089844 0.99707031
vt 0.90527344 0.99707031
f 33/160 40/161 34/162
vt 0.93261719 0.98730469
vt 0.93261719 0.99707031
vt 0.94824219 0.99707031
f 36/163 35/164 39/165
vt 0.93261719 0.98730469
vt 0.94824219 0.99707031
vt 0.94824219 0.98730469
f 36/166 39/167 38/168
vt 0.95996094 0.99707031
vt 0.97753906 0.99707031
vt 0.97753906 0.98144531
f 33/169 36/170 38/171
vt 0.95996094 0.99707031
vt 0.97753906 0.98144531
vt 0.95996094 0.98144531
f 33/172 38/173 37/174
vt 0.00292969 0.93847656
vt 0.00292969 0.92089844
vt 0.02050781 0.92089844
f 34/175 40/176 39/177
vt 0.00292969 0.93847656
vt 0.02050781 0.92089844
vt 0.02050781 0.93847656
f 34/178 39/179 35/180
vt 0.03596715 0.89746094
vt 0.03222656 0.93496286
vt 0.04997035 0.93847656
f 41/181 42/182 43/183
vt 0.03596715 0.89746094
vt 0.04997035 0.93847656
vt 0.05371094 0.90097464
f 41/184 43/185 44/186
vt 0.06917028 0.89746094
vt 0.08691406 0.90097464
vt 0.08317347 0.93847656
f 45/187 46/188 47/189
vt 0.06917028 0.89746094
vt 0.08317347 0.93847656
vt 0.06542969 0.93496286
f 45/190 47/191 48/192
vt 0.09863281 0.89941406
vt 0.11425781 0.89941406
vt 0.11425781 0.93847656
f 41/193 45/194 48/195
vt 0.09863281 0.89941406
vt 0.11425781 0.93847656
vt 0.09863281 0.93847656
f 41/196 48/197 42/198
vt 0.12597656 0.89941406
vt 0.12597656 0.93847656
vt 0.14160156 0.93847656
f 44/199 43/200 47/201
vt 0.12597656 0.89941406
vt 0.14160156 0.93847656
vt 0.14160156 0.89941406
f 44/202 47/203 46/204
vt 0.15332031 0.93847656
vt 0.17089844 0.93847656
vt 0.17089844 0.92285156
f 41/205 44/206 46/207
vt 0.15332031 0.93847656
vt 0.17089844 0.92285156
vt 0.15332031 0.92285156
f 41/208 46/209 45/210
vt 0.18261719 0.93847656
vt 0.18261719 0.92285156
vt 0.20019531 0.92285156
f 42/211 48/212 47/213
vt 0.18261719 0.93847656
vt 0.20019531 0.92285156
vt 0.20019531 0.93847656
f 42/214 47/215 43/216
vt 0.21432642 0.89746094
vt 0.21191406 0.93293678
vt 0.23098608 0.93847656
f 49/217 50/218 51/219
vt 0.21432642 0.89746094
vt 0.23098608 0.93847656
vt 0.23339844 0.90300072
f 49/220 51/221 52/222
vt 0.24752955 0.89746094
vt 0.26660156 0.90300072
vt 0.26418920 0.93847656
f 53/223 54/224 55/225
vt 0.24752955 0.89746094
vt 0.26418920 0.93847656
vt 0.24511719 0.93293678
f 53/226 55/227 56/228
vt 0.27832031 0.89941406
vt 0.29394531 0.89941406
vt 0.29394531 0.93847656
f 49/229 53/230 56/231
vt 0.27832031 0.89941406
vt 0.29394531 0.93847656
vt 0.27832031 0.93847656
f 49/232 56/233 50/234
vt 0.30566406 0.89941406
vt 0.30566406 0.93847656
vt 0.32128906 0.93847656
f 52/235 51/236 55/237
vt 0.30566406 0.89941406
vt 0.32128906 0.93847656
vt 0.32128906 0.89941406
f 52/238 55/239 54/240
vt 0.33300781 0.93847656
vt 0.35058594 0.93847656
vt 0.35058594 0.92285156
f 49/241 52/242 54/243
vt 0.33300781 0.93847656
vt 0.35058594 0.92285156
vt 0.33300781 0.92285156
f 49/244 54/245 53/246
vt 0.36230469 0.93847656
vt 0.36230469 0.92285156
vt 0.37988281 0.92285156
f 50/247 56/248 55/249
vt 0.36230469 0.93847656
vt 0.37988281 0.92285156
vt 0.37988281 0.93847656
f 50/250 55/251 51/252
vt 0.39296856 0.92675781
vt 0.39160156 0.93625256
vt 0.40781269 0.93847656
f 57/253 58/254 59/255
vt 0.39296856 0.92675781
vt 0.40781269 0.93847656
vt 0.40917969 0.92898181
f 57/256 59/257 60/258
vt 0.42226543 0.92675781
vt 0.43847656 0.92898181
vt 0.43710957 0.93847656
f 61/259 62/260 63/261
vt 0.42226543 0.92675781
vt 0.43710957 0.93847656
vt 0.42089844 0.93625256
f 61/262 63/263 64/264
vt 0.45019531 0.92871094
vt 0.46582031 0.92871094
vt 0.46582031 0.93847656
f 57/265 61/266 64/267
vt 0.45019531 0.92871094
vt 0.46582031 0.93847656
vt 0.45019531 0.93847656
f 57/268 64/269 58/270
vt 0.47753906 0.92871094
vt 0.47753906 0.93847656
vt 0.49316406 0.93847656
f 60/271 59/272 63/273
vt 0.47753906 0.92871094
vt 0.49316406 0.93847656
vt 0.49316406 0.92871094
f 60/274 63/275 62/276
vt 0.50488281 0.93847656
vt 0.52246094 0.93847656
vt 0.52246094 0.92285156
f 57/277 60/278 62/279
vt 0.50488281 0.93847656
vt 0.52246094 0.92285156
vt 0.50488281 0.92285156
f 57/280 62/281 61/282
vt 0.53417969 0.93847656
vt 0.53417969 0.92285156
vt 0.55175781 0.92285156
f 58/283 64/284 63/285
vt 0.53417969 0.93847656
vt 0.55175781 0.92285156
vt 0.55175781 0.93847656
f 58/286 63/287 59/288
vt 0.56347656 0.91448525
vt 0.56574236 0.93847656
vt 0.58300781 0.93707725
f 65/289 66/290 67/291
vt 0.56347656 0.91448525
vt 0.58300781 0.93707725
vt 0.58074202 0.91308594
f 65/292 67/293 68/294
vt 0.59472656 0.91448525
vt 0.61199202 0.91308594
vt 0.61425781 0.93707725
f 69/295 70/296 71/297
vt 0.59472656 0.91448525
vt 0.61425781 0.93707725
vt 0.59699236 0.93847656
f 69/298 71/299 72/300
vt 0.62597656 0.91308594
vt 0.64160156 0.91308594
vt 0.64160156 0.93847656
f 65/301 69/302 72/303
vt 0.62597656 0.91308594
vt 0.64160156 0.93847656
vt 0.62597656 0.93847656
f 65/304 72/305 66/306
vt 0.65332031 0.91503906
vt 0.65332031 0.93847656
vt 0.66894531 0.93847656
f 68/307 67/308 71/309
vt 0.65332031 0.91503906
vt 0.66894531 0.93847656
vt 0.66894531 0.91503906
f 68/310 71/311 70/312
vt 0.68066406 0.93847656
vt 0.69628906 0.93847656
vt 0.69628906 0.92285156
f 65/313 68/314 70/315
vt 0.68066406 0.93847656
vt 0.69628906 0.92285156
vt 0.68066406 0.92285156
f 65/316 70/317 69/318
vt 0.70800781 0.93847656
vt 0.70800781 0.92285156
vt 0.72558594 0.92285156
f 66/319 72/320 71/321
vt 0.70800781 0.93847656
vt 0.72558594 0.92285156
vt 0.72558594 0.93847656
f 66/322 71/323 67/324
vt 0.73730469 0.92231260
vt 0.73871885 0.93847656
vt 0.75488281 0.93706240
f 73/325 74/326 75/327
vt 0.73730469 0.92231260
vt 0.75488281 0.93706240
vt 0.75346865 0.92089844
f 73/328 75/329 76/330
vt 0.76660156 0.92231260
vt 0.78276552 0.92089844
vt 0.78417969 0.93706240
f 77/331 78/332 79/333
vt 0.76660156 0.92231260
vt 0.78417969 0.93706240
vt 0.76801573 0.93847656
f 77/334 79/335 80/336
vt 0.79589844 0.92089844
vt 0.81152344 0.92089844
vt 0.81152344 0.93847656
f 73/337 77/338 80/339
vt 0.79589844 0.92089844
vt 0.81152344 0.93847656
vt 0.79589844 0.93847656
f 73/340 80/341 74/342
vt 0.82324219 0.92089844
vt 0.82324219 0.93847656
vt 0.83886719 0.93847656
f 76/343 75/344 79/345
vt 0.82324219 0.92089844
vt 0.83886719 0.93847656
vt 0.83886719 0.92089844
f 76/346 79/347 78/348
vt 0.85058594 0.93847656
vt 0.86621094 0.93847656
vt 0.86621094 0.92285156
f 73/349 76/350 78/351
vt 0.85058594 0.93847656
vt 0.86621094 0.92285156
vt 0.85058594 0.92285156
f 73/352 78/353 77/354
vt 0.87792969 0.93847656
vt 0.87792969 0.92285156
vt 0.89355469 0.92285156
f 74/355 80/356 79/357
vt 0.87792969 0.93847656
vt 0.89355469 0.92285156
vt 0.89355469 0.93847656
f 74/358 79/359 75/360
vt 0.90527344 0.93016523
vt 0.90601015 0.93847656
vt 0.92285156 0.93702227
f 81/361 82/362 83/363
vt 0.90527344 0.93016523
vt 0.92285156 0.93702227
vt 0.92211485 0.92871094
f 81/364 83/365 84/366
vt 0.93457031 0.93016523
vt 0.95141172 0.92871094
vt 0.95214844 0.93702227
f 85/367 86/368 87/369
vt 0.93457031 0.93016523
vt 0.95214844 0.93702227
vt 0.93530703 0.93847656
f 85/370 87/371 88/372
vt 0.96386719 0.93066406
vt 0.97949219 0.93066406
vt 0.97949219 0.93847656
f 81/373 85/374 88/375
vt 0.96386719 0.93066406
vt 0.97949219 0.93847656
vt 0.96386719 0.93847656
f 81/376 88/377 82/378
vt 0.00292969 0.87792969
vt 0.00292969 0.88574219
vt 0.01855469 0.88574219
f 84/379 83/380 87/381
vt 0.00292969 0.87792969
vt 0.01855469 0.88574219
vt 0.01855469 0.87792969
f 84/382 87/383 86/384
vt 0.03027344 0.88574219
vt 0.04589844 0.88574219
vt 0.04589844 0.87011719
f 81/385 84/386 86/387
vt 0.03027344 0.88574219
vt 0.04589844 0.87011719
vt 0.03027344 0.87011719
f 81/388 86/389 85/390
vt 0.05761719 0.88574219
vt 0.05761719 0.87011719
vt 0.07324219 0.87011719
f 82/391 88/392 87/393
vt 0.05761719 0.88574219
vt 0.07324219 0.87011719
vt 0.07324219 0.88574219
f 82/394 87/395 83/396
vt 0.27082048 0.86035156
vt 0.26855469 0.88434288
vt 0.28582014 0.88574219
f 89/397 90/398 91/399
vt 0.27082048 0.86035156
vt 0.28582014 0.88574219
vt 0.28808594 0.86175087
f 89/400 91/401 92/402
vt 0.30207048 0.86035156
vt 0.31933594 0.86175087
vt 0.31707014 0.88574219
f 93/403 94/404 95/405
vt 0.30207048 0.86035156
vt 0.31707014 0.88574219
vt 0.29980469 0.88434288
f 93/406 95/407 96/408
vt 0.33105469 0.86230469
vt 0.34667969 0.86230469
vt 0.34667969 0.88574219
f 89/409 93/410 96/411
vt 0.33105469 0.86230469
vt 0.34667969 0.88574219
vt 0.33105469 0.88574219
f 89/412 96/413 90/414
vt 0.35839844 0.86035156
vt 0.35839844 0.88574219
vt 0.37402344 0.88574219
f 92/415 91/416 95/417
vt 0.35839844 0.86035156
vt 0.37402344 0.88574219
vt 0.37402344 0.86035156
f 92/418 95/419 94/420
vt 0.38574219 0.88574219
vt 0.40136719 0.88574219
vt 0.40136719 0.87011719
f 89/421 92/422 94/423
vt 0.38574219 0.88574219
vt 0.40136719 0.87011719
vt 0.38574219 0.87011719
f 89/424 94/425 93/426
vt 0.41308594 0.88574219
vt 0.41308594 0.87011719
vt 0.43066406 0.87011719
f 90/427 96/428 95/429
vt 0.41308594 0.88574219
vt 0.43066406 0.87011719
vt 0.43066406 0.88574219
f 90/430 95/431 91/432
vt 0.44379698 0.86816406
vt 0.44238281 0.88432802
vt 0.45854677 0.88574219
f 97/433 98/434 99/435
vt 0.44379698 0.86816406
vt 0.45854677 0.88574219
vt 0.45996094 0.86957823
f 97/436 99/437 100/438
vt 0.47309385 0.86816406
vt 0.48925781 0.86957823
vt 0.48784365 0.88574219
f 101/439 102/440 103/441
vt 0.47309385 0.86816406
vt 0.48784365 0.88574219
vt 0.47167969 0.88432802
f 101/442 103/443 104/444
vt 0.50097656 0.86816406
vt 0.51660156 0.86816406
vt 0.51660156 0.88574219
f 97/445 101/446 104/447
vt 0.50097656 0.86816406
vt 0.51660156 0.88574219
vt 0.50097656 0.88574219
f 97/448 104/449 98/450
vt 0.52832031 0.86816406
vt 0.52832031 0.88574219
vt 0.54394531 0.88574219
f 100/451 99/452 103/453
vt 0.52832031 0.86816406
vt 0.54394531 0.88574219
vt 0.54394531 0.86816406
f 100/454 103/455 102/456
vt 0.55566406 0.88574219
vt 0.57128906 0.88574219
vt 0.57128906 0.87011719
f 97/457 100/458 102/459
vt 0.55566406 0.88574219
vt 0.57128906 0.87011719
vt 0.55566406 0.87011719
f 97/460 102/461 101/462
vt 0.58300781 0.88574219
vt 0.58300781 0.87011719
vt 0.59863281 0.87011719
f 98/463 104/464 103/465
vt 0.58300781 0.88574219
vt 0.59863281 0.87011719
vt 0.59863281 0.88574219
f 98/466 103/467 99/468
vt 0.61108828 0.87597656
vt 0.61035156 0.88428789
vt 0.62719297 0.88574219
f 105/469 106/470 107/471
vt 0.61108828 0.87597656
vt 0.62719297 0.88574219
vt 0.62792969 0.87743086
f 105/472 107/473 108/474
vt 0.64038515 0.87597656
vt 0.65722656 0.87743086
vt 0.65648985 0.88574219
f 109/475 110/476 111/477
vt 0.64038515 0.87597656
vt 0.65648985 0.88574219
vt 0.63964844 0.88428789
f 109/478 111/479 112/480
vt 0.66894531 0.87792969
vt 0.68457031 0.87792969
vt 0.68457031 0.88574219
f 105/481 109/482 112/483
vt 0.66894531 0.87792969
vt 0.68457031 0.88574219
vt 0.66894531 0.88574219
f 105/484 112/485 106/486
vt 0.69628906 0.87792969
vt 0.69628906 0.88574219
vt 0.71191406 0.88574219
f 108/487 107/488 111/489
vt 0.69628906 0.87792969
vt 0.71191406 0.88574219
vt 0.71191406 0.87792969
f 108/490 111/491 110/492
vt 0.72363281 0.88574219
vt 0.73925781 0.88574219
vt 0.73925781 0.87011719
f 105/493 108/494 110/495
vt 0.72363281 0.88574219
vt 0.73925781 0.87011719
vt 0.72363281 0.87011719
f 105/496 110/497 109/498
vt 0.75097656 0.88574219
vt 0.75097656 0.87011719
vt 0.76660156 0.87011719
f 106/499 112/500 111/501
vt 0.75097656 0.88574219
vt 0.76660156 0.87011719
vt 0.76660156 0.88574219
f 106/502 111/503 107/504
vt 0.00292969 0.84863281
vt 0.02428900 0.84863281
vt 0.03091364 0.82227691
f 113/505 114/506 115/507
vt 0.17153864 0.82227691
vt 0.16491400 0.84863281
vt 0.14355469 0.84863281
f 116/508 117/509 118/510
vt 0.00292969 0.84863281
vt 0.03091364 0.82227691
vt 0.00292969 0.82227691
f 113/511 115/512 119/513
vt 0.14355469 0.82227691
vt 0.17153864 0.82227691
vt 0.14355469 0.84863281
f 120/514 116/515 118/516
vt 0.02428900 0.84863281
vt 0.03305414 0.84863281
vt 0.03842929 0.82227691
f 114/517 121/518 122/519
vt 0.17905429 0.82227691
vt 0.17367914 0.84863281
vt 0.16491400 0.84863281
f 123/520 124/521 117/522
vt 0.02428900 0.84863281
vt 0.03842929 0.82227691
vt 0.03091364 0.82227691
f 114/523 122/524 115/525
vt 0.17153864 0.82227691
vt 0.17905429 0.82227691
vt 0.16491400 0.84863281
f 116/526 123/527 117/528
vt 0.03305414 0.84863281
vt 0.04860395 0.84863281
vt 0.05117097 0.82227691
f 121/529 125/530 126/531
vt 0.19179597 0.82227691
vt 0.18922895 0.84863281
vt 0.17367914 0.84863281
f 127/532 128/533 124/534
vt 0.03305414 0.84863281
vt 0.05117097 0.82227691
vt 0.03842929 0.82227691
f 121/535 126/536 122/537
vt 0.17905429 0.82227691
vt 0.19179597 0.82227691
vt 0.17367914 0.84863281
f 123/538 127/539 124/540
vt 0.04860395 0.84863281
vt 0.07108711 0.84863281
vt 0.06941204 0.82227691
f 125/541 129/542 130/543
vt 0.21003704 0.82227691
vt 0.21171211 0.84863281
vt 0.18922895 0.84863281
f 131/544 132/545 128/546
vt 0.04860395 0.84863281
vt 0.06941204 0.82227691
vt 0.05117097 0.82227691
f 125/547 130/548 126/549
vt 0.19179597 0.82227691
vt 0.21003704 0.82227691
vt 0.18922895 0.84863281
f 127/550 131/551 128/552
vt 0.07108711 0.84863281
vt 0.08433677 0.84863281
vt 0.08069454 0.82227691
f 129/553 133/554 134/555
vt 0.22131954 0.82227691
vt 0.22496177 0.84863281
vt 0.21171211 0.84863281
f 135/556 136/557 132/558
vt 0.07108711 0.84863281
vt 0.08069454 0.82227691
vt 0.06941204 0.82227691
f 129/559 134/560 130/561
vt 0.21003704 0.82227691
vt 0.22131954 0.82227691
vt 0.21171211 0.84863281
f 131/562 135/563 132/564
vt 0.08433677 0.84863281
vt 0.10039466 0.84863281
vt 0.09347273 0.82227691
f 133/565 137/566 138/567
vt 0.23409773 0.82227691
vt 0.24101966 0.84863281
vt 0.22496177 0.84863281
f 139/568 140/569 136/570
vt 0.08433677 0.84863281
vt 0.09347273 0.82227691
vt 0.08069454 0.82227691
f 133/571 138/572 134/573
vt 0.22131954 0.82227691
vt 0.23409773 0.82227691
vt 0.22496177 0.84863281
f 135/574 139/575 136/576
vt 0.10039466 0.84863281
vt 0.11047662 0.84863281
vt 0.10385198 0.82227691
f 137/577 141/578 142/579
vt 0.24447698 0.82227691
vt 0.25110162 0.84863281
vt 0.24101966 0.84863281
f 143/580 144/581 140/582
vt 0.10039466 0.84863281
vt 0.10385198 0.82227691
vt 0.09347273 0.82227691
f 137/583 142/584 138/585
vt 0.23409773 0.82227691
vt 0.24447698 0.82227691
vt 0.24101966 0.84863281
f 139/586 143/587 140/588
vt 0.11047662 0.84863281
vt 0.13183594 0.84863281
vt 0.13183594 0.82227691
f 141/589 145/590 146/591
vt 0.27246094 0.82227691
vt 0.27246094 0.84863281
vt 0.25110162 0.84863281
f 147/592 148/593 144/594
vt 0.11047662 0.84863281
vt 0.13183594 0.82227691
vt 0.10385198 0.82227691
f 141/595 146/596 142/597
vt 0.24447698 0.82227691
vt 0.27246094 0.82227691
vt 0.25110162 0.84863281
f 143/598 147/599 144/600
vt 0.00292969 0.82227691
vt 0.03091364 0.82227691
vt 0.03790939 0.79589844
f 119/601 115/602 149/603
vt 0.17853439 0.79589844
vt 0.17153864 0.82227691
vt 0.14355469 0.82227691
f 150/604 116/605 120/606
vt 0.00292969 0.82227691
vt 0.03790939 0.79589844
vt 0.00292969 0.79589844
f 119/607 149/608 151/609
vt 0.14355469 0.79589844
vt 0.17853439 0.79589844
vt 0.14355469 0.82227691
f 152/610 150/611 120/612
vt 0.03091364 0.82227691
vt 0.03842929 0.82227691
vt 0.04377857 0.79589844
f 115/613 122/614 153/615
vt 0.18440357 0.79589844
vt 0.17905429 0.82227691
vt 0.17153864 0.82227691
f 154/616 123/617 116/618
vt 0.03091364 0.82227691
vt 0.04377857 0.79589844
vt 0.03790939 0.79589844
f 115/619 153/620 149/621
vt 0.17853439 0.79589844
vt 0.18440357 0.79589844
vt 0.17153864 0.82227691
f 150/622 154/623 116/624
vt 0.03842929 0.82227691
vt 0.05117097 0.82227691
vt 0.05456908 0.79589844
f 122/625 126/626 155/627
vt 0.19519408 0.79589844
vt 0.19179597 0.82227691
vt 0.17905429 0.82227691
f 156/628 127/629 123/630
vt 0.03842929 0.82227691
vt 0.05456908 0.79589844
vt 0.04377857 0.79589844
f 122/631 155/632 153/633
vt 0.18440357 0.79589844
vt 0.19519408 0.79589844
vt 0.17905429 0.82227691
f 154/634 156/635 123/636
vt 0.05117097 0.82227691
vt 0.06941204 0.82227691
vt 0.06997531 0.79589844
f 126/637 130/638 157/639
vt 0.21060031 0.79589844
vt 0.21003704 0.82227691
vt 0.19179597 0.82227691
f 158/640 131/641 127/642
vt 0.05117097 0.82227691
vt 0.06997531 0.79589844
vt 0.05456908 0.79589844
f 126/643 157/644 155/645
vt 0.19519408 0.79589844
vt 0.21060031 0.79589844
vt 0.19179597 0.82227691
f 156/646 158/647 127/648
vt 0.06941204 0.82227691
vt 0.08069454 0.82227691
vt 0.07857201 0.79589844
f 130/649 134/650 159/651
vt 0.21919701 0.79589844
vt 0.22131954 0.82227691
vt 0.21003704 0.82227691
f 160/652 135/653 131/654
vt 0.06941204 0.82227691
vt 0.07857201 0.79589844
vt 0.06997531 0.79589844
f 130/655 159/656 157/657
vt 0.21060031 0.79589844
vt 0.21919701 0.79589844
vt 0.21003704 0.82227691
f 158/658 160/659 131/660
vt 0.08069454 0.82227691
vt 0.09347273 0.82227691
vt 0.08986004 0.79589844
f 134/661 138/662 161/663
vt 0.23048504 0.79589844
vt 0.23409773 0.82227691
vt 0.22131954 0.82227691
f 162/664 139/665 135/666
vt 0.08069454 0.82227691
vt 0.08986004 0.79589844
vt 0.07857201 0.79589844
f 134/667 161/668 159/669
vt 0.21919701 0.79589844
vt 0.23048504 0.79589844
vt 0.22131954 0.82227691
f 160/670 162/671 135/672
vt 0.09347273 0.82227691
vt 0.10385198 0.82227691
vt 0.09685624 0.79589844
f 138/673 142/674 163/675
vt 0.23748124 0.79589844
vt 0.24447698 0.82227691
vt 0.23409773 0.82227691
f 164/676 143/677 139/678
vt 0.09347273 0.82227691
vt 0.09685624 0.79589844
vt 0.08986004 0.79589844
f 138/679 163/680 161/681
vt 0.23048504 0.79589844
vt 0.23748124 0.79589844
vt 0.23409773 0.82227691
f 162/682 164/683 139/684
vt 0.10385198 0.82227691
vt 0.13183594 0.82227691
vt 0.13183594 0.79589844
f 142/685 146/686 165/687
vt 0.27246094 0.79589844
vt 0.27246094 0.82227691
vt 0.24447698 0.82227691
f 166/688 147/689 143/690
vt 0.10385198 0.82227691
vt 0.13183594 0.79589844
vt 0.09685624 0.79589844
f 142/691 165/692 163/693
vt 0.23748124 0.79589844
vt 0.27246094 0.79589844
vt 0.24447698 0.82227691
f 164/694 166/695 143/696
vt 0.28417969 0.84863281
vt 0.29199219 0.84863281
vt 0.28417969 0.84082031
f 114/697 113/698 118/699
vt 0.28417969 0.84863281
vt 0.29199219 0.84863281
vt 0.28417969 0.84082031
f 114/700 118/701 117/702
vt 0.28417969 0.84863281
vt 0.29199219 0.84863281
vt 0.28417969 0.84082031
f 113/703 119/704 120/705
vt 0.28417969 0.84863281
vt 0.29199219 0.84863281
vt 0.28417969 0.84082031
f 113/706 120/707 118/708
vt 0.28417969 0.84863281
vt 0.29199219 0.84863281
vt 0.28417969 0.84082031
f 121/709 114/710 117/711
vt 0.28417969 0.84863281
vt 0.29199219 0.84863281
vt 0.28417969 0.84082031
f 121/712 117/713 124/714
vt 0.28417969 0.84863281
vt 0.29199219 0.84863281
vt 0.28417969 0.84082031
f 125/715 121/716 124/717
vt 0.28417969 0.84863281
vt 0.29199219 0.84863281
vt 0.28417969 0.84082031
f 125/718 124/719 128/720
vt 0.28417969 0.84863281
vt 0.29199219 0.84863281
vt 0.28417969 0.84082031
f 129/721 125/722 128/723
vt 0.28417969 0.84863281
vt 0.29199219 0.84863281
vt 0.28417969 0.84082031
f 129/724 128/725 132/726
vt 0.28417969 0.84863281
vt 0.29199219 0.84863281
vt 0.28417969 0.84082031
f 133/727 129/728 132/729
vt 0.28417969 0.84863281
vt 0.29199219 0.84863281
vt 0.28417969 0.84082031
f 133/730 132/731 136/732
vt 0.28417969 0.84863281
vt 0.29199219 0.84863281
vt 0.28417969 0.84082031
f 137/733 133/734 136/735
vt 0.28417969 0.84863281
vt 0.29199219 0.84863281
vt 0.28417969 0.84082031
f 137/736 136/737 140/738
vt 0.28417969 0.84863281
vt 0.29199219 0.84863281
vt 0.28417969 0.84082031
f 141/739 137/740 140/741
vt 0.28417969 0.84863281
vt 0.29199219 0.84863281
vt 0.28417969 0.84082031
f 141/742 140/743 144/744
vt 0.28417969 0.84863281
vt 0.29199219 0.84863281
vt 0.28417969 0.84082031
f 145/745 141/746 144/747
vt 0.28417969 0.84863281
vt 0.29199219 0.84863281
vt 0.28417969 0.84082031
f 145/748 144/749 148/750
vt 0.28417969 0.84863281
vt 0.29199219 0.84863281
vt 0.28417969 0.84082031
f 146/751 145/752 148/753
vt 0.28417969 0.84863281
vt 0.29199219 0.84863281
vt 0.28417969 0.84082031
f 146/754 148/755 147/756
vt 0.28417969 0.84863281
vt 0.29199219 0.84863281
vt 0.28417969 0.84082031
f 151/757 149/758 150/759
vt 0.28417969 0.84863281
vt 0.29199219 0.84863281
vt 0.28417969 0.84082031
f 151/760 150/761 152/762
vt 0.28417969 0.84863281
vt 0.29199219 0.84863281
vt 0.28417969 0.84082031
f 119/763 151/764 152/765
vt 0.28417969 0.84863281
vt 0.29199219 0.84863281
vt 0.28417969 0.84082031
f 119/766 152/767 120/768
vt 0.28417969 0.84863281
vt 0.29199219 0.84863281
vt 0.28417969 0.84082031
f 149/769 153/770 154/771
vt 0.28417969 0.84863281
vt 0.29199219 0.84863281
vt 0.28417969 0.84082031
f 149/772 154/773 150/774
vt 0.28417969 0.84863281
vt 0.29199219 0.84863281
vt 0.28417969 0.84082031
f 153/775 155/776 156/777
vt 0.28417969 0.84863281
vt 0.29199219 0.84863281
vt 0.28417969 0.84082031
f 153/778 156/779 154/780
vt 0.28417969 0.84863281
vt 0.29199219 0.84863281
vt 0.28417969 0.84082031
f 155/781 157/782 158/783
vt 0.28417969 0.84863281
vt 0.29199219 0.84863281
vt 0.28417969 0.84082031
f 155/784 158/785 156/786
vt 0.28417969 0.84863281
vt 0.29199219 0.84863281
vt 0.28417969 0.84082031
f 157/787 159/788 160/789
vt 0.28417969 0.84863281
vt 0.29199219 0.84863281
vt 0.28417969 0.84082031
f 157/790 160/791 158/792
vt 0.28417969 0.84863281
vt 0.29199219 0.84863281
vt 0.28417969 0.84082031
f 159/793 161/794 162/795
vt 0.28417969 0.84863281
vt 0.29199219 0.84863281
vt 0.28417969 0.84082031
f 159/796 162/797 160/798
vt 0.28417969 0.84863281
vt 0.29199219 0.84863281
vt 0.28417969 0.84082031
f 161/799 163/800 164/801
vt 0.28417969 0.84863281
vt 0.29199219 0.84863281
vt 0.28417969 0.84082031
f 161/802 164/803 162/804
vt 0.28417969 0.84863281
vt 0.29199219 0.84863281
vt 0.28417969 0.84082031
f 165/805 146/806 147/807
vt 0.28417969 0.84863281
vt 0.29199219 0.84863281
vt 0.28417969 0.84082031
f 165/808 147/809 166/810
vt 0.28417969 0.84863281
vt 0.29199219 0.84863281
vt 0.28417969 0.84082031
f 163/811 165/812 166/813
vt 0.28417969 0.84863281
vt 0.29199219 0.84863281
vt 0.28417969 0.84082031
f 163/814 166/815 164/816
vt 0.33500946 0.82259151
vt 0.30644046 0.79589844
vt 0.34222753 0.79589844
f 167/817 168/818 169/819
vt 0.39555634 0.82259151
vt 0.40277441 0.79589844
vt 0.36698734 0.79589844
f 170/820 171/821 172/822
vt 0.36425781 0.84863281
vt 0.41308594 0.84863281
vt 0.36425781 0.79589844
f 169/823 168/824 172/825
vt 0.36425781 0.84863281
vt 0.41308594 0.84863281
vt 0.36425781 0.79589844
f 169/826 172/827 171/828
vt 0.33500946 0.82259151
vt 0.34222753 0.79589844
vt 0.34647346 0.80004608
f 167/829 169/830 173/831
vt 0.39555634 0.82259151
vt 0.40702033 0.80004608
vt 0.40277441 0.79589844
f 170/832 174/833 171/834
vt 0.36425781 0.84863281
vt 0.41308594 0.84863281
vt 0.36425781 0.79589844
f 173/835 169/836 171/837
vt 0.36425781 0.84863281
vt 0.41308594 0.84863281
vt 0.36425781 0.79589844
f 173/838 171/839 174/840
vt 0.33500946 0.82259151
vt 0.34647346 0.80004608
vt 0.34950626 0.81041520
f 167/841 173/842 175/843
vt 0.39555634 0.82259151
vt 0.41005313 0.81041520
vt 0.40702033 0.80004608
f 170/844 176/845 174/846
vt 0.36425781 0.84863281
vt 0.41308594 0.84863281
vt 0.36425781 0.79589844
f 175/847 173/848 174/849
vt 0.36425781 0.84863281
vt 0.41308594 0.84863281
vt 0.36425781 0.79589844
f 175/850 174/851 176/852
vt 0.33500946 0.82259151
vt 0.34950626 0.81041520
vt 0.35253906 0.82552449
f 167/853 175/854 177/855
vt 0.39555634 0.82259151
vt 0.41308594 0.82552449
vt 0.41005313 0.81041520
f 170/856 178/857 176/858
vt 0.36425781 0.84863281
vt 0.41308594 0.84863281
vt 0.36425781 0.79589844
f 177/859 175/860 176/861
vt 0.36425781 0.84863281
vt 0.41308594 0.84863281
vt 0.36425781 0.79589844
f 177/862 176/863 178/864
vt 0.33500946 0.82259151
vt 0.35253906 0.82552449
vt 0.35253906 0.83411605
f 167/865 177/866 179/867
vt 0.39555634 0.82259151
vt 0.41308594 0.83411605
vt 0.41308594 0.82552449
f 170/868 180/869 178/870
vt 0.36425781 0.84863281
vt 0.41308594 0.84863281
vt 0.36425781 0.79589844
f 179/871 177/872 178/873
vt 0.36425781 0.84863281
vt 0.41308594 0.84863281
vt 0.36425781 0.79589844
f 179/874 178/875 180/876
vt 0.33500946 0.82259151
vt 0.35253906 0.83411605
vt 0.34798986 0.84448517
f 167/877 179/878 181/879
vt 0.39555634 0.82259151
vt 0.40853673 0.84448517
vt 0.41308594 0.83411605
f 170/880 182/881 180/882
vt 0.36425781 0.84863281
vt 0.41308594 0.84863281
vt 0.36425781 0.79589844
f 181/883 179/884 180/885
vt 0.36425781 0.84863281
vt 0.41308594 0.84863281
vt 0.36425781 0.79589844
f 181/886 180/887 182/888
vt 0.33500946 0.82259151
vt 0.34798986 0.84448517
vt 0.34222753 0.84863281
f 167/889 181/890 183/891
vt 0.39555634 0.82259151
vt 0.40277441 0.84863281
vt 0.40853673 0.84448517
f 170/892 184/893 182/894
vt 0.36425781 0.84863281
vt 0.41308594 0.84863281
vt 0.36425781 0.79589844
f 183/895 181/896 182/897
vt 0.36425781 0.84863281
vt 0.41308594 0.84863281
vt 0.36425781 0.79589844
f 183/898 182/899 184/900
vt 0.33500946 0.82259151
vt 0.34222753 0.84863281
vt 0.30644046 0.84863281
f 167/901 183/902 185/903
vt 0.39555634 0.82259151
vt 0.36698734 0.84863281
vt 0.40277441 0.84863281
f 170/904 186/905 184/906
vt 0.36425781 0.84863281
vt 0.41308594 0.84863281
vt 0.36425781 0.79589844
f 185/907 183/908 184/909
vt 0.36425781 0.84863281
vt 0.41308594 0.84863281
vt 0.36425781 0.79589844
f 185/910 184/911 186/912
vt 0.33500946 0.82259151
vt 0.30644046 0.84863281
vt 0.30371094 0.82226562
f 167/913 185/914 187/915
vt 0.39555634 0.82259151
vt 0.36425781 0.82226562
vt 0.36698734 0.84863281
f 170/916 188/917 186/918
vt 0.36425781 0.84863281
vt 0.41308594 0.84863281
vt 0.36425781 0.79589844
f 187/919 185/920 186/921
vt 0.36425781 0.84863281
vt 0.41308594 0.84863281
vt 0.36425781 0.79589844
f 187/922 186/923 188/924
vt 0.33500946 0.82259151
vt 0.30371094 0.82226562
vt 0.30644046 0.79589844
f 167/925 187/926 168/927
vt 0.39555634 0.82259151
vt 0.36698734 0.79589844
vt 0.36425781 0.82226562
f 170/928 172/929 188/930
vt 0.36425781 0.84863281
vt 0.41308594 0.84863281
vt 0.36425781 0.79589844
f 168/931 187/932 188/933
vt 0.36425781 0.84863281
vt 0.41308594 0.84863281
vt 0.36425781 0.79589844
f 168/934 188/935 172/936
vt 0.58886719 0.78417969
vt 0.60454876 0.78417969
vt 0.60468284 0.77152382
f 189/937 190/938 191/939
vt 0.73554221 0.77152382
vt 0.73540813 0.78417969
vt 0.71972656 0.78417969
f 192/940 193/941 194/942
vt 0.58886719 0.78417969
vt 0.60468284 0.77152382
vt 0.58886719 0.77152382
f 189/943 191/944 195/945
vt 0.71972656 0.77152382
vt 0.73554221 0.77152382
vt 0.71972656 0.78417969
f 196/946 192/947 194/948
vt 0.60454876 0.78417969
vt 0.61733409 0.78417969
vt 0.61681817 0.77152382
f 190/949 197/950 198/951
vt 0.74767755 0.77152382
vt 0.74819346 0.78417969
vt 0.73540813 0.78417969
f 199/952 200/953 193/954
vt 0.60454876 0.78417969
vt 0.61681817 0.77152382
vt 0.60468284 0.77152382
f 190/955 198/956 191/957
vt 0.73554221 0.77152382
vt 0.74767755 0.77152382
vt 0.73540813 0.78417969
f 192/958 199/959 193/960
vt 0.61733409 0.78417969
vt 0.63288579 0.78417969
vt 0.63262784 0.77152382
f 197/961 201/962 202/963
vt 0.76348721 0.77152382
vt 0.76374517 0.78417969
vt 0.74819346 0.78417969
f 203/964 204/965 200/966
vt 0.61733409 0.78417969
vt 0.63262784 0.77152382
vt 0.61681817 0.77152382
f 197/967 202/968 198/969
vt 0.74767755 0.77152382
vt 0.76348721 0.77152382
vt 0.74819346 0.78417969
f 199/970 203/971 200/972
vt 0.63288579 0.78417969
vt 0.64843750 0.78417969
vt 0.64843750 0.77152382
f 201/973 205/974 206/975
vt 0.77929688 0.77152382
vt 0.77929688 0.78417969
vt 0.76374517 0.78417969
f 207/976 208/977 204/978
vt 0.63288579 0.78417969
vt 0.64843750 0.77152382
vt 0.63262784 0.77152382
f 201/979 206/980 202/981
vt 0.76348721 0.77152382
vt 0.77929688 0.77152382
vt 0.76374517 0.78417969
f 203/982 207/983 204/984
vt 0.64843750 0.78417969
vt 0.66122283 0.78417969
vt 0.66057284 0.77152382
f 205/985 209/986 210/987
vt 0.79143221 0.77152382
vt 0.79208220 0.78417969
vt 0.77929688 0.78417969
f 211/988 212/989 208/990
vt 0.64843750 0.78417969
vt 0.66057284 0.77152382
vt 0.64843750 0.77152382
f 205/991 210/992 206/993
vt 0.77929688 0.77152382
vt 0.79143221 0.77152382
vt 0.77929688 0.78417969
f 207/994 211/995 208/996
vt 0.66122283 0.78417969
vt 0.67690440 0.78417969
vt 0.67638849 0.77152382
f 209/997 213/998 214/999
vt 0.80724786 0.77152382
vt 0.80776377 0.78417969
vt 0.79208220 0.78417969
f 215/1000 216/1001 212/1002
vt 0.66122283 0.78417969
vt 0.67638849 0.77152382
vt 0.66057284 0.77152382
f 209/1003 214/1004 210/1005
vt 0.79143221 0.77152382
vt 0.80724786 0.77152382
vt 0.79208220 0.78417969
f 211/1006 215/1007 212/1008
vt 0.67690440 0.78417969
vt 0.69245611 0.78417969
vt 0.69219815 0.77152382
f 213/1009 217/1010 218/1011
vt 0.82305752 0.77152382
vt 0.82331548 0.78417969
vt 0.80776377 0.78417969
f 219/1012 220/1013 216/1014
vt 0.67690440 0.78417969
vt 0.69219815 0.77152382
vt 0.67638849 0.77152382
f 213/1015 218/1016 214/1017
vt 0.80724786 0.77152382
vt 0.82305752 0.77152382
vt 0.80776377 0.78417969
f 215/1018 219/1019 216/1020
vt 0.69245611 0.78417969
vt 0.70800781 0.78417969
vt 0.70800781 0.77152382
f 217/1021 189/1022 195/1023
vt 0.83886719 0.77152382
vt 0.83886719 0.78417969
vt 0.82331548 0.78417969
f 196/1024 194/1025 220/1026
vt 0.69245611 0.78417969
vt 0.70800781 0.77152382
vt 0.69219815 0.77152382
f 217/1027 195/1028 218/1029
vt 0.82305752 0.77152382
vt 0.83886719 0.77152382
vt 0.82331548 0.78417969
f 219/1030 196/1031 220/1032
vt 0.58886719 0.77152382
vt 0.60468284 0.77152382
vt 0.60397808 0.75712038
f 195/1033 191/1034 221/1035
vt 0.73483746 0.75712038
vt 0.73554221 0.77152382
vt 0.71972656 0.77152382
f 222/1036 192/1037 196/1038
vt 0.58886719 0.77152382
vt 0.60397808 0.75712038
vt 0.58886719 0.75712038
f 195/1039 221/1040 223/1041
vt 0.71972656 0.75712038
vt 0.73483746 0.75712038
vt 0.71972656 0.77152382
f 224/1042 222/1043 196/1044
vt 0.60468284 0.77152382
vt 0.61681817 0.77152382
vt 0.61822715 0.75712038
f 191/1045 198/1046 225/1047
vt 0.74908653 0.75712038
vt 0.74767755 0.77152382
vt 0.73554221 0.77152382
f 226/1048 199/1049 192/1050
vt 0.60468284 0.77152382
vt 0.61822715 0.75712038
vt 0.60397808 0.75712038
f 191/1051 225/1052 221/1053
vt 0.73483746 0.75712038
vt 0.74908653 0.75712038
vt 0.73554221 0.77152382
f 222/1054 226/1055 192/1056
vt 0.61681817 0.77152382
vt 0.63262784 0.77152382
vt 0.63333233 0.75712038
f 198/1057 202/1058 227/1059
vt 0.76419170 0.75712038
vt 0.76348721 0.77152382
vt 0.74767755 0.77152382
f 228/1060 203/1061 199/1062
vt 0.61681817 0.77152382
vt 0.63333233 0.75712038
vt 0.61822715 0.75712038
f 198/1063 227/1064 225/1065
vt 0.74908653 0.75712038
vt 0.76419170 0.75712038
vt 0.74767755 0.77152382
f 226/1066 228/1067 199/1068
vt 0.63262784 0.77152382
vt 0.64843750 0.77152382
vt 0.64843750 0.75712038
f 202/1069 206/1070 229/1071
vt 0.77929688 0.75712038
vt 0.77929688 0.77152382
vt 0.76348721 0.77152382
f 230/1072 207/1073 203/1074
vt 0.63262784 0.77152382
vt 0.64843750 0.75712038
vt 0.63333233 0.75712038
f 202/1075 229/1076 227/1077
vt 0.76419170 0.75712038
vt 0.77929688 0.75712038
vt 0.76348721 0.77152382
f 228/1078 230/1079 203/1080
vt 0.64843750 0.77152382
vt 0.66057284 0.77152382
vt 0.66268657 0.75712038
f 206/1081 210/1082 231/1083
vt 0.79354594 0.75712038
vt 0.79143221 0.77152382
vt 0.77929688 0.77152382
f 232/1084 211/1085 207/1086
vt 0.64843750 0.77152382
vt 0.66268657 0.75712038
vt 0.64843750 0.75712038
f 206/1087 231/1088 229/1089
vt 0.77929688 0.75712038
vt 0.79354594 0.75712038
vt 0.77929688 0.77152382
f 230/1090 232/1091 207/1092
vt 0.66057284 0.77152382
vt 0.67638849 0.77152382
vt 0.67779746 0.75712038
f 210/1093 214/1094 233/1095
vt 0.80865684 0.75712038
vt 0.80724786 0.77152382
vt 0.79143221 0.77152382
f 234/1096 215/1097 211/1098
vt 0.66057284 0.77152382
vt 0.67779746 0.75712038
vt 0.66268657 0.75712038
f 210/1099 233/1100 231/1101
vt 0.79354594 0.75712038
vt 0.80865684 0.75712038
vt 0.79143221 0.77152382
f 232/1102 234/1103 211/1104
vt 0.67638849 0.77152382
vt 0.69219815 0.77152382
vt 0.69290264 0.75712038
f 214/1105 218/1106 235/1107
vt 0.82376201 0.75712038
vt 0.82305752 0.77152382
vt 0.80724786 0.77152382
f 236/1108 219/1109 215/1110
vt 0.67638849 0.77152382
vt 0.69290264 0.75712038
vt 0.67779746 0.75712038
f 214/1111 235/1112 233/1113
vt 0.80865684 0.75712038
vt 0.82376201 0.75712038
vt 0.80724786 0.77152382
f 234/1114 236/1115 215/1116
vt 0.69219815 0.77152382
vt 0.70800781 0.77152382
vt 0.70800781 0.75712038
f 218/1117 195/1118 223/1119
vt 0.83886719 0.75712038
vt 0.83886719 0.77152382
vt 0.82305752 0.77152382
f 224/1120 196/1121 219/1122
vt 0.69219815 0.77152382
vt 0.70800781 0.75712038
vt 0.69290264 0.75712038
f 218/1123 223/1124 235/1125
vt 0.82376201 0.75712038
vt 0.83886719 0.75712038
vt 0.82305752 0.77152382
f 236/1126 224/1127 219/1128
vt 0.58886719 0.75712038
vt 0.60397808 0.75712038
vt 0.60376258 0.74507299
f 223/1129 221/1130 237/1131
vt 0.73462196 0.74507299
vt 0.73483746 0.75712038
vt 0.71972656 0.75712038
f 238/1132 222/1133 224/1134
vt 0.58886719 0.75712038
vt 0.60376258 0.74507299
vt 0.58886719 0.74507299
f 223/1135 237/1136 239/1137
vt 0.71972656 0.74507299
vt 0.73462196 0.74507299
vt 0.71972656 0.75712038
f 240/1138 238/1139 224/1140
vt 0.60397808 0.75712038
vt 0.61822715 0.75712038
vt 0.61865798 0.74507299
f 221/1141 225/1142 241/1143
vt 0.74951736 0.74507299
vt 0.74908653 0.75712038
vt 0.73483746 0.75712038
f 242/1144 226/1145 222/1146
vt 0.60397808 0.75712038
vt 0.61865798 0.74507299
vt 0.60376258 0.74507299
f 221/1147 241/1148 237/1149
vt 0.73462196 0.74507299
vt 0.74951736 0.74507299
vt 0.73483746 0.75712038
f 238/1150 242/1151 222/1152
vt 0.61822715 0.75712038
vt 0.63333233 0.75712038
vt 0.63354774 0.74507299
f 225/1153 227/1154 243/1155
vt 0.76440712 0.74507299
vt 0.76419170 0.75712038
vt 0.74908653 0.75712038
f 244/1156 228/1157 226/1158
vt 0.61822715 0.75712038
vt 0.63354774 0.74507299
vt 0.61865798 0.74507299
f 225/1159 243/1160 241/1161
vt 0.74951736 0.74507299
vt 0.76440712 0.74507299
vt 0.74908653 0.75712038
f 242/1162 244/1163 226/1164
vt 0.63333233 0.75712038
vt 0.64843750 0.75712038
vt 0.64843750 0.74507299
f 227/1165 229/1166 245/1167
vt 0.77929688 0.74507299
vt 0.77929688 0.75712038
vt 0.76419170 0.75712038
f 246/1168 230/1169 228/1170
vt 0.63333233 0.75712038
vt 0.64843750 0.74507299
vt 0.63354774 0.74507299
f 227/1171 245/1172 243/1173
vt 0.76440712 0.74507299
vt 0.77929688 0.74507299
vt 0.76419170 0.75712038
f 244/1174 246/1175 228/1176
vt 0.64843750 0.75712038
vt 0.66268657 0.75712038
vt 0.66333290 0.74507299
f 229/1177 231/1178 247/1179
vt 0.79419227 0.74507299
vt 0.79354594 0.75712038
vt 0.77929688 0.75712038
f 248/1180 232/1181 230/1182
vt 0.64843750 0.75712038
vt 0.66333290 0.74507299
vt 0.64843750 0.74507299
f 229/1183 247/1184 245/1185
vt 0.77929688 0.74507299
vt 0.79419227 0.74507299
vt 0.77929688 0.75712038
f 246/1186 248/1187 230/1188
vt 0.66268657 0.75712038
vt 0.67779746 0.75712038
vt 0.67822829 0.74507299
f 231/1189 233/1190 249/1191
vt 0.80908767 0.74507299
vt 0.80865684 0.75712038
vt 0.79354594 0.75712038
f 250/1192 234/1193 232/1194
vt 0.66268657 0.75712038
vt 0.67822829 0.74507299
vt 0.66333290 0.74507299
f 231/1195 249/1196 247/1197
vt 0.79419227 0.74507299
vt 0.80908767 0.74507299
vt 0.79354594 0.75712038
f 248/1198 250/1199 232/1200
vt 0.67779746 0.75712038
vt 0.69290264 0.75712038
vt 0.69311805 0.74507299
f 233/1201 235/1202 251/1203
vt 0.82397743 0.74507299
vt 0.82376201 0.75712038
vt 0.80865684 0.75712038
f 252/1204 236/1205 234/1206
vt 0.67779746 0.75712038
vt 0.69311805 0.74507299
vt 0.67822829 0.74507299
f 233/1207 251/1208 249/1209
vt 0.80908767 0.74507299
vt 0.82397743 0.74507299
vt 0.80865684 0.75712038
f 250/1210 252/1211 234/1212
vt 0.69290264 0.75712038
vt 0.70800781 0.75712038
vt 0.70800781 0.74507299
f 235/1213 223/1214 239/1215
vt 0.83886719 0.74507299
vt 0.83886719 0.75712038
vt 0.82376201 0.75712038
f 240/1216 224/1217 236/1218
vt 0.69290264 0.75712038
vt 0.70800781 0.74507299
vt 0.69311805 0.74507299
f 235/1219 239/1220 251/1221
vt 0.82397743 0.74507299
vt 0.83886719 0.74507299
vt 0.82376201 0.75712038
f 252/1222 240/1223 236/1224
vt 0.58886719 0.74507299
vt 0.60376258 0.74507299
vt 0.60376258 0.73782545
f 239/1225 237/1226 253/1227
vt 0.73462196 0.73782545
vt 0.73462196 0.74507299
vt 0.71972656 0.74507299
f 254/1228 238/1229 240/1230
vt 0.58886719 0.74507299
vt 0.60376258 0.73782545
vt 0.58886719 0.73782545
f 239/1231 253/1232 255/1233
vt 0.71972656 0.73782545
vt 0.73462196 0.73782545
vt 0.71972656 0.74507299
f 256/1234 254/1235 240/1236
vt 0.60376258 0.74507299
vt 0.61865798 0.74507299
vt 0.61865798 0.73782545
f 237/1237 241/1238 257/1239
vt 0.74951736 0.73782545
vt 0.74951736 0.74507299
vt 0.73462196 0.74507299
f 258/1240 242/1241 238/1242
vt 0.60376258 0.74507299
vt 0.61865798 0.73782545
vt 0.60376258 0.73782545
f 237/1243 257/1244 253/1245
vt 0.73462196 0.73782545
vt 0.74951736 0.73782545
vt 0.73462196 0.74507299
f 254/1246 258/1247 238/1248
vt 0.61865798 0.74507299
vt 0.63354774 0.74507299
vt 0.63354774 0.73782545
f 241/1249 243/1250 259/1251
vt 0.76440712 0.73782545
vt 0.76440712 0.74507299
vt 0.74951736 0.74507299
f 260/1252 244/1253 242/1254
vt 0.61865798 0.74507299
vt 0.63354774 0.73782545
vt 0.61865798 0.73782545
f 241/1255 259/1256 257/1257
vt 0.74951736 0.73782545
vt 0.76440712 0.73782545
vt 0.74951736 0.74507299
f 258/1258 260/1259 242/1260
vt 0.63354774 0.74507299
vt 0.64843750 0.74507299
vt 0.64843750 0.73782545
f 243/1261 245/1262 261/1263
vt 0.77929688 0.73782545
vt 0.77929688 0.74507299
vt 0.76440712 0.74507299
f 262/1264 246/1265 244/1266
vt 0.63354774 0.74507299
vt 0.64843750 0.73782545
vt 0.63354774 0.73782545
f 243/1267 261/1268 259/1269
vt 0.76440712 0.73782545
vt 0.77929688 0.73782545
vt 0.76440712 0.74507299
f 260/1270 262/1271 244/1272
vt 0.64843750 0.74507299
vt 0.66333290 0.74507299
vt 0.66333290 0.73782545
f 245/1273 247/1274 263/1275
vt 0.79419227 0.73782545
vt 0.79419227 0.74507299
vt 0.77929688 0.74507299
f 264/1276 248/1277 246/1278
vt 0.64843750 0.74507299
vt 0.66333290 0.73782545
vt 0.64843750 0.73782545
f 245/1279 263/1280 261/1281
vt 0.77929688 0.73782545
vt 0.79419227 0.73782545
vt 0.77929688 0.74507299
f 262/1282 264/1283 246/1284
vt 0.66333290 0.74507299
vt 0.67822829 0.74507299
vt 0.67822829 0.73782545
f 247/1285 249/1286 265/1287
vt 0.80908767 0.73782545
vt 0.80908767 0.74507299
vt 0.79419227 0.74507299
f 266/1288 250/1289 248/1290
vt 0.66333290 0.74507299
vt 0.67822829 0.73782545
vt 0.66333290 0.73782545
f 247/1291 265/1292 263/1293
vt 0.79419227 0.73782545
vt 0.80908767 0.73782545
vt 0.79419227 0.74507299
f 264/1294 266/1295 248/1296
vt 0.67822829 0.74507299
vt 0.69311805 0.74507299
vt 0.69311805 0.73782545
f 249/1297 251/1298 267/1299
vt 0.82397743 0.73782545
vt 0.82397743 0.74507299
vt 0.80908767 0.74507299
f 268/1300 252/1301 250/1302
vt 0.67822829 0.74507299
vt 0.69311805 0.73782545
vt 0.67822829 0.73782545
f 249/1303 267/1304 265/1305
vt 0.80908767 0.73782545
vt 0.82397743 0.73782545
vt 0.80908767 0.74507299
f 266/1306 268/1307 250/1308
vt 0.69311805 0.74507299
vt 0.70800781 0.74507299
vt 0.70800781 0.73782545
f 251/1309 239/1310 255/1311
vt 0.83886719 0.73782545
vt 0.83886719 0.74507299
vt 0.82397743 0.74507299
f 256/1312 240/1313 252/1314
vt 0.69311805 0.74507299
vt 0.70800781 0.73782545
vt 0.69311805 0.73782545
f 251/1315 255/1316 267/1317
vt 0.82397743 0.73782545
vt 0.83886719 0.73782545
vt 0.82397743 0.74507299
f 268/1318 256/1319 252/1320
vt 0.58886719 0.73782545
vt 0.60376258 0.73782545
vt 0.60376258 0.72363281
f 255/1321 253/1322 269/1323
vt 0.73462196 0.72363281
vt 0.73462196 0.73782545
vt 0.71972656 0.73782545
f 270/1324 254/1325 256/1326
vt 0.58886719 0.73782545
vt 0.60376258 0.72363281
vt 0.58886719 0.72363281
f 255/1327 269/1328 271/1329
vt 0.71972656 0.72363281
vt 0.73462196 0.72363281
vt 0.71972656 0.73782545
f 272/1330 270/1331 256/1332
vt 0.60376258 0.73782545
vt 0.61865798 0.73782545
vt 0.61865798 0.72363281
f 253/1333 257/1334 273/1335
vt 0.74951736 0.72363281
vt 0.74951736 0.73782545
vt 0.73462196 0.73782545
f 274/1336 258/1337 254/1338
vt 0.60376258 0.73782545
vt 0.61865798 0.72363281
vt 0.60376258 0.72363281
f 253/1339 273/1340 269/1341
vt 0.73462196 0.72363281
vt 0.74951736 0.72363281
vt 0.73462196 0.73782545
f 270/1342 274/1343 254/1344
vt 0.61865798 0.73782545
vt 0.63354774 0.73782545
vt 0.63354774 0.72363281
f 257/1345 259/1346 275/1347
vt 0.76440712 0.72363281
vt 0.76440712 0.73782545
vt 0.74951736 0.73782545
f 276/1348 260/1349 258/1350
vt 0.61865798 0.73782545
vt 0.63354774 0.72363281
vt 0.61865798 0.72363281
f 257/1351 275/1352 273/1353
vt 0.74951736 0.72363281
vt 0.76440712 0.72363281
vt 0.74951736 0.73782545
f 274/1354 276/1355 258/1356
vt 0.63354774 0.73782545
vt 0.64843750 0.73782545
vt 0.64843750 0.72363281
f 259/1357 261/1358 277/1359
vt 0.77929688 0.72363281
vt 0.77929688 0.73782545
vt 0.76440712 0.73782545
f 278/1360 262/1361 260/1362
vt 0.63354774 0.73782545
vt 0.64843750 0.72363281
vt 0.63354774 0.72363281
f 259/1363 277/1364 275/1365
vt 0.76440712 0.72363281
vt 0.77929688 0.72363281
vt 0.76440712 0.73782545
f 276/1366 278/1367 260/1368
vt 0.64843750 0.73782545
vt 0.66333290 0.73782545
vt 0.66333290 0.72363281
f 261/1369 263/1370 279/1371
vt 0.79419227 0.72363281
vt 0.79419227 0.73782545
vt 0.77929688 0.73782545
f 280/1372 264/1373 262/1374
vt 0.64843750 0.73782545
vt 0.66333290 0.72363281
vt 0.64843750 0.72363281
f 261/1375 279/1376 277/1377
vt 0.77929688 0.72363281
vt 0.79419227 0.72363281
vt 0.77929688 0.73782545
f 278/1378 280/1379 262/1380
vt 0.66333290 0.73782545
vt 0.67822829 0.73782545
vt 0.67822829 0.72363281
f 263/1381 265/1382 281/1383
vt 0.80908767 0.72363281
vt 0.80908767 0.73782545
vt 0.79419227 0.73782545
f 282/1384 266/1385 264/1386
vt 0.66333290 0.73782545
vt 0.67822829 0.72363281
vt 0.66333290 0.72363281
f 263/1387 281/1388 279/1389
vt 0.79419227 0.72363281
vt 0.80908767 0.72363281
vt 0.79419227 0.73782545
f 280/1390 282/1391 264/1392
vt 0.67822829 0.73782545
vt 0.69311805 0.73782545
vt 0.69311805 0.72363281
f 265/1393 267/1394 283/1395
vt 0.82397743 0.72363281
vt 0.82397743 0.73782545
vt 0.80908767 0.73782545
f 284/1396 268/1397 266/1398
vt 0.67822829 0.73782545
vt 0.69311805 0.72363281
vt 0.67822829 0.72363281
f 265/1399 283/1400 281/1401
vt 0.80908767 0.72363281
vt 0.82397743 0.72363281
vt 0.80908767 0.73782545
f 282/1402 284/1403 266/1404
vt 0.69311805 0.73782545
vt 0.70800781 0.73782545
vt 0.70800781 0.72363281
f 267/1405 255/1406 271/1407
vt 0.83886719 0.72363281
vt 0.83886719 0.73782545
vt 0.82397743 0.73782545
f 272/1408 256/1409 268/1410
vt 0.69311805 0.73782545
vt 0.70800781 0.72363281
vt 0.69311805 0.72363281
f 267/1411 271/1412 283/1413
vt 0.82397743 0.72363281
vt 0.83886719 0.72363281
vt 0.82397743 0.73782545
f 284/1414 272/1415 268/1416
vt 0.85058594 0.78417969
vt 0.85839844 0.78417969
vt 0.85058594 0.77636719
f 190/1417 189/1418 194/1419
vt 0.85058594 0.78417969
vt 0.85839844 0.78417969
vt 0.85058594 0.77636719
f 190/1420 194/1421 193/1422
vt 0.85058594 0.78417969
vt 0.85839844 0.78417969
vt 0.85058594 0.77636719
f 197/1423 190/1424 193/1425
vt 0.85058594 0.78417969
vt 0.85839844 0.78417969
vt 0.85058594 0.77636719
f 197/1426 193/1427 200/1428
vt 0.85058594 0.78417969
vt 0.85839844 0.78417969
vt 0.85058594 0.77636719
f 201/1429 197/1430 200/1431
vt 0.85058594 0.78417969
vt 0.85839844 0.78417969
vt 0.85058594 0.77636719
f 201/1432 200/1433 204/1434
vt 0.85058594 0.78417969
vt 0.85839844 0.78417969
vt 0.85058594 0.77636719
f 205/1435 201/1436 204/1437
vt 0.85058594 0.78417969
vt 0.85839844 0.78417969
vt 0.85058594 0.77636719
f 205/1438 204/1439 208/1440
vt 0.85058594 0.78417969
vt 0.85839844 0.78417969
vt 0.85058594 0.77636719
f 209/1441 205/1442 208/1443
vt 0.85058594 0.78417969
vt 0.85839844 0.78417969
vt 0.85058594 0.77636719
f 209/1444 208/1445 212/1446
vt 0.85058594 0.78417969
vt 0.85839844 0.78417969
vt 0.85058594 0.77636719
f 213/1447 209/1448 212/1449
vt 0.85058594 0.78417969
vt 0.85839844 0.78417969
vt 0.85058594 0.77636719
f 213/1450 212/1451 216/1452
vt 0.85058594 0.78417969
vt 0.85839844 0.78417969
vt 0.85058594 0.77636719
f 217/1453 213/1454 216/1455
vt 0.85058594 0.78417969
vt 0.85839844 0.78417969
vt 0.85058594 0.77636719
f 217/1456 216/1457 220/1458
vt 0.85058594 0.78417969
vt 0.85839844 0.78417969
vt 0.85058594 0.77636719
f 189/1459 217/1460 220/1461
vt 0.85058594 0.78417969
vt 0.85839844 0.78417969
vt 0.85058594 0.77636719
f 189/1462 220/1463 194/1464
vt 0.85058594 0.78417969
vt 0.85839844 0.78417969
vt 0.85058594 0.77636719
f 271/1465 269/1466 270/1467
vt 0.85058594 0.78417969
vt 0.85839844 0.78417969
vt 0.85058594 0.77636719
f 271/1468 270/1469 272/1470
vt 0.85058594 0.78417969
vt 0.85839844 0.78417969
vt 0.85058594 0.77636719
f 269/1471 273/1472 274/1473
vt 0.85058594 0.78417969
vt 0.85839844 0.78417969
vt 0.85058594 0.77636719
f 269/1474 274/1475 270/1476
vt 0.85058594 0.78417969
vt 0.85839844 0.78417969
vt 0.85058594 0.77636719
f 273/1477 275/1478 276/1479
vt 0.85058594 0.78417969
vt 0.85839844 0.78417969
vt 0.85058594 0.77636719
f 273/1480 276/1481 274/1482
vt 0.85058594 0.78417969
vt 0.85839844 0.78417969
vt 0.85058594 0.77636719
f 275/1483 277/1484 278/1485
vt 0.85058594 0.78417969
vt 0.85839844 0.78417969
vt 0.85058594 0.77636719
f 275/1486 278/1487 276/1488
vt 0.85058594 0.78417969
vt 0.85839844 0.78417969
vt 0.85058594 0.77636719
f 277/1489 279/1490 280/1491
vt 0.85058594 0.78417969
vt 0.85839844 0.78417969
vt 0.85058594 0.77636719
f 277/1492 280/1493 278/1494
vt 0.85058594 0.78417969
vt 0.85839844 0.78417969
vt 0.85058594 0.77636719
f 279/1495 281/1496 282/1497
vt 0.85058594 0.78417969
vt 0.85839844 0.78417969
vt 0.85058594 0.77636719
f 279/1498 282/1499 280/1500
vt 0.85058594 0.78417969
vt 0.85839844 0.78417969
vt 0.85058594 0.77636719
f 281/1501 283/1502 284/1503
vt 0.85058594 0.78417969
vt 0.85839844 0.78417969
vt 0.85058594 0.77636719
f 281/1504 284/1505 282/1506
vt 0.85058594 0.78417969
vt 0.85839844 0.78417969
vt 0.85058594 0.77636719
f 283/1507 271/1508 272/1509
vt 0.85058594 0.78417969
vt 0.85839844 0.78417969
vt 0.85058594 0.77636719
f 283/1510 272/1511 284/1512
vt 0.88425878 0.76855469
vt 0.87011719 0.76855469
vt 0.87011719 0.75334821
f 285/1513 286/1514 287/1515
vt 0.92331583 0.76855469
vt 0.90917423 0.75334821
vt 0.90917423 0.76855469
f 288/1516 289/1517 290/1518
vt 0.90917969 0.75334821
vt 0.90917969 0.76855469
vt 0.90917423 0.76855469
f 287/1519 286/1520 290/1521
vt 0.90917969 0.75334821
vt 0.90917423 0.76855469
vt 0.90917423 0.75334821
f 287/1522 290/1523 289/1524
vt 0.88425878 0.76855469
vt 0.87011719 0.75334821
vt 0.88566795 0.75292969
f 285/1525 287/1526 291/1527
vt 0.92331583 0.76855469
vt 0.92472500 0.75292969
vt 0.90917423 0.75334821
f 288/1528 292/1529 289/1530
vt 0.92473045 0.75292969
vt 0.90917969 0.75334821
vt 0.90917423 0.75334821
f 291/1531 287/1532 289/1533
vt 0.92473045 0.75292969
vt 0.90917423 0.75334821
vt 0.92472500 0.75292969
f 291/1534 289/1535 292/1536
vt 0.88425878 0.76855469
vt 0.88566795 0.75292969
vt 0.89746094 0.75334821
f 285/1537 291/1538 293/1539
vt 0.92331583 0.76855469
vt 0.93651798 0.75334821
vt 0.92472500 0.75292969
f 288/1540 294/1541 292/1542
vt 0.93652344 0.75334821
vt 0.92473045 0.75292969
vt 0.92472500 0.75292969
f 293/1543 291/1544 292/1545
vt 0.93652344 0.75334821
vt 0.92472500 0.75292969
vt 0.93651798 0.75334821
f 293/1546 292/1547 294/1548
vt 0.88425878 0.76855469
vt 0.89746094 0.75334821
vt 0.89746094 0.76855469
f 285/1549 293/1550 295/1551
vt 0.92331583 0.76855469
vt 0.93651798 0.76855469
vt 0.93651798 0.75334821
f 288/1552 296/1553 294/1554
vt 0.93652344 0.76855469
vt 0.93652344 0.75334821
vt 0.93651798 0.75334821
f 295/1555 293/1556 294/1557
vt 0.93652344 0.76855469
vt 0.93651798 0.75334821
vt 0.93651798 0.76855469
f 295/1558 294/1559 296/1560
vt 0.88425878 0.76855469
vt 0.89746094 0.76855469
vt 0.89746094 0.78376116
f 285/1561 295/1562 297/1563
vt 0.92331583 0.76855469
vt 0.93651798 0.78376116
vt 0.93651798 0.76855469
f 288/1564 298/1565 296/1566
vt 0.93652344 0.78376116
vt 0.93652344 0.76855469
vt 0.93651798 0.76855469
f 297/1567 295/1568 296/1569
vt 0.93652344 0.78376116
vt 0.93651798 0.76855469
vt 0.93651798 0.78376116
f 297/1570 296/1571 298/1572
vt 0.88425878 0.76855469
vt 0.89746094 0.78376116
vt 0.88566795 0.78417969
f 285/1573 297/1574 299/1575
vt 0.92331583 0.76855469
vt 0.92472500 0.78417969
vt 0.93651798 0.78376116
f 288/1576 300/1577 298/1578
vt 0.92473045 0.78417969
vt 0.93652344 0.78376116
vt 0.93651798 0.78376116
f 299/1579 297/1580 298/1581
vt 0.92473045 0.78417969
vt 0.93651798 0.78376116
vt 0.92472500 0.78417969
f 299/1582 298/1583 300/1584
vt 0.88425878 0.76855469
vt 0.88566795 0.78417969
vt 0.87011719 0.78376116
f 285/1585 299/1586 301/1587
vt 0.92331583 0.76855469
vt 0.90917423 0.78376116
vt 0.92472500 0.78417969
f 288/1588 302/1589 300/1590
vt 0.90917969 0.78376116
vt 0.92473045 0.78417969
vt 0.92472500 0.78417969
f 301/1591 299/1592 300/1593
vt 0.90917969 0.78376116
vt 0.92472500 0.78417969
vt 0.90917423 0.78376116
f 301/1594 300/1595 302/1596
vt 0.88425878 0.76855469
vt 0.87011719 0.78376116
vt 0.87011719 0.76855469
f 285/1597 301/1598 286/1599
vt 0.92331583 0.76855469
vt 0.90917423 0.76855469
vt 0.90917423 0.78376116
f 288/1600 290/1601 302/1602
vt 0.90917969 0.76855469
vt 0.90917969 0.78376116
vt 0.90917423 0.78376116
f 286/1603 301/1604 302/1605
vt 0.90917969 0.76855469
vt 0.90917423 0.78376116
vt 0.90917423 0.76855469
f 286/1606 302/1607 290/1608
vt 0.94824219 0.78417969
vt 0.96256330 0.78417969
vt 0.96256330 0.77571615
f 303/1609 304/1610 305/1611
vt 0.01725080 0.70345052
vt 0.01725080 0.71191406
vt 0.00292969 0.71191406
f 306/1612 307/1613 308/1614
vt 0.94824219 0.78417969
vt 0.96256330 0.77571615
vt 0.94824219 0.77571615
f 303/1615 305/1616 309/1617
vt 0.00292969 0.70345052
vt 0.01725080 0.70345052
vt 0.00292969 0.71191406
f 310/1618 306/1619 308/1620
vt 0.96256330 0.78417969
vt 0.97688441 0.78417969
vt 0.97688441 0.77571615
f 304/1621 311/1622 312/1623
vt 0.03157191 0.70345052
vt 0.03157191 0.71191406
vt 0.01725080 0.71191406
f 313/1624 314/1625 307/1626
vt 0.96256330 0.78417969
vt 0.97688441 0.77571615
vt 0.96256330 0.77571615
f 304/1627 312/1628 305/1629
vt 0.01725080 0.70345052
vt 0.03157191 0.70345052
vt 0.01725080 0.71191406
f 306/1630 313/1631 307/1632
vt 0.97688441 0.78417969
vt 0.99121094 0.78417969
vt 0.99121094 0.77571615
f 311/1633 315/1634 316/1635
vt 0.04589844 0.70345052
vt 0.04589844 0.71191406
vt 0.03157191 0.71191406
f 317/1636 318/1637 314/1638
vt 0.97688441 0.78417969
vt 0.99121094 0.77571615
vt 0.97688441 0.77571615
f 311/1639 316/1640 312/1641
vt 0.03157191 0.70345052
vt 0.04589844 0.70345052
vt 0.03157191 0.71191406
f 313/1642 317/1643 314/1644
vt 0.94824219 0.77571615
vt 0.96256330 0.77571615
vt 0.96256330 0.77050781
f 309/1645 305/1646 319/1647
vt 0.01725080 0.69824219
vt 0.01725080 0.70345052
vt 0.00292969 0.70345052
f 320/1648 306/1649 310/1650
vt 0.94824219 0.77571615
vt 0.96256330 0.77050781
vt 0.94824219 0.77050781
f 309/1651 319/1652 321/1653
vt 0.00292969 0.69824219
vt 0.01725080 0.69824219
vt 0.00292969 0.70345052
f 322/1654 320/1655 310/1656
vt 0.96256330 0.77571615
vt 0.97688441 0.77571615
vt 0.97688441 0.77050781
f 305/1657 312/1658 323/1659
vt 0.03157191 0.69824219
vt 0.03157191 0.70345052
vt 0.01725080 0.70345052
f 324/1660 313/1661 306/1662
vt 0.96256330 0.77571615
vt 0.97688441 0.77050781
vt 0.96256330 0.77050781
f 305/1663 323/1664 319/1665
vt 0.01725080 0.69824219
vt 0.03157191 0.69824219
vt 0.01725080 0.70345052
f 320/1666 324/1667 306/1668
vt 0.97688441 0.77571615
vt 0.99121094 0.77571615
vt 0.99121094 0.77050781
f 312/1669 316/1670 325/1671
vt 0.04589844 0.69824219
vt 0.04589844 0.70345052
vt 0.03157191 0.70345052
f 326/1672 317/1673 313/1674
vt 0.97688441 0.77571615
vt 0.99121094 0.77050781
vt 0.97688441 0.77050781
f 312/1675 325/1676 323/1677
vt 0.03157191 0.69824219
vt 0.04589844 0.69824219
vt 0.03157191 0.70345052
f 324/1678 326/1679 313/1680
vt 0.05761719 0.71191406
vt 0.06542969 0.71191406
vt 0.05761719 0.70410156
f 304/1681 303/1682 308/1683
vt 0.05761719 0.71191406
vt 0.06542969 0.71191406
vt 0.05761719 0.70410156
f 304/1684 308/1685 307/1686
vt 0.05761719 0.71191406
vt 0.06542969 0.71191406
vt 0.05761719 0.70410156
f 303/1687 309/1688 310/1689
vt 0.05761719 0.71191406
vt 0.06542969 0.71191406
vt 0.05761719 0.70410156
f 303/1690 310/1691 308/1692
vt 0.05761719 0.71191406
vt 0.06542969 0.71191406
vt 0.05761719 0.70410156
f 311/1693 304/1694 307/1695
vt 0.05761719 0.71191406
vt 0.06542969 0.71191406
vt 0.05761719 0.70410156
f 311/1696 307/1697 314/1698
vt 0.05761719 0.71191406
vt 0.06542969 0.71191406
vt 0.05761719 0.70410156
f 315/1699 311/1700 314/1701
vt 0.05761719 0.71191406
vt 0.06542969 0.71191406
vt 0.05761719 0.70410156
f 315/1702 314/1703 318/1704
vt 0.05761719 0.71191406
vt 0.06542969 0.71191406
vt 0.05761719 0.70410156
f 316/1705 315/1706 318/1707
vt 0.05761719 0.71191406
vt 0.06542969 0.71191406
vt 0.05761719 0.70410156
f 316/1708 318/1709 317/1710
vt 0.05761719 0.71191406
vt 0.06542969 0.71191406
vt 0.05761719 0.70410156
f 321/1711 319/1712 320/1713
vt 0.05761719 0.71191406
vt 0.06542969 0.71191406
vt 0.05761719 0.70410156
f 321/1714 320/1715 322/1716
vt 0.05761719 0.71191406
vt 0.06542969 0.71191406
vt 0.05761719 0.70410156
f 309/1717 321/1718 322/1719
vt 0.05761719 0.71191406
vt 0.06542969 0.71191406
vt 0.05761719 0.70410156
f 309/1720 322/1721 310/1722
vt 0.05761719 0.71191406
vt 0.06542969 0.71191406
vt 0.05761719 0.70410156
f 319/1723 323/1724 324/1725
vt 0.05761719 0.71191406
vt 0.06542969 0.71191406
vt 0.05761719 0.70410156
f 319/1726 324/1727 320/1728
vt 0.05761719 0.71191406
vt 0.06542969 0.71191406
vt 0.05761719 0.70410156
f 325/1729 316/1730 317/1731
vt 0.05761719 0.71191406
vt 0.06542969 0.71191406
vt 0.05761719 0.70410156
f 325/1732 317/1733 326/1734
vt 0.05761719 0.71191406
vt 0.06542969 0.71191406
vt 0.05761719 0.70410156
f 323/1735 325/1736 326/1737
vt 0.05761719 0.71191406
vt 0.06542969 0.71191406
vt 0.05761719 0.70410156
f 323/1738 326/1739 324/1740
vt 0.07714844 0.71191406
vt 0.09146955 0.71191406
vt 0.09146955 0.70410156
f 327/1741 328/1742 329/1743
vt 0.14615705 0.70410156
vt 0.14615705 0.71191406
vt 0.13183594 0.71191406
f 330/1744 331/1745 332/1746
vt 0.07714844 0.71191406
vt 0.09146955 0.70410156
vt 0.07714844 0.70410156
f 327/1747 329/1748 333/1749
vt 0.13183594 0.70410156
vt 0.14615705 0.70410156
vt 0.13183594 0.71191406
f 334/1750 330/1751 332/1752
vt 0.09146955 0.71191406
vt 0.10579066 0.71191406
vt 0.10579066 0.70410156
f 328/1753 335/1754 336/1755
vt 0.16047816 0.70410156
vt 0.16047816 0.71191406
vt 0.14615705 0.71191406
f 337/1756 338/1757 331/1758
vt 0.09146955 0.71191406
vt 0.10579066 0.70410156
vt 0.09146955 0.70410156
f 328/1759 336/1760 329/1761
vt 0.14615705 0.70410156
vt 0.16047816 0.70410156
vt 0.14615705 0.71191406
f 330/1762 337/1763 331/1764
vt 0.10579066 0.71191406
vt 0.12011719 0.71191406
vt 0.12011719 0.70410156
f 335/1765 339/1766 340/1767
vt 0.17480469 0.70410156
vt 0.17480469 0.71191406
vt 0.16047816 0.71191406
f 341/1768 342/1769 338/1770
vt 0.10579066 0.71191406
vt 0.12011719 0.70410156
vt 0.10579066 0.70410156
f 335/1771 340/1772 336/1773
vt 0.16047816 0.70410156
vt 0.17480469 0.70410156
vt 0.16047816 0.71191406
f 337/1774 341/1775 338/1776
vt 0.18652344 0.71191406
vt 0.19433594 0.71191406
vt 0.18652344 0.70410156
f 328/1777 327/1778 332/1779
vt 0.18652344 0.71191406
vt 0.19433594 0.71191406
vt 0.18652344 0.70410156
f 328/1780 332/1781 331/1782
vt 0.18652344 0.71191406
vt 0.19433594 0.71191406
vt 0.18652344 0.70410156
f 333/1783 329/1784 330/1785
vt 0.18652344 0.71191406
vt 0.19433594 0.71191406
vt 0.18652344 0.70410156
f 333/1786 330/1787 334/1788
vt 0.18652344 0.71191406
vt 0.19433594 0.71191406
vt 0.18652344 0.70410156
f 327/1789 333/1790 334/1791
vt 0.18652344 0.71191406
vt 0.19433594 0.71191406
vt 0.18652344 0.70410156
f 327/1792 334/1793 332/1794
vt 0.18652344 0.71191406
vt 0.19433594 0.71191406
vt 0.18652344 0.70410156
f 335/1795 328/1796 331/1797
vt 0.18652344 0.71191406
vt 0.19433594 0.71191406
vt 0.18652344 0.70410156
f 335/1798 331/1799 338/1800
vt 0.18652344 0.71191406
vt 0.19433594 0.71191406
vt 0.18652344 0.70410156
f 329/1801 336/1802 337/1803
vt 0.18652344 0.71191406
vt 0.19433594 0.71191406
vt 0.18652344 0.70410156
f 329/1804 337/1805 330/1806
vt 0.18652344 0.71191406
vt 0.19433594 0.71191406
vt 0.18652344 0.70410156
f 339/1807 335/1808 338/1809
vt 0.18652344 0.71191406
vt 0.19433594 0.71191406
vt 0.18652344 0.70410156
f 339/1810 338/1811 342/1812
vt 0.18652344 0.71191406
vt 0.19433594 0.71191406
vt 0.18652344 0.70410156
f 340/1813 339/1814 342/1815
vt 0.18652344 0.71191406
vt 0.19433594 0.71191406
vt 0.18652344 0.70410156
f 340/1816 342/1817 341/1818
vt 0.18652344 0.71191406
vt 0.19433594 0.71191406
vt 0.18652344 0.70410156
f 336/1819 340/1820 341/1821
vt 0.18652344 0.71191406
vt 0.19433594 0.71191406
vt 0.18652344 0.70410156
f 336/1822 341/1823 337/1824
vt 0.20605469 0.71191406
vt 0.21948496 0.71191406
vt 0.21948496 0.70410156
f 343/1825 344/1826 345/1827
vt 0.33862559 0.70410156
vt 0.33862559 0.71191406
vt 0.32519531 0.71191406
f 346/1828 347/1829 348/1830
vt 0.20605469 0.71191406
vt 0.21948496 0.70410156
vt 0.20605469 0.70410156
f 343/1831 345/1832 349/1833
vt 0.32519531 0.70410156
vt 0.33862559 0.70410156
vt 0.32519531 0.71191406
f 350/1834 346/1835 348/1836
vt 0.21948496 0.71191406
vt 0.23291524 0.71191406
vt 0.23291524 0.70410156
f 344/1837 351/1838 352/1839
vt 0.35205587 0.70410156
vt 0.35205587 0.71191406
vt 0.33862559 0.71191406
f 353/1840 354/1841 347/1842
vt 0.21948496 0.71191406
vt 0.23291524 0.70410156
vt 0.21948496 0.70410156
f 344/1843 352/1844 345/1845
vt 0.33862559 0.70410156
vt 0.35205587 0.70410156
vt 0.33862559 0.71191406
f 346/1846 353/1847 347/1848
vt 0.23291524 0.71191406
vt 0.24634043 0.71191406
vt 0.24634043 0.70410156
f 351/1849 355/1850 356/1851
vt 0.36548106 0.70410156
vt 0.36548106 0.71191406
vt 0.35205587 0.71191406
f 357/1852 358/1853 354/1854
vt 0.23291524 0.71191406
vt 0.24634043 0.70410156
vt 0.23291524 0.70410156
f 351/1855 356/1856 352/1857
vt 0.35205587 0.70410156
vt 0.36548106 0.70410156
vt 0.35205587 0.71191406
f 353/1858 357/1859 354/1860
vt 0.24634043 0.71191406
vt 0.25976562 0.71191406
vt 0.25976562 0.70410156
f 355/1861 359/1862 360/1863
vt 0.37890625 0.70410156
vt 0.37890625 0.71191406
vt 0.36548106 0.71191406
f 361/1864 362/1865 358/1866
vt 0.24634043 0.71191406
vt 0.25976562 0.70410156
vt 0.24634043 0.70410156
f 355/1867 360/1868 356/1869
vt 0.36548106 0.70410156
vt 0.37890625 0.70410156
vt 0.36548106 0.71191406
f 357/1870 361/1871 358/1872
vt 0.25976562 0.71191406
vt 0.27319590 0.71191406
vt 0.27319590 0.70410156
f 359/1873 363/1874 364/1875
vt 0.39233653 0.70410156
vt 0.39233653 0.71191406
vt 0.37890625 0.71191406
f 365/1876 366/1877 362/1878
vt 0.25976562 0.71191406
vt 0.27319590 0.70410156
vt 0.25976562 0.70410156
f 359/1879 364/1880 360/1881
vt 0.37890625 0.70410156
vt 0.39233653 0.70410156
vt 0.37890625 0.71191406
f 361/1882 365/1883 362/1884
vt 0.27319590 0.71191406
vt 0.28662618 0.71191406
vt 0.28662618 0.70410156
f 363/1885 367/1886 368/1887
vt 0.40576680 0.70410156
vt 0.40576680 0.71191406
vt 0.39233653 0.71191406
f 369/1888 370/1889 366/1890
vt 0.27319590 0.71191406
vt 0.28662618 0.70410156
vt 0.27319590 0.70410156
f 363/1891 368/1892 364/1893
vt 0.39233653 0.70410156
vt 0.40576680 0.70410156
vt 0.39233653 0.71191406
f 365/1894 369/1895 366/1896
vt 0.28662618 0.71191406
vt 0.30005137 0.71191406
vt 0.30005137 0.70410156
f 367/1897 371/1898 372/1899
vt 0.41919200 0.70410156
vt 0.41919200 0.71191406
vt 0.40576680 0.71191406
f 373/1900 374/1901 370/1902
vt 0.28662618 0.71191406
vt 0.30005137 0.70410156
vt 0.28662618 0.70410156
f 367/1903 372/1904 368/1905
vt 0.40576680 0.70410156
vt 0.41919200 0.70410156
vt 0.40576680 0.71191406
f 369/1906 373/1907 370/1908
vt 0.30005137 0.71191406
vt 0.31347656 0.71191406
vt 0.31347656 0.70410156
f 371/1909 343/1910 349/1911
vt 0.43261719 0.70410156
vt 0.43261719 0.71191406
vt 0.41919200 0.71191406
f 350/1912 348/1913 374/1914
vt 0.30005137 0.71191406
vt 0.31347656 0.70410156
vt 0.30005137 0.70410156
f 371/1915 349/1916 372/1917
vt 0.41919200 0.70410156
vt 0.43261719 0.70410156
vt 0.41919200 0.71191406
f 373/1918 350/1919 374/1920
vt 0.44433594 0.71191406
vt 0.45214844 0.71191406
vt 0.44433594 0.70410156
f 344/1921 343/1922 348/1923
vt 0.44433594 0.71191406
vt 0.45214844 0.71191406
vt 0.44433594 0.70410156
f 344/1924 348/1925 347/1926
vt 0.44433594 0.71191406
vt 0.45214844 0.71191406
vt 0.44433594 0.70410156
f 349/1927 345/1928 346/1929
vt 0.44433594 0.71191406
vt 0.45214844 0.71191406
vt 0.44433594 0.70410156
f 349/1930 346/1931 350/1932
vt 0.44433594 0.71191406
vt 0.45214844 0.71191406
vt 0.44433594 0.70410156
f 351/1933 344/1934 347/1935
vt 0.44433594 0.71191406
vt 0.45214844 0.71191406
vt 0.44433594 0.70410156
f 351/1936 347/1937 354/1938
vt 0.44433594 0.71191406
vt 0.45214844 0.71191406
vt 0.44433594 0.70410156
f 345/1939 352/1940 353/1941
vt 0.44433594 0.71191406
vt 0.45214844 0.71191406
vt 0.44433594 0.70410156
f 345/1942 353/1943 346/1944
vt 0.44433594 0.71191406
vt 0.45214844 0.71191406
vt 0.44433594 0.70410156
f 355/1945 351/1946 354/1947
vt 0.44433594 0.71191406
vt 0.45214844 0.71191406
vt 0.44433594 0.70410156
f 355/1948 354/1949 358/1950
vt 0.44433594 0.71191406
vt 0.45214844 0.71191406
vt 0.44433594 0.70410156
f 352/1951 356/1952 357/1953
vt 0.44433594 0.71191406
vt 0.45214844 0.71191406
vt 0.44433594 0.70410156
f 352/1954 357/1955 353/1956
vt 0.44433594 0.71191406
vt 0.45214844 0.71191406
vt 0.44433594 0.70410156
f 359/1957 355/1958 358/1959
vt 0.44433594 0.71191406
vt 0.45214844 0.71191406
vt 0.44433594 0.70410156
f 359/1960 358/1961 362/1962
vt 0.44433594 0.71191406
vt 0.45214844 0.71191406
vt 0.44433594 0.70410156
f 356/1963 360/1964 361/1965
vt 0.44433594 0.71191406
vt 0.45214844 0.71191406
vt 0.44433594 0.70410156
f 356/1966 361/1967 357/1968
vt 0.44433594 0.71191406
vt 0.45214844 0.71191406
vt 0.44433594 0.70410156
f 363/1969 359/1970 362/1971
vt 0.44433594 0.71191406
vt 0.45214844 0.71191406
vt 0.44433594 0.70410156
f 363/1972 362/1973 366/1974
vt 0.44433594 0.71191406
vt 0.45214844 0.71191406
vt 0.44433594 0.70410156
f 360/1975 364/1976 365/1977
vt 0.44433594 0.71191406
vt 0.45214844 0.71191406
vt 0.44433594 0.70410156
f 360/1978 365/1979 361/1980
vt 0.44433594 0.71191406
vt 0.45214844 0.71191406
vt 0.44433594 0.70410156
f 367/1981 363/1982 366/1983
vt 0.44433594 0.71191406
vt 0.45214844 0.71191406
vt 0.44433594 0.70410156
f 367/1984 366/1985 370/1986
vt 0.44433594 0.71191406
vt 0.45214844 0.71191406
vt 0.44433594 0.70410156
f 364/1987 368/1988 369/1989
vt 0.44433594 0.71191406
vt 0.45214844 0.71191406
vt 0.44433594 0.70410156
f 364/1990 369/1991 365/1992
vt 0.44433594 0.71191406
vt 0.45214844 0.71191406
vt 0.44433594 0.70410156
f 371/1993 367/1994 370/1995
vt 0.44433594 0.71191406
vt 0.45214844 0.71191406
vt 0.44433594 0.70410156
f 371/1996 370/1997 374/1998
vt 0.44433594 0.71191406
vt 0.45214844 0.71191406
vt 0.44433594 0.70410156
f 368/1999 372/2000 373/2001
vt 0.44433594 0.71191406
vt 0.45214844 0.71191406
vt 0.44433594 0.70410156
f 368/2002 373/2003 369/2004
vt 0.44433594 0.71191406
vt 0.45214844 0.71191406
vt 0.44433594 0.70410156
f 343/2005 371/2006 374/2007
vt 0.44433594 0.71191406
vt 0.45214844 0.71191406
vt 0.44433594 0.70410156
f 343/2008 374/2009 348/2010
vt 0.44433594 0.71191406
vt 0.45214844 0.71191406
vt 0.44433594 0.70410156
f 372/2011 349/2012 350/2013
vt 0.44433594 0.71191406
vt 0.45214844 0.71191406
vt 0.44433594 0.70410156
f 372/2014 350/2015 373/2016
vt 0.46386719 0.71191406
vt 0.47665252 0.71191406
vt 0.47600253 0.69928857
f 375/2017 376/2018 377/2019
vt 0.60686190 0.69928857
vt 0.60751189 0.71191406
vt 0.59472656 0.71191406
f 378/2020 379/2021 380/2022
vt 0.46386719 0.71191406
vt 0.47600253 0.69928857
vt 0.46386719 0.69928857
f 375/2023 377/2024 381/2025
vt 0.59472656 0.69928857
vt 0.60686190 0.69928857
vt 0.59472656 0.71191406
f 382/2026 378/2027 380/2028
vt 0.47665252 0.71191406
vt 0.49233409 0.71191406
vt 0.49181817 0.69928857
f 376/2029 383/2030 384/2031
vt 0.62267755 0.69928857
vt 0.62319346 0.71191406
vt 0.60751189 0.71191406
f 385/2032 386/2033 379/2034
vt 0.47665252 0.71191406
vt 0.49181817 0.69928857
vt 0.47600253 0.69928857
f 376/2035 384/2036 377/2037
vt 0.60686190 0.69928857
vt 0.62267755 0.69928857
vt 0.60751189 0.71191406
f 378/2038 385/2039 379/2040
vt 0.49233409 0.71191406
vt 0.50788579 0.71191406
vt 0.50762784 0.69928857
f 383/2041 387/2042 388/2043
vt 0.63848721 0.69928857
vt 0.63874517 0.71191406
vt 0.62319346 0.71191406
f 389/2044 390/2045 386/2046
vt 0.49233409 0.71191406
vt 0.50762784 0.69928857
vt 0.49181817 0.69928857
f 383/2047 388/2048 384/2049
vt 0.62267755 0.69928857
vt 0.63848721 0.69928857
vt 0.62319346 0.71191406
f 385/2050 389/2051 386/2052
vt 0.50788579 0.71191406
vt 0.52343750 0.71191406
vt 0.52343750 0.69928857
f 387/2053 391/2054 392/2055
vt 0.65429688 0.69928857
vt 0.65429688 0.71191406
vt 0.63874517 0.71191406
f 393/2056 394/2057 390/2058
vt 0.50788579 0.71191406
vt 0.52343750 0.69928857
vt 0.50762784 0.69928857
f 387/2059 392/2060 388/2061
vt 0.63848721 0.69928857
vt 0.65429688 0.69928857
vt 0.63874517 0.71191406
f 389/2062 393/2063 390/2064
vt 0.52343750 0.71191406
vt 0.53911907 0.71191406
vt 0.53925315 0.69928857
f 391/2065 395/2066 396/2067
vt 0.67011252 0.69928857
vt 0.66997844 0.71191406
vt 0.65429688 0.71191406
f 397/2068 398/2069 394/2070
vt 0.52343750 0.71191406
vt 0.53925315 0.69928857
vt 0.52343750 0.69928857
f 391/2071 396/2072 392/2073
vt 0.65429688 0.69928857
vt 0.67011252 0.69928857
vt 0.65429688 0.71191406
f 393/2074 397/2075 394/2076
vt 0.53911907 0.71191406
vt 0.55190440 0.71191406
vt 0.55138849 0.69928857
f 395/2077 399/2078 400/2079
vt 0.68224786 0.69928857
vt 0.68276377 0.71191406
vt 0.66997844 0.71191406
f 401/2080 402/2081 398/2082
vt 0.53911907 0.71191406
vt 0.55138849 0.69928857
vt 0.53925315 0.69928857
f 395/2083 400/2084 396/2085
vt 0.67011252 0.69928857
vt 0.68224786 0.69928857
vt 0.66997844 0.71191406
f 397/2086 401/2087 398/2088
vt 0.55190440 0.71191406
vt 0.56745611 0.71191406
vt 0.56719815 0.69928857
f 399/2089 403/2090 404/2091
vt 0.69805752 0.69928857
vt 0.69831548 0.71191406
vt 0.68276377 0.71191406
f 405/2092 406/2093 402/2094
vt 0.55190440 0.71191406
vt 0.56719815 0.69928857
vt 0.55138849 0.69928857
f 399/2095 404/2096 400/2097
vt 0.68224786 0.69928857
vt 0.69805752 0.69928857
vt 0.68276377 0.71191406
f 401/2098 405/2099 402/2100
vt 0.56745611 0.71191406
vt 0.58300781 0.71191406
vt 0.58300781 0.69928857
f 403/2101 375/2102 381/2103
vt 0.71386719 0.69928857
vt 0.71386719 0.71191406
vt 0.69831548 0.71191406
f 382/2104 380/2105 406/2106
vt 0.56745611 0.71191406
vt 0.58300781 0.69928857
vt 0.56719815 0.69928857
f 403/2107 381/2108 404/2109
vt 0.69805752 0.69928857
vt 0.71386719 0.69928857
vt 0.69831548 0.71191406
f 405/2110 382/2111 406/2112
vt 0.46386719 0.69928857
vt 0.47600253 0.69928857
vt 0.47811625 0.68490237
f 381/2113 377/2114 407/2115
vt 0.60897563 0.68490237
vt 0.60686190 0.69928857
vt 0.59472656 0.69928857
f 408/2116 378/2117 382/2118
vt 0.46386719 0.69928857
vt 0.47811625 0.68490237
vt 0.46386719 0.68490237
f 381/2119 407/2120 409/2121
vt 0.59472656 0.68490237
vt 0.60897563 0.68490237
vt 0.59472656 0.69928857
f 410/2122 408/2123 382/2124
vt 0.47600253 0.69928857
vt 0.49181817 0.69928857
vt 0.49322715 0.68490237
f 377/2125 384/2126 411/2127
vt 0.62408653 0.68490237
vt 0.62267755 0.69928857
vt 0.60686190 0.69928857
f 412/2128 385/2129 378/2130
vt 0.47600253 0.69928857
vt 0.49322715 0.68490237
vt 0.47811625 0.68490237
f 377/2131 411/2132 407/2133
vt 0.60897563 0.68490237
vt 0.62408653 0.68490237
vt 0.60686190 0.69928857
f 408/2134 412/2135 378/2136
vt 0.49181817 0.69928857
vt 0.50762784 0.69928857
vt 0.50833233 0.68490237
f 384/2137 388/2138 413/2139
vt 0.63919170 0.68490237
vt 0.63848721 0.69928857
vt 0.62267755 0.69928857
f 414/2140 389/2141 385/2142
vt 0.49181817 0.69928857
vt 0.50833233 0.68490237
vt 0.49322715 0.68490237
f 384/2143 413/2144 411/2145
vt 0.62408653 0.68490237
vt 0.63919170 0.68490237
vt 0.62267755 0.69928857
f 412/2146 414/2147 385/2148
vt 0.50762784 0.69928857
vt 0.52343750 0.69928857
vt 0.52343750 0.68490237
f 388/2149 392/2150 415/2151
vt 0.65429688 0.68490237
vt 0.65429688 0.69928857
vt 0.63848721 0.69928857
f 416/2152 393/2153 389/2154
vt 0.50762784 0.69928857
vt 0.52343750 0.68490237
vt 0.50833233 0.68490237
f 388/2155 415/2156 413/2157
vt 0.63919170 0.68490237
vt 0.65429688 0.68490237
vt 0.63848721 0.69928857
f 414/2158 416/2159 389/2160
vt 0.52343750 0.69928857
vt 0.53925315 0.69928857
vt 0.53854840 0.68490237
f 392/2161 396/2162 417/2163
vt 0.66940777 0.68490237
vt 0.67011252 0.69928857
vt 0.65429688 0.69928857
f 418/2164 397/2165 393/2166
vt 0.52343750 0.69928857
vt 0.53854840 0.68490237
vt 0.52343750 0.68490237
f 392/2167 417/2168 415/2169
vt 0.65429688 0.68490237
vt 0.66940777 0.68490237
vt 0.65429688 0.69928857
f 416/2170 418/2171 393/2172
vt 0.53925315 0.69928857
vt 0.55138849 0.69928857
vt 0.55279746 0.68490237
f 396/2173 400/2174 419/2175
vt 0.68365684 0.68490237
vt 0.68224786 0.69928857
vt 0.67011252 0.69928857
f 420/2176 401/2177 397/2178
vt 0.53925315 0.69928857
vt 0.55279746 0.68490237
vt 0.53854840 0.68490237
f 396/2179 419/2180 417/2181
vt 0.66940777 0.68490237
vt 0.68365684 0.68490237
vt 0.67011252 0.69928857
f 418/2182 420/2183 397/2184
vt 0.55138849 0.69928857
vt 0.56719815 0.69928857
vt 0.56790264 0.68490237
f 400/2185 404/2186 421/2187
vt 0.69876201 0.68490237
vt 0.69805752 0.69928857
vt 0.68224786 0.69928857
f 422/2188 405/2189 401/2190
vt 0.55138849 0.69928857
vt 0.56790264 0.68490237
vt 0.55279746 0.68490237
f 400/2191 421/2192 419/2193
vt 0.68365684 0.68490237
vt 0.69876201 0.68490237
vt 0.68224786 0.69928857
f 420/2194 422/2195 401/2196
vt 0.56719815 0.69928857
vt 0.58300781 0.69928857
vt 0.58300781 0.68490237
f 404/2197 381/2198 409/2199
vt 0.71386719 0.68490237
vt 0.71386719 0.69928857
vt 0.69805752 0.69928857
f 410/2200 382/2201 405/2202
vt 0.56719815 0.69928857
vt 0.58300781 0.68490237
vt 0.56790264 0.68490237
f 404/2203 409/2204 421/2205
vt 0.69876201 0.68490237
vt 0.71386719 0.68490237
vt 0.69805752 0.69928857
f 422/2206 410/2207 405/2208
vt 0.46386719 0.68490237
vt 0.47811625 0.68490237
vt 0.47876258 0.67284916
f 409/2209 407/2210 423/2211
vt 0.60962196 0.67284916
vt 0.60897563 0.68490237
vt 0.59472656 0.68490237
f 424/2212 408/2213 410/2214
vt 0.46386719 0.68490237
vt 0.47876258 0.67284916
vt 0.46386719 0.67284916
f 409/2215 423/2216 425/2217
vt 0.59472656 0.67284916
vt 0.60962196 0.67284916
vt 0.59472656 0.68490237
f 426/2218 424/2219 410/2220
vt 0.47811625 0.68490237
vt 0.49322715 0.68490237
vt 0.49365798 0.67284916
f 407/2221 411/2222 427/2223
vt 0.62451736 0.67284916
vt 0.62408653 0.68490237
vt 0.60897563 0.68490237
f 428/2224 412/2225 408/2226
vt 0.47811625 0.68490237
vt 0.49365798 0.67284916
vt 0.47876258 0.67284916
f 407/2227 427/2228 423/2229
vt 0.60962196 0.67284916
vt 0.62451736 0.67284916
vt 0.60897563 0.68490237
f 424/2230 428/2231 408/2232
vt 0.49322715 0.68490237
vt 0.50833233 0.68490237
vt 0.50854774 0.67284916
f 411/2233 413/2234 429/2235
vt 0.63940712 0.67284916
vt 0.63919170 0.68490237
vt 0.62408653 0.68490237
f 430/2236 414/2237 412/2238
vt 0.49322715 0.68490237
vt 0.50854774 0.67284916
vt 0.49365798 0.67284916
f 411/2239 429/2240 427/2241
vt 0.62451736 0.67284916
vt 0.63940712 0.67284916
vt 0.62408653 0.68490237
f 428/2242 430/2243 412/2244
vt 0.50833233 0.68490237
vt 0.52343750 0.68490237
vt 0.52343750 0.67284916
f 413/2245 415/2246 431/2247
vt 0.65429688 0.67284916
vt 0.65429688 0.68490237
vt 0.63919170 0.68490237
f 432/2248 416/2249 414/2250
vt 0.50833233 0.68490237
vt 0.52343750 0.67284916
vt 0.50854774 0.67284916
f 413/2251 431/2252 429/2253
vt 0.63940712 0.67284916
vt 0.65429688 0.67284916
vt 0.63919170 0.68490237
f 430/2254 432/2255 414/2256
vt 0.52343750 0.68490237
vt 0.53854840 0.68490237
vt 0.53833290 0.67284916
f 415/2257 417/2258 433/2259
vt 0.66919227 0.67284916
vt 0.66940777 0.68490237
vt 0.65429688 0.68490237
f 434/2260 418/2261 416/2262
vt 0.52343750 0.68490237
vt 0.53833290 0.67284916
vt 0.52343750 0.67284916
f 415/2263 433/2264 431/2265
vt 0.65429688 0.67284916
vt 0.66919227 0.67284916
vt 0.65429688 0.68490237
f 432/2266 434/2267 416/2268
vt 0.53854840 0.68490237
vt 0.55279746 0.68490237
vt 0.55322829 0.67284916
f 417/2269 419/2270 435/2271
vt 0.68408767 0.67284916
vt 0.68365684 0.68490237
vt 0.66940777 0.68490237
f 436/2272 420/2273 418/2274
vt 0.53854840 0.68490237
vt 0.55322829 0.67284916
vt 0.53833290 0.67284916
f 417/2275 435/2276 433/2277
vt 0.66919227 0.67284916
vt 0.68408767 0.67284916
vt 0.66940777 0.68490237
f 434/2278 436/2279 418/2280
vt 0.55279746 0.68490237
vt 0.56790264 0.68490237
vt 0.56811805 0.67284916
f 419/2281 421/2282 437/2283
vt 0.69897743 0.67284916
vt 0.69876201 0.68490237
vt 0.68365684 0.68490237
f 438/2284 422/2285 420/2286
vt 0.55279746 0.68490237
vt 0.56811805 0.67284916
vt 0.55322829 0.67284916
f 419/2287 437/2288 435/2289
vt 0.68408767 0.67284916
vt 0.69897743 0.67284916
vt 0.68365684 0.68490237
f 436/2290 438/2291 420/2292
vt 0.56790264 0.68490237
vt 0.58300781 0.68490237
vt 0.58300781 0.67284916
f 421/2293 409/2294 425/2295
vt 0.71386719 0.67284916
vt 0.71386719 0.68490237
vt 0.69876201 0.68490237
f 426/2296 410/2297 422/2298
vt 0.56790264 0.68490237
vt 0.58300781 0.67284916
vt 0.56811805 0.67284916
f 421/2299 425/2300 437/2301
vt 0.69897743 0.67284916
vt 0.71386719 0.67284916
vt 0.69876201 0.68490237
f 438/2302 426/2303 422/2304
vt 0.46386719 0.67284916
vt 0.47876258 0.67284916
vt 0.47876258 0.66558749
f 425/2305 423/2306 439/2307
vt 0.60962196 0.66558749
vt 0.60962196 0.67284916
vt 0.59472656 0.67284916
f 440/2308 424/2309 426/2310
vt 0.46386719 0.67284916
vt 0.47876258 0.66558749
vt 0.46386719 0.66558749
f 425/2311 439/2312 441/2313
vt 0.59472656 0.66558749
vt 0.60962196 0.66558749
vt 0.59472656 0.67284916
f 442/2314 440/2315 426/2316
vt 0.47876258 0.67284916
vt 0.49365798 0.67284916
vt 0.49365798 0.66558749
f 423/2317 427/2318 443/2319
vt 0.62451736 0.66558749
vt 0.62451736 0.67284916
vt 0.60962196 0.67284916
f 444/2320 428/2321 424/2322
vt 0.47876258 0.67284916
vt 0.49365798 0.66558749
vt 0.47876258 0.66558749
f 423/2323 443/2324 439/2325
vt 0.60962196 0.66558749
vt 0.62451736 0.66558749
vt 0.60962196 0.67284916
f 440/2326 444/2327 424/2328
vt 0.49365798 0.67284916
vt 0.50854774 0.67284916
vt 0.50854774 0.66558749
f 427/2329 429/2330 445/2331
vt 0.63940712 0.66558749
vt 0.63940712 0.67284916
vt 0.62451736 0.67284916
f 446/2332 430/2333 428/2334
vt 0.49365798 0.67284916
vt 0.50854774 0.66558749
vt 0.49365798 0.66558749
f 427/2335 445/2336 443/2337
vt 0.62451736 0.66558749
vt 0.63940712 0.66558749
vt 0.62451736 0.67284916
f 444/2338 446/2339 428/2340
vt 0.50854774 0.67284916
vt 0.52343750 0.67284916
vt 0.52343750 0.66558749
f 429/2341 431/2342 447/2343
vt 0.65429688 0.66558749
vt 0.65429688 0.67284916
vt 0.63940712 0.67284916
f 448/2344 432/2345 430/2346
vt 0.50854774 0.67284916
vt 0.52343750 0.66558749
vt 0.50854774 0.66558749
f 429/2347 447/2348 445/2349
vt 0.63940712 0.66558749
vt 0.65429688 0.66558749
vt 0.63940712 0.67284916
f 446/2350 448/2351 430/2352
vt 0.52343750 0.67284916
vt 0.53833290 0.67284916
vt 0.53833290 0.66558749
f 431/2353 433/2354 449/2355
vt 0.66919227 0.66558749
vt 0.66919227 0.67284916
vt 0.65429688 0.67284916
f 450/2356 434/2357 432/2358
vt 0.52343750 0.67284916
vt 0.53833290 0.66558749
vt 0.52343750 0.66558749
f 431/2359 449/2360 447/2361
vt 0.65429688 0.66558749
vt 0.66919227 0.66558749
vt 0.65429688 0.67284916
f 448/2362 450/2363 432/2364
vt 0.53833290 0.67284916
vt 0.55322829 0.67284916
vt 0.55322829 0.66558749
f 433/2365 435/2366 451/2367
vt 0.68408767 0.66558749
vt 0.68408767 0.67284916
vt 0.66919227 0.67284916
f 452/2368 436/2369 434/2370
vt 0.53833290 0.67284916
vt 0.55322829 0.66558749
vt 0.53833290 0.66558749
f 433/2371 451/2372 449/2373
vt 0.66919227 0.66558749
vt 0.68408767 0.66558749
vt 0.66919227 0.67284916
f 450/2374 452/2375 434/2376
vt 0.55322829 0.67284916
vt 0.56811805 0.67284916
vt 0.56811805 0.66558749
f 435/2377 437/2378 453/2379
vt 0.69897743 0.66558749
vt 0.69897743 0.67284916
vt 0.68408767 0.67284916
f 454/2380 438/2381 436/2382
vt 0.55322829 0.67284916
vt 0.56811805 0.66558749
vt 0.55322829 0.66558749
f 435/2383 453/2384 451/2385
vt 0.68408767 0.66558749
vt 0.69897743 0.66558749
vt 0.68408767 0.67284916
f 452/2386 454/2387 436/2388
vt 0.56811805 0.67284916
vt 0.58300781 0.67284916
vt 0.58300781 0.66558749
f 437/2389 425/2390 441/2391
vt 0.71386719 0.66558749
vt 0.71386719 0.67284916
vt 0.69897743 0.67284916
f 442/2392 426/2393 438/2394
vt 0.56811805 0.67284916
vt 0.58300781 0.66558749
vt 0.56811805 0.66558749
f 437/2395 441/2396 453/2397
vt 0.69897743 0.66558749
vt 0.71386719 0.66558749
vt 0.69897743 0.67284916
f 454/2398 442/2399 438/2400
vt 0.46386719 0.66558749
vt 0.47876258 0.66558749
vt 0.47876258 0.65136719
f 441/2401 439/2402 455/2403
vt 0.60962196 0.65136719
vt 0.60962196 0.66558749
vt 0.59472656 0.66558749
f 456/2404 440/2405 442/2406
vt 0.46386719 0.66558749
vt 0.47876258 0.65136719
vt 0.46386719 0.65136719
f 441/2407 455/2408 457/2409
vt 0.59472656 0.65136719
vt 0.60962196 0.65136719
vt 0.59472656 0.66558749
f 458/2410 456/2411 442/2412
vt 0.47876258 0.66558749
vt 0.49365798 0.66558749
vt 0.49365798 0.65136719
f 439/2413 443/2414 459/2415
vt 0.62451736 0.65136719
vt 0.62451736 0.66558749
vt 0.60962196 0.66558749
f 460/2416 444/2417 440/2418
vt 0.47876258 0.66558749
vt 0.49365798 0.65136719
vt 0.47876258 0.65136719
f 439/2419 459/2420 455/2421
vt 0.60962196 0.65136719
vt 0.62451736 0.65136719
vt 0.60962196 0.66558749
f 456/2422 460/2423 440/2424
vt 0.49365798 0.66558749
vt 0.50854774 0.66558749
vt 0.50854774 0.65136719
f 443/2425 445/2426 461/2427
vt 0.63940712 0.65136719
vt 0.63940712 0.66558749
vt 0.62451736 0.66558749
f 462/2428 446/2429 444/2430
vt 0.49365798 0.66558749
vt 0.50854774 0.65136719
vt 0.49365798 0.65136719
f 443/2431 461/2432 459/2433
vt 0.62451736 0.65136719
vt 0.63940712 0.65136719
vt 0.62451736 0.66558749
f 460/2434 462/2435 444/2436
vt 0.50854774 0.66558749
vt 0.52343750 0.66558749
vt 0.52343750 0.65136719
f 445/2437 447/2438 463/2439
vt 0.65429688 0.65136719
vt 0.65429688 0.66558749
vt 0.63940712 0.66558749
f 464/2440 448/2441 446/2442
vt 0.50854774 0.66558749
vt 0.52343750 0.65136719
vt 0.50854774 0.65136719
f 445/2443 463/2444 461/2445
vt 0.63940712 0.65136719
vt 0.65429688 0.65136719
vt 0.63940712 0.66558749
f 462/2446 464/2447 446/2448
vt 0.52343750 0.66558749
vt 0.53833290 0.66558749
vt 0.53833290 0.65136719
f 447/2449 449/2450 465/2451
vt 0.66919227 0.65136719
vt 0.66919227 0.66558749
vt 0.65429688 0.66558749
f 466/2452 450/2453 448/2454
vt 0.52343750 0.66558749
vt 0.53833290 0.65136719
vt 0.52343750 0.65136719
f 447/2455 465/2456 463/2457
vt 0.65429688 0.65136719
vt 0.66919227 0.65136719
vt 0.65429688 0.66558749
f 464/2458 466/2459 448/2460
vt 0.53833290 0.66558749
vt 0.55322829 0.66558749
vt 0.55322829 0.65136719
f 449/2461 451/2462 467/2463
vt 0.68408767 0.65136719
vt 0.68408767 0.66558749
vt 0.66919227 0.66558749
f 468/2464 452/2465 450/2466
vt 0.53833290 0.66558749
vt 0.55322829 0.65136719
vt 0.53833290 0.65136719
f 449/2467 467/2468 465/2469
vt 0.66919227 0.65136719
vt 0.68408767 0.65136719
vt 0.66919227 0.66558749
f 466/2470 468/2471 450/2472
vt 0.55322829 0.66558749
vt 0.56811805 0.66558749
vt 0.56811805 0.65136719
f 451/2473 453/2474 469/2475
vt 0.69897743 0.65136719
vt 0.69897743 0.66558749
vt 0.68408767 0.66558749
f 470/2476 454/2477 452/2478
vt 0.55322829 0.66558749
vt 0.56811805 0.65136719
vt 0.55322829 0.65136719
f 451/2479 469/2480 467/2481
vt 0.68408767 0.65136719
vt 0.69897743 0.65136719
vt 0.68408767 0.66558749
f 468/2482 470/2483 452/2484
vt 0.56811805 0.66558749
vt 0.58300781 0.66558749
vt 0.58300781 0.65136719
f 453/2485 441/2486 457/2487
vt 0.71386719 0.65136719
vt 0.71386719 0.66558749
vt 0.69897743 0.66558749
f 458/2488 442/2489 454/2490
vt 0.56811805 0.66558749
vt 0.58300781 0.65136719
vt 0.56811805 0.65136719
f 453/2491 457/2492 469/2493
vt 0.69897743 0.65136719
vt 0.71386719 0.65136719
vt 0.69897743 0.66558749
f 470/2494 458/2495 454/2496
vt 0.72558594 0.71191406
vt 0.73339844 0.71191406
vt 0.72558594 0.70410156
f 376/2497 375/2498 380/2499
vt 0.72558594 0.71191406
vt 0.73339844 0.71191406
vt 0.72558594 0.70410156
f 376/2500 380/2501 379/2502
vt 0.72558594 0.71191406
vt 0.73339844 0.71191406
vt 0.72558594 0.70410156
f 383/2503 376/2504 379/2505
vt 0.72558594 0.71191406
vt 0.73339844 0.71191406
vt 0.72558594 0.70410156
f 383/2506 379/2507 386/2508
vt 0.72558594 0.71191406
vt 0.73339844 0.71191406
vt 0.72558594 0.70410156
f 387/2509 383/2510 386/2511
vt 0.72558594 0.71191406
vt 0.73339844 0.71191406
vt 0.72558594 0.70410156
f 387/2512 386/2513 390/2514
vt 0.72558594 0.71191406
vt 0.73339844 0.71191406
vt 0.72558594 0.70410156
f 391/2515 387/2516 390/2517
vt 0.72558594 0.71191406
vt 0.73339844 0.71191406
vt 0.72558594 0.70410156
f 391/2518 390/2519 394/2520
vt 0.72558594 0.71191406
vt 0.73339844 0.71191406
vt 0.72558594 0.70410156
f 395/2521 391/2522 394/2523
vt 0.72558594 0.71191406
vt 0.73339844 0.71191406
vt 0.72558594 0.70410156
f 395/2524 394/2525 398/2526
vt 0.72558594 0.71191406
vt 0.73339844 0.71191406
vt 0.72558594 0.70410156
f 399/2527 395/2528 398/2529
vt 0.72558594 0.71191406
vt 0.73339844 0.71191406
vt 0.72558594 0.70410156
f 399/2530 398/2531 402/2532
vt 0.72558594 0.71191406
vt 0.73339844 0.71191406
vt 0.72558594 0.70410156
f 403/2533 399/2534 402/2535
vt 0.72558594 0.71191406
vt 0.73339844 0.71191406
vt 0.72558594 0.70410156
f 403/2536 402/2537 406/2538
vt 0.72558594 0.71191406
vt 0.73339844 0.71191406
vt 0.72558594 0.70410156
f 375/2539 403/2540 406/2541
vt 0.72558594 0.71191406
vt 0.73339844 0.71191406
vt 0.72558594 0.70410156
f 375/2542 406/2543 380/2544
vt 0.72558594 0.71191406
vt 0.73339844 0.71191406
vt 0.72558594 0.70410156
f 457/2545 455/2546 456/2547
vt 0.72558594 0.71191406
vt 0.73339844 0.71191406
vt 0.72558594 0.70410156
f 457/2548 456/2549 458/2550
vt 0.72558594 0.71191406
vt 0.73339844 0.71191406
vt 0.72558594 0.70410156
f 455/2551 459/2552 460/2553
vt 0.72558594 0.71191406
vt 0.73339844 0.71191406
vt 0.72558594 0.70410156
f 455/2554 460/2555 456/2556
vt 0.72558594 0.71191406
vt 0.73339844 0.71191406
vt 0.72558594 0.70410156
f 459/2557 461/2558 462/2559
vt 0.72558594 0.71191406
vt 0.73339844 0.71191406
vt 0.72558594 0.70410156
f 459/2560 462/2561 460/2562
vt 0.72558594 0.71191406
vt 0.73339844 0.71191406
vt 0.72558594 0.70410156
f 461/2563 463/2564 464/2565
vt 0.72558594 0.71191406
vt 0.73339844 0.71191406
vt 0.72558594 0.70410156
f 461/2566 464/2567 462/2568
vt 0.72558594 0.71191406
vt 0.73339844 0.71191406
vt 0.72558594 0.70410156
f 463/2569 465/2570 466/2571
vt 0.72558594 0.71191406
vt 0.73339844 0.71191406
vt 0.72558594 0.70410156
f 463/2572 466/2573 464/2574
vt 0.72558594 0.71191406
vt 0.73339844 0.71191406
vt 0.72558594 0.70410156
f 465/2575 467/2576 468/2577
vt 0.72558594 0.71191406
vt 0.73339844 0.71191406
vt 0.72558594 0.70410156
f 465/2578 468/2579 466/2580
vt 0.72558594 0.71191406
vt 0.73339844 0.71191406
vt 0.72558594 0.70410156
f 467/2581 469/2582 470/2583
vt 0.72558594 0.71191406
vt 0.73339844 0.71191406
vt 0.72558594 0.70410156
f 467/2584 470/2585 468/2586
vt 0.72558594 0.71191406
vt 0.73339844 0.71191406
vt 0.72558594 0.70410156
f 469/2587 457/2588 458/2589
vt 0.72558594 0.71191406
vt 0.73339844 0.71191406
vt 0.72558594 0.70410156
f 469/2590 458/2591 470/2592
vt 0.75831934 0.69628906
vt 0.74511719 0.69628906
vt 0.74511719 0.68108259
f 471/2593 472/2594 473/2595
vt 0.79752738 0.69628906
vt 0.78432523 0.68108259
vt 0.78432523 0.69628906
f 474/2596 475/2597 476/2598
vt 0.78417969 0.68108259
vt 0.78417969 0.69628906
vt 0.78432523 0.69628906
f 473/2599 472/2600 476/2601
vt 0.78417969 0.68108259
vt 0.78432523 0.69628906
vt 0.78432523 0.68108259
f 473/2602 476/2603 475/2604
vt 0.75831934 0.69628906
vt 0.74511719 0.68108259
vt 0.75691017 0.68066406
f 471/2605 473/2606 477/2607
vt 0.79752738 0.69628906
vt 0.79611821 0.68066406
vt 0.78432523 0.68108259
f 474/2608 478/2609 475/2610
vt 0.79597267 0.68066406
vt 0.78417969 0.68108259
vt 0.78432523 0.68108259
f 477/2611 473/2612 475/2613
vt 0.79597267 0.68066406
vt 0.78432523 0.68108259
vt 0.79611821 0.68066406
f 477/2614 475/2615 478/2616
vt 0.75831934 0.69628906
vt 0.75691017 0.68066406
vt 0.77246094 0.68108259
f 471/2617 477/2618 479/2619
vt 0.79752738 0.69628906
vt 0.81166898 0.68108259
vt 0.79611821 0.68066406
f 474/2620 480/2621 478/2622
vt 0.81152344 0.68108259
vt 0.79597267 0.68066406
vt 0.79611821 0.68066406
f 479/2623 477/2624 478/2625
vt 0.81152344 0.68108259
vt 0.79611821 0.68066406
vt 0.81166898 0.68108259
f 479/2626 478/2627 480/2628
vt 0.75831934 0.69628906
vt 0.77246094 0.68108259
vt 0.77246094 0.69628906
f 471/2629 479/2630 481/2631
vt 0.79752738 0.69628906
vt 0.81166898 0.69628906
vt 0.81166898 0.68108259
f 474/2632 482/2633 480/2634
vt 0.81152344 0.69628906
vt 0.81152344 0.68108259
vt 0.81166898 0.68108259
f 481/2635 479/2636 480/2637
vt 0.81152344 0.69628906
vt 0.81166898 0.68108259
vt 0.81166898 0.69628906
f 481/2638 480/2639 482/2640
vt 0.75831934 0.69628906
vt 0.77246094 0.69628906
vt 0.77246094 0.71149554
f 471/2641 481/2642 483/2643
vt 0.79752738 0.69628906
vt 0.81166898 0.71149554
vt 0.81166898 0.69628906
f 474/2644 484/2645 482/2646
vt 0.81152344 0.71149554
vt 0.81152344 0.69628906
vt 0.81166898 0.69628906
f 483/2647 481/2648 482/2649
vt 0.81152344 0.71149554
vt 0.81166898 0.69628906
vt 0.81166898 0.71149554
f 483/2650 482/2651 484/2652
vt 0.75831934 0.69628906
vt 0.77246094 0.71149554
vt 0.75691017 0.71191406
f 471/2653 483/2654 485/2655
vt 0.79752738 0.69628906
vt 0.79611821 0.71191406
vt 0.81166898 0.71149554
f 474/2656 486/2657 484/2658
vt 0.79597267 0.71191406
vt 0.81152344 0.71149554
vt 0.81166898 0.71149554
f 485/2659 483/2660 484/2661
vt 0.79597267 0.71191406
vt 0.81166898 0.71149554
vt 0.79611821 0.71191406
f 485/2662 484/2663 486/2664
vt 0.75831934 0.69628906
vt 0.75691017 0.71191406
vt 0.74511719 0.71149554
f 471/2665 485/2666 487/2667
vt 0.79752738 0.69628906
vt 0.78432523 0.71149554
vt 0.79611821 0.71191406
f 474/2668 488/2669 486/2670
vt 0.78417969 0.71149554
vt 0.79597267 0.71191406
vt 0.79611821 0.71191406
f 487/2671 485/2672 486/2673
vt 0.78417969 0.71149554
vt 0.79611821 0.71191406
vt 0.78432523 0.71149554
f 487/2674 486/2675 488/2676
vt 0.75831934 0.69628906
vt 0.74511719 0.71149554
vt 0.74511719 0.69628906
f 471/2677 487/2678 472/2679
vt 0.79752738 0.69628906
vt 0.78432523 0.69628906
vt 0.78432523 0.71149554
f 474/2680 476/2681 488/2682
vt 0.78417969 0.69628906
vt 0.78417969 0.71149554
vt 0.78432523 0.71149554
f 472/2683 487/2684 488/2685
vt 0.78417969 0.69628906
vt 0.78432523 0.71149554
vt 0.78432523 0.69628906
f 472/2686 488/2687 476/2688
vt 0.82324219 0.71191406
vt 0.83756872 0.71191406
vt 0.83756872 0.70345052
f 489/2689 490/2690 491/2691
vt 0.89225622 0.70345052
vt 0.89225622 0.71191406
vt 0.87792969 0.71191406
f 492/2692 493/2693 494/2694
vt 0.82324219 0.71191406
vt 0.83756872 0.70345052
vt 0.82324219 0.70345052
f 489/2695 491/2696 495/2697
vt 0.87792969 0.70345052
vt 0.89225622 0.70345052
vt 0.87792969 0.71191406
f 496/2698 492/2699 494/2700
vt 0.83756872 0.71191406
vt 0.85188983 0.71191406
vt 0.85188983 0.70345052
f 490/2701 497/2702 498/2703
vt 0.90657733 0.70345052
vt 0.90657733 0.71191406
vt 0.89225622 0.71191406
f 499/2704 500/2705 493/2706
vt 0.83756872 0.71191406
vt 0.85188983 0.70345052
vt 0.83756872 0.70345052
f 490/2707 498/2708 491/2709
vt 0.89225622 0.70345052
vt 0.90657733 0.70345052
vt 0.89225622 0.71191406
f 492/2710 499/2711 493/2712
vt 0.85188983 0.71191406
vt 0.86621094 0.71191406
vt 0.86621094 0.70345052
f 497/2713 501/2714 502/2715
vt 0.92089844 0.70345052
vt 0.92089844 0.71191406
vt 0.90657733 0.71191406
f 503/2716 504/2717 500/2718
vt 0.85188983 0.71191406
vt 0.86621094 0.70345052
vt 0.85188983 0.70345052
f 497/2719 502/2720 498/2721
vt 0.90657733 0.70345052
vt 0.92089844 0.70345052
vt 0.90657733 0.71191406
f 499/2722 503/2723 500/2724
vt 0.82324219 0.70345052
vt 0.83756872 0.70345052
vt 0.83756871 0.69824219
f 495/2725 491/2726 505/2727
vt 0.89225621 0.69824219
vt 0.89225622 0.70345052
vt 0.87792969 0.70345052
f 506/2728 492/2729 496/2730
vt 0.82324219 0.70345052
vt 0.83756871 0.69824219
vt 0.82324219 0.69824219
f 495/2731 505/2732 507/2733
vt 0.87792969 0.69824219
vt 0.89225621 0.69824219
vt 0.87792969 0.70345052
f 508/2734 506/2735 496/2736
vt 0.83756872 0.70345052
vt 0.85188983 0.70345052
vt 0.85188983 0.69824219
f 491/2737 498/2738 509/2739
vt 0.90657733 0.69824219
vt 0.90657733 0.70345052
vt 0.89225622 0.70345052
f 510/2740 499/2741 492/2742
vt 0.83756872 0.70345052
vt 0.85188983 0.69824219
vt 0.83756871 0.69824219
f 491/2743 509/2744 505/2745
vt 0.89225621 0.69824219
vt 0.90657733 0.69824219
vt 0.89225622 0.70345052
f 506/2746 510/2747 492/2748
vt 0.85188983 0.70345052
vt 0.86621094 0.70345052
vt 0.86621094 0.69824219
f 498/2749 502/2750 511/2751
vt 0.92089844 0.69824219
vt 0.92089844 0.70345052
vt 0.90657733 0.70345052
f 512/2752 503/2753 499/2754
vt 0.85188983 0.70345052
vt 0.86621094 0.69824219
vt 0.85188983 0.69824219
f 498/2755 511/2756 509/2757
vt 0.90657733 0.69824219
vt 0.92089844 0.69824219
vt 0.90657733 0.70345052
f 510/2758 512/2759 499/2760
vt 0.93261719 0.71191406
vt 0.94042969 0.71191406
vt 0.93261719 0.70410156
f 490/2761 489/2762 494/2763
vt 0.93261719 0.71191406
vt 0.94042969 0.71191406
vt 0.93261719 0.70410156
f 490/2764 494/2765 493/2766
vt 0.93261719 0.71191406
vt 0.94042969 0.71191406
vt 0.93261719 0.70410156
f 489/2767 495/2768 496/2769
vt 0.93261719 0.71191406
vt 0.94042969 0.71191406
vt 0.93261719 0.70410156
f 489/2770 496/2771 494/2772
vt 0.93261719 0.71191406
vt 0.94042969 0.71191406
vt 0.93261719 0.70410156
f 497/2773 490/2774 493/2775
vt 0.93261719 0.71191406
vt 0.94042969 0.71191406
vt 0.93261719 0.70410156
f 497/2776 493/2777 500/2778
vt 0.93261719 0.71191406
vt 0.94042969 0.71191406
vt 0.93261719 0.70410156
f 501/2779 497/2780 500/2781
vt 0.93261719 0.71191406
vt 0.94042969 0.71191406
vt 0.93261719 0.70410156
f 501/2782 500/2783 504/2784
vt 0.93261719 0.71191406
vt 0.94042969 0.71191406
vt 0.93261719 0.70410156
f 502/2785 501/2786 504/2787
vt 0.93261719 0.71191406
vt 0.94042969 0.71191406
vt 0.93261719 0.70410156
f 502/2788 504/2789 503/2790
vt 0.93261719 0.71191406
vt 0.94042969 0.71191406
vt 0.93261719 0.70410156
f 507/2791 505/2792 506/2793
vt 0.93261719 0.71191406
vt 0.94042969 0.71191406
vt 0.93261719 0.70410156
f 507/2794 506/2795 508/2796
vt 0.93261719 0.71191406
vt 0.94042969 0.71191406
vt 0.93261719 0.70410156
f 495/2797 507/2798 508/2799
vt 0.93261719 0.71191406
vt 0.94042969 0.71191406
vt 0.93261719 0.70410156
f 495/2800 508/2801 496/2802
vt 0.93261719 0.71191406
vt 0.94042969 0.71191406
vt 0.93261719 0.70410156
f 505/2803 509/2804 510/2805
vt 0.93261719 0.71191406
vt 0.94042969 0.71191406
vt 0.93261719 0.70410156
f 505/2806 510/2807 506/2808
vt 0.93261719 0.71191406
vt 0.94042969 0.71191406
vt 0.93261719 0.70410156
f 511/2809 502/2810 503/2811
vt 0.93261719 0.71191406
vt 0.94042969 0.71191406
vt 0.93261719 0.70410156
f 511/2812 503/2813 512/2814
vt 0.93261719 0.71191406
vt 0.94042969 0.71191406
vt 0.93261719 0.70410156
f 509/2815 511/2816 512/2817
vt 0.93261719 0.71191406
vt 0.94042969 0.71191406
vt 0.93261719 0.70410156
f 509/2818 512/2819 510/2820
vt 0.00292969 0.63964844
vt 0.01725621 0.63964844
vt 0.01725621 0.63183594
f 513/2821 514/2822 515/2823
vt 0.07194371 0.63183594
vt 0.07194371 0.63964844
vt 0.05761719 0.63964844
f 516/2824 517/2825 518/2826
vt 0.00292969 0.63964844
vt 0.01725621 0.63183594
vt 0.00292969 0.63183594
f 513/2827 515/2828 519/2829
vt 0.05761719 0.63183594
vt 0.07194371 0.63183594
vt 0.05761719 0.63964844
f 520/2830 516/2831 518/2832
vt 0.01725621 0.63964844
vt 0.03157733 0.63964844
vt 0.03157733 0.63183594
f 514/2833 521/2834 522/2835
vt 0.08626483 0.63183594
vt 0.08626483 0.63964844
vt 0.07194371 0.63964844
f 523/2836 524/2837 517/2838
vt 0.01725621 0.63964844
vt 0.03157733 0.63183594
vt 0.01725621 0.63183594
f 514/2839 522/2840 515/2841
vt 0.07194371 0.63183594
vt 0.08626483 0.63183594
vt 0.07194371 0.63964844
f 516/2842 523/2843 517/2844
vt 0.03157733 0.63964844
vt 0.04589844 0.63964844
vt 0.04589844 0.63183594
f 521/2845 525/2846 526/2847
vt 0.10058594 0.63183594
vt 0.10058594 0.63964844
vt 0.08626483 0.63964844
f 527/2848 528/2849 524/2850
vt 0.03157733 0.63964844
vt 0.04589844 0.63183594
vt 0.03157733 0.63183594
f 521/2851 526/2852 522/2853
vt 0.08626483 0.63183594
vt 0.10058594 0.63183594
vt 0.08626483 0.63964844
f 523/2854 527/2855 524/2856
vt 0.11230469 0.63964844
vt 0.12011719 0.63964844
vt 0.11230469 0.63183594
f 514/2857 513/2858 518/2859
vt 0.11230469 0.63964844
vt 0.12011719 0.63964844
vt 0.11230469 0.63183594
f 514/2860 518/2861 517/2862
vt 0.11230469 0.63964844
vt 0.12011719 0.63964844
vt 0.11230469 0.63183594
f 519/2863 515/2864 516/2865
vt 0.11230469 0.63964844
vt 0.12011719 0.63964844
vt 0.11230469 0.63183594
f 519/2866 516/2867 520/2868
vt 0.11230469 0.63964844
vt 0.12011719 0.63964844
vt 0.11230469 0.63183594
f 513/2869 519/2870 520/2871
vt 0.11230469 0.63964844
vt 0.12011719 0.63964844
vt 0.11230469 0.63183594
f 513/2872 520/2873 518/2874
vt 0.11230469 0.63964844
vt 0.12011719 0.63964844
vt 0.11230469 0.63183594
f 521/2875 514/2876 517/2877
vt 0.11230469 0.63964844
vt 0.12011719 0.63964844
vt 0.11230469 0.63183594
f 521/2878 517/2879 524/2880
vt 0.11230469 0.63964844
vt 0.12011719 0.63964844
vt 0.11230469 0.63183594
f 515/2881 522/2882 523/2883
vt 0.11230469 0.63964844
vt 0.12011719 0.63964844
vt 0.11230469 0.63183594
f 515/2884 523/2885 516/2886
vt 0.11230469 0.63964844
vt 0.12011719 0.63964844
vt 0.11230469 0.63183594
f 525/2887 521/2888 524/2889
vt 0.11230469 0.63964844
vt 0.12011719 0.63964844
vt 0.11230469 0.63183594
f 525/2890 524/2891 528/2892
vt 0.11230469 0.63964844
vt 0.12011719 0.63964844
vt 0.11230469 0.63183594
f 526/2893 525/2894 528/2895
vt 0.11230469 0.63964844
vt 0.12011719 0.63964844
vt 0.11230469 0.63183594
f 526/2896 528/2897 527/2898
vt 0.11230469 0.63964844
vt 0.12011719 0.63964844
vt 0.11230469 0.63183594
f 522/2899 526/2900 527/2901
vt 0.11230469 0.63964844
vt 0.12011719 0.63964844
vt 0.11230469 0.63183594
f 522/2902 527/2903 523/2904
vt 0.13183594 0.63964844
vt 0.14526621 0.63964844
vt 0.14526621 0.63183594
f 529/2905 530/2906 531/2907
vt 0.26440684 0.63183594
vt 0.26440684 0.63964844
vt 0.25097656 0.63964844
f 532/2908 533/2909 534/2910
vt 0.13183594 0.63964844
vt 0.14526621 0.63183594
vt 0.13183594 0.63183594
f 529/2911 531/2912 535/2913
vt 0.25097656 0.63183594
vt 0.26440684 0.63183594
vt 0.25097656 0.63964844
f 536/2914 532/2915 534/2916
vt 0.14526621 0.63964844
vt 0.15869649 0.63964844
vt 0.15869649 0.63183594
f 530/2917 537/2918 538/2919
vt 0.27783712 0.63183594
vt 0.27783712 0.63964844
vt 0.26440684 0.63964844
f 539/2920 540/2921 533/2922
vt 0.14526621 0.63964844
vt 0.15869649 0.63183594
vt 0.14526621 0.63183594
f 530/2923 538/2924 531/2925
vt 0.26440684 0.63183594
vt 0.27783712 0.63183594
vt 0.26440684 0.63964844
f 532/2926 539/2927 533/2928
vt 0.15869649 0.63964844
vt 0.17212168 0.63964844
vt 0.17212168 0.63183594
f 537/2929 541/2930 542/2931
vt 0.29126231 0.63183594
vt 0.29126231 0.63964844
vt 0.27783712 0.63964844
f 543/2932 544/2933 540/2934
vt 0.15869649 0.63964844
vt 0.17212168 0.63183594
vt 0.15869649 0.63183594
f 537/2935 542/2936 538/2937
vt 0.27783712 0.63183594
vt 0.29126231 0.63183594
vt 0.27783712 0.63964844
f 539/2938 543/2939 540/2940
vt 0.17212168 0.63964844
vt 0.18554688 0.63964844
vt 0.18554688 0.63183594
f 541/2941 545/2942 546/2943
vt 0.30468750 0.63183594
vt 0.30468750 0.63964844
vt 0.29126231 0.63964844
f 547/2944 548/2945 544/2946
vt 0.17212168 0.63964844
vt 0.18554688 0.63183594
vt 0.17212168 0.63183594
f 541/2947 546/2948 542/2949
vt 0.29126231 0.63183594
vt 0.30468750 0.63183594
vt 0.29126231 0.63964844
f 543/2950 547/2951 544/2952
vt 0.18554688 0.63964844
vt 0.19897715 0.63964844
vt 0.19897715 0.63183594
f 545/2953 549/2954 550/2955
vt 0.31811778 0.63183594
vt 0.31811778 0.63964844
vt 0.30468750 0.63964844
f 551/2956 552/2957 548/2958
vt 0.18554688 0.63964844
vt 0.19897715 0.63183594
vt 0.18554688 0.63183594
f 545/2959 550/2960 546/2961
vt 0.30468750 0.63183594
vt 0.31811778 0.63183594
vt 0.30468750 0.63964844
f 547/2962 551/2963 548/2964
vt 0.19897715 0.63964844
vt 0.21240743 0.63964844
vt 0.21240743 0.63183594
f 549/2965 553/2966 554/2967
vt 0.33154805 0.63183594
vt 0.33154805 0.63964844
vt 0.31811778 0.63964844
f 555/2968 556/2969 552/2970
vt 0.19897715 0.63964844
vt 0.21240743 0.63183594
vt 0.19897715 0.63183594
f 549/2971 554/2972 550/2973
vt 0.31811778 0.63183594
vt 0.33154805 0.63183594
vt 0.31811778 0.63964844
f 551/2974 555/2975 552/2976
vt 0.21240743 0.63964844
vt 0.22583262 0.63964844
vt 0.22583262 0.63183594
f 553/2977 557/2978 558/2979
vt 0.34497325 0.63183594
vt 0.34497325 0.63964844
vt 0.33154805 0.63964844
f 559/2980 560/2981 556/2982
vt 0.21240743 0.63964844
vt 0.22583262 0.63183594
vt 0.21240743 0.63183594
f 553/2983 558/2984 554/2985
vt 0.33154805 0.63183594
vt 0.34497325 0.63183594
vt 0.33154805 0.63964844
f 555/2986 559/2987 556/2988
vt 0.22583262 0.63964844
vt 0.23925781 0.63964844
vt 0.23925781 0.63183594
f 557/2989 529/2990 535/2991
vt 0.35839844 0.63183594
vt 0.35839844 0.63964844
vt 0.34497325 0.63964844
f 536/2992 534/2993 560/2994
vt 0.22583262 0.63964844
vt 0.23925781 0.63183594
vt 0.22583262 0.63183594
f 557/2995 535/2996 558/2997
vt 0.34497325 0.63183594
vt 0.35839844 0.63183594
vt 0.34497325 0.63964844
f 559/2998 536/2999 560/3000
vt 0.37011719 0.63964844
vt 0.37792969 0.63964844
vt 0.37011719 0.63183594
f 530/3001 529/3002 534/3003
vt 0.37011719 0.63964844
vt 0.37792969 0.63964844
vt 0.37011719 0.63183594
f 530/3004 534/3005 533/3006
vt 0.37011719 0.63964844
vt 0.37792969 0.63964844
vt 0.37011719 0.63183594
f 535/3007 531/3008 532/3009
vt 0.37011719 0.63964844
vt 0.37792969 0.63964844
vt 0.37011719 0.63183594
f 535/3010 532/3011 536/3012
vt 0.37011719 0.63964844
vt 0.37792969 0.63964844
vt 0.37011719 0.63183594
f 537/3013 530/3014 533/3015
vt 0.37011719 0.63964844
vt 0.37792969 0.63964844
vt 0.37011719 0.63183594
f 537/3016 533/3017 540/3018
vt 0.37011719 0.63964844
vt 0.37792969 0.63964844
vt 0.37011719 0.63183594
f 531/3019 538/3020 539/3021
vt 0.37011719 0.63964844
vt 0.37792969 0.63964844
vt 0.37011719 0.63183594
f 531/3022 539/3023 532/3024
vt 0.37011719 0.63964844
vt 0.37792969 0.63964844
vt 0.37011719 0.63183594
f 541/3025 537/3026 540/3027
vt 0.37011719 0.63964844
vt 0.37792969 0.63964844
vt 0.37011719 0.63183594
f 541/3028 540/3029 544/3030
vt 0.37011719 0.63964844
vt 0.37792969 0.63964844
vt 0.37011719 0.63183594
f 538/3031 542/3032 543/3033
vt 0.37011719 0.63964844
vt 0.37792969 0.63964844
vt 0.37011719 0.63183594
f 538/3034 543/3035 539/3036
vt 0.37011719 0.63964844
vt 0.37792969 0.63964844
vt 0.37011719 0.63183594
f 545/3037 541/3038 544/3039
vt 0.37011719 0.63964844
vt 0.37792969 0.63964844
vt 0.37011719 0.63183594
f 545/3040 544/3041 548/3042
vt 0.37011719 0.63964844
vt 0.37792969 0.63964844
vt 0.37011719 0.63183594
f 542/3043 546/3044 547/3045
vt 0.37011719 0.63964844
vt 0.37792969 0.63964844
vt 0.37011719 0.63183594
f 542/3046 547/3047 543/3048
vt 0.37011719 0.63964844
vt 0.37792969 0.63964844
vt 0.37011719 0.63183594
f 549/3049 545/3050 548/3051
vt 0.37011719 0.63964844
vt 0.37792969 0.63964844
vt 0.37011719 0.63183594
f 549/3052 548/3053 552/3054
vt 0.37011719 0.63964844
vt 0.37792969 0.63964844
vt 0.37011719 0.63183594
f 546/3055 550/3056 551/3057
vt 0.37011719 0.63964844
vt 0.37792969 0.63964844
vt 0.37011719 0.63183594
f 546/3058 551/3059 547/3060
vt 0.37011719 0.63964844
vt 0.37792969 0.63964844
vt 0.37011719 0.63183594
f 553/3061 549/3062 552/3063
vt 0.37011719 0.63964844
vt 0.37792969 0.63964844
vt 0.37011719 0.63183594
f 553/3064 552/3065 556/3066
vt 0.37011719 0.63964844
vt 0.37792969 0.63964844
vt 0.37011719 0.63183594
f 550/3067 554/3068 555/3069
vt 0.37011719 0.63964844
vt 0.37792969 0.63964844
vt 0.37011719 0.63183594
f 550/3070 555/3071 551/3072
vt 0.37011719 0.63964844
vt 0.37792969 0.63964844
vt 0.37011719 0.63183594
f 557/3073 553/3074 556/3075
vt 0.37011719 0.63964844
vt 0.37792969 0.63964844
vt 0.37011719 0.63183594
f 557/3076 556/3077 560/3078
vt 0.37011719 0.63964844
vt 0.37792969 0.63964844
vt 0.37011719 0.63183594
f 554/3079 558/3080 559/3081
vt 0.37011719 0.63964844
vt 0.37792969 0.63964844
vt 0.37011719 0.63183594
f 554/3082 559/3083 555/3084
vt 0.37011719 0.63964844
vt 0.37792969 0.63964844
vt 0.37011719 0.63183594
f 529/3085 557/3086 560/3087
vt 0.37011719 0.63964844
vt 0.37792969 0.63964844
vt 0.37011719 0.63183594
f 529/3088 560/3089 534/3090
vt 0.37011719 0.63964844
vt 0.37792969 0.63964844
vt 0.37011719 0.63183594
f 558/3091 535/3092 536/3093
vt 0.37011719 0.63964844
vt 0.37792969 0.63964844
vt 0.37011719 0.63183594
f 558/3094 536/3095 559/3096
vt 0.38964844 0.63964844
vt 0.40192079 0.63964844
vt 0.40185547 0.62924670
f 561/3097 562/3098 563/3099
vt 0.46240234 0.62924670
vt 0.46246766 0.63964844
vt 0.45019531 0.63964844
f 564/3100 565/3101 566/3102
vt 0.38964844 0.63964844
vt 0.40185547 0.62924670
vt 0.38964844 0.62924670
f 561/3103 563/3104 567/3105
vt 0.45019531 0.62924670
vt 0.46240234 0.62924670
vt 0.45019531 0.63964844
f 568/3106 564/3107 566/3108
vt 0.40192079 0.63964844
vt 0.41406250 0.63964844
vt 0.41406250 0.62924670
f 562/3109 569/3110 570/3111
vt 0.47460938 0.62924670
vt 0.47460938 0.63964844
vt 0.46246766 0.63964844
f 571/3112 572/3113 565/3114
vt 0.40192079 0.63964844
vt 0.41406250 0.62924670
vt 0.40185547 0.62924670
f 562/3115 570/3116 563/3117
vt 0.46240234 0.62924670
vt 0.47460938 0.62924670
vt 0.46246766 0.63964844
f 564/3118 571/3119 565/3120
vt 0.41406250 0.63964844
vt 0.42620421 0.63964844
vt 0.42626953 0.62924670
f 569/3121 573/3122 574/3123
vt 0.48681641 0.62924670
vt 0.48675109 0.63964844
vt 0.47460938 0.63964844
f 575/3124 576/3125 572/3126
vt 0.41406250 0.63964844
vt 0.42626953 0.62924670
vt 0.41406250 0.62924670
f 569/3127 574/3128 570/3129
vt 0.47460938 0.62924670
vt 0.48681641 0.62924670
vt 0.47460938 0.63964844
f 571/3130 575/3131 572/3132
vt 0.42620421 0.63964844
vt 0.43847656 0.63964844
vt 0.43847656 0.62924670
f 573/3133 577/3134 578/3135
vt 0.49902344 0.62924670
vt 0.49902344 0.63964844
vt 0.48675109 0.63964844
f 579/3136 580/3137 576/3138
vt 0.42620421 0.63964844
vt 0.43847656 0.62924670
vt 0.42626953 0.62924670
f 573/3139 578/3140 574/3141
vt 0.48681641 0.62924670
vt 0.49902344 0.62924670
vt 0.48675109 0.63964844
f 575/3142 579/3143 576/3144
vt 0.38964844 0.62924670
vt 0.40185547 0.62924670
vt 0.40185547 0.61110414
f 567/3145 563/3146 581/3147
vt 0.46240234 0.61110414
vt 0.46240234 0.62924670
vt 0.45019531 0.62924670
f 582/3148 564/3149 568/3150
vt 0.38964844 0.62924670
vt 0.40185547 0.61110414
vt 0.38964844 0.61110414
f 567/3151 581/3152 583/3153
vt 0.45019531 0.61110414
vt 0.46240234 0.61110414
vt 0.45019531 0.62924670
f 584/3154 582/3155 568/3156
vt 0.40185547 0.62924670
vt 0.41406250 0.62924670
vt 0.41406250 0.61110414
f 563/3157 570/3158 585/3159
vt 0.47460938 0.61110414
vt 0.47460938 0.62924670
vt 0.46240234 0.62924670
f 586/3160 571/3161 564/3162
vt 0.40185547 0.62924670
vt 0.41406250 0.61110414
vt 0.40185547 0.61110414
f 563/3163 585/3164 581/3165
vt 0.46240234 0.61110414
vt 0.47460938 0.61110414
vt 0.46240234 0.62924670
f 582/3166 586/3167 564/3168
vt 0.41406250 0.62924670
vt 0.42626953 0.62924670
vt 0.42626953 0.61110414
f 570/3169 574/3170 587/3171
vt 0.48681641 0.61110414
vt 0.48681641 0.62924670
vt 0.47460938 0.62924670
f 588/3172 575/3173 571/3174
vt 0.41406250 0.62924670
vt 0.42626953 0.61110414
vt 0.41406250 0.61110414
f 570/3175 587/3176 585/3177
vt 0.47460938 0.61110414
vt 0.48681641 0.61110414
vt 0.47460938 0.62924670
f 586/3178 588/3179 571/3180
vt 0.42626953 0.62924670
vt 0.43847656 0.62924670
vt 0.43847656 0.61110414
f 574/3181 578/3182 589/3183
vt 0.49902344 0.61110414
vt 0.49902344 0.62924670
vt 0.48681641 0.62924670
f 590/3184 579/3185 575/3186
vt 0.42626953 0.62924670
vt 0.43847656 0.61110414
vt 0.42626953 0.61110414
f 574/3187 589/3188 587/3189
vt 0.48681641 0.61110414
vt 0.49902344 0.61110414
vt 0.48681641 0.62924670
f 588/3190 590/3191 575/3192
vt 0.38964844 0.61110414
vt 0.40185547 0.61110414
vt 0.40185547 0.58691406
f 583/3193 581/3194 591/3195
vt 0.46240234 0.58691406
vt 0.46240234 0.61110414
vt 0.45019531 0.61110414
f 592/3196 582/3197 584/3198
vt 0.38964844 0.61110414
vt 0.40185547 0.58691406
vt 0.38964844 0.58691406
f 583/3199 591/3200 593/3201
vt 0.45019531 0.58691406
vt 0.46240234 0.58691406
vt 0.45019531 0.61110414
f 594/3202 592/3203 584/3204
vt 0.40185547 0.61110414
vt 0.41406250 0.61110414
vt 0.41406250 0.58691406
f 581/3205 585/3206 595/3207
vt 0.47460938 0.58691406
vt 0.47460938 0.61110414
vt 0.46240234 0.61110414
f 596/3208 586/3209 582/3210
vt 0.40185547 0.61110414
vt 0.41406250 0.58691406
vt 0.40185547 0.58691406
f 581/3211 595/3212 591/3213
vt 0.46240234 0.58691406
vt 0.47460938 0.58691406
vt 0.46240234 0.61110414
f 592/3214 596/3215 582/3216
vt 0.41406250 0.61110414
vt 0.42626953 0.61110414
vt 0.42626953 0.58691406
f 585/3217 587/3218 597/3219
vt 0.48681641 0.58691406
vt 0.48681641 0.61110414
vt 0.47460938 0.61110414
f 598/3220 588/3221 586/3222
vt 0.41406250 0.61110414
vt 0.42626953 0.58691406
vt 0.41406250 0.58691406
f 585/3223 597/3224 595/3225
vt 0.47460938 0.58691406
vt 0.48681641 0.58691406
vt 0.47460938 0.61110414
f 596/3226 598/3227 586/3228
vt 0.42626953 0.61110414
vt 0.43847656 0.61110414
vt 0.43847656 0.58691406
f 587/3229 589/3230 599/3231
vt 0.49902344 0.58691406
vt 0.49902344 0.61110414
vt 0.48681641 0.61110414
f 600/3232 590/3233 588/3234
vt 0.42626953 0.61110414
vt 0.43847656 0.58691406
vt 0.42626953 0.58691406
f 587/3235 599/3236 597/3237
vt 0.48681641 0.58691406
vt 0.49902344 0.58691406
vt 0.48681641 0.61110414
f 598/3238 600/3239 588/3240
vt 0.51074219 0.63964844
vt 0.51855469 0.63964844
vt 0.51074219 0.63183594
f 562/3241 561/3242 566/3243
vt 0.51074219 0.63964844
vt 0.51855469 0.63964844
vt 0.51074219 0.63183594
f 562/3244 566/3245 565/3246
vt 0.51074219 0.63964844
vt 0.51855469 0.63964844
vt 0.51074219 0.63183594
f 561/3247 567/3248 568/3249
vt 0.51074219 0.63964844
vt 0.51855469 0.63964844
vt 0.51074219 0.63183594
f 561/3250 568/3251 566/3252
vt 0.51074219 0.63964844
vt 0.51855469 0.63964844
vt 0.51074219 0.63183594
f 569/3253 562/3254 565/3255
vt 0.51074219 0.63964844
vt 0.51855469 0.63964844
vt 0.51074219 0.63183594
f 569/3256 565/3257 572/3258
vt 0.51074219 0.63964844
vt 0.51855469 0.63964844
vt 0.51074219 0.63183594
f 573/3259 569/3260 572/3261
vt 0.51074219 0.63964844
vt 0.51855469 0.63964844
vt 0.51074219 0.63183594
f 573/3262 572/3263 576/3264
vt 0.51074219 0.63964844
vt 0.51855469 0.63964844
vt 0.51074219 0.63183594
f 577/3265 573/3266 576/3267
vt 0.51074219 0.63964844
vt 0.51855469 0.63964844
vt 0.51074219 0.63183594
f 577/3268 576/3269 580/3270
vt 0.51074219 0.63964844
vt 0.51855469 0.63964844
vt 0.51074219 0.63183594
f 578/3271 577/3272 580/3273
vt 0.51074219 0.63964844
vt 0.51855469 0.63964844
vt 0.51074219 0.63183594
f 578/3274 580/3275 579/3276
vt 0.51074219 0.63964844
vt 0.51855469 0.63964844
vt 0.51074219 0.63183594
f 567/3277 583/3278 584/3279
vt 0.51074219 0.63964844
vt 0.51855469 0.63964844
vt 0.51074219 0.63183594
f 567/3280 584/3281 568/3282
vt 0.51074219 0.63964844
vt 0.51855469 0.63964844
vt 0.51074219 0.63183594
f 589/3283 578/3284 579/3285
vt 0.51074219 0.63964844
vt 0.51855469 0.63964844
vt 0.51074219 0.63183594
f 589/3286 579/3287 590/3288
vt 0.51074219 0.63964844
vt 0.51855469 0.63964844
vt 0.51074219 0.63183594
f 593/3289 591/3290 592/3291
vt 0.51074219 0.63964844
vt 0.51855469 0.63964844
vt 0.51074219 0.63183594
f 593/3292 592/3293 594/3294
vt 0.51074219 0.63964844
vt 0.51855469 0.63964844
vt 0.51074219 0.63183594
f 583/3295 593/3296 594/3297
vt 0.51074219 0.63964844
vt 0.51855469 0.63964844
vt 0.51074219 0.63183594
f 583/3298 594/3299 584/3300
vt 0.51074219 0.63964844
vt 0.51855469 0.63964844
vt 0.51074219 0.63183594
f 591/3301 595/3302 596/3303
vt 0.51074219 0.63964844
vt 0.51855469 0.63964844
vt 0.51074219 0.63183594
f 591/3304 596/3305 592/3306
vt 0.51074219 0.63964844
vt 0.51855469 0.63964844
vt 0.51074219 0.63183594
f 595/3307 597/3308 598/3309
vt 0.51074219 0.63964844
vt 0.51855469 0.63964844
vt 0.51074219 0.63183594
f 595/3310 598/3311 596/3312
vt 0.51074219 0.63964844
vt 0.51855469 0.63964844
vt 0.51074219 0.63183594
f 599/3313 589/3314 590/3315
vt 0.51074219 0.63964844
vt 0.51855469 0.63964844
vt 0.51074219 0.63183594
f 599/3316 590/3317 600/3318
vt 0.51074219 0.63964844
vt 0.51855469 0.63964844
vt 0.51074219 0.63183594
f 597/3319 599/3320 600/3321
vt 0.51074219 0.63964844
vt 0.51855469 0.63964844
vt 0.51074219 0.63183594
f 597/3322 600/3323 598/3324
vt 0.53027344 0.63964844
vt 0.54254579 0.63964844
vt 0.54248047 0.62924670
f 601/3325 602/3326 603/3327
vt 0.60302734 0.62924670
vt 0.60309266 0.63964844
vt 0.59082031 0.63964844
f 604/3328 605/3329 606/3330
vt 0.53027344 0.63964844
vt 0.54248047 0.62924670
vt 0.53027344 0.62924670
f 601/3331 603/3332 607/3333
vt 0.59082031 0.62924670
vt 0.60302734 0.62924670
vt 0.59082031 0.63964844
f 608/3334 604/3335 606/3336
vt 0.54254579 0.63964844
vt 0.55468750 0.63964844
vt 0.55468750 0.62924670
f 602/3337 609/3338 610/3339
vt 0.61523438 0.62924670
vt 0.61523438 0.63964844
vt 0.60309266 0.63964844
f 611/3340 612/3341 605/3342
vt 0.54254579 0.63964844
vt 0.55468750 0.62924670
vt 0.54248047 0.62924670
f 602/3343 610/3344 603/3345
vt 0.60302734 0.62924670
vt 0.61523438 0.62924670
vt 0.60309266 0.63964844
f 604/3346 611/3347 605/3348
vt 0.55468750 0.63964844
vt 0.56682921 0.63964844
vt 0.56689453 0.62924670
f 609/3349 613/3350 614/3351
vt 0.62744141 0.62924670
vt 0.62737609 0.63964844
vt 0.61523438 0.63964844
f 615/3352 616/3353 612/3354
vt 0.55468750 0.63964844
vt 0.56689453 0.62924670
vt 0.55468750 0.62924670
f 609/3355 614/3356 610/3357
vt 0.61523438 0.62924670
vt 0.62744141 0.62924670
vt 0.61523438 0.63964844
f 611/3358 615/3359 612/3360
vt 0.56682921 0.63964844
vt 0.57910156 0.63964844
vt 0.57910156 0.62924670
f 613/3361 617/3362 618/3363
vt 0.63964844 0.62924670
vt 0.63964844 0.63964844
vt 0.62737609 0.63964844
f 619/3364 620/3365 616/3366
vt 0.56682921 0.63964844
vt 0.57910156 0.62924670
vt 0.56689453 0.62924670
f 613/3367 618/3368 614/3369
vt 0.62744141 0.62924670
vt 0.63964844 0.62924670
vt 0.62737609 0.63964844
f 615/3370 619/3371 616/3372
vt 0.53027344 0.62924670
vt 0.54248047 0.62924670
vt 0.54248047 0.61110414
f 607/3373 603/3374 621/3375
vt 0.60302734 0.61110414
vt 0.60302734 0.62924670
vt 0.59082031 0.62924670
f 622/3376 604/3377 608/3378
vt 0.53027344 0.62924670
vt 0.54248047 0.61110414
vt 0.53027344 0.61110414
f 607/3379 621/3380 623/3381
vt 0.59082031 0.61110414
vt 0.60302734 0.61110414
vt 0.59082031 0.62924670
f 624/3382 622/3383 608/3384
vt 0.54248047 0.62924670
vt 0.55468750 0.62924670
vt 0.55468750 0.61110414
f 603/3385 610/3386 625/3387
vt 0.61523438 0.61110414
vt 0.61523438 0.62924670
vt 0.60302734 0.62924670
f 626/3388 611/3389 604/3390
vt 0.54248047 0.62924670
vt 0.55468750 0.61110414
vt 0.54248047 0.61110414
f 603/3391 625/3392 621/3393
vt 0.60302734 0.61110414
vt 0.61523438 0.61110414
vt 0.60302734 0.62924670
f 622/3394 626/3395 604/3396
vt 0.55468750 0.62924670
vt 0.56689453 0.62924670
vt 0.56689453 0.61110414
f 610/3397 614/3398 627/3399
vt 0.62744141 0.61110414
vt 0.62744141 0.62924670
vt 0.61523438 0.62924670
f 628/3400 615/3401 611/3402
vt 0.55468750 0.62924670
vt 0.56689453 0.61110414
vt 0.55468750 0.61110414
f 610/3403 627/3404 625/3405
vt 0.61523438 0.61110414
vt 0.62744141 0.61110414
vt 0.61523438 0.62924670
f 626/3406 628/3407 611/3408
vt 0.56689453 0.62924670
vt 0.57910156 0.62924670
vt 0.57910156 0.61110414
f 614/3409 618/3410 629/3411
vt 0.63964844 0.61110414
vt 0.63964844 0.62924670
vt 0.62744141 0.62924670
f 630/3412 619/3413 615/3414
vt 0.56689453 0.62924670
vt 0.57910156 0.61110414
vt 0.56689453 0.61110414
f 614/3415 629/3416 627/3417
vt 0.62744141 0.61110414
vt 0.63964844 0.61110414
vt 0.62744141 0.62924670
f 628/3418 630/3419 615/3420
vt 0.53027344 0.61110414
vt 0.54248047 0.61110414
vt 0.54248047 0.58691406
f 623/3421 621/3422 631/3423
vt 0.60302734 0.58691406
vt 0.60302734 0.61110414
vt 0.59082031 0.61110414
f 632/3424 622/3425 624/3426
vt 0.53027344 0.61110414
vt 0.54248047 0.58691406
vt 0.53027344 0.58691406
f 623/3427 631/3428 633/3429
vt 0.59082031 0.58691406
vt 0.60302734 0.58691406
vt 0.59082031 0.61110414
f 634/3430 632/3431 624/3432
vt 0.54248047 0.61110414
vt 0.55468750 0.61110414
vt 0.55468750 0.58691406
f 621/3433 625/3434 635/3435
vt 0.61523438 0.58691406
vt 0.61523438 0.61110414
vt 0.60302734 0.61110414
f 636/3436 626/3437 622/3438
vt 0.54248047 0.61110414
vt 0.55468750 0.58691406
vt 0.54248047 0.58691406
f 621/3439 635/3440 631/3441
vt 0.60302734 0.58691406
vt 0.61523438 0.58691406
vt 0.60302734 0.61110414
f 632/3442 636/3443 622/3444
vt 0.55468750 0.61110414
vt 0.56689453 0.61110414
vt 0.56689453 0.58691406
f 625/3445 627/3446 637/3447
vt 0.62744141 0.58691406
vt 0.62744141 0.61110414
vt 0.61523438 0.61110414
f 638/3448 628/3449 626/3450
vt 0.55468750 0.61110414
vt 0.56689453 0.58691406
vt 0.55468750 0.58691406
f 625/3451 637/3452 635/3453
vt 0.61523438 0.58691406
vt 0.62744141 0.58691406
vt 0.61523438 0.61110414
f 636/3454 638/3455 626/3456
vt 0.56689453 0.61110414
vt 0.57910156 0.61110414
vt 0.57910156 0.58691406
f 627/3457 629/3458 639/3459
vt 0.63964844 0.58691406
vt 0.63964844 0.61110414
vt 0.62744141 0.61110414
f 640/3460 630/3461 628/3462
vt 0.56689453 0.61110414
vt 0.57910156 0.58691406
vt 0.56689453 0.58691406
f 627/3463 639/3464 637/3465
vt 0.62744141 0.58691406
vt 0.63964844 0.58691406
vt 0.62744141 0.61110414
f 638/3466 640/3467 628/3468
vt 0.65136719 0.63964844
vt 0.65917969 0.63964844
vt 0.65136719 0.63183594
f 602/3469 601/3470 606/3471
vt 0.65136719 0.63964844
vt 0.65917969 0.63964844
vt 0.65136719 0.63183594
f 602/3472 606/3473 605/3474
vt 0.65136719 0.63964844
vt 0.65917969 0.63964844
vt 0.65136719 0.63183594
f 601/3475 607/3476 608/3477
vt 0.65136719 0.63964844
vt 0.65917969 0.63964844
vt 0.65136719 0.63183594
f 601/3478 608/3479 606/3480
vt 0.65136719 0.63964844
vt 0.65917969 0.63964844
vt 0.65136719 0.63183594
f 609/3481 602/3482 605/3483
vt 0.65136719 0.63964844
vt 0.65917969 0.63964844
vt 0.65136719 0.63183594
f 609/3484 605/3485 612/3486
vt 0.65136719 0.63964844
vt 0.65917969 0.63964844
vt 0.65136719 0.63183594
f 613/3487 609/3488 612/3489
vt 0.65136719 0.63964844
vt 0.65917969 0.63964844
vt 0.65136719 0.63183594
f 613/3490 612/3491 616/3492
vt 0.65136719 0.63964844
vt 0.65917969 0.63964844
vt 0.65136719 0.63183594
f 617/3493 613/3494 616/3495
vt 0.65136719 0.63964844
vt 0.65917969 0.63964844
vt 0.65136719 0.63183594
f 617/3496 616/3497 620/3498
vt 0.65136719 0.63964844
vt 0.65917969 0.63964844
vt 0.65136719 0.63183594
f 618/3499 617/3500 620/3501
vt 0.65136719 0.63964844
vt 0.65917969 0.63964844
vt 0.65136719 0.63183594
f 618/3502 620/3503 619/3504
vt 0.65136719 0.63964844
vt 0.65917969 0.63964844
vt 0.65136719 0.63183594
f 607/3505 623/3506 624/3507
vt 0.65136719 0.63964844
vt 0.65917969 0.63964844
vt 0.65136719 0.63183594
f 607/3508 624/3509 608/3510
vt 0.65136719 0.63964844
vt 0.65917969 0.63964844
vt 0.65136719 0.63183594
f 629/3511 618/3512 619/3513
vt 0.65136719 0.63964844
vt 0.65917969 0.63964844
vt 0.65136719 0.63183594
f 629/3514 619/3515 630/3516
vt 0.65136719 0.63964844
vt 0.65917969 0.63964844
vt 0.65136719 0.63183594
f 633/3517 631/3518 632/3519
vt 0.65136719 0.63964844
vt 0.65917969 0.63964844
vt 0.65136719 0.63183594
f 633/3520 632/3521 634/3522
vt 0.65136719 0.63964844
vt 0.65917969 0.63964844
vt 0.65136719 0.63183594
f 623/3523 633/3524 634/3525
vt 0.65136719 0.63964844
vt 0.65917969 0.63964844
vt 0.65136719 0.63183594
f 623/3526 634/3527 624/3528
vt 0.65136719 0.63964844
vt 0.65917969 0.63964844
vt 0.65136719 0.63183594
f 631/3529 635/3530 636/3531
vt 0.65136719 0.63964844
vt 0.65917969 0.63964844
vt 0.65136719 0.63183594
f 631/3532 636/3533 632/3534
vt 0.65136719 0.63964844
vt 0.65917969 0.63964844
vt 0.65136719 0.63183594
f 635/3535 637/3536 638/3537
vt 0.65136719 0.63964844
vt 0.65917969 0.63964844
vt 0.65136719 0.63183594
f 635/3538 638/3539 636/3540
vt 0.65136719 0.63964844
vt 0.65917969 0.63964844
vt 0.65136719 0.63183594
f 639/3541 629/3542 630/3543
vt 0.65136719 0.63964844
vt 0.65917969 0.63964844
vt 0.65136719 0.63183594
f 639/3544 630/3545 640/3546
vt 0.65136719 0.63964844
vt 0.65917969 0.63964844
vt 0.65136719 0.63183594
f 637/3547 639/3548 640/3549
vt 0.65136719 0.63964844
vt 0.65917969 0.63964844
vt 0.65136719 0.63183594
f 637/3550 640/3551 638/3552
vt 0.67089844 0.63964844
vt 0.69494037 0.63964844
vt 0.69494037 0.62792969
f 641/3553 642/3554 643/3555
vt 0.85900287 0.62792969
vt 0.85900287 0.63964844
vt 0.83496094 0.63964844
f 644/3556 645/3557 646/3558
vt 0.67089844 0.63964844
vt 0.69494037 0.62792969
vt 0.67089844 0.62792969
f 641/3559 643/3560 647/3561
vt 0.83496094 0.62792969
vt 0.85900287 0.62792969
vt 0.83496094 0.63964844
f 648/3562 644/3563 646/3564
vt 0.69494037 0.63964844
vt 0.71898230 0.63964844
vt 0.71898230 0.62792969
f 642/3565 649/3566 650/3567
vt 0.88304480 0.62792969
vt 0.88304480 0.63964844
vt 0.85900287 0.63964844
f 651/3568 652/3569 645/3570
vt 0.69494037 0.63964844
vt 0.71898230 0.62792969
vt 0.69494037 0.62792969
f 642/3571 650/3572 643/3573
vt 0.85900287 0.62792969
vt 0.88304480 0.62792969
vt 0.85900287 0.63964844
f 644/3574 651/3575 645/3576
vt 0.71898230 0.63964844
vt 0.73270379 0.63964844
vt 0.73270379 0.62792969
f 649/3577 653/3578 654/3579
vt 0.89676629 0.62792969
vt 0.89676629 0.63964844
vt 0.88304480 0.63964844
f 655/3580 656/3581 652/3582
vt 0.71898230 0.63964844
vt 0.73270379 0.62792969
vt 0.71898230 0.62792969
f 649/3583 654/3584 650/3585
vt 0.88304480 0.62792969
vt 0.89676629 0.62792969
vt 0.88304480 0.63964844
f 651/3586 655/3587 652/3588
vt 0.73270379 0.63964844
vt 0.74707031 0.63964844
vt 0.74707031 0.62792969
f 653/3589 657/3590 658/3591
vt 0.91113281 0.62792969
vt 0.91113281 0.63964844
vt 0.89676629 0.63964844
f 659/3592 660/3593 656/3594
vt 0.73270379 0.63964844
vt 0.74707031 0.62792969
vt 0.73270379 0.62792969
f 653/3595 658/3596 654/3597
vt 0.89676629 0.62792969
vt 0.91113281 0.62792969
vt 0.89676629 0.63964844
f 655/3598 659/3599 656/3600
vt 0.74707031 0.63964844
vt 0.77111224 0.63964844
vt 0.77111224 0.62792969
f 657/3601 661/3602 662/3603
vt 0.93517474 0.62792969
vt 0.93517474 0.63964844
vt 0.91113281 0.63964844
f 663/3604 664/3605 660/3606
vt 0.74707031 0.63964844
vt 0.77111224 0.62792969
vt 0.74707031 0.62792969
f 657/3607 662/3608 658/3609
vt 0.91113281 0.62792969
vt 0.93517474 0.62792969
vt 0.91113281 0.63964844
f 659/3610 663/3611 660/3612
vt 0.77111224 0.63964844
vt 0.79515418 0.63964844
vt 0.79515418 0.62792969
f 661/3613 665/3614 666/3615
vt 0.95921668 0.62792969
vt 0.95921668 0.63964844
vt 0.93517474 0.63964844
f 667/3616 668/3617 664/3618
vt 0.77111224 0.63964844
vt 0.79515418 0.62792969
vt 0.77111224 0.62792969
f 661/3619 666/3620 662/3621
vt 0.93517474 0.62792969
vt 0.95921668 0.62792969
vt 0.93517474 0.63964844
f 663/3622 667/3623 664/3624
vt 0.79515418 0.63964844
vt 0.80952070 0.63964844
vt 0.80952070 0.62792969
f 665/3625 669/3626 670/3627
vt 0.97358320 0.62792969
vt 0.97358320 0.63964844
vt 0.95921668 0.63964844
f 671/3628 672/3629 668/3630
vt 0.79515418 0.63964844
vt 0.80952070 0.62792969
vt 0.79515418 0.62792969
f 665/3631 670/3632 666/3633
vt 0.95921668 0.62792969
vt 0.97358320 0.62792969
vt 0.95921668 0.63964844
f 667/3634 671/3635 668/3636
vt 0.80952070 0.63964844
vt 0.82324219 0.63964844
vt 0.82324219 0.62792969
f 669/3637 641/3638 647/3639
vt 0.98730469 0.62792969
vt 0.98730469 0.63964844
vt 0.97358320 0.63964844
f 648/3640 646/3641 672/3642
vt 0.80952070 0.63964844
vt 0.82324219 0.62792969
vt 0.80952070 0.62792969
f 669/3643 647/3644 670/3645
vt 0.97358320 0.62792969
vt 0.98730469 0.62792969
vt 0.97358320 0.63964844
f 671/3646 648/3647 672/3648
vt 0.00292969 0.57519531
vt 0.01074219 0.57519531
vt 0.00292969 0.56738281
f 642/3649 641/3650 646/3651
vt 0.00292969 0.57519531
vt 0.01074219 0.57519531
vt 0.00292969 0.56738281
f 642/3652 646/3653 645/3654
vt 0.00292969 0.57519531
vt 0.01074219 0.57519531
vt 0.00292969 0.56738281
f 647/3655 643/3656 644/3657
vt 0.00292969 0.57519531
vt 0.01074219 0.57519531
vt 0.00292969 0.56738281
f 647/3658 644/3659 648/3660
vt 0.00292969 0.57519531
vt 0.01074219 0.57519531
vt 0.00292969 0.56738281
f 649/3661 642/3662 645/3663
vt 0.00292969 0.57519531
vt 0.01074219 0.57519531
vt 0.00292969 0.56738281
f 649/3664 645/3665 652/3666
vt 0.00292969 0.57519531
vt 0.01074219 0.57519531
vt 0.00292969 0.56738281
f 643/3667 650/3668 651/3669
vt 0.00292969 0.57519531
vt 0.01074219 0.57519531
vt 0.00292969 0.56738281
f 643/3670 651/3671 644/3672
vt 0.00292969 0.57519531
vt 0.01074219 0.57519531
vt 0.00292969 0.56738281
f 653/3673 649/3674 652/3675
vt 0.00292969 0.57519531
vt 0.01074219 0.57519531
vt 0.00292969 0.56738281
f 653/3676 652/3677 656/3678
vt 0.00292969 0.57519531
vt 0.01074219 0.57519531
vt 0.00292969 0.56738281
f 650/3679 654/3680 655/3681
vt 0.00292969 0.57519531
vt 0.01074219 0.57519531
vt 0.00292969 0.56738281
f 650/3682 655/3683 651/3684
vt 0.00292969 0.57519531
vt 0.01074219 0.57519531
vt 0.00292969 0.56738281
f 657/3685 653/3686 656/3687
vt 0.00292969 0.57519531
vt 0.01074219 0.57519531
vt 0.00292969 0.56738281
f 657/3688 656/3689 660/3690
vt 0.00292969 0.57519531
vt 0.01074219 0.57519531
vt 0.00292969 0.56738281
f 654/3691 658/3692 659/3693
vt 0.00292969 0.57519531
vt 0.01074219 0.57519531
vt 0.00292969 0.56738281
f 654/3694 659/3695 655/3696
vt 0.00292969 0.57519531
vt 0.01074219 0.57519531
vt 0.00292969 0.56738281
f 661/3697 657/3698 660/3699
vt 0.00292969 0.57519531
vt 0.01074219 0.57519531
vt 0.00292969 0.56738281
f 661/3700 660/3701 664/3702
vt 0.00292969 0.57519531
vt 0.01074219 0.57519531
vt 0.00292969 0.56738281
f 658/3703 662/3704 663/3705
vt 0.00292969 0.57519531
vt 0.01074219 0.57519531
vt 0.00292969 0.56738281
f 658/3706 663/3707 659/3708
vt 0.00292969 0.57519531
vt 0.01074219 0.57519531
vt 0.00292969 0.56738281
f 665/3709 661/3710 664/3711
vt 0.00292969 0.57519531
vt 0.01074219 0.57519531
vt 0.00292969 0.56738281
f 665/3712 664/3713 668/3714
vt 0.00292969 0.57519531
vt 0.01074219 0.57519531
vt 0.00292969 0.56738281
f 662/3715 666/3716 667/3717
vt 0.00292969 0.57519531
vt 0.01074219 0.57519531
vt 0.00292969 0.56738281
f 662/3718 667/3719 663/3720
vt 0.00292969 0.57519531
vt 0.01074219 0.57519531
vt 0.00292969 0.56738281
f 669/3721 665/3722 668/3723
vt 0.00292969 0.57519531
vt 0.01074219 0.57519531
vt 0.00292969 0.56738281
f 669/3724 668/3725 672/3726
vt 0.00292969 0.57519531
vt 0.01074219 0.57519531
vt 0.00292969 0.56738281
f 666/3727 670/3728 671/3729
vt 0.00292969 0.57519531
vt 0.01074219 0.57519531
vt 0.00292969 0.56738281
f 666/3730 671/3731 667/3732
vt 0.00292969 0.57519531
vt 0.01074219 0.57519531
vt 0.00292969 0.56738281
f 641/3733 669/3734 672/3735
vt 0.00292969 0.57519531
vt 0.01074219 0.57519531
vt 0.00292969 0.56738281
f 641/3736 672/3737 646/3738
vt 0.00292969 0.57519531
vt 0.01074219 0.57519531
vt 0.00292969 0.56738281
f 670/3739 647/3740 648/3741
vt 0.00292969 0.57519531
vt 0.01074219 0.57519531
vt 0.00292969 0.56738281
f 670/3742 648/3743 671/3744
vt 0.45214844 0.57519531
vt 0.46863727 0.57519531
vt 0.46870269 0.56810195
f 673/3745 674/3746 675/3747
vt 0.51362457 0.56810195
vt 0.51355915 0.57519531
vt 0.49707031 0.57519531
f 676/3748 677/3749 678/3750
vt 0.45214844 0.57519531
vt 0.46870269 0.56810195
vt 0.45214844 0.56810195
f 673/3751 675/3752 679/3753
vt 0.49707031 0.56810195
vt 0.51362457 0.56810195
vt 0.49707031 0.57519531
f 680/3754 676/3755 678/3756
vt 0.46863727 0.57519531
vt 0.48535156 0.57519531
vt 0.48535156 0.56810195
f 674/3757 681/3758 682/3759
vt 0.53027344 0.56810195
vt 0.53027344 0.57519531
vt 0.51355915 0.57519531
f 683/3760 684/3761 677/3762
vt 0.46863727 0.57519531
vt 0.48535156 0.56810195
vt 0.46870269 0.56810195
f 674/3763 682/3764 675/3765
vt 0.51362457 0.56810195
vt 0.53027344 0.56810195
vt 0.51355915 0.57519531
f 676/3766 683/3767 677/3768
vt 0.45214844 0.56810195
vt 0.46870269 0.56810195
vt 0.46875000 0.56738281
f 679/3769 675/3770 685/3771
vt 0.51367188 0.56738281
vt 0.51362457 0.56810195
vt 0.49707031 0.56810195
f 686/3772 676/3773 680/3774
vt 0.45214844 0.56810195
vt 0.46875000 0.56738281
vt 0.45214844 0.56738281
f 679/3775 685/3776 687/3777
vt 0.49707031 0.56738281
vt 0.51367188 0.56738281
vt 0.49707031 0.56810195
f 688/3778 686/3779 680/3780
vt 0.46870269 0.56810195
vt 0.48535156 0.56810195
vt 0.48535156 0.56738281
f 675/3781 682/3782 689/3783
vt 0.53027344 0.56738281
vt 0.53027344 0.56810195
vt 0.51362457 0.56810195
f 690/3784 683/3785 676/3786
vt 0.46870269 0.56810195
vt 0.48535156 0.56738281
vt 0.46875000 0.56738281
f 675/3787 689/3788 685/3789
vt 0.51367188 0.56738281
vt 0.53027344 0.56738281
vt 0.51362457 0.56810195
f 686/3790 690/3791 676/3792
vt 0.54199219 0.57519531
vt 0.54980469 0.57519531
vt 0.54199219 0.56738281
f 674/3793 673/3794 678/3795
vt 0.54199219 0.57519531
vt 0.54980469 0.57519531
vt 0.54199219 0.56738281
f 674/3796 678/3797 677/3798
vt 0.54199219 0.57519531
vt 0.54980469 0.57519531
vt 0.54199219 0.56738281
f 673/3799 679/3800 680/3801
vt 0.54199219 0.57519531
vt 0.54980469 0.57519531
vt 0.54199219 0.56738281
f 673/3802 680/3803 678/3804
vt 0.54199219 0.57519531
vt 0.54980469 0.57519531
vt 0.54199219 0.56738281
f 681/3805 674/3806 677/3807
vt 0.54199219 0.57519531
vt 0.54980469 0.57519531
vt 0.54199219 0.56738281
f 681/3808 677/3809 684/3810
vt 0.54199219 0.57519531
vt 0.54980469 0.57519531
vt 0.54199219 0.56738281
f 682/3811 681/3812 684/3813
vt 0.54199219 0.57519531
vt 0.54980469 0.57519531
vt 0.54199219 0.56738281
f 682/3814 684/3815 683/3816
vt 0.54199219 0.57519531
vt 0.54980469 0.57519531
vt 0.54199219 0.56738281
f 687/3817 685/3818 686/3819
vt 0.54199219 0.57519531
vt 0.54980469 0.57519531
vt 0.54199219 0.56738281
f 687/3820 686/3821 688/3822
vt 0.54199219 0.57519531
vt 0.54980469 0.57519531
vt 0.54199219 0.56738281
f 679/3823 687/3824 688/3825
vt 0.54199219 0.57519531
vt 0.54980469 0.57519531
vt 0.54199219 0.56738281
f 679/3826 688/3827 680/3828
vt 0.54199219 0.57519531
vt 0.54980469 0.57519531
vt 0.54199219 0.56738281
f 689/3829 682/3830 683/3831
vt 0.54199219 0.57519531
vt 0.54980469 0.57519531
vt 0.54199219 0.56738281
f 689/3832 683/3833 690/3834
vt 0.54199219 0.57519531
vt 0.54980469 0.57519531
vt 0.54199219 0.56738281
f 685/3835 689/3836 690/3837
vt 0.54199219 0.57519531
vt 0.54980469 0.57519531
vt 0.54199219 0.56738281
f 685/3838 690/3839 686/3840
vt 0.67089844 0.57519531
vt 0.68773545 0.57519531
vt 0.68761081 0.56810532
f 691/3841 692/3842 693/3843
vt 0.73253268 0.56810532
vt 0.73265732 0.57519531
vt 0.71582031 0.57519531
f 694/3844 695/3845 696/3846
vt 0.67089844 0.57519531
vt 0.68761081 0.56810532
vt 0.67089844 0.56810532
f 691/3847 693/3848 697/3849
vt 0.71582031 0.56810532
vt 0.73253268 0.56810532
vt 0.71582031 0.57519531
f 698/3850 694/3851 696/3852
vt 0.68773545 0.57519531
vt 0.70410156 0.57519531
vt 0.70410156 0.56810532
f 692/3853 699/3854 700/3855
vt 0.74902344 0.56810532
vt 0.74902344 0.57519531
vt 0.73265732 0.57519531
f 701/3856 702/3857 695/3858
vt 0.68773545 0.57519531
vt 0.70410156 0.56810532
vt 0.68761081 0.56810532
f 692/3859 700/3860 693/3861
vt 0.73253268 0.56810532
vt 0.74902344 0.56810532
vt 0.73265732 0.57519531
f 694/3862 701/3863 695/3864
vt 0.67089844 0.56810532
vt 0.68761081 0.56810532
vt 0.68750000 0.56738281
f 697/3865 693/3866 703/3867
vt 0.73242188 0.56738281
vt 0.73253268 0.56810532
vt 0.71582031 0.56810532
f 704/3868 694/3869 698/3870
vt 0.67089844 0.56810532
vt 0.68750000 0.56738281
vt 0.67089844 0.56738281
f 697/3871 703/3872 705/3873
vt 0.71582031 0.56738281
vt 0.73242188 0.56738281
vt 0.71582031 0.56810532
f 706/3874 704/3875 698/3876
vt 0.68761081 0.56810532
vt 0.70410156 0.56810532
vt 0.70410156 0.56738281
f 693/3877 700/3878 707/3879
vt 0.74902344 0.56738281
vt 0.74902344 0.56810532
vt 0.73253268 0.56810532
f 708/3880 701/3881 694/3882
vt 0.68761081 0.56810532
vt 0.70410156 0.56738281
vt 0.68750000 0.56738281
f 693/3883 707/3884 703/3885
vt 0.73242188 0.56738281
vt 0.74902344 0.56738281
vt 0.73253268 0.56810532
f 704/3886 708/3887 694/3888
vt 0.76074219 0.57519531
vt 0.76855469 0.57519531
vt 0.76074219 0.56738281
f 692/3889 691/3890 696/3891
vt 0.76074219 0.57519531
vt 0.76855469 0.57519531
vt 0.76074219 0.56738281
f 692/3892 696/3893 695/3894
vt 0.76074219 0.57519531
vt 0.76855469 0.57519531
vt 0.76074219 0.56738281
f 691/3895 697/3896 698/3897
vt 0.76074219 0.57519531
vt 0.76855469 0.57519531
vt 0.76074219 0.56738281
f 691/3898 698/3899 696/3900
vt 0.76074219 0.57519531
vt 0.76855469 0.57519531
vt 0.76074219 0.56738281
f 699/3901 692/3902 695/3903
vt 0.76074219 0.57519531
vt 0.76855469 0.57519531
vt 0.76074219 0.56738281
f 699/3904 695/3905 702/3906
vt 0.76074219 0.57519531
vt 0.76855469 0.57519531
vt 0.76074219 0.56738281
f 700/3907 699/3908 702/3909
vt 0.76074219 0.57519531
vt 0.76855469 0.57519531
vt 0.76074219 0.56738281
f 700/3910 702/3911 701/3912
vt 0.76074219 0.57519531
vt 0.76855469 0.57519531
vt 0.76074219 0.56738281
f 705/3913 703/3914 704/3915
vt 0.76074219 0.57519531
vt 0.76855469 0.57519531
vt 0.76074219 0.56738281
f 705/3916 704/3917 706/3918
vt 0.76074219 0.57519531
vt 0.76855469 0.57519531
vt 0.76074219 0.56738281
f 697/3919 705/3920 706/3921
vt 0.76074219 0.57519531
vt 0.76855469 0.57519531
vt 0.76074219 0.56738281
f 697/3922 706/3923 698/3924
vt 0.76074219 0.57519531
vt 0.76855469 0.57519531
vt 0.76074219 0.56738281
f 707/3925 700/3926 701/3927
vt 0.76074219 0.57519531
vt 0.76855469 0.57519531
vt 0.76074219 0.56738281
f 707/3928 701/3929 708/3930
vt 0.76074219 0.57519531
vt 0.76855469 0.57519531
vt 0.76074219 0.56738281
f 703/3931 707/3932 708/3933
vt 0.76074219 0.57519531
vt 0.76855469 0.57519531
vt 0.76074219 0.56738281
f 703/3934 708/3935 704/3936
vt 0.78027344 0.57519531
vt 0.80644800 0.57519531
vt 0.80644800 0.56738281
f 709/3937 710/3938 711/3939
vt 0.02910425 0.50292969
vt 0.02910425 0.51074219
vt 0.00292969 0.51074219
f 712/3940 713/3941 714/3942
vt 0.78027344 0.57519531
vt 0.80644800 0.56738281
vt 0.78027344 0.56738281
f 709/3943 711/3944 715/3945
vt 0.00292969 0.50292969
vt 0.02910425 0.50292969
vt 0.00292969 0.51074219
f 716/3946 712/3947 714/3948
vt 0.80644800 0.57519531
vt 0.83262257 0.57519531
vt 0.83262257 0.56738281
f 710/3949 717/3950 718/3951
vt 0.05527882 0.50292969
vt 0.05527882 0.51074219
vt 0.02910425 0.51074219
f 719/3952 720/3953 713/3954
vt 0.80644800 0.57519531
vt 0.83262257 0.56738281
vt 0.80644800 0.56738281
f 710/3955 718/3956 711/3957
vt 0.02910425 0.50292969
vt 0.05527882 0.50292969
vt 0.02910425 0.51074219
f 712/3958 719/3959 713/3960
vt 0.83262257 0.57519531
vt 0.84933554 0.57519531
vt 0.84933554 0.56738281
f 717/3961 721/3962 722/3963
vt 0.07199179 0.50292969
vt 0.07199179 0.51074219
vt 0.05527882 0.51074219
f 723/3964 724/3965 720/3966
vt 0.83262257 0.57519531
vt 0.84933554 0.56738281
vt 0.83262257 0.56738281
f 717/3967 722/3968 718/3969
vt 0.05527882 0.50292969
vt 0.07199179 0.50292969
vt 0.05527882 0.51074219
f 719/3970 723/3971 720/3972
vt 0.84933554 0.57519531
vt 0.86816406 0.57519531
vt 0.86816406 0.56738281
f 721/3973 725/3974 726/3975
vt 0.09082031 0.50292969
vt 0.09082031 0.51074219
vt 0.07199179 0.51074219
f 727/3976 728/3977 724/3978
vt 0.84933554 0.57519531
vt 0.86816406 0.56738281
vt 0.84933554 0.56738281
f 721/3979 726/3980 722/3981
vt 0.07199179 0.50292969
vt 0.09082031 0.50292969
vt 0.07199179 0.51074219
f 723/3982 727/3983 724/3984
vt 0.86816406 0.57519531
vt 0.89433863 0.57519531
vt 0.89433863 0.56738281
f 725/3985 729/3986 730/3987
vt 0.11699488 0.50292969
vt 0.11699488 0.51074219
vt 0.09082031 0.51074219
f 731/3988 732/3989 728/3990
vt 0.86816406 0.57519531
vt 0.89433863 0.56738281
vt 0.86816406 0.56738281
f 725/3991 730/3992 726/3993
vt 0.09082031 0.50292969
vt 0.11699488 0.50292969
vt 0.09082031 0.51074219
f 727/3994 731/3995 728/3996
vt 0.89433863 0.57519531
vt 0.92051319 0.57519531
vt 0.92051319 0.56738281
f 729/3997 733/3998 734/3999
vt 0.14316944 0.50292969
vt 0.14316944 0.51074219
vt 0.11699488 0.51074219
f 735/4000 736/4001 732/4002
vt 0.89433863 0.57519531
vt 0.92051319 0.56738281
vt 0.89433863 0.56738281
f 729/4003 734/4004 730/4005
vt 0.11699488 0.50292969
vt 0.14316944 0.50292969
vt 0.11699488 0.51074219
f 731/4006 735/4007 732/4008
vt 0.92051319 0.57519531
vt 0.93934172 0.57519531
vt 0.93934172 0.56738281
f 733/4009 737/4010 738/4011
vt 0.16199797 0.50292969
vt 0.16199797 0.51074219
vt 0.14316944 0.51074219
f 739/4012 740/4013 736/4014
vt 0.92051319 0.57519531
vt 0.93934172 0.56738281
vt 0.92051319 0.56738281
f 733/4015 738/4016 734/4017
vt 0.14316944 0.50292969
vt 0.16199797 0.50292969
vt 0.14316944 0.51074219
f 735/4018 739/4019 736/4020
vt 0.93934172 0.57519531
vt 0.95605469 0.57519531
vt 0.95605469 0.56738281
f 737/4021 709/4022 715/4023
vt 0.17871094 0.50292969
vt 0.17871094 0.51074219
vt 0.16199797 0.51074219
f 716/4024 714/4025 740/4026
vt 0.93934172 0.57519531
vt 0.95605469 0.56738281
vt 0.93934172 0.56738281
f 737/4027 715/4028 738/4029
vt 0.16199797 0.50292969
vt 0.17871094 0.50292969
vt 0.16199797 0.51074219
f 739/4030 716/4031 740/4032
vt 0.19042969 0.51074219
vt 0.19824219 0.51074219
vt 0.19042969 0.50292969
f 710/4033 709/4034 714/4035
vt 0.19042969 0.51074219
vt 0.19824219 0.51074219
vt 0.19042969 0.50292969
f 710/4036 714/4037 713/4038
vt 0.19042969 0.51074219
vt 0.19824219 0.51074219
vt 0.19042969 0.50292969
f 715/4039 711/4040 712/4041
vt 0.19042969 0.51074219
vt 0.19824219 0.51074219
vt 0.19042969 0.50292969
f 715/4042 712/4043 716/4044
vt 0.19042969 0.51074219
vt 0.19824219 0.51074219
vt 0.19042969 0.50292969
f 717/4045 710/4046 713/4047
vt 0.19042969 0.51074219
vt 0.19824219 0.51074219
vt 0.19042969 0.50292969
f 717/4048 713/4049 720/4050
vt 0.19042969 0.51074219
vt 0.19824219 0.51074219
vt 0.19042969 0.50292969
f 711/4051 718/4052 719/4053
vt 0.19042969 0.51074219
vt 0.19824219 0.51074219
vt 0.19042969 0.50292969
f 711/4054 719/4055 712/4056
vt 0.19042969 0.51074219
vt 0.19824219 0.51074219
vt 0.19042969 0.50292969
f 721/4057 717/4058 720/4059
vt 0.19042969 0.51074219
vt 0.19824219 0.51074219
vt 0.19042969 0.50292969
f 721/4060 720/4061 724/4062
vt 0.19042969 0.51074219
vt 0.19824219 0.51074219
vt 0.19042969 0.50292969
f 718/4063 722/4064 723/4065
vt 0.19042969 0.51074219
vt 0.19824219 0.51074219
vt 0.19042969 0.50292969
f 718/4066 723/4067 719/4068
vt 0.19042969 0.51074219
vt 0.19824219 0.51074219
vt 0.19042969 0.50292969
f 725/4069 721/4070 724/4071
vt 0.19042969 0.51074219
vt 0.19824219 0.51074219
vt 0.19042969 0.50292969
f 725/4072 724/4073 728/4074
vt 0.19042969 0.51074219
vt 0.19824219 0.51074219
vt 0.19042969 0.50292969
f 722/4075 726/4076 727/4077
vt 0.19042969 0.51074219
vt 0.19824219 0.51074219
vt 0.19042969 0.50292969
f 722/4078 727/4079 723/4080
vt 0.19042969 0.51074219
vt 0.19824219 0.51074219
vt 0.19042969 0.50292969
f 729/4081 725/4082 728/4083
vt 0.19042969 0.51074219
vt 0.19824219 0.51074219
vt 0.19042969 0.50292969
f 729/4084 728/4085 732/4086
vt 0.19042969 0.51074219
vt 0.19824219 0.51074219
vt 0.19042969 0.50292969
f 726/4087 730/4088 731/4089
vt 0.19042969 0.51074219
vt 0.19824219 0.51074219
vt 0.19042969 0.50292969
f 726/4090 731/4091 727/4092
vt 0.19042969 0.51074219
vt 0.19824219 0.51074219
vt 0.19042969 0.50292969
f 733/4093 729/4094 732/4095
vt 0.19042969 0.51074219
vt 0.19824219 0.51074219
vt 0.19042969 0.50292969
f 733/4096 732/4097 736/4098
vt 0.19042969 0.51074219
vt 0.19824219 0.51074219
vt 0.19042969 0.50292969
f 730/4099 734/4100 735/4101
vt 0.19042969 0.51074219
vt 0.19824219 0.51074219
vt 0.19042969 0.50292969
f 730/4102 735/4103 731/4104
vt 0.19042969 0.51074219
vt 0.19824219 0.51074219
vt 0.19042969 0.50292969
f 737/4105 733/4106 736/4107
vt 0.19042969 0.51074219
vt 0.19824219 0.51074219
vt 0.19042969 0.50292969
f 737/4108 736/4109 740/4110
vt 0.19042969 0.51074219
vt 0.19824219 0.51074219
vt 0.19042969 0.50292969
f 734/4111 738/4112 739/4113
vt 0.19042969 0.51074219
vt 0.19824219 0.51074219
vt 0.19042969 0.50292969
f 734/4114 739/4115 735/4116
vt 0.19042969 0.51074219
vt 0.19824219 0.51074219
vt 0.19042969 0.50292969
f 709/4117 737/4118 740/4119
vt 0.19042969 0.51074219
vt 0.19824219 0.51074219
vt 0.19042969 0.50292969
f 709/4120 740/4121 714/4122
vt 0.19042969 0.51074219
vt 0.19824219 0.51074219
vt 0.19042969 0.50292969
f 738/4123 715/4124 716/4125
vt 0.19042969 0.51074219
vt 0.19824219 0.51074219
vt 0.19042969 0.50292969
f 738/4126 716/4127 739/4128
vt 0.20996094 0.50683594
vt 0.20996094 0.51074219
vt 0.21386719 0.51074219
f 741/4129 742/4130 743/4131
vt 0.20996094 0.50683594
vt 0.21386719 0.51074219
vt 0.21386719 0.50683594
f 741/4132 743/4133 744/4134
vt 0.22558594 0.50683594
vt 0.22949219 0.50683594
vt 0.22949219 0.51074219
f 745/4135 746/4136 747/4137
vt 0.22558594 0.50683594
vt 0.22949219 0.51074219
vt 0.22558594 0.51074219
f 745/4138 747/4139 748/4140
vt 0.24121094 0.50683594
vt 0.24511719 0.50683594
vt 0.24511719 0.51074219
f 741/4141 745/4142 748/4143
vt 0.24121094 0.50683594
vt 0.24511719 0.51074219
vt 0.24121094 0.51074219
f 741/4144 748/4145 742/4146
vt 0.25683594 0.50683594
vt 0.25683594 0.51074219
vt 0.26074219 0.51074219
f 744/4147 743/4148 747/4149
vt 0.25683594 0.50683594
vt 0.26074219 0.51074219
vt 0.26074219 0.50683594
f 744/4150 747/4151 746/4152
vt 0.27246094 0.51074219
vt 0.27636719 0.51074219
vt 0.27636719 0.50683594
f 741/4153 744/4154 746/4155
vt 0.27246094 0.51074219
vt 0.27636719 0.50683594
vt 0.27246094 0.50683594
f 741/4156 746/4157 745/4158
vt 0.28808594 0.51074219
vt 0.28808594 0.50683594
vt 0.29199219 0.50683594
f 742/4159 748/4160 747/4161
vt 0.28808594 0.51074219
vt 0.29199219 0.50683594
vt 0.29199219 0.51074219
f 742/4162 747/4163 743/4164
vt 0.16308594 0.41308594
vt 0.16308594 0.42089844
vt 0.17089844 0.42089844
f 749/4165 750/4166 751/4167
vt 0.16308594 0.41308594
vt 0.17089844 0.42089844
vt 0.17089844 0.41308594
f 749/4168 751/4169 752/4170
vt 0.18261719 0.41308594
vt 0.19042969 0.41308594
vt 0.19042969 0.42089844
f 753/4171 754/4172 755/4173
vt 0.18261719 0.41308594
vt 0.19042969 0.42089844
vt 0.18261719 0.42089844
f 753/4174 755/4175 756/4176
vt 0.20214844 0.41308594
vt 0.20996094 0.41308594
vt 0.20996094 0.42089844
f 749/4177 753/4178 756/4179
vt 0.20214844 0.41308594
vt 0.20996094 0.42089844
vt 0.20214844 0.42089844
f 749/4180 756/4181 750/4182
vt 0.22167969 0.41308594
vt 0.22167969 0.42089844
vt 0.22949219 0.42089844
f 752/4183 751/4184 755/4185
vt 0.22167969 0.41308594
vt 0.22949219 0.42089844
vt 0.22949219 0.41308594
f 752/4186 755/4187 754/4188
vt 0.24121094 0.42089844
vt 0.24902344 0.42089844
vt 0.24902344 0.41308594
f 749/4189 752/4190 754/4191
vt 0.24121094 0.42089844
vt 0.24902344 0.41308594
vt 0.24121094 0.41308594
f 749/4192 754/4193 753/4194
vt 0.26074219 0.42089844
vt 0.26074219 0.41308594
vt 0.26855469 0.41308594
f 750/4195 756/4196 755/4197
vt 0.26074219 0.42089844
vt 0.26855469 0.41308594
vt 0.26855469 0.42089844
f 750/4198 755/4199 751/4200
vt 0.28027344 0.42089844
vt 0.28664708 0.42089844
vt 0.28664219 0.40666349
f 757/4201 758/4202 759/4203
vt 0.32375157 0.40666349
vt 0.32375646 0.42089844
vt 0.31738281 0.42089844
f 760/4204 761/4205 762/4206
vt 0.28027344 0.42089844
vt 0.28664219 0.40666349
vt 0.28027344 0.40666349
f 757/4207 759/4208 763/4209
vt 0.31738281 0.40666349
vt 0.32375157 0.40666349
vt 0.31738281 0.42089844
f 764/4210 760/4211 762/4212
vt 0.28664708 0.42089844
vt 0.29296875 0.42089844
vt 0.29296875 0.40666349
f 758/4213 765/4214 766/4215
vt 0.33007812 0.40666349
vt 0.33007812 0.42089844
vt 0.32375646 0.42089844
f 767/4216 768/4217 761/4218
vt 0.28664708 0.42089844
vt 0.29296875 0.40666349
vt 0.28664219 0.40666349
f 758/4219 766/4220 759/4221
vt 0.32375157 0.40666349
vt 0.33007812 0.40666349
vt 0.32375646 0.42089844
f 760/4222 767/4223 761/4224
vt 0.29296875 0.42089844
vt 0.29929042 0.42089844
vt 0.29929531 0.40666349
f 765/4225 769/4226 770/4227
vt 0.33640468 0.40666349
vt 0.33639979 0.42089844
vt 0.33007812 0.42089844
f 771/4228 772/4229 768/4230
vt 0.29296875 0.42089844
vt 0.29929531 0.40666349
vt 0.29296875 0.40666349
f 765/4231 770/4232 766/4233
vt 0.33007812 0.40666349
vt 0.33640468 0.40666349
vt 0.33007812 0.42089844
f 767/4234 771/4235 768/4236
vt 0.29929042 0.42089844
vt 0.30566406 0.42089844
vt 0.30566406 0.40666349
f 769/4237 773/4238 774/4239
vt 0.34277344 0.40666349
vt 0.34277344 0.42089844
vt 0.33639979 0.42089844
f 775/4240 776/4241 772/4242
vt 0.29929042 0.42089844
vt 0.30566406 0.40666349
vt 0.29929531 0.40666349
f 769/4243 774/4244 770/4245
vt 0.33640468 0.40666349
vt 0.34277344 0.40666349
vt 0.33639979 0.42089844
f 771/4246 775/4247 772/4248
vt 0.28027344 0.40666349
vt 0.28664219 0.40666349
vt 0.28664207 0.39355469
f 763/4249 759/4250 777/4251
vt 0.32375145 0.39355469
vt 0.32375157 0.40666349
vt 0.31738281 0.40666349
f 778/4252 760/4253 764/4254
vt 0.28027344 0.40666349
vt 0.28664207 0.39355469
vt 0.28027344 0.39355469
f 763/4255 777/4256 779/4257
vt 0.31738281 0.39355469
vt 0.32375145 0.39355469
vt 0.31738281 0.40666349
f 780/4258 778/4259 764/4260
vt 0.28664219 0.40666349
vt 0.29296875 0.40666349
vt 0.29296875 0.39355469
f 759/4261 766/4262 781/4263
vt 0.33007812 0.39355469
vt 0.33007812 0.40666349
vt 0.32375157 0.40666349
f 782/4264 767/4265 760/4266
vt 0.28664219 0.40666349
vt 0.29296875 0.39355469
vt 0.28664207 0.39355469
f 759/4267 781/4268 777/4269
vt 0.32375145 0.39355469
vt 0.33007812 0.39355469
vt 0.32375157 0.40666349
f 778/4270 782/4271 760/4272
vt 0.29296875 0.40666349
vt 0.29929531 0.40666349
vt 0.29929543 0.39355469
f 766/4273 770/4274 783/4275
vt 0.33640480 0.39355469
vt 0.33640468 0.40666349
vt 0.33007812 0.40666349
f 784/4276 771/4277 767/4278
vt 0.29296875 0.40666349
vt 0.29929543 0.39355469
vt 0.29296875 0.39355469
f 766/4279 783/4280 781/4281
vt 0.33007812 0.39355469
vt 0.33640480 0.39355469
vt 0.33007812 0.40666349
f 782/4282 784/4283 767/4284
vt 0.29929531 0.40666349
vt 0.30566406 0.40666349
vt 0.30566406 0.39355469
f 770/4285 774/4286 785/4287
vt 0.34277344 0.39355469
vt 0.34277344 0.40666349
vt 0.33640468 0.40666349
f 786/4288 775/4289 771/4290
vt 0.29929531 0.40666349
vt 0.30566406 0.39355469
vt 0.29929543 0.39355469
f 770/4291 785/4292 783/4293
vt 0.33640480 0.39355469
vt 0.34277344 0.39355469
vt 0.33640468 0.40666349
f 784/4294 786/4295 771/4296
vt 0.35449219 0.42089844
vt 0.36230469 0.42089844
vt 0.35449219 0.41308594
f 758/4297 757/4298 762/4299
vt 0.35449219 0.42089844
vt 0.36230469 0.42089844
vt 0.35449219 0.41308594
f 758/4300 762/4301 761/4302
vt 0.35449219 0.42089844
vt 0.36230469 0.42089844
vt 0.35449219 0.41308594
f 757/4303 763/4304 764/4305
vt 0.35449219 0.42089844
vt 0.36230469 0.42089844
vt 0.35449219 0.41308594
f 757/4306 764/4307 762/4308
vt 0.35449219 0.42089844
vt 0.36230469 0.42089844
vt 0.35449219 0.41308594
f 765/4309 758/4310 761/4311
vt 0.35449219 0.42089844
vt 0.36230469 0.42089844
vt 0.35449219 0.41308594
f 765/4312 761/4313 768/4314
vt 0.35449219 0.42089844
vt 0.36230469 0.42089844
vt 0.35449219 0.41308594
f 769/4315 765/4316 768/4317
vt 0.35449219 0.42089844
vt 0.36230469 0.42089844
vt 0.35449219 0.41308594
f 769/4318 768/4319 772/4320
vt 0.35449219 0.42089844
vt 0.36230469 0.42089844
vt 0.35449219 0.41308594
f 773/4321 769/4322 772/4323
vt 0.35449219 0.42089844
vt 0.36230469 0.42089844
vt 0.35449219 0.41308594
f 773/4324 772/4325 776/4326
vt 0.35449219 0.42089844
vt 0.36230469 0.42089844
vt 0.35449219 0.41308594
f 774/4327 773/4328 776/4329
vt 0.35449219 0.42089844
vt 0.36230469 0.42089844
vt 0.35449219 0.41308594
f 774/4330 776/4331 775/4332
vt 0.35449219 0.42089844
vt 0.36230469 0.42089844
vt 0.35449219 0.41308594
f 779/4333 777/4334 778/4335
vt 0.35449219 0.42089844
vt 0.36230469 0.42089844
vt 0.35449219 0.41308594
f 779/4336 778/4337 780/4338
vt 0.35449219 0.42089844
vt 0.36230469 0.42089844
vt 0.35449219 0.41308594
f 763/4339 779/4340 780/4341
vt 0.35449219 0.42089844
vt 0.36230469 0.42089844
vt 0.35449219 0.41308594
f 763/4342 780/4343 764/4344
vt 0.35449219 0.42089844
vt 0.36230469 0.42089844
vt 0.35449219 0.41308594
f 777/4345 781/4346 782/4347
vt 0.35449219 0.42089844
vt 0.36230469 0.42089844
vt 0.35449219 0.41308594
f 777/4348 782/4349 778/4350
vt 0.35449219 0.42089844
vt 0.36230469 0.42089844
vt 0.35449219 0.41308594
f 781/4351 783/4352 784/4353
vt 0.35449219 0.42089844
vt 0.36230469 0.42089844
vt 0.35449219 0.41308594
f 781/4354 784/4355 782/4356
vt 0.35449219 0.42089844
vt 0.36230469 0.42089844
vt 0.35449219 0.41308594
f 785/4357 774/4358 775/4359
vt 0.35449219 0.42089844
vt 0.36230469 0.42089844
vt 0.35449219 0.41308594
f 785/4360 775/4361 786/4362
vt 0.35449219 0.42089844
vt 0.36230469 0.42089844
vt 0.35449219 0.41308594
f 783/4363 785/4364 786/4365
vt 0.35449219 0.42089844
vt 0.36230469 0.42089844
vt 0.35449219 0.41308594
f 783/4366 786/4367 784/4368
vt 0.37402344 0.42089844
vt 0.38039526 0.42089844
vt 0.38039362 0.40601616
f 787/4369 788/4370 789/4371
vt 0.41750299 0.40601616
vt 0.41750463 0.42089844
vt 0.41113281 0.42089844
f 790/4372 791/4373 792/4374
vt 0.37402344 0.42089844
vt 0.38039362 0.40601616
vt 0.37402344 0.40601616
f 787/4375 789/4376 793/4377
vt 0.41113281 0.40601616
vt 0.41750299 0.40601616
vt 0.41113281 0.42089844
f 794/4378 790/4379 792/4380
vt 0.38039526 0.42089844
vt 0.38671875 0.42089844
vt 0.38671875 0.40601616
f 788/4381 795/4382 796/4383
vt 0.42382812 0.40601616
vt 0.42382812 0.42089844
vt 0.41750463 0.42089844
f 797/4384 798/4385 791/4386
vt 0.38039526 0.42089844
vt 0.38671875 0.40601616
vt 0.38039362 0.40601616
f 788/4387 796/4388 789/4389
vt 0.41750299 0.40601616
vt 0.42382812 0.40601616
vt 0.41750463 0.42089844
f 790/4390 797/4391 791/4392
vt 0.38671875 0.42089844
vt 0.39304224 0.42089844
vt 0.39304388 0.40601616
f 795/4393 799/4394 800/4395
vt 0.43015326 0.40601616
vt 0.43015162 0.42089844
vt 0.42382812 0.42089844
f 801/4396 802/4397 798/4398
vt 0.38671875 0.42089844
vt 0.39304388 0.40601616
vt 0.38671875 0.40601616
f 795/4399 800/4400 796/4401
vt 0.42382812 0.40601616
vt 0.43015326 0.40601616
vt 0.42382812 0.42089844
f 797/4402 801/4403 798/4404
vt 0.39304224 0.42089844
vt 0.39941406 0.42089844
vt 0.39941406 0.40601616
f 799/4405 803/4406 804/4407
vt 0.43652344 0.40601616
vt 0.43652344 0.42089844
vt 0.43015162 0.42089844
f 805/4408 806/4409 802/4410
vt 0.39304224 0.42089844
vt 0.39941406 0.40601616
vt 0.39304388 0.40601616
f 799/4411 804/4412 800/4413
vt 0.43015326 0.40601616
vt 0.43652344 0.40601616
vt 0.43015162 0.42089844
f 801/4414 805/4415 802/4416
vt 0.37402344 0.40601616
vt 0.38039362 0.40601616
vt 0.38039644 0.38574219
f 793/4417 789/4418 807/4419
vt 0.41750581 0.38574219
vt 0.41750299 0.40601616
vt 0.41113281 0.40601616
f 808/4420 790/4421 794/4422
vt 0.37402344 0.40601616
vt 0.38039644 0.38574219
vt 0.37402344 0.38574219
f 793/4423 807/4424 809/4425
vt 0.41113281 0.38574219
vt 0.41750581 0.38574219
vt 0.41113281 0.40601616
f 810/4426 808/4427 794/4428
vt 0.38039362 0.40601616
vt 0.38671875 0.40601616
vt 0.38671875 0.38574219
f 789/4429 796/4430 811/4431
vt 0.42382812 0.38574219
vt 0.42382812 0.40601616
vt 0.41750299 0.40601616
f 812/4432 797/4433 790/4434
vt 0.38039362 0.40601616
vt 0.38671875 0.38574219
vt 0.38039644 0.38574219
f 789/4435 811/4436 807/4437
vt 0.41750581 0.38574219
vt 0.42382812 0.38574219
vt 0.41750299 0.40601616
f 808/4438 812/4439 790/4440
vt 0.38671875 0.40601616
vt 0.39304388 0.40601616
vt 0.39304106 0.38574219
f 796/4441 800/4442 813/4443
vt 0.43015044 0.38574219
vt 0.43015326 0.40601616
vt 0.42382812 0.40601616
f 814/4444 801/4445 797/4446
vt 0.38671875 0.40601616
vt 0.39304106 0.38574219
vt 0.38671875 0.38574219
f 796/4447 813/4448 811/4449
vt 0.42382812 0.38574219
vt 0.43015044 0.38574219
vt 0.42382812 0.40601616
f 812/4450 814/4451 797/4452
vt 0.39304388 0.40601616
vt 0.39941406 0.40601616
vt 0.39941406 0.38574219
f 800/4453 804/4454 815/4455
vt 0.43652344 0.38574219
vt 0.43652344 0.40601616
vt 0.43015326 0.40601616
f 816/4456 805/4457 801/4458
vt 0.39304388 0.40601616
vt 0.39941406 0.38574219
vt 0.39304106 0.38574219
f 800/4459 815/4460 813/4461
vt 0.43015044 0.38574219
vt 0.43652344 0.38574219
vt 0.43015326 0.40601616
f 814/4462 816/4463 801/4464
vt 0.44824219 0.42089844
vt 0.45605469 0.42089844
vt 0.44824219 0.41308594
f 788/4465 787/4466 792/4467
vt 0.44824219 0.42089844
vt 0.45605469 0.42089844
vt 0.44824219 0.41308594
f 788/4468 792/4469 791/4470
vt 0.44824219 0.42089844
vt 0.45605469 0.42089844
vt 0.44824219 0.41308594
f 787/4471 793/4472 794/4473
vt 0.44824219 0.42089844
vt 0.45605469 0.42089844
vt 0.44824219 0.41308594
f 787/4474 794/4475 792/4476
vt 0.44824219 0.42089844
vt 0.45605469 0.42089844
vt 0.44824219 0.41308594
f 795/4477 788/4478 791/4479
vt 0.44824219 0.42089844
vt 0.45605469 0.42089844
vt 0.44824219 0.41308594
f 795/4480 791/4481 798/4482
vt 0.44824219 0.42089844
vt 0.45605469 0.42089844
vt 0.44824219 0.41308594
f 799/4483 795/4484 798/4485
vt 0.44824219 0.42089844
vt 0.45605469 0.42089844
vt 0.44824219 0.41308594
f 799/4486 798/4487 802/4488
vt 0.44824219 0.42089844
vt 0.45605469 0.42089844
vt 0.44824219 0.41308594
f 803/4489 799/4490 802/4491
vt 0.44824219 0.42089844
vt 0.45605469 0.42089844
vt 0.44824219 0.41308594
f 803/4492 802/4493 806/4494
vt 0.44824219 0.42089844
vt 0.45605469 0.42089844
vt 0.44824219 0.41308594
f 804/4495 803/4496 806/4497
vt 0.44824219 0.42089844
vt 0.45605469 0.42089844
vt 0.44824219 0.41308594
f 804/4498 806/4499 805/4500
vt 0.44824219 0.42089844
vt 0.45605469 0.42089844
vt 0.44824219 0.41308594
f 809/4501 807/4502 808/4503
vt 0.44824219 0.42089844
vt 0.45605469 0.42089844
vt 0.44824219 0.41308594
f 809/4504 808/4505 810/4506
vt 0.44824219 0.42089844
vt 0.45605469 0.42089844
vt 0.44824219 0.41308594
f 793/4507 809/4508 810/4509
vt 0.44824219 0.42089844
vt 0.45605469 0.42089844
vt 0.44824219 0.41308594
f 793/4510 810/4511 794/4512
vt 0.44824219 0.42089844
vt 0.45605469 0.42089844
vt 0.44824219 0.41308594
f 807/4513 811/4514 812/4515
vt 0.44824219 0.42089844
vt 0.45605469 0.42089844
vt 0.44824219 0.41308594
f 807/4516 812/4517 808/4518
vt 0.44824219 0.42089844
vt 0.45605469 0.42089844
vt 0.44824219 0.41308594
f 811/4519 813/4520 814/4521
vt 0.44824219 0.42089844
vt 0.45605469 0.42089844
vt 0.44824219 0.41308594
f 811/4522 814/4523 812/4524
vt 0.44824219 0.42089844
vt 0.45605469 0.42089844
vt 0.44824219 0.41308594
f 815/4525 804/4526 805/4527
vt 0.44824219 0.42089844
vt 0.45605469 0.42089844
vt 0.44824219 0.41308594
f 815/4528 805/4529 816/4530
vt 0.44824219 0.42089844
vt 0.45605469 0.42089844
vt 0.44824219 0.41308594
f 813/4531 815/4532 816/4533
vt 0.44824219 0.42089844
vt 0.45605469 0.42089844
vt 0.44824219 0.41308594
f 813/4534 816/4535 814/4536
vt 0.46777344 0.42089844
vt 0.47451191 0.42089844
vt 0.47453806 0.40592766
f 817/4537 818/4538 819/4539
vt 0.53117869 0.40592766
vt 0.53115254 0.42089844
vt 0.52441406 0.42089844
f 820/4540 821/4541 822/4542
vt 0.46777344 0.42089844
vt 0.47453806 0.40592766
vt 0.46777344 0.40592766
f 817/4543 819/4544 823/4545
vt 0.52441406 0.40592766
vt 0.53117869 0.40592766
vt 0.52441406 0.42089844
f 824/4546 820/4547 822/4548
vt 0.47451191 0.42089844
vt 0.49023438 0.42089844
vt 0.49026221 0.40592766
f 818/4549 825/4550 826/4551
vt 0.54690283 0.40592766
vt 0.54687500 0.42089844
vt 0.53115254 0.42089844
f 827/4552 828/4553 821/4554
vt 0.47451191 0.42089844
vt 0.49026221 0.40592766
vt 0.47453806 0.40592766
f 818/4555 826/4556 819/4557
vt 0.53117869 0.40592766
vt 0.54690283 0.40592766
vt 0.53115254 0.42089844
f 820/4558 827/4559 821/4560
vt 0.49023438 0.42089844
vt 0.50595684 0.42089844
vt 0.50595291 0.40592766
f 825/4561 829/4562 830/4563
vt 0.56259354 0.40592766
vt 0.56259746 0.42089844
vt 0.54687500 0.42089844
f 831/4564 832/4565 828/4566
vt 0.49023438 0.42089844
vt 0.50595291 0.40592766
vt 0.49026221 0.40592766
f 825/4567 830/4568 826/4569
vt 0.54690283 0.40592766
vt 0.56259354 0.40592766
vt 0.54687500 0.42089844
f 827/4570 831/4571 828/4572
vt 0.50595684 0.42089844
vt 0.51269531 0.42089844
vt 0.51269531 0.40592766
f 829/4573 833/4574 834/4575
vt 0.56933594 0.40592766
vt 0.56933594 0.42089844
vt 0.56259746 0.42089844
f 835/4576 836/4577 832/4578
vt 0.50595684 0.42089844
vt 0.51269531 0.40592766
vt 0.50595291 0.40592766
f 829/4579 834/4580 830/4581
vt 0.56259354 0.40592766
vt 0.56933594 0.40592766
vt 0.56259746 0.42089844
f 831/4582 835/4583 832/4584
vt 0.46777344 0.40592766
vt 0.47453806 0.40592766
vt 0.47453448 0.38964844
f 823/4585 819/4586 837/4587
vt 0.53117510 0.38964844
vt 0.53117869 0.40592766
vt 0.52441406 0.40592766
f 838/4588 820/4589 824/4590
vt 0.46777344 0.40592766
vt 0.47453448 0.38964844
vt 0.46777344 0.38964844
f 823/4591 837/4592 839/4593
vt 0.52441406 0.38964844
vt 0.53117510 0.38964844
vt 0.52441406 0.40592766
f 840/4594 838/4595 824/4596
vt 0.47453806 0.40592766
vt 0.49026221 0.40592766
vt 0.49026415 0.38964844
f 819/4597 826/4598 841/4599
vt 0.54690478 0.38964844
vt 0.54690283 0.40592766
vt 0.53117869 0.40592766
f 842/4600 827/4601 820/4602
vt 0.47453806 0.40592766
vt 0.49026415 0.38964844
vt 0.47453448 0.38964844
f 819/4603 841/4604 837/4605
vt 0.53117510 0.38964844
vt 0.54690478 0.38964844
vt 0.53117869 0.40592766
f 838/4606 842/4607 820/4608
vt 0.49026221 0.40592766
vt 0.50595291 0.40592766
vt 0.50595806 0.38964844
f 826/4609 830/4610 843/4611
vt 0.56259869 0.38964844
vt 0.56259354 0.40592766
vt 0.54690283 0.40592766
f 844/4612 831/4613 827/4614
vt 0.49026221 0.40592766
vt 0.50595806 0.38964844
vt 0.49026415 0.38964844
f 826/4615 843/4616 841/4617
vt 0.54690478 0.38964844
vt 0.56259869 0.38964844
vt 0.54690283 0.40592766
f 842/4618 844/4619 827/4620
vt 0.50595291 0.40592766
vt 0.51269531 0.40592766
vt 0.51269531 0.38964844
f 830/4621 834/4622 845/4623
vt 0.56933594 0.38964844
vt 0.56933594 0.40592766
vt 0.56259354 0.40592766
f 846/4624 835/4625 831/4626
vt 0.50595291 0.40592766
vt 0.51269531 0.38964844
vt 0.50595806 0.38964844
f 830/4627 845/4628 843/4629
vt 0.56259869 0.38964844
vt 0.56933594 0.38964844
vt 0.56259354 0.40592766
f 844/4630 846/4631 831/4632
vt 0.58105469 0.42089844
vt 0.58886719 0.42089844
vt 0.58105469 0.41308594
f 818/4633 817/4634 822/4635
vt 0.58105469 0.42089844
vt 0.58886719 0.42089844
vt 0.58105469 0.41308594
f 818/4636 822/4637 821/4638
vt 0.58105469 0.42089844
vt 0.58886719 0.42089844
vt 0.58105469 0.41308594
f 817/4639 823/4640 824/4641
vt 0.58105469 0.42089844
vt 0.58886719 0.42089844
vt 0.58105469 0.41308594
f 817/4642 824/4643 822/4644
vt 0.58105469 0.42089844
vt 0.58886719 0.42089844
vt 0.58105469 0.41308594
f 825/4645 818/4646 821/4647
vt 0.58105469 0.42089844
vt 0.58886719 0.42089844
vt 0.58105469 0.41308594
f 825/4648 821/4649 828/4650
vt 0.58105469 0.42089844
vt 0.58886719 0.42089844
vt 0.58105469 0.41308594
f 829/4651 825/4652 828/4653
vt 0.58105469 0.42089844
vt 0.58886719 0.42089844
vt 0.58105469 0.41308594
f 829/4654 828/4655 832/4656
vt 0.58105469 0.42089844
vt 0.58886719 0.42089844
vt 0.58105469 0.41308594
f 833/4657 829/4658 832/4659
vt 0.58105469 0.42089844
vt 0.58886719 0.42089844
vt 0.58105469 0.41308594
f 833/4660 832/4661 836/4662
vt 0.58105469 0.42089844
vt 0.58886719 0.42089844
vt 0.58105469 0.41308594
f 834/4663 833/4664 836/4665
vt 0.58105469 0.42089844
vt 0.58886719 0.42089844
vt 0.58105469 0.41308594
f 834/4666 836/4667 835/4668
vt 0.58105469 0.42089844
vt 0.58886719 0.42089844
vt 0.58105469 0.41308594
f 839/4669 837/4670 838/4671
vt 0.58105469 0.42089844
vt 0.58886719 0.42089844
vt 0.58105469 0.41308594
f 839/4672 838/4673 840/4674
vt 0.58105469 0.42089844
vt 0.58886719 0.42089844
vt 0.58105469 0.41308594
f 823/4675 839/4676 840/4677
vt 0.58105469 0.42089844
vt 0.58886719 0.42089844
vt 0.58105469 0.41308594
f 823/4678 840/4679 824/4680
vt 0.58105469 0.42089844
vt 0.58886719 0.42089844
vt 0.58105469 0.41308594
f 837/4681 841/4682 842/4683
vt 0.58105469 0.42089844
vt 0.58886719 0.42089844
vt 0.58105469 0.41308594
f 837/4684 842/4685 838/4686
vt 0.58105469 0.42089844
vt 0.58886719 0.42089844
vt 0.58105469 0.41308594
f 841/4687 843/4688 844/4689
vt 0.58105469 0.42089844
vt 0.58886719 0.42089844
vt 0.58105469 0.41308594
f 841/4690 844/4691 842/4692
vt 0.58105469 0.42089844
vt 0.58886719 0.42089844
vt 0.58105469 0.41308594
f 845/4693 834/4694 835/4695
vt 0.58105469 0.42089844
vt 0.58886719 0.42089844
vt 0.58105469 0.41308594
f 845/4696 835/4697 846/4698
vt 0.58105469 0.42089844
vt 0.58886719 0.42089844
vt 0.58105469 0.41308594
f 843/4699 845/4700 846/4701
vt 0.58105469 0.42089844
vt 0.58886719 0.42089844
vt 0.58105469 0.41308594
f 843/4702 846/4703 844/4704
vt 0.60058594 0.42089844
vt 0.60695457 0.42089844
vt 0.60695457 0.41308594
f 847/4705 848/4706 849/4707
vt 0.64406395 0.41308594
vt 0.64406395 0.42089844
vt 0.63769531 0.42089844
f 850/4708 851/4709 852/4710
vt 0.60058594 0.42089844
vt 0.60695457 0.41308594
vt 0.60058594 0.41308594
f 847/4711 849/4712 853/4713
vt 0.63769531 0.41308594
vt 0.64406395 0.41308594
vt 0.63769531 0.42089844
f 854/4714 850/4715 852/4716
vt 0.60695457 0.42089844
vt 0.61328125 0.42089844
vt 0.61328125 0.41308594
f 848/4717 855/4718 856/4719
vt 0.65039062 0.41308594
vt 0.65039062 0.42089844
vt 0.64406395 0.42089844
f 857/4720 858/4721 851/4722
vt 0.60695457 0.42089844
vt 0.61328125 0.41308594
vt 0.60695457 0.41308594
f 848/4723 856/4724 849/4725
vt 0.64406395 0.41308594
vt 0.65039062 0.41308594
vt 0.64406395 0.42089844
f 850/4726 857/4727 851/4728
vt 0.61328125 0.42089844
vt 0.61960793 0.42089844
vt 0.61960793 0.41308594
f 855/4729 859/4730 860/4731
vt 0.65671730 0.41308594
vt 0.65671730 0.42089844
vt 0.65039062 0.42089844
f 861/4732 862/4733 858/4734
vt 0.61328125 0.42089844
vt 0.61960793 0.41308594
vt 0.61328125 0.41308594
f 855/4735 860/4736 856/4737
vt 0.65039062 0.41308594
vt 0.65671730 0.41308594
vt 0.65039062 0.42089844
f 857/4738 861/4739 858/4740
vt 0.61960793 0.42089844
vt 0.62597656 0.42089844
vt 0.62597656 0.41308594
f 859/4741 863/4742 864/4743
vt 0.66308594 0.41308594
vt 0.66308594 0.42089844
vt 0.65671730 0.42089844
f 865/4744 866/4745 862/4746
vt 0.61960793 0.42089844
vt 0.62597656 0.41308594
vt 0.61960793 0.41308594
f 859/4747 864/4748 860/4749
vt 0.65671730 0.41308594
vt 0.66308594 0.41308594
vt 0.65671730 0.42089844
f 861/4750 865/4751 862/4752
vt 0.67480469 0.42089844
vt 0.68261719 0.42089844
vt 0.67480469 0.41308594
f 848/4753 847/4754 852/4755
vt 0.67480469 0.42089844
vt 0.68261719 0.42089844
vt 0.67480469 0.41308594
f 848/4756 852/4757 851/4758
vt 0.67480469 0.42089844
vt 0.68261719 0.42089844
vt 0.67480469 0.41308594
f 853/4759 849/4760 850/4761
vt 0.67480469 0.42089844
vt 0.68261719 0.42089844
vt 0.67480469 0.41308594
f 853/4762 850/4763 854/4764
vt 0.67480469 0.42089844
vt 0.68261719 0.42089844
vt 0.67480469 0.41308594
f 847/4765 853/4766 854/4767
vt 0.67480469 0.42089844
vt 0.68261719 0.42089844
vt 0.67480469 0.41308594
f 847/4768 854/4769 852/4770
vt 0.67480469 0.42089844
vt 0.68261719 0.42089844
vt 0.67480469 0.41308594
f 855/4771 848/4772 851/4773
vt 0.67480469 0.42089844
vt 0.68261719 0.42089844
vt 0.67480469 0.41308594
f 855/4774 851/4775 858/4776
vt 0.67480469 0.42089844
vt 0.68261719 0.42089844
vt 0.67480469 0.41308594
f 849/4777 856/4778 857/4779
vt 0.67480469 0.42089844
vt 0.68261719 0.42089844
vt 0.67480469 0.41308594
f 849/4780 857/4781 850/4782
vt 0.67480469 0.42089844
vt 0.68261719 0.42089844
vt 0.67480469 0.41308594
f 859/4783 855/4784 858/4785
vt 0.67480469 0.42089844
vt 0.68261719 0.42089844
vt 0.67480469 0.41308594
f 859/4786 858/4787 862/4788
vt 0.67480469 0.42089844
vt 0.68261719 0.42089844
vt 0.67480469 0.41308594
f 856/4789 860/4790 861/4791
vt 0.67480469 0.42089844
vt 0.68261719 0.42089844
vt 0.67480469 0.41308594
f 856/4792 861/4793 857/4794
vt 0.67480469 0.42089844
vt 0.68261719 0.42089844
vt 0.67480469 0.41308594
f 863/4795 859/4796 862/4797
vt 0.67480469 0.42089844
vt 0.68261719 0.42089844
vt 0.67480469 0.41308594
f 863/4798 862/4799 866/4800
vt 0.67480469 0.42089844
vt 0.68261719 0.42089844
vt 0.67480469 0.41308594
f 864/4801 863/4802 866/4803
vt 0.67480469 0.42089844
vt 0.68261719 0.42089844
vt 0.67480469 0.41308594
f 864/4804 866/4805 865/4806
vt 0.67480469 0.42089844
vt 0.68261719 0.42089844
vt 0.67480469 0.41308594
f 860/4807 864/4808 865/4809
vt 0.67480469 0.42089844
vt 0.68261719 0.42089844
vt 0.67480469 0.41308594
f 860/4810 865/4811 861/4812
vt 0.69433594 0.42089844
vt 0.70070894 0.42089844
vt 0.70070894 0.41308594
f 867/4813 868/4814 869/4815
vt 0.73781831 0.41308594
vt 0.73781831 0.42089844
vt 0.73144531 0.42089844
f 870/4816 871/4817 872/4818
vt 0.69433594 0.42089844
vt 0.70070894 0.41308594
vt 0.69433594 0.41308594
f 867/4819 869/4820 873/4821
vt 0.73144531 0.41308594
vt 0.73781831 0.41308594
vt 0.73144531 0.42089844
f 874/4822 870/4823 872/4824
vt 0.70070894 0.42089844
vt 0.70703125 0.42089844
vt 0.70703125 0.41308594
f 868/4825 875/4826 876/4827
vt 0.74414062 0.41308594
vt 0.74414062 0.42089844
vt 0.73781831 0.42089844
f 877/4828 878/4829 871/4830
vt 0.70070894 0.42089844
vt 0.70703125 0.41308594
vt 0.70070894 0.41308594
f 868/4831 876/4832 869/4833
vt 0.73781831 0.41308594
vt 0.74414062 0.41308594
vt 0.73781831 0.42089844
f 870/4834 877/4835 871/4836
vt 0.70703125 0.42089844
vt 0.71335356 0.42089844
vt 0.71335356 0.41308594
f 875/4837 879/4838 880/4839
vt 0.75046294 0.41308594
vt 0.75046294 0.42089844
vt 0.74414062 0.42089844
f 881/4840 882/4841 878/4842
vt 0.70703125 0.42089844
vt 0.71335356 0.41308594
vt 0.70703125 0.41308594
f 875/4843 880/4844 876/4845
vt 0.74414062 0.41308594
vt 0.75046294 0.41308594
vt 0.74414062 0.42089844
f 877/4846 881/4847 878/4848
vt 0.71335356 0.42089844
vt 0.71972656 0.42089844
vt 0.71972656 0.41308594
f 879/4849 883/4850 884/4851
vt 0.75683594 0.41308594
vt 0.75683594 0.42089844
vt 0.75046294 0.42089844
f 885/4852 886/4853 882/4854
vt 0.71335356 0.42089844
vt 0.71972656 0.41308594
vt 0.71335356 0.41308594
f 879/4855 884/4856 880/4857
vt 0.75046294 0.41308594
vt 0.75683594 0.41308594
vt 0.75046294 0.42089844
f 881/4858 885/4859 882/4860
vt 0.76855469 0.42089844
vt 0.77636719 0.42089844
vt 0.76855469 0.41308594
f 868/4861 867/4862 872/4863
vt 0.76855469 0.42089844
vt 0.77636719 0.42089844
vt 0.76855469 0.41308594
f 868/4864 872/4865 871/4866
vt 0.76855469 0.42089844
vt 0.77636719 0.42089844
vt 0.76855469 0.41308594
f 873/4867 869/4868 870/4869
vt 0.76855469 0.42089844
vt 0.77636719 0.42089844
vt 0.76855469 0.41308594
f 873/4870 870/4871 874/4872
vt 0.76855469 0.42089844
vt 0.77636719 0.42089844
vt 0.76855469 0.41308594
f 867/4873 873/4874 874/4875
vt 0.76855469 0.42089844
vt 0.77636719 0.42089844
vt 0.76855469 0.41308594
f 867/4876 874/4877 872/4878
vt 0.76855469 0.42089844
vt 0.77636719 0.42089844
vt 0.76855469 0.41308594
f 875/4879 868/4880 871/4881
vt 0.76855469 0.42089844
vt 0.77636719 0.42089844
vt 0.76855469 0.41308594
f 875/4882 871/4883 878/4884
vt 0.76855469 0.42089844
vt 0.77636719 0.42089844
vt 0.76855469 0.41308594
f 869/4885 876/4886 877/4887
vt 0.76855469 0.42089844
vt 0.77636719 0.42089844
vt 0.76855469 0.41308594
f 869/4888 877/4889 870/4890
vt 0.76855469 0.42089844
vt 0.77636719 0.42089844
vt 0.76855469 0.41308594
f 879/4891 875/4892 878/4893
vt 0.76855469 0.42089844
vt 0.77636719 0.42089844
vt 0.76855469 0.41308594
f 879/4894 878/4895 882/4896
vt 0.76855469 0.42089844
vt 0.77636719 0.42089844
vt 0.76855469 0.41308594
f 876/4897 880/4898 881/4899
vt 0.76855469 0.42089844
vt 0.77636719 0.42089844
vt 0.76855469 0.41308594
f 876/4900 881/4901 877/4902
vt 0.76855469 0.42089844
vt 0.77636719 0.42089844
vt 0.76855469 0.41308594
f 883/4903 879/4904 882/4905
vt 0.76855469 0.42089844
vt 0.77636719 0.42089844
vt 0.76855469 0.41308594
f 883/4906 882/4907 886/4908
vt 0.76855469 0.42089844
vt 0.77636719 0.42089844
vt 0.76855469 0.41308594
f 884/4909 883/4910 886/4911
vt 0.76855469 0.42089844
vt 0.77636719 0.42089844
vt 0.76855469 0.41308594
f 884/4912 886/4913 885/4914
vt 0.76855469 0.42089844
vt 0.77636719 0.42089844
vt 0.76855469 0.41308594
f 880/4915 884/4916 885/4917
vt 0.76855469 0.42089844
vt 0.77636719 0.42089844
vt 0.76855469 0.41308594
f 880/4918 885/4919 881/4920
vt 0.78808594 0.42089844
vt 0.79445958 0.42089844
vt 0.79445469 0.40666349
f 887/4921 888/4922 889/4923
vt 0.83156407 0.40666349
vt 0.83156896 0.42089844
vt 0.82519531 0.42089844
f 890/4924 891/4925 892/4926
vt 0.78808594 0.42089844
vt 0.79445469 0.40666349
vt 0.78808594 0.40666349
f 887/4927 889/4928 893/4929
vt 0.82519531 0.40666349
vt 0.83156407 0.40666349
vt 0.82519531 0.42089844
f 894/4930 890/4931 892/4932
vt 0.79445958 0.42089844
vt 0.80078125 0.42089844
vt 0.80078125 0.40666349
f 888/4933 895/4934 896/4935
vt 0.83789062 0.40666349
vt 0.83789062 0.42089844
vt 0.83156896 0.42089844
f 897/4936 898/4937 891/4938
vt 0.79445958 0.42089844
vt 0.80078125 0.40666349
vt 0.79445469 0.40666349
f 888/4939 896/4940 889/4941
vt 0.83156407 0.40666349
vt 0.83789062 0.40666349
vt 0.83156896 0.42089844
f 890/4942 897/4943 891/4944
vt 0.80078125 0.42089844
vt 0.80710292 0.42089844
vt 0.80710781 0.40666349
f 895/4945 899/4946 900/4947
vt 0.84421718 0.40666349
vt 0.84421229 0.42089844
vt 0.83789062 0.42089844
f 901/4948 902/4949 898/4950
vt 0.80078125 0.42089844
vt 0.80710781 0.40666349
vt 0.80078125 0.40666349
f 895/4951 900/4952 896/4953
vt 0.83789062 0.40666349
vt 0.84421718 0.40666349
vt 0.83789062 0.42089844
f 897/4954 901/4955 898/4956
vt 0.80710292 0.42089844
vt 0.81347656 0.42089844
vt 0.81347656 0.40666349
f 899/4957 903/4958 904/4959
vt 0.85058594 0.40666349
vt 0.85058594 0.42089844
vt 0.84421229 0.42089844
f 905/4960 906/4961 902/4962
vt 0.80710292 0.42089844
vt 0.81347656 0.40666349
vt 0.80710781 0.40666349
f 899/4963 904/4964 900/4965
vt 0.84421718 0.40666349
vt 0.85058594 0.40666349
vt 0.84421229 0.42089844
f 901/4966 905/4967 902/4968
vt 0.78808594 0.40666349
vt 0.79445469 0.40666349
vt 0.79445457 0.39355469
f 893/4969 889/4970 907/4971
vt 0.83156395 0.39355469
vt 0.83156407 0.40666349
vt 0.82519531 0.40666349
f 908/4972 890/4973 894/4974
vt 0.78808594 0.40666349
vt 0.79445457 0.39355469
vt 0.78808594 0.39355469
f 893/4975 907/4976 909/4977
vt 0.82519531 0.39355469
vt 0.83156395 0.39355469
vt 0.82519531 0.40666349
f 910/4978 908/4979 894/4980
vt 0.79445469 0.40666349
vt 0.80078125 0.40666349
vt 0.80078125 0.39355469
f 889/4981 896/4982 911/4983
vt 0.83789062 0.39355469
vt 0.83789062 0.40666349
vt 0.83156407 0.40666349
f 912/4984 897/4985 890/4986
vt 0.79445469 0.40666349
vt 0.80078125 0.39355469
vt 0.79445457 0.39355469
f 889/4987 911/4988 907/4989
vt 0.83156395 0.39355469
vt 0.83789062 0.39355469
vt 0.83156407 0.40666349
f 908/4990 912/4991 890/4992
vt 0.80078125 0.40666349
vt 0.80710781 0.40666349
vt 0.80710793 0.39355469
f 896/4993 900/4994 913/4995
vt 0.84421730 0.39355469
vt 0.84421718 0.40666349
vt 0.83789062 0.40666349
f 914/4996 901/4997 897/4998
vt 0.80078125 0.40666349
vt 0.80710793 0.39355469
vt 0.80078125 0.39355469
f 896/4999 913/5000 911/5001
vt 0.83789062 0.39355469
vt 0.84421730 0.39355469
vt 0.83789062 0.40666349
f 912/5002 914/5003 897/5004
vt 0.80710781 0.40666349
vt 0.81347656 0.40666349
vt 0.81347656 0.39355469
f 900/5005 904/5006 915/5007
vt 0.85058594 0.39355469
vt 0.85058594 0.40666349
vt 0.84421718 0.40666349
f 916/5008 905/5009 901/5010
vt 0.80710781 0.40666349
vt 0.81347656 0.39355469
vt 0.80710793 0.39355469
f 900/5011 915/5012 913/5013
vt 0.84421730 0.39355469
vt 0.85058594 0.39355469
vt 0.84421718 0.40666349
f 914/5014 916/5015 901/5016
vt 0.86230469 0.42089844
vt 0.87011719 0.42089844
vt 0.86230469 0.41308594
f 888/5017 887/5018 892/5019
vt 0.86230469 0.42089844
vt 0.87011719 0.42089844
vt 0.86230469 0.41308594
f 888/5020 892/5021 891/5022
vt 0.86230469 0.42089844
vt 0.87011719 0.42089844
vt 0.86230469 0.41308594
f 887/5023 893/5024 894/5025
vt 0.86230469 0.42089844
vt 0.87011719 0.42089844
vt 0.86230469 0.41308594
f 887/5026 894/5027 892/5028
vt 0.86230469 0.42089844
vt 0.87011719 0.42089844
vt 0.86230469 0.41308594
f 895/5029 888/5030 891/5031
vt 0.86230469 0.42089844
vt 0.87011719 0.42089844
vt 0.86230469 0.41308594
f 895/5032 891/5033 898/5034
vt 0.86230469 0.42089844
vt 0.87011719 0.42089844
vt 0.86230469 0.41308594
f 899/5035 895/5036 898/5037
vt 0.86230469 0.42089844
vt 0.87011719 0.42089844
vt 0.86230469 0.41308594
f 899/5038 898/5039 902/5040
vt 0.86230469 0.42089844
vt 0.87011719 0.42089844
vt 0.86230469 0.41308594
f 903/5041 899/5042 902/5043
vt 0.86230469 0.42089844
vt 0.87011719 0.42089844
vt 0.86230469 0.41308594
f 903/5044 902/5045 906/5046
vt 0.86230469 0.42089844
vt 0.87011719 0.42089844
vt 0.86230469 0.41308594
f 904/5047 903/5048 906/5049
vt 0.86230469 0.42089844
vt 0.87011719 0.42089844
vt 0.86230469 0.41308594
f 904/5050 906/5051 905/5052
vt 0.86230469 0.42089844
vt 0.87011719 0.42089844
vt 0.86230469 0.41308594
f 909/5053 907/5054 908/5055
vt 0.86230469 0.42089844
vt 0.87011719 0.42089844
vt 0.86230469 0.41308594
f 909/5056 908/5057 910/5058
vt 0.86230469 0.42089844
vt 0.87011719 0.42089844
vt 0.86230469 0.41308594
f 893/5059 909/5060 910/5061
vt 0.86230469 0.42089844
vt 0.87011719 0.42089844
vt 0.86230469 0.41308594
f 893/5062 910/5063 894/5064
vt 0.86230469 0.42089844
vt 0.87011719 0.42089844
vt 0.86230469 0.41308594
f 907/5065 911/5066 912/5067
vt 0.86230469 0.42089844
vt 0.87011719 0.42089844
vt 0.86230469 0.41308594
f 907/5068 912/5069 908/5070
vt 0.86230469 0.42089844
vt 0.87011719 0.42089844
vt 0.86230469 0.41308594
f 911/5071 913/5072 914/5073
vt 0.86230469 0.42089844
vt 0.87011719 0.42089844
vt 0.86230469 0.41308594
f 911/5074 914/5075 912/5076
vt 0.86230469 0.42089844
vt 0.87011719 0.42089844
vt 0.86230469 0.41308594
f 915/5077 904/5078 905/5079
vt 0.86230469 0.42089844
vt 0.87011719 0.42089844
vt 0.86230469 0.41308594
f 915/5080 905/5081 916/5082
vt 0.86230469 0.42089844
vt 0.87011719 0.42089844
vt 0.86230469 0.41308594
f 913/5083 915/5084 916/5085
vt 0.86230469 0.42089844
vt 0.87011719 0.42089844
vt 0.86230469 0.41308594
f 913/5086 916/5087 914/5088
vt 0.88183594 0.42089844
vt 0.88820776 0.42089844
vt 0.88820612 0.40601616
f 917/5089 918/5090 919/5091
vt 0.92531549 0.40601616
vt 0.92531713 0.42089844
vt 0.91894531 0.42089844
f 920/5092 921/5093 922/5094
vt 0.88183594 0.42089844
vt 0.88820612 0.40601616
vt 0.88183594 0.40601616
f 917/5095 919/5096 923/5097
vt 0.91894531 0.40601616
vt 0.92531549 0.40601616
vt 0.91894531 0.42089844
f 924/5098 920/5099 922/5100
vt 0.88820776 0.42089844
vt 0.89453125 0.42089844
vt 0.89453125 0.40601616
f 918/5101 925/5102 926/5103
vt 0.93164062 0.40601616
vt 0.93164062 0.42089844
vt 0.92531713 0.42089844
f 927/5104 928/5105 921/5106
vt 0.88820776 0.42089844
vt 0.89453125 0.40601616
vt 0.88820612 0.40601616
f 918/5107 926/5108 919/5109
vt 0.92531549 0.40601616
vt 0.93164062 0.40601616
vt 0.92531713 0.42089844
f 920/5110 927/5111 921/5112
vt 0.89453125 0.42089844
vt 0.90085474 0.42089844
vt 0.90085638 0.40601616
f 925/5113 929/5114 930/5115
vt 0.93796576 0.40601616
vt 0.93796412 0.42089844
vt 0.93164062 0.42089844
f 931/5116 932/5117 928/5118
vt 0.89453125 0.42089844
vt 0.90085638 0.40601616
vt 0.89453125 0.40601616
f 925/5119 930/5120 926/5121
vt 0.93164062 0.40601616
vt 0.93796576 0.40601616
vt 0.93164062 0.42089844
f 927/5122 931/5123 928/5124
vt 0.90085474 0.42089844
vt 0.90722656 0.42089844
vt 0.90722656 0.40601616
f 929/5125 933/5126 934/5127
vt 0.94433594 0.40601616
vt 0.94433594 0.42089844
vt 0.93796412 0.42089844
f 935/5128 936/5129 932/5130
vt 0.90085474 0.42089844
vt 0.90722656 0.40601616
vt 0.90085638 0.40601616
f 929/5131 934/5132 930/5133
vt 0.93796576 0.40601616
vt 0.94433594 0.40601616
vt 0.93796412 0.42089844
f 931/5134 935/5135 932/5136
vt 0.88183594 0.40601616
vt 0.88820612 0.40601616
vt 0.88820894 0.38574219
f 923/5137 919/5138 937/5139
vt 0.92531831 0.38574219
vt 0.92531549 0.40601616
vt 0.91894531 0.40601616
f 938/5140 920/5141 924/5142
vt 0.88183594 0.40601616
vt 0.88820894 0.38574219
vt 0.88183594 0.38574219
f 923/5143 937/5144 939/5145
vt 0.91894531 0.38574219
vt 0.92531831 0.38574219
vt 0.91894531 0.40601616
f 940/5146 938/5147 924/5148
vt 0.88820612 0.40601616
vt 0.89453125 0.40601616
vt 0.89453125 0.38574219
f 919/5149 926/5150 941/5151
vt 0.93164062 0.38574219
vt 0.93164062 0.40601616
vt 0.92531549 0.40601616
f 942/5152 927/5153 920/5154
vt 0.88820612 0.40601616
vt 0.89453125 0.38574219
vt 0.88820894 0.38574219
f 919/5155 941/5156 937/5157
vt 0.92531831 0.38574219
vt 0.93164062 0.38574219
vt 0.92531549 0.40601616
f 938/5158 942/5159 920/5160
vt 0.89453125 0.40601616
vt 0.90085638 0.40601616
vt 0.90085356 0.38574219
f 926/5161 930/5162 943/5163
vt 0.93796294 0.38574219
vt 0.93796576 0.40601616
vt 0.93164062 0.40601616
f 944/5164 931/5165 927/5166
vt 0.89453125 0.40601616
vt 0.90085356 0.38574219
vt 0.89453125 0.38574219
f 926/5167 943/5168 941/5169
vt 0.93164062 0.38574219
vt 0.93796294 0.38574219
vt 0.93164062 0.40601616
f 942/5170 944/5171 927/5172
vt 0.90085638 0.40601616
vt 0.90722656 0.40601616
vt 0.90722656 0.38574219
f 930/5173 934/5174 945/5175
vt 0.94433594 0.38574219
vt 0.94433594 0.40601616
vt 0.93796576 0.40601616
f 946/5176 935/5177 931/5178
vt 0.90085638 0.40601616
vt 0.90722656 0.38574219
vt 0.90085356 0.38574219
f 930/5179 945/5180 943/5181
vt 0.93796294 0.38574219
vt 0.94433594 0.38574219
vt 0.93796576 0.40601616
f 944/5182 946/5183 931/5184
vt 0.95605469 0.42089844
vt 0.96386719 0.42089844
vt 0.95605469 0.41308594
f 918/5185 917/5186 922/5187
vt 0.95605469 0.42089844
vt 0.96386719 0.42089844
vt 0.95605469 0.41308594
f 918/5188 922/5189 921/5190
vt 0.95605469 0.42089844
vt 0.96386719 0.42089844
vt 0.95605469 0.41308594
f 917/5191 923/5192 924/5193
vt 0.95605469 0.42089844
vt 0.96386719 0.42089844
vt 0.95605469 0.41308594
f 917/5194 924/5195 922/5196
vt 0.95605469 0.42089844
vt 0.96386719 0.42089844
vt 0.95605469 0.41308594
f 925/5197 918/5198 921/5199
vt 0.95605469 0.42089844
vt 0.96386719 0.42089844
vt 0.95605469 0.41308594
f 925/5200 921/5201 928/5202
vt 0.95605469 0.42089844
vt 0.96386719 0.42089844
vt 0.95605469 0.41308594
f 929/5203 925/5204 928/5205
vt 0.95605469 0.42089844
vt 0.96386719 0.42089844
vt 0.95605469 0.41308594
f 929/5206 928/5207 932/5208
vt 0.95605469 0.42089844
vt 0.96386719 0.42089844
vt 0.95605469 0.41308594
f 933/5209 929/5210 932/5211
vt 0.95605469 0.42089844
vt 0.96386719 0.42089844
vt 0.95605469 0.41308594
f 933/5212 932/5213 936/5214
vt 0.95605469 0.42089844
vt 0.96386719 0.42089844
vt 0.95605469 0.41308594
f 934/5215 933/5216 936/5217
vt 0.95605469 0.42089844
vt 0.96386719 0.42089844
vt 0.95605469 0.41308594
f 934/5218 936/5219 935/5220
vt 0.95605469 0.42089844
vt 0.96386719 0.42089844
vt 0.95605469 0.41308594
f 939/5221 937/5222 938/5223
vt 0.95605469 0.42089844
vt 0.96386719 0.42089844
vt 0.95605469 0.41308594
f 939/5224 938/5225 940/5226
vt 0.95605469 0.42089844
vt 0.96386719 0.42089844
vt 0.95605469 0.41308594
f 923/5227 939/5228 940/5229
vt 0.95605469 0.42089844
vt 0.96386719 0.42089844
vt 0.95605469 0.41308594
f 923/5230 940/5231 924/5232
vt 0.95605469 0.42089844
vt 0.96386719 0.42089844
vt 0.95605469 0.41308594
f 937/5233 941/5234 942/5235
vt 0.95605469 0.42089844
vt 0.96386719 0.42089844
vt 0.95605469 0.41308594
f 937/5236 942/5237 938/5238
vt 0.95605469 0.42089844
vt 0.96386719 0.42089844
vt 0.95605469 0.41308594
f 941/5239 943/5240 944/5241
vt 0.95605469 0.42089844
vt 0.96386719 0.42089844
vt 0.95605469 0.41308594
f 941/5242 944/5243 942/5244
vt 0.95605469 0.42089844
vt 0.96386719 0.42089844
vt 0.95605469 0.41308594
f 945/5245 934/5246 935/5247
vt 0.95605469 0.42089844
vt 0.96386719 0.42089844
vt 0.95605469 0.41308594
f 945/5248 935/5249 946/5250
vt 0.95605469 0.42089844
vt 0.96386719 0.42089844
vt 0.95605469 0.41308594
f 943/5251 945/5252 946/5253
vt 0.95605469 0.42089844
vt 0.96386719 0.42089844
vt 0.95605469 0.41308594
f 943/5254 946/5255 944/5256
vt 0.00292969 0.37402344
vt 0.00966816 0.37402344
vt 0.00967209 0.35905266
f 947/5257 948/5258 949/5259
vt 0.06631271 0.35905266
vt 0.06630879 0.37402344
vt 0.05957031 0.37402344
f 950/5260 951/5261 952/5262
vt 0.00292969 0.37402344
vt 0.00967209 0.35905266
vt 0.00292969 0.35905266
f 947/5263 949/5264 953/5265
vt 0.05957031 0.35905266
vt 0.06631271 0.35905266
vt 0.05957031 0.37402344
f 954/5266 950/5267 952/5268
vt 0.00966816 0.37402344
vt 0.02539063 0.37402344
vt 0.02536279 0.35905266
f 948/5269 955/5270 956/5271
vt 0.08200342 0.35905266
vt 0.08203125 0.37402344
vt 0.06630879 0.37402344
f 957/5272 958/5273 951/5274
vt 0.00966816 0.37402344
vt 0.02536279 0.35905266
vt 0.00967209 0.35905266
f 948/5275 956/5276 949/5277
vt 0.06631271 0.35905266
vt 0.08200342 0.35905266
vt 0.06630879 0.37402344
f 950/5278 957/5279 951/5280
vt 0.02539063 0.37402344
vt 0.04111309 0.37402344
vt 0.04108694 0.35905266
f 955/5281 959/5282 960/5283
vt 0.09772756 0.35905266
vt 0.09775371 0.37402344
vt 0.08203125 0.37402344
f 961/5284 962/5285 958/5286
vt 0.02539063 0.37402344
vt 0.04108694 0.35905266
vt 0.02536279 0.35905266
f 955/5287 960/5288 956/5289
vt 0.08200342 0.35905266
vt 0.09772756 0.35905266
vt 0.08203125 0.37402344
f 957/5290 961/5291 958/5292
vt 0.04111309 0.37402344
vt 0.04785156 0.37402344
vt 0.04785156 0.35905266
f 959/5293 963/5294 964/5295
vt 0.10449219 0.35905266
vt 0.10449219 0.37402344
vt 0.09775371 0.37402344
f 965/5296 966/5297 962/5298
vt 0.04111309 0.37402344
vt 0.04785156 0.35905266
vt 0.04108694 0.35905266
f 959/5299 964/5300 960/5301
vt 0.09772756 0.35905266
vt 0.10449219 0.35905266
vt 0.09775371 0.37402344
f 961/5302 965/5303 962/5304
vt 0.00292969 0.35905266
vt 0.00967209 0.35905266
vt 0.00966694 0.34277344
f 953/5305 949/5306 967/5307
vt 0.06630756 0.34277344
vt 0.06631271 0.35905266
vt 0.05957031 0.35905266
f 968/5308 950/5309 954/5310
vt 0.00292969 0.35905266
vt 0.00966694 0.34277344
vt 0.00292969 0.34277344
f 953/5311 967/5312 969/5313
vt 0.05957031 0.34277344
vt 0.06630756 0.34277344
vt 0.05957031 0.35905266
f 970/5314 968/5315 954/5316
vt 0.00967209 0.35905266
vt 0.02536279 0.35905266
vt 0.02536085 0.34277344
f 949/5317 956/5318 971/5319
vt 0.08200147 0.34277344
vt 0.08200342 0.35905266
vt 0.06631271 0.35905266
f 972/5320 957/5321 950/5322
vt 0.00967209 0.35905266
vt 0.02536085 0.34277344
vt 0.00966694 0.34277344
f 949/5323 971/5324 967/5325
vt 0.06630756 0.34277344
vt 0.08200147 0.34277344
vt 0.06631271 0.35905266
f 968/5326 972/5327 950/5328
vt 0.02536279 0.35905266
vt 0.04108694 0.35905266
vt 0.04109052 0.34277344
f 956/5329 960/5330 973/5331
vt 0.09773115 0.34277344
vt 0.09772756 0.35905266
vt 0.08200342 0.35905266
f 974/5332 961/5333 957/5334
vt 0.02536279 0.35905266
vt 0.04109052 0.34277344
vt 0.02536085 0.34277344
f 956/5335 973/5336 971/5337
vt 0.08200147 0.34277344
vt 0.09773115 0.34277344
vt 0.08200342 0.35905266
f 972/5338 974/5339 957/5340
vt 0.04108694 0.35905266
vt 0.04785156 0.35905266
vt 0.04785156 0.34277344
f 960/5341 964/5342 975/5343
vt 0.10449219 0.34277344
vt 0.10449219 0.35905266
vt 0.09772756 0.35905266
f 976/5344 965/5345 961/5346
vt 0.04108694 0.35905266
vt 0.04785156 0.34277344
vt 0.04109052 0.34277344
f 960/5347 975/5348 973/5349
vt 0.09773115 0.34277344
vt 0.10449219 0.34277344
vt 0.09772756 0.35905266
f 974/5350 976/5351 961/5352
vt 0.11621094 0.37402344
vt 0.12402344 0.37402344
vt 0.11621094 0.36621094
f 948/5353 947/5354 952/5355
vt 0.11621094 0.37402344
vt 0.12402344 0.37402344
vt 0.11621094 0.36621094
f 948/5356 952/5357 951/5358
vt 0.11621094 0.37402344
vt 0.12402344 0.37402344
vt 0.11621094 0.36621094
f 947/5359 953/5360 954/5361
vt 0.11621094 0.37402344
vt 0.12402344 0.37402344
vt 0.11621094 0.36621094
f 947/5362 954/5363 952/5364
vt 0.11621094 0.37402344
vt 0.12402344 0.37402344
vt 0.11621094 0.36621094
f 955/5365 948/5366 951/5367
vt 0.11621094 0.37402344
vt 0.12402344 0.37402344
vt 0.11621094 0.36621094
f 955/5368 951/5369 958/5370
vt 0.11621094 0.37402344
vt 0.12402344 0.37402344
vt 0.11621094 0.36621094
f 959/5371 955/5372 958/5373
vt 0.11621094 0.37402344
vt 0.12402344 0.37402344
vt 0.11621094 0.36621094
f 959/5374 958/5375 962/5376
vt 0.11621094 0.37402344
vt 0.12402344 0.37402344
vt 0.11621094 0.36621094
f 963/5377 959/5378 962/5379
vt 0.11621094 0.37402344
vt 0.12402344 0.37402344
vt 0.11621094 0.36621094
f 963/5380 962/5381 966/5382
vt 0.11621094 0.37402344
vt 0.12402344 0.37402344
vt 0.11621094 0.36621094
f 964/5383 963/5384 966/5385
vt 0.11621094 0.37402344
vt 0.12402344 0.37402344
vt 0.11621094 0.36621094
f 964/5386 966/5387 965/5388
vt 0.11621094 0.37402344
vt 0.12402344 0.37402344
vt 0.11621094 0.36621094
f 969/5389 967/5390 968/5391
vt 0.11621094 0.37402344
vt 0.12402344 0.37402344
vt 0.11621094 0.36621094
f 969/5392 968/5393 970/5394
vt 0.11621094 0.37402344
vt 0.12402344 0.37402344
vt 0.11621094 0.36621094
f 953/5395 969/5396 970/5397
vt 0.11621094 0.37402344
vt 0.12402344 0.37402344
vt 0.11621094 0.36621094
f 953/5398 970/5399 954/5400
vt 0.11621094 0.37402344
vt 0.12402344 0.37402344
vt 0.11621094 0.36621094
f 967/5401 971/5402 972/5403
vt 0.11621094 0.37402344
vt 0.12402344 0.37402344
vt 0.11621094 0.36621094
f 967/5404 972/5405 968/5406
vt 0.11621094 0.37402344
vt 0.12402344 0.37402344
vt 0.11621094 0.36621094
f 971/5407 973/5408 974/5409
vt 0.11621094 0.37402344
vt 0.12402344 0.37402344
vt 0.11621094 0.36621094
f 971/5410 974/5411 972/5412
vt 0.11621094 0.37402344
vt 0.12402344 0.37402344
vt 0.11621094 0.36621094
f 975/5413 964/5414 965/5415
vt 0.11621094 0.37402344
vt 0.12402344 0.37402344
vt 0.11621094 0.36621094
f 975/5416 965/5417 976/5418
vt 0.11621094 0.37402344
vt 0.12402344 0.37402344
vt 0.11621094 0.36621094
f 973/5419 975/5420 976/5421
vt 0.11621094 0.37402344
vt 0.12402344 0.37402344
vt 0.11621094 0.36621094
f 973/5422 976/5423 974/5424
vt 0.13574219 0.37402344
vt 0.14211082 0.37402344
vt 0.14211082 0.36621094
f 977/5425 978/5426 979/5427
vt 0.17922020 0.36621094
vt 0.17922020 0.37402344
vt 0.17285156 0.37402344
f 980/5428 981/5429 982/5430
vt 0.13574219 0.37402344
vt 0.14211082 0.36621094
vt 0.13574219 0.36621094
f 977/5431 979/5432 983/5433
vt 0.17285156 0.36621094
vt 0.17922020 0.36621094
vt 0.17285156 0.37402344
f 984/5434 980/5435 982/5436
vt 0.14211082 0.37402344
vt 0.14843750 0.37402344
vt 0.14843750 0.36621094
f 978/5437 985/5438 986/5439
vt 0.18554688 0.36621094
vt 0.18554688 0.37402344
vt 0.17922020 0.37402344
f 987/5440 988/5441 981/5442
vt 0.14211082 0.37402344
vt 0.14843750 0.36621094
vt 0.14211082 0.36621094
f 978/5443 986/5444 979/5445
vt 0.17922020 0.36621094
vt 0.18554688 0.36621094
vt 0.17922020 0.37402344
f 980/5446 987/5447 981/5448
vt 0.14843750 0.37402344
vt 0.15476418 0.37402344
vt 0.15476418 0.36621094
f 985/5449 989/5450 990/5451
vt 0.19187355 0.36621094
vt 0.19187355 0.37402344
vt 0.18554688 0.37402344
f 991/5452 992/5453 988/5454
vt 0.14843750 0.37402344
vt 0.15476418 0.36621094
vt 0.14843750 0.36621094
f 985/5455 990/5456 986/5457
vt 0.18554688 0.36621094
vt 0.19187355 0.36621094
vt 0.18554688 0.37402344
f 987/5458 991/5459 988/5460
vt 0.15476418 0.37402344
vt 0.16113281 0.37402344
vt 0.16113281 0.36621094
f 989/5461 993/5462 994/5463
vt 0.19824219 0.36621094
vt 0.19824219 0.37402344
vt 0.19187355 0.37402344
f 995/5464 996/5465 992/5466
vt 0.15476418 0.37402344
vt 0.16113281 0.36621094
vt 0.15476418 0.36621094
f 989/5467 994/5468 990/5469
vt 0.19187355 0.36621094
vt 0.19824219 0.36621094
vt 0.19187355 0.37402344
f 991/5470 995/5471 992/5472
vt 0.20996094 0.37402344
vt 0.21777344 0.37402344
vt 0.20996094 0.36621094
f 978/5473 977/5474 982/5475
vt 0.20996094 0.37402344
vt 0.21777344 0.37402344
vt 0.20996094 0.36621094
f 978/5476 982/5477 981/5478
vt 0.20996094 0.37402344
vt 0.21777344 0.37402344
vt 0.20996094 0.36621094
f 983/5479 979/5480 980/5481
vt 0.20996094 0.37402344
vt 0.21777344 0.37402344
vt 0.20996094 0.36621094
f 983/5482 980/5483 984/5484
vt 0.20996094 0.37402344
vt 0.21777344 0.37402344
vt 0.20996094 0.36621094
f 977/5485 983/5486 984/5487
vt 0.20996094 0.37402344
vt 0.21777344 0.37402344
vt 0.20996094 0.36621094
f 977/5488 984/5489 982/5490
vt 0.20996094 0.37402344
vt 0.21777344 0.37402344
vt 0.20996094 0.36621094
f 985/5491 978/5492 981/5493
vt 0.20996094 0.37402344
vt 0.21777344 0.37402344
vt 0.20996094 0.36621094
f 985/5494 981/5495 988/5496
vt 0.20996094 0.37402344
vt 0.21777344 0.37402344
vt 0.20996094 0.36621094
f 979/5497 986/5498 987/5499
vt 0.20996094 0.37402344
vt 0.21777344 0.37402344
vt 0.20996094 0.36621094
f 979/5500 987/5501 980/5502
vt 0.20996094 0.37402344
vt 0.21777344 0.37402344
vt 0.20996094 0.36621094
f 989/5503 985/5504 988/5505
vt 0.20996094 0.37402344
vt 0.21777344 0.37402344
vt 0.20996094 0.36621094
f 989/5506 988/5507 992/5508
vt 0.20996094 0.37402344
vt 0.21777344 0.37402344
vt 0.20996094 0.36621094
f 986/5509 990/5510 991/5511
vt 0.20996094 0.37402344
vt 0.21777344 0.37402344
vt 0.20996094 0.36621094
f 986/5512 991/5513 987/5514
vt 0.20996094 0.37402344
vt 0.21777344 0.37402344
vt 0.20996094 0.36621094
f 993/5515 989/5516 992/5517
vt 0.20996094 0.37402344
vt 0.21777344 0.37402344
vt 0.20996094 0.36621094
f 993/5518 992/5519 996/5520
vt 0.20996094 0.37402344
vt 0.21777344 0.37402344
vt 0.20996094 0.36621094
f 994/5521 993/5522 996/5523
vt 0.20996094 0.37402344
vt 0.21777344 0.37402344
vt 0.20996094 0.36621094
f 994/5524 996/5525 995/5526
vt 0.20996094 0.37402344
vt 0.21777344 0.37402344
vt 0.20996094 0.36621094
f 990/5527 994/5528 995/5529
vt 0.20996094 0.37402344
vt 0.21777344 0.37402344
vt 0.20996094 0.36621094
f 990/5530 995/5531 991/5532
vt 0.22949219 0.37402344
vt 0.23586519 0.37402344
vt 0.23586519 0.36621094
f 997/5533 998/5534 999/5535
vt 0.27297456 0.36621094
vt 0.27297456 0.37402344
vt 0.26660156 0.37402344
f 1000/5536 1001/5537 1002/5538
vt 0.22949219 0.37402344
vt 0.23586519 0.36621094
vt 0.22949219 0.36621094
f 997/5539 999/5540 1003/5541
vt 0.26660156 0.36621094
vt 0.27297456 0.36621094
vt 0.26660156 0.37402344
f 1004/5542 1000/5543 1002/5544
vt 0.23586519 0.37402344
vt 0.24218750 0.37402344
vt 0.24218750 0.36621094
f 998/5545 1005/5546 1006/5547
vt 0.27929688 0.36621094
vt 0.27929688 0.37402344
vt 0.27297456 0.37402344
f 1007/5548 1008/5549 1001/5550
vt 0.23586519 0.37402344
vt 0.24218750 0.36621094
vt 0.23586519 0.36621094
f 998/5551 1006/5552 999/5553
vt 0.27297456 0.36621094
vt 0.27929688 0.36621094
vt 0.27297456 0.37402344
f 1000/5554 1007/5555 1001/5556
vt 0.24218750 0.37402344
vt 0.24850981 0.37402344
vt 0.24850981 0.36621094
f 1005/5557 1009/5558 1010/5559
vt 0.28561919 0.36621094
vt 0.28561919 0.37402344
vt 0.27929688 0.37402344
f 1011/5560 1012/5561 1008/5562
vt 0.24218750 0.37402344
vt 0.24850981 0.36621094
vt 0.24218750 0.36621094
f 1005/5563 1010/5564 1006/5565
vt 0.27929688 0.36621094
vt 0.28561919 0.36621094
vt 0.27929688 0.37402344
f 1007/5566 1011/5567 1008/5568
vt 0.24850981 0.37402344
vt 0.25488281 0.37402344
vt 0.25488281 0.36621094
f 1009/5569 1013/5570 1014/5571
vt 0.29199219 0.36621094
vt 0.29199219 0.37402344
vt 0.28561919 0.37402344
f 1015/5572 1016/5573 1012/5574
vt 0.24850981 0.37402344
vt 0.25488281 0.36621094
vt 0.24850981 0.36621094
f 1009/5575 1014/5576 1010/5577
vt 0.28561919 0.36621094
vt 0.29199219 0.36621094
vt 0.28561919 0.37402344
f 1011/5578 1015/5579 1012/5580
vt 0.30371094 0.37402344
vt 0.31152344 0.37402344
vt 0.30371094 0.36621094
f 998/5581 997/5582 1002/5583
vt 0.30371094 0.37402344
vt 0.31152344 0.37402344
vt 0.30371094 0.36621094
f 998/5584 1002/5585 1001/5586
vt 0.30371094 0.37402344
vt 0.31152344 0.37402344
vt 0.30371094 0.36621094
f 1003/5587 999/5588 1000/5589
vt 0.30371094 0.37402344
vt 0.31152344 0.37402344
vt 0.30371094 0.36621094
f 1003/5590 1000/5591 1004/5592
vt 0.30371094 0.37402344
vt 0.31152344 0.37402344
vt 0.30371094 0.36621094
f 997/5593 1003/5594 1004/5595
vt 0.30371094 0.37402344
vt 0.31152344 0.37402344
vt 0.30371094 0.36621094
f 997/5596 1004/5597 1002/5598
vt 0.30371094 0.37402344
vt 0.31152344 0.37402344
vt 0.30371094 0.36621094
f 1005/5599 998/5600 1001/5601
vt 0.30371094 0.37402344
vt 0.31152344 0.37402344
vt 0.30371094 0.36621094
f 1005/5602 1001/5603 1008/5604
vt 0.30371094 0.37402344
vt 0.31152344 0.37402344
vt 0.30371094 0.36621094
f 999/5605 1006/5606 1007/5607
vt 0.30371094 0.37402344
vt 0.31152344 0.37402344
vt 0.30371094 0.36621094
f 999/5608 1007/5609 1000/5610
vt 0.30371094 0.37402344
vt 0.31152344 0.37402344
vt 0.30371094 0.36621094
f 1009/5611 1005/5612 1008/5613
vt 0.30371094 0.37402344
vt 0.31152344 0.37402344
vt 0.30371094 0.36621094
f 1009/5614 1008/5615 1012/5616
vt 0.30371094 0.37402344
vt 0.31152344 0.37402344
vt 0.30371094 0.36621094
f 1006/5617 1010/5618 1011/5619
vt 0.30371094 0.37402344
vt 0.31152344 0.37402344
vt 0.30371094 0.36621094
f 1006/5620 1011/5621 1007/5622
vt 0.30371094 0.37402344
vt 0.31152344 0.37402344
vt 0.30371094 0.36621094
f 1013/5623 1009/5624 1012/5625
vt 0.30371094 0.37402344
vt 0.31152344 0.37402344
vt 0.30371094 0.36621094
f 1013/5626 1012/5627 1016/5628
vt 0.30371094 0.37402344
vt 0.31152344 0.37402344
vt 0.30371094 0.36621094
f 1014/5629 1013/5630 1016/5631
vt 0.30371094 0.37402344
vt 0.31152344 0.37402344
vt 0.30371094 0.36621094
f 1014/5632 1016/5633 1015/5634
vt 0.30371094 0.37402344
vt 0.31152344 0.37402344
vt 0.30371094 0.36621094
f 1010/5635 1014/5636 1015/5637
vt 0.30371094 0.37402344
vt 0.31152344 0.37402344
vt 0.30371094 0.36621094
f 1010/5638 1015/5639 1011/5640
vt 0.32324219 0.37402344
vt 0.33105469 0.37402344
vt 0.33105469 0.35738460
f 1017/5641 1018/5642 1019/5643
vt 0.35058594 0.35738460
vt 0.35058594 0.37402344
vt 0.34277344 0.37402344
f 1020/5644 1021/5645 1022/5646
vt 0.32324219 0.37402344
vt 0.33105469 0.35738460
vt 0.32324219 0.35738460
f 1017/5647 1019/5648 1023/5649
vt 0.34277344 0.35738460
vt 0.35058594 0.35738460
vt 0.34277344 0.37402344
f 1024/5650 1020/5651 1022/5652
vt 0.32324219 0.35738460
vt 0.33105469 0.35738460
vt 0.33105469 0.35058594
f 1023/5653 1019/5654 1025/5655
vt 0.35058594 0.35058594
vt 0.35058594 0.35738460
vt 0.34277344 0.35738460
f 1026/5656 1020/5657 1024/5658
vt 0.32324219 0.35738460
vt 0.33105469 0.35058594
vt 0.32324219 0.35058594
f 1023/5659 1025/5660 1027/5661
vt 0.34277344 0.35058594
vt 0.35058594 0.35058594
vt 0.34277344 0.35738460
f 1028/5662 1026/5663 1024/5664
vt 0.36230469 0.37402344
vt 0.37011719 0.37402344
vt 0.36230469 0.36621094
f 1018/5665 1017/5666 1022/5667
vt 0.36230469 0.37402344
vt 0.37011719 0.37402344
vt 0.36230469 0.36621094
f 1018/5668 1022/5669 1021/5670
vt 0.36230469 0.37402344
vt 0.37011719 0.37402344
vt 0.36230469 0.36621094
f 1019/5671 1018/5672 1021/5673
vt 0.36230469 0.37402344
vt 0.37011719 0.37402344
vt 0.36230469 0.36621094
f 1019/5674 1021/5675 1020/5676
vt 0.36230469 0.37402344
vt 0.37011719 0.37402344
vt 0.36230469 0.36621094
f 1017/5677 1023/5678 1024/5679
vt 0.36230469 0.37402344
vt 0.37011719 0.37402344
vt 0.36230469 0.36621094
f 1017/5680 1024/5681 1022/5682
vt 0.36230469 0.37402344
vt 0.37011719 0.37402344
vt 0.36230469 0.36621094
f 1025/5683 1019/5684 1020/5685
vt 0.36230469 0.37402344
vt 0.37011719 0.37402344
vt 0.36230469 0.36621094
f 1025/5686 1020/5687 1026/5688
vt 0.36230469 0.37402344
vt 0.37011719 0.37402344
vt 0.36230469 0.36621094
f 1027/5689 1025/5690 1026/5691
vt 0.36230469 0.37402344
vt 0.37011719 0.37402344
vt 0.36230469 0.36621094
f 1027/5692 1026/5693 1028/5694
vt 0.36230469 0.37402344
vt 0.37011719 0.37402344
vt 0.36230469 0.36621094
f 1023/5695 1027/5696 1028/5697
vt 0.36230469 0.37402344
vt 0.37011719 0.37402344
vt 0.36230469 0.36621094
f 1023/5698 1028/5699 1024/5700
vt 0.38183594 0.37402344
vt 0.39435190 0.37402344
vt 0.39423441 0.35699851
f 1029/5701 1030/5702 1031/5703
vt 0.50751566 0.35699851
vt 0.50763315 0.37402344
vt 0.49511719 0.37402344
f 1032/5704 1033/5705 1034/5706
vt 0.38183594 0.37402344
vt 0.39423441 0.35699851
vt 0.38183594 0.35699851
f 1029/5707 1031/5708 1035/5709
vt 0.49511719 0.35699851
vt 0.50751566 0.35699851
vt 0.49511719 0.37402344
f 1036/5710 1032/5711 1034/5712
vt 0.39435190 0.37402344
vt 0.40638666 0.37402344
vt 0.40663288 0.35699851
f 1030/5713 1037/5714 1038/5715
vt 0.51991413 0.35699851
vt 0.51966791 0.37402344
vt 0.50763315 0.37402344
f 1039/5716 1040/5717 1033/5718
vt 0.39435190 0.37402344
vt 0.40663288 0.35699851
vt 0.39423441 0.35699851
f 1030/5719 1038/5720 1031/5721
vt 0.50751566 0.35699851
vt 0.51991413 0.35699851
vt 0.50763315 0.37402344
f 1032/5722 1039/5723 1033/5724
vt 0.40638666 0.37402344
vt 0.41950192 0.37402344
vt 0.41962504 0.35699851
f 1037/5725 1041/5726 1042/5727
vt 0.53290629 0.35699851
vt 0.53278317 0.37402344
vt 0.51966791 0.37402344
f 1043/5728 1044/5729 1040/5730
vt 0.40638666 0.37402344
vt 0.41962504 0.35699851
vt 0.40663288 0.35699851
f 1037/5731 1042/5732 1038/5733
vt 0.51991413 0.35699851
vt 0.53290629 0.35699851
vt 0.51966791 0.37402344
f 1039/5734 1043/5735 1040/5736
vt 0.41950192 0.37402344
vt 0.43261719 0.37402344
vt 0.43261719 0.35699851
f 1041/5737 1045/5738 1046/5739
vt 0.54589844 0.35699851
vt 0.54589844 0.37402344
vt 0.53278317 0.37402344
f 1047/5740 1048/5741 1044/5742
vt 0.41950192 0.37402344
vt 0.43261719 0.35699851
vt 0.41962504 0.35699851
f 1041/5743 1046/5744 1042/5745
vt 0.53290629 0.35699851
vt 0.54589844 0.35699851
vt 0.53278317 0.37402344
f 1043/5746 1047/5747 1044/5748
vt 0.43261719 0.37402344
vt 0.44465195 0.37402344
vt 0.44501566 0.35699851
f 1045/5749 1049/5750 1050/5751
vt 0.55829691 0.35699851
vt 0.55793320 0.37402344
vt 0.54589844 0.37402344
f 1051/5752 1052/5753 1048/5754
vt 0.43261719 0.37402344
vt 0.44501566 0.35699851
vt 0.43261719 0.35699851
f 1045/5755 1050/5756 1046/5757
vt 0.54589844 0.35699851
vt 0.55829691 0.35699851
vt 0.54589844 0.37402344
f 1047/5758 1051/5759 1048/5760
vt 0.44465195 0.37402344
vt 0.45716791 0.37402344
vt 0.45741413 0.35699851
f 1049/5761 1053/5762 1054/5763
vt 0.57069538 0.35699851
vt 0.57044916 0.37402344
vt 0.55793320 0.37402344
f 1055/5764 1056/5765 1052/5766
vt 0.44465195 0.37402344
vt 0.45741413 0.35699851
vt 0.44501566 0.35699851
f 1049/5767 1054/5768 1050/5769
vt 0.55829691 0.35699851
vt 0.57069538 0.35699851
vt 0.55793320 0.37402344
f 1051/5770 1055/5771 1052/5772
vt 0.45716791 0.37402344
vt 0.47028317 0.37402344
vt 0.47040629 0.35699851
f 1053/5773 1057/5774 1058/5775
vt 0.58368754 0.35699851
vt 0.58356442 0.37402344
vt 0.57044916 0.37402344
f 1059/5776 1060/5777 1056/5778
vt 0.45716791 0.37402344
vt 0.47040629 0.35699851
vt 0.45741413 0.35699851
f 1053/5779 1058/5780 1054/5781
vt 0.57069538 0.35699851
vt 0.58368754 0.35699851
vt 0.57044916 0.37402344
f 1055/5782 1059/5783 1056/5784
vt 0.47028317 0.37402344
vt 0.48339844 0.37402344
vt 0.48339844 0.35699851
f 1057/5785 1029/5786 1035/5787
vt 0.59667969 0.35699851
vt 0.59667969 0.37402344
vt 0.58356442 0.37402344
f 1036/5788 1034/5789 1060/5790
vt 0.47028317 0.37402344
vt 0.48339844 0.35699851
vt 0.47040629 0.35699851
f 1057/5791 1035/5792 1058/5793
vt 0.58368754 0.35699851
vt 0.59667969 0.35699851
vt 0.58356442 0.37402344
f 1059/5794 1036/5795 1060/5796
vt 0.38183594 0.35699851
vt 0.39423441 0.35699851
vt 0.39423441 0.33938652
f 1035/5797 1031/5798 1061/5799
vt 0.50751566 0.33938652
vt 0.50751566 0.35699851
vt 0.49511719 0.35699851
f 1062/5800 1032/5801 1036/5802
vt 0.38183594 0.35699851
vt 0.39423441 0.33938652
vt 0.38183594 0.33938652
f 1035/5803 1061/5804 1063/5805
vt 0.49511719 0.33938652
vt 0.50751566 0.33938652
vt 0.49511719 0.35699851
f 1064/5806 1062/5807 1036/5808
vt 0.39423441 0.35699851
vt 0.40663288 0.35699851
vt 0.40663288 0.33938652
f 1031/5809 1038/5810 1065/5811
vt 0.51991413 0.33938652
vt 0.51991413 0.35699851
vt 0.50751566 0.35699851
f 1066/5812 1039/5813 1032/5814
vt 0.39423441 0.35699851
vt 0.40663288 0.33938652
vt 0.39423441 0.33938652
f 1031/5815 1065/5816 1061/5817
vt 0.50751566 0.33938652
vt 0.51991413 0.33938652
vt 0.50751566 0.35699851
f 1062/5818 1066/5819 1032/5820
vt 0.40663288 0.35699851
vt 0.41962504 0.35699851
vt 0.41962504 0.33938652
f 1038/5821 1042/5822 1067/5823
vt 0.53290629 0.33938652
vt 0.53290629 0.35699851
vt 0.51991413 0.35699851
f 1068/5824 1043/5825 1039/5826
vt 0.40663288 0.35699851
vt 0.41962504 0.33938652
vt 0.40663288 0.33938652
f 1038/5827 1067/5828 1065/5829
vt 0.51991413 0.33938652
vt 0.53290629 0.33938652
vt 0.51991413 0.35699851
f 1066/5830 1068/5831 1039/5832
vt 0.41962504 0.35699851
vt 0.43261719 0.35699851
vt 0.43261719 0.33938652
f 1042/5833 1046/5834 1069/5835
vt 0.54589844 0.33938652
vt 0.54589844 0.35699851
vt 0.53290629 0.35699851
f 1070/5836 1047/5837 1043/5838
vt 0.41962504 0.35699851
vt 0.43261719 0.33938652
vt 0.41962504 0.33938652
f 1042/5839 1069/5840 1067/5841
vt 0.53290629 0.33938652
vt 0.54589844 0.33938652
vt 0.53290629 0.35699851
f 1068/5842 1070/5843 1043/5844
vt 0.43261719 0.35699851
vt 0.44501566 0.35699851
vt 0.44501566 0.33938652
f 1046/5845 1050/5846 1071/5847
vt 0.55829691 0.33938652
vt 0.55829691 0.35699851
vt 0.54589844 0.35699851
f 1072/5848 1051/5849 1047/5850
vt 0.43261719 0.35699851
vt 0.44501566 0.33938652
vt 0.43261719 0.33938652
f 1046/5851 1071/5852 1069/5853
vt 0.54589844 0.33938652
vt 0.55829691 0.33938652
vt 0.54589844 0.35699851
f 1070/5854 1072/5855 1047/5856
vt 0.44501566 0.35699851
vt 0.45741413 0.35699851
vt 0.45741413 0.33938652
f 1050/5857 1054/5858 1073/5859
vt 0.57069538 0.33938652
vt 0.57069538 0.35699851
vt 0.55829691 0.35699851
f 1074/5860 1055/5861 1051/5862
vt 0.44501566 0.35699851
vt 0.45741413 0.33938652
vt 0.44501566 0.33938652
f 1050/5863 1073/5864 1071/5865
vt 0.55829691 0.33938652
vt 0.57069538 0.33938652
vt 0.55829691 0.35699851
f 1072/5866 1074/5867 1051/5868
vt 0.45741413 0.35699851
vt 0.47040629 0.35699851
vt 0.47040629 0.33938652
f 1054/5869 1058/5870 1075/5871
vt 0.58368754 0.33938652
vt 0.58368754 0.35699851
vt 0.57069538 0.35699851
f 1076/5872 1059/5873 1055/5874
vt 0.45741413 0.35699851
vt 0.47040629 0.33938652
vt 0.45741413 0.33938652
f 1054/5875 1075/5876 1073/5877
vt 0.57069538 0.33938652
vt 0.58368754 0.33938652
vt 0.57069538 0.35699851
f 1074/5878 1076/5879 1055/5880
vt 0.47040629 0.35699851
vt 0.48339844 0.35699851
vt 0.48339844 0.33938652
f 1058/5881 1035/5882 1063/5883
vt 0.59667969 0.33938652
vt 0.59667969 0.35699851
vt 0.58368754 0.35699851
f 1064/5884 1036/5885 1059/5886
vt 0.47040629 0.35699851
vt 0.48339844 0.33938652
vt 0.47040629 0.33938652
f 1058/5887 1063/5888 1075/5889
vt 0.58368754 0.33938652
vt 0.59667969 0.33938652
vt 0.58368754 0.35699851
f 1076/5890 1064/5891 1059/5892
vt 0.38183594 0.33938652
vt 0.39423441 0.33938652
vt 0.39423441 0.32705812
f 1063/5893 1061/5894 1077/5895
vt 0.50751566 0.32705812
vt 0.50751566 0.33938652
vt 0.49511719 0.33938652
f 1078/5896 1062/5897 1064/5898
vt 0.38183594 0.33938652
vt 0.39423441 0.32705812
vt 0.38183594 0.32705812
f 1063/5899 1077/5900 1079/5901
vt 0.49511719 0.32705812
vt 0.50751566 0.32705812
vt 0.49511719 0.33938652
f 1080/5902 1078/5903 1064/5904
vt 0.39423441 0.33938652
vt 0.40663288 0.33938652
vt 0.40663288 0.32705812
f 1061/5905 1065/5906 1081/5907
vt 0.51991413 0.32705812
vt 0.51991413 0.33938652
vt 0.50751566 0.33938652
f 1082/5908 1066/5909 1062/5910
vt 0.39423441 0.33938652
vt 0.40663288 0.32705812
vt 0.39423441 0.32705812
f 1061/5911 1081/5912 1077/5913
vt 0.50751566 0.32705812
vt 0.51991413 0.32705812
vt 0.50751566 0.33938652
f 1078/5914 1082/5915 1062/5916
vt 0.40663288 0.33938652
vt 0.41962504 0.33938652
vt 0.41962504 0.32705812
f 1065/5917 1067/5918 1083/5919
vt 0.53290629 0.32705812
vt 0.53290629 0.33938652
vt 0.51991413 0.33938652
f 1084/5920 1068/5921 1066/5922
vt 0.40663288 0.33938652
vt 0.41962504 0.32705812
vt 0.40663288 0.32705812
f 1065/5923 1083/5924 1081/5925
vt 0.51991413 0.32705812
vt 0.53290629 0.32705812
vt 0.51991413 0.33938652
f 1082/5926 1084/5927 1066/5928
vt 0.41962504 0.33938652
vt 0.43261719 0.33938652
vt 0.43261719 0.32705812
f 1067/5929 1069/5930 1085/5931
vt 0.54589844 0.32705812
vt 0.54589844 0.33938652
vt 0.53290629 0.33938652
f 1086/5932 1070/5933 1068/5934
vt 0.41962504 0.33938652
vt 0.43261719 0.32705812
vt 0.41962504 0.32705812
f 1067/5935 1085/5936 1083/5937
vt 0.53290629 0.32705812
vt 0.54589844 0.32705812
vt 0.53290629 0.33938652
f 1084/5938 1086/5939 1068/5940
vt 0.43261719 0.33938652
vt 0.44501566 0.33938652
vt 0.44501566 0.32705812
f 1069/5941 1071/5942 1087/5943
vt 0.55829691 0.32705812
vt 0.55829691 0.33938652
vt 0.54589844 0.33938652
f 1088/5944 1072/5945 1070/5946
vt 0.43261719 0.33938652
vt 0.44501566 0.32705812
vt 0.43261719 0.32705812
f 1069/5947 1087/5948 1085/5949
vt 0.54589844 0.32705812
vt 0.55829691 0.32705812
vt 0.54589844 0.33938652
f 1086/5950 1088/5951 1070/5952
vt 0.44501566 0.33938652
vt 0.45741413 0.33938652
vt 0.45741413 0.32705812
f 1071/5953 1073/5954 1089/5955
vt 0.57069538 0.32705812
vt 0.57069538 0.33938652
vt 0.55829691 0.33938652
f 1090/5956 1074/5957 1072/5958
vt 0.44501566 0.33938652
vt 0.45741413 0.32705812
vt 0.44501566 0.32705812
f 1071/5959 1089/5960 1087/5961
vt 0.55829691 0.32705812
vt 0.57069538 0.32705812
vt 0.55829691 0.33938652
f 1088/5962 1090/5963 1072/5964
vt 0.45741413 0.33938652
vt 0.47040629 0.33938652
vt 0.47040629 0.32705812
f 1073/5965 1075/5966 1091/5967
vt 0.58368754 0.32705812
vt 0.58368754 0.33938652
vt 0.57069538 0.33938652
f 1092/5968 1076/5969 1074/5970
vt 0.45741413 0.33938652
vt 0.47040629 0.32705812
vt 0.45741413 0.32705812
f 1073/5971 1091/5972 1089/5973
vt 0.57069538 0.32705812
vt 0.58368754 0.32705812
vt 0.57069538 0.33938652
f 1090/5974 1092/5975 1074/5976
vt 0.47040629 0.33938652
vt 0.48339844 0.33938652
vt 0.48339844 0.32705812
f 1075/5977 1063/5978 1079/5979
vt 0.59667969 0.32705812
vt 0.59667969 0.33938652
vt 0.58368754 0.33938652
f 1080/5980 1064/5981 1076/5982
vt 0.47040629 0.33938652
vt 0.48339844 0.32705812
vt 0.47040629 0.32705812
f 1075/5983 1079/5984 1091/5985
vt 0.58368754 0.32705812
vt 0.59667969 0.32705812
vt 0.58368754 0.33938652
f 1092/5986 1080/5987 1076/5988
vt 0.38183594 0.32705812
vt 0.39423441 0.32705812
vt 0.39458697 0.32324219
f 1079/5989 1077/5990 1093/5991
vt 0.50786822 0.32324219
vt 0.50751566 0.32705812
vt 0.49511719 0.32705812
f 1094/5992 1078/5993 1080/5994
vt 0.38183594 0.32705812
vt 0.39458697 0.32324219
vt 0.38183594 0.32324219
f 1079/5995 1093/5996 1095/5997
vt 0.49511719 0.32324219
vt 0.50786822 0.32324219
vt 0.49511719 0.32705812
f 1096/5998 1094/5999 1080/6000
vt 0.39423441 0.32705812
vt 0.40663288 0.32705812
vt 0.40733801 0.32324219
f 1077/6001 1081/6002 1097/6003
vt 0.52061926 0.32324219
vt 0.51991413 0.32705812
vt 0.50751566 0.32705812
f 1098/6004 1082/6005 1078/6006
vt 0.39423441 0.32705812
vt 0.40733801 0.32324219
vt 0.39458697 0.32324219
f 1077/6007 1097/6008 1093/6009
vt 0.50786822 0.32324219
vt 0.52061926 0.32324219
vt 0.50751566 0.32705812
f 1094/6010 1098/6011 1078/6012
vt 0.40663288 0.32705812
vt 0.41962504 0.32705812
vt 0.41997760 0.32324219
f 1081/6013 1083/6014 1099/6015
vt 0.53325885 0.32324219
vt 0.53290629 0.32705812
vt 0.51991413 0.32705812
f 1100/6016 1084/6017 1082/6018
vt 0.40663288 0.32705812
vt 0.41997760 0.32324219
vt 0.40733801 0.32324219
f 1081/6019 1099/6020 1097/6021
vt 0.52061926 0.32324219
vt 0.53325885 0.32324219
vt 0.51991413 0.32705812
f 1098/6022 1100/6023 1082/6024
vt 0.41962504 0.32705812
vt 0.43261719 0.32705812
vt 0.43261719 0.32324219
f 1083/6025 1085/6026 1101/6027
vt 0.54589844 0.32324219
vt 0.54589844 0.32705812
vt 0.53290629 0.32705812
f 1102/6028 1086/6029 1084/6030
vt 0.41962504 0.32705812
vt 0.43261719 0.32324219
vt 0.41997760 0.32324219
f 1083/6031 1101/6032 1099/6033
vt 0.53325885 0.32324219
vt 0.54589844 0.32324219
vt 0.53290629 0.32705812
f 1100/6034 1102/6035 1084/6036
vt 0.43261719 0.32705812
vt 0.44501566 0.32705812
vt 0.44536822 0.32324219
f 1085/6037 1087/6038 1103/6039
vt 0.55864947 0.32324219
vt 0.55829691 0.32705812
vt 0.54589844 0.32705812
f 1104/6040 1088/6041 1086/6042
vt 0.43261719 0.32705812
vt 0.44536822 0.32324219
vt 0.43261719 0.32324219
f 1085/6043 1103/6044 1101/6045
vt 0.54589844 0.32324219
vt 0.55864947 0.32324219
vt 0.54589844 0.32705812
f 1102/6046 1104/6047 1086/6048
vt 0.44501566 0.32705812
vt 0.45741413 0.32705812
vt 0.45811926 0.32324219
f 1087/6049 1089/6050 1105/6051
vt 0.57140051 0.32324219
vt 0.57069538 0.32705812
vt 0.55829691 0.32705812
f 1106/6052 1090/6053 1088/6054
vt 0.44501566 0.32705812
vt 0.45811926 0.32324219
vt 0.44536822 0.32324219
f 1087/6055 1105/6056 1103/6057
vt 0.55864947 0.32324219
vt 0.57140051 0.32324219
vt 0.55829691 0.32705812
f 1104/6058 1106/6059 1088/6060
vt 0.45741413 0.32705812
vt 0.47040629 0.32705812
vt 0.47075885 0.32324219
f 1089/6061 1091/6062 1107/6063
vt 0.58404010 0.32324219
vt 0.58368754 0.32705812
vt 0.57069538 0.32705812
f 1108/6064 1092/6065 1090/6066
vt 0.45741413 0.32705812
vt 0.47075885 0.32324219
vt 0.45811926 0.32324219
f 1089/6067 1107/6068 1105/6069
vt 0.57140051 0.32324219
vt 0.58404010 0.32324219
vt 0.57069538 0.32705812
f 1106/6070 1108/6071 1090/6072
vt 0.47040629 0.32705812
vt 0.48339844 0.32705812
vt 0.48339844 0.32324219
f 1091/6073 1079/6074 1095/6075
vt 0.59667969 0.32324219
vt 0.59667969 0.32705812
vt 0.58368754 0.32705812
f 1096/6076 1080/6077 1092/6078
vt 0.47040629 0.32705812
vt 0.48339844 0.32324219
vt 0.47075885 0.32324219
f 1091/6079 1095/6080 1107/6081
vt 0.58404010 0.32324219
vt 0.59667969 0.32324219
vt 0.58368754 0.32705812
f 1108/6082 1096/6083 1092/6084
vt 0.60839844 0.37402344
vt 0.61621094 0.37402344
vt 0.60839844 0.36621094
f 1030/6085 1029/6086 1034/6087
vt 0.60839844 0.37402344
vt 0.61621094 0.37402344
vt 0.60839844 0.36621094
f 1030/6088 1034/6089 1033/6090
vt 0.60839844 0.37402344
vt 0.61621094 0.37402344
vt 0.60839844 0.36621094
f 1037/6091 1030/6092 1033/6093
vt 0.60839844 0.37402344
vt 0.61621094 0.37402344
vt 0.60839844 0.36621094
f 1037/6094 1033/6095 1040/6096
vt 0.60839844 0.37402344
vt 0.61621094 0.37402344
vt 0.60839844 0.36621094
f 1041/6097 1037/6098 1040/6099
vt 0.60839844 0.37402344
vt 0.61621094 0.37402344
vt 0.60839844 0.36621094
f 1041/6100 1040/6101 1044/6102
vt 0.60839844 0.37402344
vt 0.61621094 0.37402344
vt 0.60839844 0.36621094
f 1045/6103 1041/6104 1044/6105
vt 0.60839844 0.37402344
vt 0.61621094 0.37402344
vt 0.60839844 0.36621094
f 1045/6106 1044/6107 1048/6108
vt 0.60839844 0.37402344
vt 0.61621094 0.37402344
vt 0.60839844 0.36621094
f 1049/6109 1045/6110 1048/6111
vt 0.60839844 0.37402344
vt 0.61621094 0.37402344
vt 0.60839844 0.36621094
f 1049/6112 1048/6113 1052/6114
vt 0.60839844 0.37402344
vt 0.61621094 0.37402344
vt 0.60839844 0.36621094
f 1053/6115 1049/6116 1052/6117
vt 0.60839844 0.37402344
vt 0.61621094 0.37402344
vt 0.60839844 0.36621094
f 1053/6118 1052/6119 1056/6120
vt 0.60839844 0.37402344
vt 0.61621094 0.37402344
vt 0.60839844 0.36621094
f 1057/6121 1053/6122 1056/6123
vt 0.60839844 0.37402344
vt 0.61621094 0.37402344
vt 0.60839844 0.36621094
f 1057/6124 1056/6125 1060/6126
vt 0.60839844 0.37402344
vt 0.61621094 0.37402344
vt 0.60839844 0.36621094
f 1029/6127 1057/6128 1060/6129
vt 0.60839844 0.37402344
vt 0.61621094 0.37402344
vt 0.60839844 0.36621094
f 1029/6130 1060/6131 1034/6132
vt 0.60839844 0.37402344
vt 0.61621094 0.37402344
vt 0.60839844 0.36621094
f 1095/6133 1093/6134 1094/6135
vt 0.60839844 0.37402344
vt 0.61621094 0.37402344
vt 0.60839844 0.36621094
f 1095/6136 1094/6137 1096/6138
vt 0.60839844 0.37402344
vt 0.61621094 0.37402344
vt 0.60839844 0.36621094
f 1093/6139 1097/6140 1098/6141
vt 0.60839844 0.37402344
vt 0.61621094 0.37402344
vt 0.60839844 0.36621094
f 1093/6142 1098/6143 1094/6144
vt 0.60839844 0.37402344
vt 0.61621094 0.37402344
vt 0.60839844 0.36621094
f 1097/6145 1099/6146 1100/6147
vt 0.60839844 0.37402344
vt 0.61621094 0.37402344
vt 0.60839844 0.36621094
f 1097/6148 1100/6149 1098/6150
vt 0.60839844 0.37402344
vt 0.61621094 0.37402344
vt 0.60839844 0.36621094
f 1099/6151 1101/6152 1102/6153
vt 0.60839844 0.37402344
vt 0.61621094 0.37402344
vt 0.60839844 0.36621094
f 1099/6154 1102/6155 1100/6156
vt 0.60839844 0.37402344
vt 0.61621094 0.37402344
vt 0.60839844 0.36621094
f 1101/6157 1103/6158 1104/6159
vt 0.60839844 0.37402344
vt 0.61621094 0.37402344
vt 0.60839844 0.36621094
f 1101/6160 1104/6161 1102/6162
vt 0.60839844 0.37402344
vt 0.61621094 0.37402344
vt 0.60839844 0.36621094
f 1103/6163 1105/6164 1106/6165
vt 0.60839844 0.37402344
vt 0.61621094 0.37402344
vt 0.60839844 0.36621094
f 1103/6166 1106/6167 1104/6168
vt 0.60839844 0.37402344
vt 0.61621094 0.37402344
vt 0.60839844 0.36621094
f 1105/6169 1107/6170 1108/6171
vt 0.60839844 0.37402344
vt 0.61621094 0.37402344
vt 0.60839844 0.36621094
f 1105/6172 1108/6173 1106/6174
vt 0.60839844 0.37402344
vt 0.61621094 0.37402344
vt 0.60839844 0.36621094
f 1107/6175 1095/6176 1096/6177
vt 0.60839844 0.37402344
vt 0.61621094 0.37402344
vt 0.60839844 0.36621094
f 1107/6178 1096/6179 1108/6180
vt 0.62792969 0.37402344
vt 0.63996445 0.37402344
vt 0.64032816 0.35699851
f 1109/6181 1110/6182 1111/6183
vt 0.75360941 0.35699851
vt 0.75324570 0.37402344
vt 0.74121094 0.37402344
f 1112/6184 1113/6185 1114/6186
vt 0.62792969 0.37402344
vt 0.64032816 0.35699851
vt 0.62792969 0.35699851
f 1109/6187 1111/6188 1115/6189
vt 0.74121094 0.35699851
vt 0.75360941 0.35699851
vt 0.74121094 0.37402344
f 1116/6190 1112/6191 1114/6192
vt 0.63996445 0.37402344
vt 0.65248041 0.37402344
vt 0.65272663 0.35699851
f 1110/6193 1117/6194 1118/6195
vt 0.76600788 0.35699851
vt 0.76576166 0.37402344
vt 0.75324570 0.37402344
f 1119/6196 1120/6197 1113/6198
vt 0.63996445 0.37402344
vt 0.65272663 0.35699851
vt 0.64032816 0.35699851
f 1110/6199 1118/6200 1111/6201
vt 0.75360941 0.35699851
vt 0.76600788 0.35699851
vt 0.75324570 0.37402344
f 1112/6202 1119/6203 1113/6204
vt 0.65248041 0.37402344
vt 0.66559567 0.37402344
vt 0.66571879 0.35699851
f 1117/6205 1121/6206 1122/6207
vt 0.77900004 0.35699851
vt 0.77887692 0.37402344
vt 0.76576166 0.37402344
f 1123/6208 1124/6209 1120/6210
vt 0.65248041 0.37402344
vt 0.66571879 0.35699851
vt 0.65272663 0.35699851
f 1117/6211 1122/6212 1118/6213
vt 0.76600788 0.35699851
vt 0.77900004 0.35699851
vt 0.76576166 0.37402344
f 1119/6214 1123/6215 1120/6216
vt 0.66559567 0.37402344
vt 0.67871094 0.37402344
vt 0.67871094 0.35699851
f 1121/6217 1125/6218 1126/6219
vt 0.79199219 0.35699851
vt 0.79199219 0.37402344
vt 0.77887692 0.37402344
f 1127/6220 1128/6221 1124/6222
vt 0.66559567 0.37402344
vt 0.67871094 0.35699851
vt 0.66571879 0.35699851
f 1121/6223 1126/6224 1122/6225
vt 0.77900004 0.35699851
vt 0.79199219 0.35699851
vt 0.77887692 0.37402344
f 1123/6226 1127/6227 1124/6228
vt 0.67871094 0.37402344
vt 0.69122690 0.37402344
vt 0.69110941 0.35699851
f 1125/6229 1129/6230 1130/6231
vt 0.80439066 0.35699851
vt 0.80450815 0.37402344
vt 0.79199219 0.37402344
f 1131/6232 1132/6233 1128/6234
vt 0.67871094 0.37402344
vt 0.69110941 0.35699851
vt 0.67871094 0.35699851
f 1125/6235 1130/6236 1126/6237
vt 0.79199219 0.35699851
vt 0.80439066 0.35699851
vt 0.79199219 0.37402344
f 1127/6238 1131/6239 1128/6240
vt 0.69122690 0.37402344
vt 0.70326166 0.37402344
vt 0.70350788 0.35699851
f 1129/6241 1133/6242 1134/6243
vt 0.81678913 0.35699851
vt 0.81654291 0.37402344
vt 0.80450815 0.37402344
f 1135/6244 1136/6245 1132/6246
vt 0.69122690 0.37402344
vt 0.70350788 0.35699851
vt 0.69110941 0.35699851
f 1129/6247 1134/6248 1130/6249
vt 0.80439066 0.35699851
vt 0.81678913 0.35699851
vt 0.80450815 0.37402344
f 1131/6250 1135/6251 1132/6252
vt 0.70326166 0.37402344
vt 0.71637692 0.37402344
vt 0.71650004 0.35699851
f 1133/6253 1137/6254 1138/6255
vt 0.82978129 0.35699851
vt 0.82965817 0.37402344
vt 0.81654291 0.37402344
f 1139/6256 1140/6257 1136/6258
vt 0.70326166 0.37402344
vt 0.71650004 0.35699851
vt 0.70350788 0.35699851
f 1133/6259 1138/6260 1134/6261
vt 0.81678913 0.35699851
vt 0.82978129 0.35699851
vt 0.81654291 0.37402344
f 1135/6262 1139/6263 1136/6264
vt 0.71637692 0.37402344
vt 0.72949219 0.37402344
vt 0.72949219 0.35699851
f 1137/6265 1109/6266 1115/6267
vt 0.84277344 0.35699851
vt 0.84277344 0.37402344
vt 0.82965817 0.37402344
f 1116/6268 1114/6269 1140/6270
vt 0.71637692 0.37402344
vt 0.72949219 0.35699851
vt 0.71650004 0.35699851
f 1137/6271 1115/6272 1138/6273
vt 0.82978129 0.35699851
vt 0.84277344 0.35699851
vt 0.82965817 0.37402344
f 1139/6274 1116/6275 1140/6276
vt 0.62792969 0.35699851
vt 0.64032816 0.35699851
vt 0.64032816 0.33938652
f 1115/6277 1111/6278 1141/6279
vt 0.75360941 0.33938652
vt 0.75360941 0.35699851
vt 0.74121094 0.35699851
f 1142/6280 1112/6281 1116/6282
vt 0.62792969 0.35699851
vt 0.64032816 0.33938652
vt 0.62792969 0.33938652
f 1115/6283 1141/6284 1143/6285
vt 0.74121094 0.33938652
vt 0.75360941 0.33938652
vt 0.74121094 0.35699851
f 1144/6286 1142/6287 1116/6288
vt 0.64032816 0.35699851
vt 0.65272663 0.35699851
vt 0.65272663 0.33938652
f 1111/6289 1118/6290 1145/6291
vt 0.76600788 0.33938652
vt 0.76600788 0.35699851
vt 0.75360941 0.35699851
f 1146/6292 1119/6293 1112/6294
vt 0.64032816 0.35699851
vt 0.65272663 0.33938652
vt 0.64032816 0.33938652
f 1111/6295 1145/6296 1141/6297
vt 0.75360941 0.33938652
vt 0.76600788 0.33938652
vt 0.75360941 0.35699851
f 1142/6298 1146/6299 1112/6300
vt 0.65272663 0.35699851
vt 0.66571879 0.35699851
vt 0.66571879 0.33938652
f 1118/6301 1122/6302 1147/6303
vt 0.77900004 0.33938652
vt 0.77900004 0.35699851
vt 0.76600788 0.35699851
f 1148/6304 1123/6305 1119/6306
vt 0.65272663 0.35699851
vt 0.66571879 0.33938652
vt 0.65272663 0.33938652
f 1118/6307 1147/6308 1145/6309
vt 0.76600788 0.33938652
vt 0.77900004 0.33938652
vt 0.76600788 0.35699851
f 1146/6310 1148/6311 1119/6312
vt 0.66571879 0.35699851
vt 0.67871094 0.35699851
vt 0.67871094 0.33938652
f 1122/6313 1126/6314 1149/6315
vt 0.79199219 0.33938652
vt 0.79199219 0.35699851
vt 0.77900004 0.35699851
f 1150/6316 1127/6317 1123/6318
vt 0.66571879 0.35699851
vt 0.67871094 0.33938652
vt 0.66571879 0.33938652
f 1122/6319 1149/6320 1147/6321
vt 0.77900004 0.33938652
vt 0.79199219 0.33938652
vt 0.77900004 0.35699851
f 1148/6322 1150/6323 1123/6324
vt 0.67871094 0.35699851
vt 0.69110941 0.35699851
vt 0.69110941 0.33938652
f 1126/6325 1130/6326 1151/6327
vt 0.80439066 0.33938652
vt 0.80439066 0.35699851
vt 0.79199219 0.35699851
f 1152/6328 1131/6329 1127/6330
vt 0.67871094 0.35699851
vt 0.69110941 0.33938652
vt 0.67871094 0.33938652
f 1126/6331 1151/6332 1149/6333
vt 0.79199219 0.33938652
vt 0.80439066 0.33938652
vt 0.79199219 0.35699851
f 1150/6334 1152/6335 1127/6336
vt 0.69110941 0.35699851
vt 0.70350788 0.35699851
vt 0.70350788 0.33938652
f 1130/6337 1134/6338 1153/6339
vt 0.81678913 0.33938652
vt 0.81678913 0.35699851
vt 0.80439066 0.35699851
f 1154/6340 1135/6341 1131/6342
vt 0.69110941 0.35699851
vt 0.70350788 0.33938652
vt 0.69110941 0.33938652
f 1130/6343 1153/6344 1151/6345
vt 0.80439066 0.33938652
vt 0.81678913 0.33938652
vt 0.80439066 0.35699851
f 1152/6346 1154/6347 1131/6348
vt 0.70350788 0.35699851
vt 0.71650004 0.35699851
vt 0.71650004 0.33938652
f 1134/6349 1138/6350 1155/6351
vt 0.82978129 0.33938652
vt 0.82978129 0.35699851
vt 0.81678913 0.35699851
f 1156/6352 1139/6353 1135/6354
vt 0.70350788 0.35699851
vt 0.71650004 0.33938652
vt 0.70350788 0.33938652
f 1134/6355 1155/6356 1153/6357
vt 0.81678913 0.33938652
vt 0.82978129 0.33938652
vt 0.81678913 0.35699851
f 1154/6358 1156/6359 1135/6360
vt 0.71650004 0.35699851
vt 0.72949219 0.35699851
vt 0.72949219 0.33938652
f 1138/6361 1115/6362 1143/6363
vt 0.84277344 0.33938652
vt 0.84277344 0.35699851
vt 0.82978129 0.35699851
f 1144/6364 1116/6365 1139/6366
vt 0.71650004 0.35699851
vt 0.72949219 0.33938652
vt 0.71650004 0.33938652
f 1138/6367 1143/6368 1155/6369
vt 0.82978129 0.33938652
vt 0.84277344 0.33938652
vt 0.82978129 0.35699851
f 1156/6370 1144/6371 1139/6372
vt 0.62792969 0.33938652
vt 0.64032816 0.33938652
vt 0.64032816 0.32705812
f 1143/6373 1141/6374 1157/6375
vt 0.75360941 0.32705812
vt 0.75360941 0.33938652
vt 0.74121094 0.33938652
f 1158/6376 1142/6377 1144/6378
vt 0.62792969 0.33938652
vt 0.64032816 0.32705812
vt 0.62792969 0.32705812
f 1143/6379 1157/6380 1159/6381
vt 0.74121094 0.32705812
vt 0.75360941 0.32705812
vt 0.74121094 0.33938652
f 1160/6382 1158/6383 1144/6384
vt 0.64032816 0.33938652
vt 0.65272663 0.33938652
vt 0.65272663 0.32705812
f 1141/6385 1145/6386 1161/6387
vt 0.76600788 0.32705812
vt 0.76600788 0.33938652
vt 0.75360941 0.33938652
f 1162/6388 1146/6389 1142/6390
vt 0.64032816 0.33938652
vt 0.65272663 0.32705812
vt 0.64032816 0.32705812
f 1141/6391 1161/6392 1157/6393
vt 0.75360941 0.32705812
vt 0.76600788 0.32705812
vt 0.75360941 0.33938652
f 1158/6394 1162/6395 1142/6396
vt 0.65272663 0.33938652
vt 0.66571879 0.33938652
vt 0.66571879 0.32705812
f 1145/6397 1147/6398 1163/6399
vt 0.77900004 0.32705812
vt 0.77900004 0.33938652
vt 0.76600788 0.33938652
f 1164/6400 1148/6401 1146/6402
vt 0.65272663 0.33938652
vt 0.66571879 0.32705812
vt 0.65272663 0.32705812
f 1145/6403 1163/6404 1161/6405
vt 0.76600788 0.32705812
vt 0.77900004 0.32705812
vt 0.76600788 0.33938652
f 1162/6406 1164/6407 1146/6408
vt 0.66571879 0.33938652
vt 0.67871094 0.33938652
vt 0.67871094 0.32705812
f 1147/6409 1149/6410 1165/6411
vt 0.79199219 0.32705812
vt 0.79199219 0.33938652
vt 0.77900004 0.33938652
f 1166/6412 1150/6413 1148/6414
vt 0.66571879 0.33938652
vt 0.67871094 0.32705812
vt 0.66571879 0.32705812
f 1147/6415 1165/6416 1163/6417
vt 0.77900004 0.32705812
vt 0.79199219 0.32705812
vt 0.77900004 0.33938652
f 1164/6418 1166/6419 1148/6420
vt 0.67871094 0.33938652
vt 0.69110941 0.33938652
vt 0.69110941 0.32705812
f 1149/6421 1151/6422 1167/6423
vt 0.80439066 0.32705812
vt 0.80439066 0.33938652
vt 0.79199219 0.33938652
f 1168/6424 1152/6425 1150/6426
vt 0.67871094 0.33938652
vt 0.69110941 0.32705812
vt 0.67871094 0.32705812
f 1149/6427 1167/6428 1165/6429
vt 0.79199219 0.32705812
vt 0.80439066 0.32705812
vt 0.79199219 0.33938652
f 1166/6430 1168/6431 1150/6432
vt 0.69110941 0.33938652
vt 0.70350788 0.33938652
vt 0.70350788 0.32705812
f 1151/6433 1153/6434 1169/6435
vt 0.81678913 0.32705812
vt 0.81678913 0.33938652
vt 0.80439066 0.33938652
f 1170/6436 1154/6437 1152/6438
vt 0.69110941 0.33938652
vt 0.70350788 0.32705812
vt 0.69110941 0.32705812
f 1151/6439 1169/6440 1167/6441
vt 0.80439066 0.32705812
vt 0.81678913 0.32705812
vt 0.80439066 0.33938652
f 1168/6442 1170/6443 1152/6444
vt 0.70350788 0.33938652
vt 0.71650004 0.33938652
vt 0.71650004 0.32705812
f 1153/6445 1155/6446 1171/6447
vt 0.82978129 0.32705812
vt 0.82978129 0.33938652
vt 0.81678913 0.33938652
f 1172/6448 1156/6449 1154/6450
vt 0.70350788 0.33938652
vt 0.71650004 0.32705812
vt 0.70350788 0.32705812
f 1153/6451 1171/6452 1169/6453
vt 0.81678913 0.32705812
vt 0.82978129 0.32705812
vt 0.81678913 0.33938652
f 1170/6454 1172/6455 1154/6456
vt 0.71650004 0.33938652
vt 0.72949219 0.33938652
vt 0.72949219 0.32705812
f 1155/6457 1143/6458 1159/6459
vt 0.84277344 0.32705812
vt 0.84277344 0.33938652
vt 0.82978129 0.33938652
f 1160/6460 1144/6461 1156/6462
vt 0.71650004 0.33938652
vt 0.72949219 0.32705812
vt 0.71650004 0.32705812
f 1155/6463 1159/6464 1171/6465
vt 0.82978129 0.32705812
vt 0.84277344 0.32705812
vt 0.82978129 0.33938652
f 1172/6466 1160/6467 1156/6468
vt 0.62792969 0.32705812
vt 0.64032816 0.32705812
vt 0.64068072 0.32324219
f 1159/6469 1157/6470 1173/6471
vt 0.75396197 0.32324219
vt 0.75360941 0.32705812
vt 0.74121094 0.32705812
f 1174/6472 1158/6473 1160/6474
vt 0.62792969 0.32705812
vt 0.64068072 0.32324219
vt 0.62792969 0.32324219
f 1159/6475 1173/6476 1175/6477
vt 0.74121094 0.32324219
vt 0.75396197 0.32324219
vt 0.74121094 0.32705812
f 1176/6478 1174/6479 1160/6480
vt 0.64032816 0.32705812
vt 0.65272663 0.32705812
vt 0.65343176 0.32324219
f 1157/6481 1161/6482 1177/6483
vt 0.76671301 0.32324219
vt 0.76600788 0.32705812
vt 0.75360941 0.32705812
f 1178/6484 1162/6485 1158/6486
vt 0.64032816 0.32705812
vt 0.65343176 0.32324219
vt 0.64068072 0.32324219
f 1157/6487 1177/6488 1173/6489
vt 0.75396197 0.32324219
vt 0.76671301 0.32324219
vt 0.75360941 0.32705812
f 1174/6490 1178/6491 1158/6492
vt 0.65272663 0.32705812
vt 0.66571879 0.32705812
vt 0.66607135 0.32324219
f 1161/6493 1163/6494 1179/6495
vt 0.77935260 0.32324219
vt 0.77900004 0.32705812
vt 0.76600788 0.32705812
f 1180/6496 1164/6497 1162/6498
vt 0.65272663 0.32705812
vt 0.66607135 0.32324219
vt 0.65343176 0.32324219
f 1161/6499 1179/6500 1177/6501
vt 0.76671301 0.32324219
vt 0.77935260 0.32324219
vt 0.76600788 0.32705812
f 1178/6502 1180/6503 1162/6504
vt 0.66571879 0.32705812
vt 0.67871094 0.32705812
vt 0.67871094 0.32324219
f 1163/6505 1165/6506 1181/6507
vt 0.79199219 0.32324219
vt 0.79199219 0.32705812
vt 0.77900004 0.32705812
f 1182/6508 1166/6509 1164/6510
vt 0.66571879 0.32705812
vt 0.67871094 0.32324219
vt 0.66607135 0.32324219
f 1163/6511 1181/6512 1179/6513
vt 0.77935260 0.32324219
vt 0.79199219 0.32324219
vt 0.77900004 0.32705812
f 1180/6514 1182/6515 1164/6516
vt 0.67871094 0.32705812
vt 0.69110941 0.32705812
vt 0.69146197 0.32324219
f 1165/6517 1167/6518 1183/6519
vt 0.80474322 0.32324219
vt 0.80439066 0.32705812
vt 0.79199219 0.32705812
f 1184/6520 1168/6521 1166/6522
vt 0.67871094 0.32705812
vt 0.69146197 0.32324219
vt 0.67871094 0.32324219
f 1165/6523 1183/6524 1181/6525
vt 0.79199219 0.32324219
vt 0.80474322 0.32324219
vt 0.79199219 0.32705812
f 1182/6526 1184/6527 1166/6528
vt 0.69110941 0.32705812
vt 0.70350788 0.32705812
vt 0.70421301 0.32324219
f 1167/6529 1169/6530 1185/6531
vt 0.81749426 0.32324219
vt 0.81678913 0.32705812
vt 0.80439066 0.32705812
f 1186/6532 1170/6533 1168/6534
vt 0.69110941 0.32705812
vt 0.70421301 0.32324219
vt 0.69146197 0.32324219
f 1167/6535 1185/6536 1183/6537
vt 0.80474322 0.32324219
vt 0.81749426 0.32324219
vt 0.80439066 0.32705812
f 1184/6538 1186/6539 1168/6540
vt 0.70350788 0.32705812
vt 0.71650004 0.32705812
vt 0.71685260 0.32324219
f 1169/6541 1171/6542 1187/6543
vt 0.83013385 0.32324219
vt 0.82978129 0.32705812
vt 0.81678913 0.32705812
f 1188/6544 1172/6545 1170/6546
vt 0.70350788 0.32705812
vt 0.71685260 0.32324219
vt 0.70421301 0.32324219
f 1169/6547 1187/6548 1185/6549
vt 0.81749426 0.32324219
vt 0.83013385 0.32324219
vt 0.81678913 0.32705812
f 1186/6550 1188/6551 1170/6552
vt 0.71650004 0.32705812
vt 0.72949219 0.32705812
vt 0.72949219 0.32324219
f 1171/6553 1159/6554 1175/6555
vt 0.84277344 0.32324219
vt 0.84277344 0.32705812
vt 0.82978129 0.32705812
f 1176/6556 1160/6557 1172/6558
vt 0.71650004 0.32705812
vt 0.72949219 0.32324219
vt 0.71685260 0.32324219
f 1171/6559 1175/6560 1187/6561
vt 0.83013385 0.32324219
vt 0.84277344 0.32324219
vt 0.82978129 0.32705812
f 1188/6562 1176/6563 1172/6564
vt 0.85449219 0.37402344
vt 0.86230469 0.37402344
vt 0.85449219 0.36621094
f 1110/6565 1109/6566 1114/6567
vt 0.85449219 0.37402344
vt 0.86230469 0.37402344
vt 0.85449219 0.36621094
f 1110/6568 1114/6569 1113/6570
vt 0.85449219 0.37402344
vt 0.86230469 0.37402344
vt 0.85449219 0.36621094
f 1117/6571 1110/6572 1113/6573
vt 0.85449219 0.37402344
vt 0.86230469 0.37402344
vt 0.85449219 0.36621094
f 1117/6574 1113/6575 1120/6576
vt 0.85449219 0.37402344
vt 0.86230469 0.37402344
vt 0.85449219 0.36621094
f 1121/6577 1117/6578 1120/6579
vt 0.85449219 0.37402344
vt 0.86230469 0.37402344
vt 0.85449219 0.36621094
f 1121/6580 1120/6581 1124/6582
vt 0.85449219 0.37402344
vt 0.86230469 0.37402344
vt 0.85449219 0.36621094
f 1125/6583 1121/6584 1124/6585
vt 0.85449219 0.37402344
vt 0.86230469 0.37402344
vt 0.85449219 0.36621094
f 1125/6586 1124/6587 1128/6588
vt 0.85449219 0.37402344
vt 0.86230469 0.37402344
vt 0.85449219 0.36621094
f 1129/6589 1125/6590 1128/6591
vt 0.85449219 0.37402344
vt 0.86230469 0.37402344
vt 0.85449219 0.36621094
f 1129/6592 1128/6593 1132/6594
vt 0.85449219 0.37402344
vt 0.86230469 0.37402344
vt 0.85449219 0.36621094
f 1133/6595 1129/6596 1132/6597
vt 0.85449219 0.37402344
vt 0.86230469 0.37402344
vt 0.85449219 0.36621094
f 1133/6598 1132/6599 1136/6600
vt 0.85449219 0.37402344
vt 0.86230469 0.37402344
vt 0.85449219 0.36621094
f 1137/6601 1133/6602 1136/6603
vt 0.85449219 0.37402344
vt 0.86230469 0.37402344
vt 0.85449219 0.36621094
f 1137/6604 1136/6605 1140/6606
vt 0.85449219 0.37402344
vt 0.86230469 0.37402344
vt 0.85449219 0.36621094
f 1109/6607 1137/6608 1140/6609
vt 0.85449219 0.37402344
vt 0.86230469 0.37402344
vt 0.85449219 0.36621094
f 1109/6610 1140/6611 1114/6612
vt 0.85449219 0.37402344
vt 0.86230469 0.37402344
vt 0.85449219 0.36621094
f 1175/6613 1173/6614 1174/6615
vt 0.85449219 0.37402344
vt 0.86230469 0.37402344
vt 0.85449219 0.36621094
f 1175/6616 1174/6617 1176/6618
vt 0.85449219 0.37402344
vt 0.86230469 0.37402344
vt 0.85449219 0.36621094
f 1173/6619 1177/6620 1178/6621
vt 0.85449219 0.37402344
vt 0.86230469 0.37402344
vt 0.85449219 0.36621094
f 1173/6622 1178/6623 1174/6624
vt 0.85449219 0.37402344
vt 0.86230469 0.37402344
vt 0.85449219 0.36621094
f 1177/6625 1179/6626 1180/6627
vt 0.85449219 0.37402344
vt 0.86230469 0.37402344
vt 0.85449219 0.36621094
f 1177/6628 1180/6629 1178/6630
vt 0.85449219 0.37402344
vt 0.86230469 0.37402344
vt 0.85449219 0.36621094
f 1179/6631 1181/6632 1182/6633
vt 0.85449219 0.37402344
vt 0.86230469 0.37402344
vt 0.85449219 0.36621094
f 1179/6634 1182/6635 1180/6636
vt 0.85449219 0.37402344
vt 0.86230469 0.37402344
vt 0.85449219 0.36621094
f 1181/6637 1183/6638 1184/6639
vt 0.85449219 0.37402344
vt 0.86230469 0.37402344
vt 0.85449219 0.36621094
f 1181/6640 1184/6641 1182/6642
vt 0.85449219 0.37402344
vt 0.86230469 0.37402344
vt 0.85449219 0.36621094
f 1183/6643 1185/6644 1186/6645
vt 0.85449219 0.37402344
vt 0.86230469 0.37402344
vt 0.85449219 0.36621094
f 1183/6646 1186/6647 1184/6648
vt 0.85449219 0.37402344
vt 0.86230469 0.37402344
vt 0.85449219 0.36621094
f 1185/6649 1187/6650 1188/6651
vt 0.85449219 0.37402344
vt 0.86230469 0.37402344
vt 0.85449219 0.36621094
f 1185/6652 1188/6653 1186/6654
vt 0.85449219 0.37402344
vt 0.86230469 0.37402344
vt 0.85449219 0.36621094
f 1187/6655 1175/6656 1176/6657
vt 0.85449219 0.37402344
vt 0.86230469 0.37402344
vt 0.85449219 0.36621094
f 1187/6658 1176/6659 1188/6660
vt 0.00292969 0.31152344
vt 0.02781506 0.31152344
vt 0.02781506 0.29589844
f 1189/6661 1190/6662 1191/6663
vt 0.19383069 0.29589844
vt 0.19383069 0.31152344
vt 0.16894531 0.31152344
f 1192/6664 1193/6665 1194/6666
vt 0.00292969 0.31152344
vt 0.02781506 0.29589844
vt 0.00292969 0.29589844
f 1189/6667 1191/6668 1195/6669
vt 0.16894531 0.29589844
vt 0.19383069 0.29589844
vt 0.16894531 0.31152344
f 1196/6670 1192/6671 1194/6672
vt 0.02781506 0.31152344
vt 0.05270044 0.31152344
vt 0.05270044 0.29589844
f 1190/6673 1197/6674 1198/6675
vt 0.21871606 0.29589844
vt 0.21871606 0.31152344
vt 0.19383069 0.31152344
f 1199/6676 1200/6677 1193/6678
vt 0.02781506 0.31152344
vt 0.05270044 0.29589844
vt 0.02781506 0.29589844
f 1190/6679 1198/6680 1191/6681
vt 0.19383069 0.29589844
vt 0.21871606 0.29589844
vt 0.19383069 0.31152344
f 1192/6682 1199/6683 1193/6684
vt 0.05270044 0.31152344
vt 0.06638928 0.31152344
vt 0.06638928 0.29589844
f 1197/6685 1201/6686 1202/6687
vt 0.23240491 0.29589844
vt 0.23240491 0.31152344
vt 0.21871606 0.31152344
f 1203/6688 1204/6689 1200/6690
vt 0.05270044 0.31152344
vt 0.06638928 0.29589844
vt 0.05270044 0.29589844
f 1197/6691 1202/6692 1198/6693
vt 0.21871606 0.29589844
vt 0.23240491 0.29589844
vt 0.21871606 0.31152344
f 1199/6694 1203/6695 1200/6696
vt 0.06638928 0.31152344
vt 0.08007812 0.31152344
vt 0.08007812 0.29589844
f 1201/6697 1205/6698 1206/6699
vt 0.24609375 0.29589844
vt 0.24609375 0.31152344
vt 0.23240491 0.31152344
f 1207/6700 1208/6701 1204/6702
vt 0.06638928 0.31152344
vt 0.08007812 0.29589844
vt 0.06638928 0.29589844
f 1201/6703 1206/6704 1202/6705
vt 0.23240491 0.29589844
vt 0.24609375 0.29589844
vt 0.23240491 0.31152344
f 1203/6706 1207/6707 1204/6708
vt 0.08007812 0.31152344
vt 0.10496350 0.31152344
vt 0.10496350 0.29589844
f 1205/6709 1209/6710 1210/6711
vt 0.27097912 0.29589844
vt 0.27097912 0.31152344
vt 0.24609375 0.31152344
f 1211/6712 1212/6713 1208/6714
vt 0.08007812 0.31152344
vt 0.10496350 0.29589844
vt 0.08007812 0.29589844
f 1205/6715 1210/6716 1206/6717
vt 0.24609375 0.29589844
vt 0.27097912 0.29589844
vt 0.24609375 0.31152344
f 1207/6718 1211/6719 1208/6720
vt 0.10496350 0.31152344
vt 0.12984887 0.31152344
vt 0.12984887 0.29589844
f 1209/6721 1213/6722 1214/6723
vt 0.29586450 0.29589844
vt 0.29586450 0.31152344
vt 0.27097912 0.31152344
f 1215/6724 1216/6725 1212/6726
vt 0.10496350 0.31152344
vt 0.12984887 0.29589844
vt 0.10496350 0.29589844
f 1209/6727 1214/6728 1210/6729
vt 0.27097912 0.29589844
vt 0.29586450 0.29589844
vt 0.27097912 0.31152344
f 1211/6730 1215/6731 1212/6732
vt 0.12984887 0.31152344
vt 0.14353772 0.31152344
vt 0.14353772 0.29589844
f 1213/6733 1217/6734 1218/6735
vt 0.30955334 0.29589844
vt 0.30955334 0.31152344
vt 0.29586450 0.31152344
f 1219/6736 1220/6737 1216/6738
vt 0.12984887 0.31152344
vt 0.14353772 0.29589844
vt 0.12984887 0.29589844
f 1213/6739 1218/6740 1214/6741
vt 0.29586450 0.29589844
vt 0.30955334 0.29589844
vt 0.29586450 0.31152344
f 1215/6742 1219/6743 1216/6744
vt 0.14353772 0.31152344
vt 0.15722656 0.31152344
vt 0.15722656 0.29589844
f 1217/6745 1189/6746 1195/6747
vt 0.32324219 0.29589844
vt 0.32324219 0.31152344
vt 0.30955334 0.31152344
f 1196/6748 1194/6749 1220/6750
vt 0.14353772 0.31152344
vt 0.15722656 0.29589844
vt 0.14353772 0.29589844
f 1217/6751 1195/6752 1218/6753
vt 0.30955334 0.29589844
vt 0.32324219 0.29589844
vt 0.30955334 0.31152344
f 1219/6754 1196/6755 1220/6756
vt 0.33496094 0.31152344
vt 0.34277344 0.31152344
vt 0.33496094 0.30371094
f 1190/6757 1189/6758 1194/6759
vt 0.33496094 0.31152344
vt 0.34277344 0.31152344
vt 0.33496094 0.30371094
f 1190/6760 1194/6761 1193/6762
vt 0.33496094 0.31152344
vt 0.34277344 0.31152344
vt 0.33496094 0.30371094
f 1195/6763 1191/6764 1192/6765
vt 0.33496094 0.31152344
vt 0.34277344 0.31152344
vt 0.33496094 0.30371094
f 1195/6766 1192/6767 1196/6768
vt 0.33496094 0.31152344
vt 0.34277344 0.31152344
vt 0.33496094 0.30371094
f 1197/6769 1190/6770 1193/6771
vt 0.33496094 0.31152344
vt 0.34277344 0.31152344
vt 0.33496094 0.30371094
f 1197/6772 1193/6773 1200/6774
vt 0.33496094 0.31152344
vt 0.34277344 0.31152344
vt 0.33496094 0.30371094
f 1191/6775 1198/6776 1199/6777
vt 0.33496094 0.31152344
vt 0.34277344 0.31152344
vt 0.33496094 0.30371094
f 1191/6778 1199/6779 1192/6780
vt 0.33496094 0.31152344
vt 0.34277344 0.31152344
vt 0.33496094 0.30371094
f 1201/6781 1197/6782 1200/6783
vt 0.33496094 0.31152344
vt 0.34277344 0.31152344
vt 0.33496094 0.30371094
f 1201/6784 1200/6785 1204/6786
vt 0.33496094 0.31152344
vt 0.34277344 0.31152344
vt 0.33496094 0.30371094
f 1198/6787 1202/6788 1203/6789
vt 0.33496094 0.31152344
vt 0.34277344 0.31152344
vt 0.33496094 0.30371094
f 1198/6790 1203/6791 1199/6792
vt 0.33496094 0.31152344
vt 0.34277344 0.31152344
vt 0.33496094 0.30371094
f 1205/6793 1201/6794 1204/6795
vt 0.33496094 0.31152344
vt 0.34277344 0.31152344
vt 0.33496094 0.30371094
f 1205/6796 1204/6797 1208/6798
vt 0.33496094 0.31152344
vt 0.34277344 0.31152344
vt 0.33496094 0.30371094
f 1202/6799 1206/6800 1207/6801
vt 0.33496094 0.31152344
vt 0.34277344 0.31152344
vt 0.33496094 0.30371094
f 1202/6802 1207/6803 1203/6804
vt 0.33496094 0.31152344
vt 0.34277344 0.31152344
vt 0.33496094 0.30371094
f 1209/6805 1205/6806 1208/6807
vt 0.33496094 0.31152344
vt 0.34277344 0.31152344
vt 0.33496094 0.30371094
f 1209/6808 1208/6809 1212/6810
vt 0.33496094 0.31152344
vt 0.34277344 0.31152344
vt 0.33496094 0.30371094
f 1206/6811 1210/6812 1211/6813
vt 0.33496094 0.31152344
vt 0.34277344 0.31152344
vt 0.33496094 0.30371094
f 1206/6814 1211/6815 1207/6816
vt 0.33496094 0.31152344
vt 0.34277344 0.31152344
vt 0.33496094 0.30371094
f 1213/6817 1209/6818 1212/6819
vt 0.33496094 0.31152344
vt 0.34277344 0.31152344
vt 0.33496094 0.30371094
f 1213/6820 1212/6821 1216/6822
vt 0.33496094 0.31152344
vt 0.34277344 0.31152344
vt 0.33496094 0.30371094
f 1210/6823 1214/6824 1215/6825
vt 0.33496094 0.31152344
vt 0.34277344 0.31152344
vt 0.33496094 0.30371094
f 1210/6826 1215/6827 1211/6828
vt 0.33496094 0.31152344
vt 0.34277344 0.31152344
vt 0.33496094 0.30371094
f 1217/6829 1213/6830 1216/6831
vt 0.33496094 0.31152344
vt 0.34277344 0.31152344
vt 0.33496094 0.30371094
f 1217/6832 1216/6833 1220/6834
vt 0.33496094 0.31152344
vt 0.34277344 0.31152344
vt 0.33496094 0.30371094
f 1214/6835 1218/6836 1219/6837
vt 0.33496094 0.31152344
vt 0.34277344 0.31152344
vt 0.33496094 0.30371094
f 1214/6838 1219/6839 1215/6840
vt 0.33496094 0.31152344
vt 0.34277344 0.31152344
vt 0.33496094 0.30371094
f 1189/6841 1217/6842 1220/6843
vt 0.33496094 0.31152344
vt 0.34277344 0.31152344
vt 0.33496094 0.30371094
f 1189/6844 1220/6845 1194/6846
vt 0.33496094 0.31152344
vt 0.34277344 0.31152344
vt 0.33496094 0.30371094
f 1218/6847 1195/6848 1196/6849
vt 0.33496094 0.31152344
vt 0.34277344 0.31152344
vt 0.33496094 0.30371094
f 1218/6850 1196/6851 1219/6852
vt 0.35449219 0.31152344
vt 0.36774246 0.31152344
vt 0.36774246 0.30371094
f 1221/6853 1222/6854 1223/6855
vt 0.48688309 0.30371094
vt 0.48688309 0.31152344
vt 0.47363281 0.31152344
f 1224/6856 1225/6857 1226/6858
vt 0.35449219 0.31152344
vt 0.36774246 0.30371094
vt 0.35449219 0.30371094
f 1221/6859 1223/6860 1227/6861
vt 0.47363281 0.30371094
vt 0.48688309 0.30371094
vt 0.47363281 0.31152344
f 1228/6862 1224/6863 1226/6864
vt 0.36774246 0.31152344
vt 0.38099274 0.31152344
vt 0.38099274 0.30371094
f 1222/6865 1229/6866 1230/6867
vt 0.50013336 0.30371094
vt 0.50013336 0.31152344
vt 0.48688309 0.31152344
f 1231/6868 1232/6869 1225/6870
vt 0.36774246 0.31152344
vt 0.38099274 0.30371094
vt 0.36774246 0.30371094
f 1222/6871 1230/6872 1223/6873
vt 0.48688309 0.30371094
vt 0.50013336 0.30371094
vt 0.48688309 0.31152344
f 1224/6874 1231/6875 1225/6876
vt 0.38099274 0.31152344
vt 0.39459793 0.31152344
vt 0.39459793 0.30371094
f 1229/6877 1233/6878 1234/6879
vt 0.51373856 0.30371094
vt 0.51373856 0.31152344
vt 0.50013336 0.31152344
f 1235/6880 1236/6881 1232/6882
vt 0.38099274 0.31152344
vt 0.39459793 0.30371094
vt 0.38099274 0.30371094
f 1229/6883 1234/6884 1230/6885
vt 0.50013336 0.30371094
vt 0.51373856 0.30371094
vt 0.50013336 0.31152344
f 1231/6886 1235/6887 1232/6888
vt 0.39459793 0.31152344
vt 0.40820312 0.31152344
vt 0.40820312 0.30371094
f 1233/6889 1237/6890 1238/6891
vt 0.52734375 0.30371094
vt 0.52734375 0.31152344
vt 0.51373856 0.31152344
f 1239/6892 1240/6893 1236/6894
vt 0.39459793 0.31152344
vt 0.40820312 0.30371094
vt 0.39459793 0.30371094
f 1233/6895 1238/6896 1234/6897
vt 0.51373856 0.30371094
vt 0.52734375 0.30371094
vt 0.51373856 0.31152344
f 1235/6898 1239/6899 1236/6900
vt 0.40820312 0.31152344
vt 0.42145340 0.31152344
vt 0.42145340 0.30371094
f 1237/6901 1241/6902 1242/6903
vt 0.54059403 0.30371094
vt 0.54059403 0.31152344
vt 0.52734375 0.31152344
f 1243/6904 1244/6905 1240/6906
vt 0.40820312 0.31152344
vt 0.42145340 0.30371094
vt 0.40820312 0.30371094
f 1237/6907 1242/6908 1238/6909
vt 0.52734375 0.30371094
vt 0.54059403 0.30371094
vt 0.52734375 0.31152344
f 1239/6910 1243/6911 1240/6912
vt 0.42145340 0.31152344
vt 0.43470368 0.31152344
vt 0.43470368 0.30371094
f 1241/6913 1245/6914 1246/6915
vt 0.55384430 0.30371094
vt 0.55384430 0.31152344
vt 0.54059403 0.31152344
f 1247/6916 1248/6917 1244/6918
vt 0.42145340 0.31152344
vt 0.43470368 0.30371094
vt 0.42145340 0.30371094
f 1241/6919 1246/6920 1242/6921
vt 0.54059403 0.30371094
vt 0.55384430 0.30371094
vt 0.54059403 0.31152344
f 1243/6922 1247/6923 1244/6924
vt 0.43470368 0.31152344
vt 0.44830887 0.31152344
vt 0.44830887 0.30371094
f 1245/6925 1249/6926 1250/6927
vt 0.56744949 0.30371094
vt 0.56744949 0.31152344
vt 0.55384430 0.31152344
f 1251/6928 1252/6929 1248/6930
vt 0.43470368 0.31152344
vt 0.44830887 0.30371094
vt 0.43470368 0.30371094
f 1245/6931 1250/6932 1246/6933
vt 0.55384430 0.30371094
vt 0.56744949 0.30371094
vt 0.55384430 0.31152344
f 1247/6934 1251/6935 1248/6936
vt 0.44830887 0.31152344
vt 0.46191406 0.31152344
vt 0.46191406 0.30371094
f 1249/6937 1221/6938 1227/6939
vt 0.58105469 0.30371094
vt 0.58105469 0.31152344
vt 0.56744949 0.31152344
f 1228/6940 1226/6941 1252/6942
vt 0.44830887 0.31152344
vt 0.46191406 0.30371094
vt 0.44830887 0.30371094
f 1249/6943 1227/6944 1250/6945
vt 0.56744949 0.30371094
vt 0.58105469 0.30371094
vt 0.56744949 0.31152344
f 1251/6946 1228/6947 1252/6948
vt 0.59277344 0.31152344
vt 0.60058594 0.31152344
vt 0.59277344 0.30371094
f 1222/6949 1221/6950 1226/6951
vt 0.59277344 0.31152344
vt 0.60058594 0.31152344
vt 0.59277344 0.30371094
f 1222/6952 1226/6953 1225/6954
vt 0.59277344 0.31152344
vt 0.60058594 0.31152344
vt 0.59277344 0.30371094
f 1227/6955 1223/6956 1224/6957
vt 0.59277344 0.31152344
vt 0.60058594 0.31152344
vt 0.59277344 0.30371094
f 1227/6958 1224/6959 1228/6960
vt 0.59277344 0.31152344
vt 0.60058594 0.31152344
vt 0.59277344 0.30371094
f 1229/6961 1222/6962 1225/6963
vt 0.59277344 0.31152344
vt 0.60058594 0.31152344
vt 0.59277344 0.30371094
f 1229/6964 1225/6965 1232/6966
vt 0.59277344 0.31152344
vt 0.60058594 0.31152344
vt 0.59277344 0.30371094
f 1223/6967 1230/6968 1231/6969
vt 0.59277344 0.31152344
vt 0.60058594 0.31152344
vt 0.59277344 0.30371094
f 1223/6970 1231/6971 1224/6972
vt 0.59277344 0.31152344
vt 0.60058594 0.31152344
vt 0.59277344 0.30371094
f 1233/6973 1229/6974 1232/6975
vt 0.59277344 0.31152344
vt 0.60058594 0.31152344
vt 0.59277344 0.30371094
f 1233/6976 1232/6977 1236/6978
vt 0.59277344 0.31152344
vt 0.60058594 0.31152344
vt 0.59277344 0.30371094
f 1230/6979 1234/6980 1235/6981
vt 0.59277344 0.31152344
vt 0.60058594 0.31152344
vt 0.59277344 0.30371094
f 1230/6982 1235/6983 1231/6984
vt 0.59277344 0.31152344
vt 0.60058594 0.31152344
vt 0.59277344 0.30371094
f 1237/6985 1233/6986 1236/6987
vt 0.59277344 0.31152344
vt 0.60058594 0.31152344
vt 0.59277344 0.30371094
f 1237/6988 1236/6989 1240/6990
vt 0.59277344 0.31152344
vt 0.60058594 0.31152344
vt 0.59277344 0.30371094
f 1234/6991 1238/6992 1239/6993
vt 0.59277344 0.31152344
vt 0.60058594 0.31152344
vt 0.59277344 0.30371094
f 1234/6994 1239/6995 1235/6996
vt 0.59277344 0.31152344
vt 0.60058594 0.31152344
vt 0.59277344 0.30371094
f 1241/6997 1237/6998 1240/6999
vt 0.59277344 0.31152344
vt 0.60058594 0.31152344
vt 0.59277344 0.30371094
f 1241/7000 1240/7001 1244/7002
vt 0.59277344 0.31152344
vt 0.60058594 0.31152344
vt 0.59277344 0.30371094
f 1238/7003 1242/7004 1243/7005
vt 0.59277344 0.31152344
vt 0.60058594 0.31152344
vt 0.59277344 0.30371094
f 1238/7006 1243/7007 1239/7008
vt 0.59277344 0.31152344
vt 0.60058594 0.31152344
vt 0.59277344 0.30371094
f 1245/7009 1241/7010 1244/7011
vt 0.59277344 0.31152344
vt 0.60058594 0.31152344
vt 0.59277344 0.30371094
f 1245/7012 1244/7013 1248/7014
vt 0.59277344 0.31152344
vt 0.60058594 0.31152344
vt 0.59277344 0.30371094
f 1242/7015 1246/7016 1247/7017
vt 0.59277344 0.31152344
vt 0.60058594 0.31152344
vt 0.59277344 0.30371094
f 1242/7018 1247/7019 1243/7020
vt 0.59277344 0.31152344
vt 0.60058594 0.31152344
vt 0.59277344 0.30371094
f 1249/7021 1245/7022 1248/7023
vt 0.59277344 0.31152344
vt 0.60058594 0.31152344
vt 0.59277344 0.30371094
f 1249/7024 1248/7025 1252/7026
vt 0.59277344 0.31152344
vt 0.60058594 0.31152344
vt 0.59277344 0.30371094
f 1246/7027 1250/7028 1251/7029
vt 0.59277344 0.31152344
vt 0.60058594 0.31152344
vt 0.59277344 0.30371094
f 1246/7030 1251/7031 1247/7032
vt 0.59277344 0.31152344
vt 0.60058594 0.31152344
vt 0.59277344 0.30371094
f 1221/7033 1249/7034 1252/7035
vt 0.59277344 0.31152344
vt 0.60058594 0.31152344
vt 0.59277344 0.30371094
f 1221/7036 1252/7037 1226/7038
vt 0.59277344 0.31152344
vt 0.60058594 0.31152344
vt 0.59277344 0.30371094
f 1250/7039 1227/7040 1228/7041
vt 0.59277344 0.31152344
vt 0.60058594 0.31152344
vt 0.59277344 0.30371094
f 1250/7042 1228/7043 1251/7044
vt 0.61230469 0.31152344
vt 0.62555496 0.31152344
vt 0.62555496 0.30371094
f 1253/7045 1254/7046 1255/7047
vt 0.74469559 0.30371094
vt 0.74469559 0.31152344
vt 0.73144531 0.31152344
f 1256/7048 1257/7049 1258/7050
vt 0.61230469 0.31152344
vt 0.62555496 0.30371094
vt 0.61230469 0.30371094
f 1253/7051 1255/7052 1259/7053
vt 0.73144531 0.30371094
vt 0.74469559 0.30371094
vt 0.73144531 0.31152344
f 1260/7054 1256/7055 1258/7056
vt 0.62555496 0.31152344
vt 0.63880524 0.31152344
vt 0.63880524 0.30371094
f 1254/7057 1261/7058 1262/7059
vt 0.75794586 0.30371094
vt 0.75794586 0.31152344
vt 0.74469559 0.31152344
f 1263/7060 1264/7061 1257/7062
vt 0.62555496 0.31152344
vt 0.63880524 0.30371094
vt 0.62555496 0.30371094
f 1254/7063 1262/7064 1255/7065
vt 0.74469559 0.30371094
vt 0.75794586 0.30371094
vt 0.74469559 0.31152344
f 1256/7066 1263/7067 1257/7068
vt 0.63880524 0.31152344
vt 0.65241043 0.31152344
vt 0.65241043 0.30371094
f 1261/7069 1265/7070 1266/7071
vt 0.77155106 0.30371094
vt 0.77155106 0.31152344
vt 0.75794586 0.31152344
f 1267/7072 1268/7073 1264/7074
vt 0.63880524 0.31152344
vt 0.65241043 0.30371094
vt 0.63880524 0.30371094
f 1261/7075 1266/7076 1262/7077
vt 0.75794586 0.30371094
vt 0.77155106 0.30371094
vt 0.75794586 0.31152344
f 1263/7078 1267/7079 1264/7080
vt 0.65241043 0.31152344
vt 0.66601562 0.31152344
vt 0.66601562 0.30371094
f 1265/7081 1269/7082 1270/7083
vt 0.78515625 0.30371094
vt 0.78515625 0.31152344
vt 0.77155106 0.31152344
f 1271/7084 1272/7085 1268/7086
vt 0.65241043 0.31152344
vt 0.66601562 0.30371094
vt 0.65241043 0.30371094
f 1265/7087 1270/7088 1266/7089
vt 0.77155106 0.30371094
vt 0.78515625 0.30371094
vt 0.77155106 0.31152344
f 1267/7090 1271/7091 1268/7092
vt 0.66601562 0.31152344
vt 0.67926590 0.31152344
vt 0.67926590 0.30371094
f 1269/7093 1273/7094 1274/7095
vt 0.79840653 0.30371094
vt 0.79840653 0.31152344
vt 0.78515625 0.31152344
f 1275/7096 1276/7097 1272/7098
vt 0.66601562 0.31152344
vt 0.67926590 0.30371094
vt 0.66601562 0.30371094
f 1269/7099 1274/7100 1270/7101
vt 0.78515625 0.30371094
vt 0.79840653 0.30371094
vt 0.78515625 0.31152344
f 1271/7102 1275/7103 1272/7104
vt 0.67926590 0.31152344
vt 0.69251618 0.31152344
vt 0.69251618 0.30371094
f 1273/7105 1277/7106 1278/7107
vt 0.81165680 0.30371094
vt 0.81165680 0.31152344
vt 0.79840653 0.31152344
f 1279/7108 1280/7109 1276/7110
vt 0.67926590 0.31152344
vt 0.69251618 0.30371094
vt 0.67926590 0.30371094
f 1273/7111 1278/7112 1274/7113
vt 0.79840653 0.30371094
vt 0.81165680 0.30371094
vt 0.79840653 0.31152344
f 1275/7114 1279/7115 1276/7116
vt 0.69251618 0.31152344
vt 0.70612137 0.31152344
vt 0.70612137 0.30371094
f 1277/7117 1281/7118 1282/7119
vt 0.82526199 0.30371094
vt 0.82526199 0.31152344
vt 0.81165680 0.31152344
f 1283/7120 1284/7121 1280/7122
vt 0.69251618 0.31152344
vt 0.70612137 0.30371094
vt 0.69251618 0.30371094
f 1277/7123 1282/7124 1278/7125
vt 0.81165680 0.30371094
vt 0.82526199 0.30371094
vt 0.81165680 0.31152344
f 1279/7126 1283/7127 1280/7128
vt 0.70612137 0.31152344
vt 0.71972656 0.31152344
vt 0.71972656 0.30371094
f 1281/7129 1253/7130 1259/7131
vt 0.83886719 0.30371094
vt 0.83886719 0.31152344
vt 0.82526199 0.31152344
f 1260/7132 1258/7133 1284/7134
vt 0.70612137 0.31152344
vt 0.71972656 0.30371094
vt 0.70612137 0.30371094
f 1281/7135 1259/7136 1282/7137
vt 0.82526199 0.30371094
vt 0.83886719 0.30371094
vt 0.82526199 0.31152344
f 1283/7138 1260/7139 1284/7140
vt 0.85058594 0.31152344
vt 0.85839844 0.31152344
vt 0.85058594 0.30371094
f 1254/7141 1253/7142 1258/7143
vt 0.85058594 0.31152344
vt 0.85839844 0.31152344
vt 0.85058594 0.30371094
f 1254/7144 1258/7145 1257/7146
vt 0.85058594 0.31152344
vt 0.85839844 0.31152344
vt 0.85058594 0.30371094
f 1259/7147 1255/7148 1256/7149
vt 0.85058594 0.31152344
vt 0.85839844 0.31152344
vt 0.85058594 0.30371094
f 1259/7150 1256/7151 1260/7152
vt 0.85058594 0.31152344
vt 0.85839844 0.31152344
vt 0.85058594 0.30371094
f 1261/7153 1254/7154 1257/7155
vt 0.85058594 0.31152344
vt 0.85839844 0.31152344
vt 0.85058594 0.30371094
f 1261/7156 1257/7157 1264/7158
vt 0.85058594 0.31152344
vt 0.85839844 0.31152344
vt 0.85058594 0.30371094
f 1255/7159 1262/7160 1263/7161
vt 0.85058594 0.31152344
vt 0.85839844 0.31152344
vt 0.85058594 0.30371094
f 1255/7162 1263/7163 1256/7164
vt 0.85058594 0.31152344
vt 0.85839844 0.31152344
vt 0.85058594 0.30371094
f 1265/7165 1261/7166 1264/7167
vt 0.85058594 0.31152344
vt 0.85839844 0.31152344
vt 0.85058594 0.30371094
f 1265/7168 1264/7169 1268/7170
vt 0.85058594 0.31152344
vt 0.85839844 0.31152344
vt 0.85058594 0.30371094
f 1262/7171 1266/7172 1267/7173
vt 0.85058594 0.31152344
vt 0.85839844 0.31152344
vt 0.85058594 0.30371094
f 1262/7174 1267/7175 1263/7176
vt 0.85058594 0.31152344
vt 0.85839844 0.31152344
vt 0.85058594 0.30371094
f 1269/7177 1265/7178 1268/7179
vt 0.85058594 0.31152344
vt 0.85839844 0.31152344
vt 0.85058594 0.30371094
f 1269/7180 1268/7181 1272/7182
vt 0.85058594 0.31152344
vt 0.85839844 0.31152344
vt 0.85058594 0.30371094
f 1266/7183 1270/7184 1271/7185
vt 0.85058594 0.31152344
vt 0.85839844 0.31152344
vt 0.85058594 0.30371094
f 1266/7186 1271/7187 1267/7188
vt 0.85058594 0.31152344
vt 0.85839844 0.31152344
vt 0.85058594 0.30371094
f 1273/7189 1269/7190 1272/7191
vt 0.85058594 0.31152344
vt 0.85839844 0.31152344
vt 0.85058594 0.30371094
f 1273/7192 1272/7193 1276/7194
vt 0.85058594 0.31152344
vt 0.85839844 0.31152344
vt 0.85058594 0.30371094
f 1270/7195 1274/7196 1275/7197
vt 0.85058594 0.31152344
vt 0.85839844 0.31152344
vt 0.85058594 0.30371094
f 1270/7198 1275/7199 1271/7200
vt 0.85058594 0.31152344
vt 0.85839844 0.31152344
vt 0.85058594 0.30371094
f 1277/7201 1273/7202 1276/7203
vt 0.85058594 0.31152344
vt 0.85839844 0.31152344
vt 0.85058594 0.30371094
f 1277/7204 1276/7205 1280/7206
vt 0.85058594 0.31152344
vt 0.85839844 0.31152344
vt 0.85058594 0.30371094
f 1274/7207 1278/7208 1279/7209
vt 0.85058594 0.31152344
vt 0.85839844 0.31152344
vt 0.85058594 0.30371094
f 1274/7210 1279/7211 1275/7212
vt 0.85058594 0.31152344
vt 0.85839844 0.31152344
vt 0.85058594 0.30371094
f 1281/7213 1277/7214 1280/7215
vt 0.85058594 0.31152344
vt 0.85839844 0.31152344
vt 0.85058594 0.30371094
f 1281/7216 1280/7217 1284/7218
vt 0.85058594 0.31152344
vt 0.85839844 0.31152344
vt 0.85058594 0.30371094
f 1278/7219 1282/7220 1283/7221
vt 0.85058594 0.31152344
vt 0.85839844 0.31152344
vt 0.85058594 0.30371094
f 1278/7222 1283/7223 1279/7224
vt 0.85058594 0.31152344
vt 0.85839844 0.31152344
vt 0.85058594 0.30371094
f 1253/7225 1281/7226 1284/7227
vt 0.85058594 0.31152344
vt 0.85839844 0.31152344
vt 0.85058594 0.30371094
f 1253/7228 1284/7229 1258/7230
vt 0.85058594 0.31152344
vt 0.85839844 0.31152344
vt 0.85058594 0.30371094
f 1282/7231 1259/7232 1260/7233
vt 0.85058594 0.31152344
vt 0.85839844 0.31152344
vt 0.85058594 0.30371094
f 1282/7234 1260/7235 1283/7236
usemtl material1
vt 0.00781250 0.91406250
vt 0.01615585 0.91406250
vt 0.01615585 0.90234375
f 1285/7237 1286/7238 1287/7239
vt 0.01615585 0.90234375
vt 0.01615585 0.91406250
vt 0.00781250 0.91406250
f 1288/7240 1289/7241 1290/7242
vt 0.00781250 0.91406250
vt 0.01615585 0.90234375
vt 0.00781250 0.90234375
f 1285/7243 1287/7244 1291/7245
vt 0.00781250 0.90234375
vt 0.01615585 0.90234375
vt 0.00781250 0.91406250
f 1292/7246 1288/7247 1290/7248
vt 0.01615585 0.91406250
vt 0.01716542 0.91406250
vt 0.01716542 0.90234375
f 1286/7249 1293/7250 1294/7251
vt 0.01716542 0.90234375
vt 0.01716542 0.91406250
vt 0.01615585 0.91406250
f 1295/7252 1296/7253 1289/7254
vt 0.01615585 0.91406250
vt 0.01716542 0.90234375
vt 0.01615585 0.90234375
f 1286/7255 1294/7256 1287/7257
vt 0.01615585 0.90234375
vt 0.01716542 0.90234375
vt 0.01615585 0.91406250
f 1288/7258 1295/7259 1289/7260
vt 0.01716542 0.91406250
vt 0.02633419 0.91406250
vt 0.02633419 0.90234375
f 1293/7261 1297/7262 1298/7263
vt 0.02633419 0.90234375
vt 0.02633419 0.91406250
vt 0.01716542 0.91406250
f 1299/7264 1300/7265 1296/7266
vt 0.01716542 0.91406250
vt 0.02633419 0.90234375
vt 0.01716542 0.90234375
f 1293/7267 1298/7268 1294/7269
vt 0.01716542 0.90234375
vt 0.02633419 0.90234375
vt 0.01716542 0.91406250
f 1295/7270 1299/7271 1296/7272
vt 0.02633419 0.91406250
vt 0.02734375 0.91406250
vt 0.02734375 0.90234375
f 1297/7273 1301/7274 1302/7275
vt 0.02734375 0.90234375
vt 0.02734375 0.91406250
vt 0.02633419 0.91406250
f 1303/7276 1304/7277 1300/7278
vt 0.02633419 0.91406250
vt 0.02734375 0.90234375
vt 0.02633419 0.90234375
f 1297/7279 1302/7280 1298/7281
vt 0.02633419 0.90234375
vt 0.02734375 0.90234375
vt 0.02633419 0.91406250
f 1299/7282 1303/7283 1300/7284
vt 0.02734375 0.91406250
vt 0.03568710 0.91406250
vt 0.03568710 0.90234375
f 1301/7285 1305/7286 1306/7287
vt 0.03568710 0.90234375
vt 0.03568710 0.91406250
vt 0.02734375 0.91406250
f 1307/7288 1308/7289 1304/7290
vt 0.02734375 0.91406250
vt 0.03568710 0.90234375
vt 0.02734375 0.90234375
f 1301/7291 1306/7292 1302/7293
vt 0.02734375 0.90234375
vt 0.03568710 0.90234375
vt 0.02734375 0.91406250
f 1303/7294 1307/7295 1304/7296
vt 0.03568710 0.91406250
vt 0.03669667 0.91406250
vt 0.03669667 0.90234375
f 1305/7297 1309/7298 1310/7299
vt 0.03669667 0.90234375
vt 0.03669667 0.91406250
vt 0.03568710 0.91406250
f 1311/7300 1312/7301 1308/7302
vt 0.03568710 0.91406250
vt 0.03669667 0.90234375
vt 0.03568710 0.90234375
f 1305/7303 1310/7304 1306/7305
vt 0.03568710 0.90234375
vt 0.03669667 0.90234375
vt 0.03568710 0.91406250
f 1307/7306 1311/7307 1308/7308
vt 0.03669667 0.91406250
vt 0.04586544 0.91406250
vt 0.04586544 0.90234375
f 1309/7309 1313/7310 1314/7311
vt 0.04586544 0.90234375
vt 0.04586544 0.91406250
vt 0.03669667 0.91406250
f 1315/7312 1316/7313 1312/7314
vt 0.03669667 0.91406250
vt 0.04586544 0.90234375
vt 0.03669667 0.90234375
f 1309/7315 1314/7316 1310/7317
vt 0.03669667 0.90234375
vt 0.04586544 0.90234375
vt 0.03669667 0.91406250
f 1311/7318 1315/7319 1312/7320
vt 0.04586544 0.91406250
vt 0.04687500 0.91406250
vt 0.04687500 0.90234375
f 1313/7321 1285/7322 1291/7323
vt 0.04687500 0.90234375
vt 0.04687500 0.91406250
vt 0.04586544 0.91406250
f 1292/7324 1290/7325 1316/7326
vt 0.04586544 0.91406250
vt 0.04687500 0.90234375
vt 0.04586544 0.90234375
f 1313/7327 1291/7328 1314/7329
vt 0.04586544 0.90234375
vt 0.04687500 0.90234375
vt 0.04586544 0.91406250
f 1315/7330 1292/7331 1316/7332
vt 0.00781250 0.90234375
vt 0.01615585 0.90234375
vt 0.01615585 0.89453125
f 1291/7333 1287/7334 1317/7335
vt 0.01615585 0.89453125
vt 0.01615585 0.90234375
vt 0.00781250 0.90234375
f 1318/7336 1288/7337 1292/7338
vt 0.00781250 0.90234375
vt 0.01615585 0.89453125
vt 0.00781250 0.89453125
f 1291/7339 1317/7340 1319/7341
vt 0.00781250 0.89453125
vt 0.01615585 0.89453125
vt 0.00781250 0.90234375
f 1320/7342 1318/7343 1292/7344
vt 0.01615585 0.90234375
vt 0.01716542 0.90234375
vt 0.01716542 0.89453125
f 1287/7345 1294/7346 1321/7347
vt 0.01716542 0.89453125
vt 0.01716542 0.90234375
vt 0.01615585 0.90234375
f 1322/7348 1295/7349 1288/7350
vt 0.01615585 0.90234375
vt 0.01716542 0.89453125
vt 0.01615585 0.89453125
f 1287/7351 1321/7352 1317/7353
vt 0.01615585 0.89453125
vt 0.01716542 0.89453125
vt 0.01615585 0.90234375
f 1318/7354 1322/7355 1288/7356
vt 0.01716542 0.90234375
vt 0.02633419 0.90234375
vt 0.02633419 0.89453125
f 1294/7357 1298/7358 1323/7359
vt 0.02633419 0.89453125
vt 0.02633419 0.90234375
vt 0.01716542 0.90234375
f 1324/7360 1299/7361 1295/7362
vt 0.01716542 0.90234375
vt 0.02633419 0.89453125
vt 0.01716542 0.89453125
f 1294/7363 1323/7364 1321/7365
vt 0.01716542 0.89453125
vt 0.02633419 0.89453125
vt 0.01716542 0.90234375
f 1322/7366 1324/7367 1295/7368
vt 0.02633419 0.90234375
vt 0.02734375 0.90234375
vt 0.02734375 0.89453125
f 1298/7369 1302/7370 1325/7371
vt 0.02734375 0.89453125
vt 0.02734375 0.90234375
vt 0.02633419 0.90234375
f 1326/7372 1303/7373 1299/7374
vt 0.02633419 0.90234375
vt 0.02734375 0.89453125
vt 0.02633419 0.89453125
f 1298/7375 1325/7376 1323/7377
vt 0.02633419 0.89453125
vt 0.02734375 0.89453125
vt 0.02633419 0.90234375
f 1324/7378 1326/7379 1299/7380
vt 0.02734375 0.90234375
vt 0.03568710 0.90234375
vt 0.03568710 0.89453125
f 1302/7381 1306/7382 1327/7383
vt 0.03568710 0.89453125
vt 0.03568710 0.90234375
vt 0.02734375 0.90234375
f 1328/7384 1307/7385 1303/7386
vt 0.02734375 0.90234375
vt 0.03568710 0.89453125
vt 0.02734375 0.89453125
f 1302/7387 1327/7388 1325/7389
vt 0.02734375 0.89453125
vt 0.03568710 0.89453125
vt 0.02734375 0.90234375
f 1326/7390 1328/7391 1303/7392
vt 0.03568710 0.90234375
vt 0.03669667 0.90234375
vt 0.03669667 0.89453125
f 1306/7393 1310/7394 1329/7395
vt 0.03669667 0.89453125
vt 0.03669667 0.90234375
vt 0.03568710 0.90234375
f 1330/7396 1311/7397 1307/7398
vt 0.03568710 0.90234375
vt 0.03669667 0.89453125
vt 0.03568710 0.89453125
f 1306/7399 1329/7400 1327/7401
vt 0.03568710 0.89453125
vt 0.03669667 0.89453125
vt 0.03568710 0.90234375
f 1328/7402 1330/7403 1307/7404
vt 0.03669667 0.90234375
vt 0.04586544 0.90234375
vt 0.04586544 0.89453125
f 1310/7405 1314/7406 1331/7407
vt 0.04586544 0.89453125
vt 0.04586544 0.90234375
vt 0.03669667 0.90234375
f 1332/7408 1315/7409 1311/7410
vt 0.03669667 0.90234375
vt 0.04586544 0.89453125
vt 0.03669667 0.89453125
f 1310/7411 1331/7412 1329/7413
vt 0.03669667 0.89453125
vt 0.04586544 0.89453125
vt 0.03669667 0.90234375
f 1330/7414 1332/7415 1311/7416
vt 0.04586544 0.90234375
vt 0.04687500 0.90234375
vt 0.04687500 0.89453125
f 1314/7417 1291/7418 1319/7419
vt 0.04687500 0.89453125
vt 0.04687500 0.90234375
vt 0.04586544 0.90234375
f 1320/7420 1292/7421 1315/7422
vt 0.04586544 0.90234375
vt 0.04687500 0.89453125
vt 0.04586544 0.89453125
f 1314/7423 1319/7424 1331/7425
vt 0.04586544 0.89453125
vt 0.04687500 0.89453125
vt 0.04586544 0.90234375
f 1332/7426 1320/7427 1315/7428
vt 0.00781250 0.89453125
vt 0.01615585 0.89453125
vt 0.01615585 0.88867188
f 1319/7429 1317/7430 1333/7431
vt 0.01615585 0.88867188
vt 0.01615585 0.89453125
vt 0.00781250 0.89453125
f 1334/7432 1318/7433 1320/7434
vt 0.00781250 0.89453125
vt 0.01615585 0.88867188
vt 0.00781250 0.88867188
f 1319/7435 1333/7436 1335/7437
vt 0.00781250 0.88867188
vt 0.01615585 0.88867188
vt 0.00781250 0.89453125
f 1336/7438 1334/7439 1320/7440
vt 0.01615585 0.89453125
vt 0.01716542 0.89453125
vt 0.01716542 0.88867188
f 1317/7441 1321/7442 1337/7443
vt 0.01716542 0.88867188
vt 0.01716542 0.89453125
vt 0.01615585 0.89453125
f 1338/7444 1322/7445 1318/7446
vt 0.01615585 0.89453125
vt 0.01716542 0.88867188
vt 0.01615585 0.88867188
f 1317/7447 1337/7448 1333/7449
vt 0.01615585 0.88867188
vt 0.01716542 0.88867188
vt 0.01615585 0.89453125
f 1334/7450 1338/7451 1318/7452
vt 0.01716542 0.89453125
vt 0.02633419 0.89453125
vt 0.02633419 0.88867188
f 1321/7453 1323/7454 1339/7455
vt 0.02633419 0.88867188
vt 0.02633419 0.89453125
vt 0.01716542 0.89453125
f 1340/7456 1324/7457 1322/7458
vt 0.01716542 0.89453125
vt 0.02633419 0.88867188
vt 0.01716542 0.88867188
f 1321/7459 1339/7460 1337/7461
vt 0.01716542 0.88867188
vt 0.02633419 0.88867188
vt 0.01716542 0.89453125
f 1338/7462 1340/7463 1322/7464
vt 0.02633419 0.89453125
vt 0.02734375 0.89453125
vt 0.02734375 0.88867188
f 1323/7465 1325/7466 1341/7467
vt 0.02734375 0.88867188
vt 0.02734375 0.89453125
vt 0.02633419 0.89453125
f 1342/7468 1326/7469 1324/7470
vt 0.02633419 0.89453125
vt 0.02734375 0.88867188
vt 0.02633419 0.88867188
f 1323/7471 1341/7472 1339/7473
vt 0.02633419 0.88867188
vt 0.02734375 0.88867188
vt 0.02633419 0.89453125
f 1340/7474 1342/7475 1324/7476
vt 0.02734375 0.89453125
vt 0.03568710 0.89453125
vt 0.03568710 0.88867188
f 1325/7477 1327/7478 1343/7479
vt 0.03568710 0.88867188
vt 0.03568710 0.89453125
vt 0.02734375 0.89453125
f 1344/7480 1328/7481 1326/7482
vt 0.02734375 0.89453125
vt 0.03568710 0.88867188
vt 0.02734375 0.88867188
f 1325/7483 1343/7484 1341/7485
vt 0.02734375 0.88867188
vt 0.03568710 0.88867188
vt 0.02734375 0.89453125
f 1342/7486 1344/7487 1326/7488
vt 0.03568710 0.89453125
vt 0.03669667 0.89453125
vt 0.03669667 0.88867188
f 1327/7489 1329/7490 1345/7491
vt 0.03669667 0.88867188
vt 0.03669667 0.89453125
vt 0.03568710 0.89453125
f 1346/7492 1330/7493 1328/7494
vt 0.03568710 0.89453125
vt 0.03669667 0.88867188
vt 0.03568710 0.88867188
f 1327/7495 1345/7496 1343/7497
vt 0.03568710 0.88867188
vt 0.03669667 0.88867188
vt 0.03568710 0.89453125
f 1344/7498 1346/7499 1328/7500
vt 0.03669667 0.89453125
vt 0.04586544 0.89453125
vt 0.04586544 0.88867188
f 1329/7501 1331/7502 1347/7503
vt 0.04586544 0.88867188
vt 0.04586544 0.89453125
vt 0.03669667 0.89453125
f 1348/7504 1332/7505 1330/7506
vt 0.03669667 0.89453125
vt 0.04586544 0.88867188
vt 0.03669667 0.88867188
f 1329/7507 1347/7508 1345/7509
vt 0.03669667 0.88867188
vt 0.04586544 0.88867188
vt 0.03669667 0.89453125
f 1346/7510 1348/7511 1330/7512
vt 0.04586544 0.89453125
vt 0.04687500 0.89453125
vt 0.04687500 0.88867188
f 1331/7513 1319/7514 1335/7515
vt 0.04687500 0.88867188
vt 0.04687500 0.89453125
vt 0.04586544 0.89453125
f 1336/7516 1320/7517 1332/7518
vt 0.04586544 0.89453125
vt 0.04687500 0.88867188
vt 0.04586544 0.88867188
f 1331/7519 1335/7520 1347/7521
vt 0.04586544 0.88867188
vt 0.04687500 0.88867188
vt 0.04586544 0.89453125
f 1348/7522 1336/7523 1332/7524
vt 0.06835938 0.91406250
vt 0.07226562 0.91406250
vt 0.06835938 0.91015625
f 1286/7525 1285/7526 1290/7527
vt 0.06835938 0.91406250
vt 0.07226562 0.91406250
vt 0.06835938 0.91015625
f 1286/7528 1290/7529 1289/7530
vt 0.06835938 0.91406250
vt 0.07226562 0.91406250
vt 0.06835938 0.91015625
f 1293/7531 1286/7532 1289/7533
vt 0.06835938 0.91406250
vt 0.07226562 0.91406250
vt 0.06835938 0.91015625
f 1293/7534 1289/7535 1296/7536
vt 0.06835938 0.91406250
vt 0.07226562 0.91406250
vt 0.06835938 0.91015625
f 1297/7537 1293/7538 1296/7539
vt 0.06835938 0.91406250
vt 0.07226562 0.91406250
vt 0.06835938 0.91015625
f 1297/7540 1296/7541 1300/7542
vt 0.06835938 0.91406250
vt 0.07226562 0.91406250
vt 0.06835938 0.91015625
f 1301/7543 1297/7544 1300/7545
vt 0.06835938 0.91406250
vt 0.07226562 0.91406250
vt 0.06835938 0.91015625
f 1301/7546 1300/7547 1304/7548
vt 0.06835938 0.91406250
vt 0.07226562 0.91406250
vt 0.06835938 0.91015625
f 1305/7549 1301/7550 1304/7551
vt 0.06835938 0.91406250
vt 0.07226562 0.91406250
vt 0.06835938 0.91015625
f 1305/7552 1304/7553 1308/7554
vt 0.06835938 0.91406250
vt 0.07226562 0.91406250
vt 0.06835938 0.91015625
f 1309/7555 1305/7556 1308/7557
vt 0.06835938 0.91406250
vt 0.07226562 0.91406250
vt 0.06835938 0.91015625
f 1309/7558 1308/7559 1312/7560
vt 0.06835938 0.91406250
vt 0.07226562 0.91406250
vt 0.06835938 0.91015625
f 1313/7561 1309/7562 1312/7563
vt 0.06835938 0.91406250
vt 0.07226562 0.91406250
vt 0.06835938 0.91015625
f 1313/7564 1312/7565 1316/7566
vt 0.06835938 0.91406250
vt 0.07226562 0.91406250
vt 0.06835938 0.91015625
f 1285/7567 1313/7568 1316/7569
vt 0.06835938 0.91406250
vt 0.07226562 0.91406250
vt 0.06835938 0.91015625
f 1285/7570 1316/7571 1290/7572
vt 0.06835938 0.91406250
vt 0.07226562 0.91406250
vt 0.06835938 0.91015625
f 1335/7573 1333/7574 1334/7575
vt 0.06835938 0.91406250
vt 0.07226562 0.91406250
vt 0.06835938 0.91015625
f 1335/7576 1334/7577 1336/7578
vt 0.06835938 0.91406250
vt 0.07226562 0.91406250
vt 0.06835938 0.91015625
f 1333/7579 1337/7580 1338/7581
vt 0.06835938 0.91406250
vt 0.07226562 0.91406250
vt 0.06835938 0.91015625
f 1333/7582 1338/7583 1334/7584
vt 0.06835938 0.91406250
vt 0.07226562 0.91406250
vt 0.06835938 0.91015625
f 1337/7585 1339/7586 1340/7587
vt 0.06835938 0.91406250
vt 0.07226562 0.91406250
vt 0.06835938 0.91015625
f 1337/7588 1340/7589 1338/7590
vt 0.06835938 0.91406250
vt 0.07226562 0.91406250
vt 0.06835938 0.91015625
f 1339/7591 1341/7592 1342/7593
vt 0.06835938 0.91406250
vt 0.07226562 0.91406250
vt 0.06835938 0.91015625
f 1339/7594 1342/7595 1340/7596
vt 0.06835938 0.91406250
vt 0.07226562 0.91406250
vt 0.06835938 0.91015625
f 1341/7597 1343/7598 1344/7599
vt 0.06835938 0.91406250
vt 0.07226562 0.91406250
vt 0.06835938 0.91015625
f 1341/7600 1344/7601 1342/7602
vt 0.06835938 0.91406250
vt 0.07226562 0.91406250
vt 0.06835938 0.91015625
f 1343/7603 1345/7604 1346/7605
vt 0.06835938 0.91406250
vt 0.07226562 0.91406250
vt 0.06835938 0.91015625
f 1343/7606 1346/7607 1344/7608
vt 0.06835938 0.91406250
vt 0.07226562 0.91406250
vt 0.06835938 0.91015625
f 1345/7609 1347/7610 1348/7611
vt 0.06835938 0.91406250
vt 0.07226562 0.91406250
vt 0.06835938 0.91015625
f 1345/7612 1348/7613 1346/7614
vt 0.06835938 0.91406250
vt 0.07226562 0.91406250
vt 0.06835938 0.91015625
f 1347/7615 1335/7616 1336/7617
vt 0.06835938 0.91406250
vt 0.07226562 0.91406250
vt 0.06835938 0.91015625
f 1347/7618 1336/7619 1348/7620
vt 0.00781250 0.86328125
vt 0.01615585 0.86328125
vt 0.01615585 0.85156250
f 1349/7621 1350/7622 1351/7623
vt 0.01615585 0.85156250
vt 0.01615585 0.86328125
vt 0.00781250 0.86328125
f 1352/7624 1353/7625 1354/7626
vt 0.00781250 0.86328125
vt 0.01615585 0.85156250
vt 0.00781250 0.85156250
f 1349/7627 1351/7628 1355/7629
vt 0.00781250 0.85156250
vt 0.01615585 0.85156250
vt 0.00781250 0.86328125
f 1356/7630 1352/7631 1354/7632
vt 0.01615585 0.86328125
vt 0.01716542 0.86328125
vt 0.01716542 0.85156250
f 1350/7633 1357/7634 1358/7635
vt 0.01716542 0.85156250
vt 0.01716542 0.86328125
vt 0.01615585 0.86328125
f 1359/7636 1360/7637 1353/7638
vt 0.01615585 0.86328125
vt 0.01716542 0.85156250
vt 0.01615585 0.85156250
f 1350/7639 1358/7640 1351/7641
vt 0.01615585 0.85156250
vt 0.01716542 0.85156250
vt 0.01615585 0.86328125
f 1352/7642 1359/7643 1353/7644
vt 0.01716542 0.86328125
vt 0.02633419 0.86328125
vt 0.02633419 0.85156250
f 1357/7645 1361/7646 1362/7647
vt 0.02633419 0.85156250
vt 0.02633419 0.86328125
vt 0.01716542 0.86328125
f 1363/7648 1364/7649 1360/7650
vt 0.01716542 0.86328125
vt 0.02633419 0.85156250
vt 0.01716542 0.85156250
f 1357/7651 1362/7652 1358/7653
vt 0.01716542 0.85156250
vt 0.02633419 0.85156250
vt 0.01716542 0.86328125
f 1359/7654 1363/7655 1360/7656
vt 0.02633419 0.86328125
vt 0.02734375 0.86328125
vt 0.02734375 0.85156250
f 1361/7657 1365/7658 1366/7659
vt 0.02734375 0.85156250
vt 0.02734375 0.86328125
vt 0.02633419 0.86328125
f 1367/7660 1368/7661 1364/7662
vt 0.02633419 0.86328125
vt 0.02734375 0.85156250
vt 0.02633419 0.85156250
f 1361/7663 1366/7664 1362/7665
vt 0.02633419 0.85156250
vt 0.02734375 0.85156250
vt 0.02633419 0.86328125
f 1363/7666 1367/7667 1364/7668
vt 0.02734375 0.86328125
vt 0.03568710 0.86328125
vt 0.03568710 0.85156250
f 1365/7669 1369/7670 1370/7671
vt 0.03568710 0.85156250
vt 0.03568710 0.86328125
vt 0.02734375 0.86328125
f 1371/7672 1372/7673 1368/7674
vt 0.02734375 0.86328125
vt 0.03568710 0.85156250
vt 0.02734375 0.85156250
f 1365/7675 1370/7676 1366/7677
vt 0.02734375 0.85156250
vt 0.03568710 0.85156250
vt 0.02734375 0.86328125
f 1367/7678 1371/7679 1368/7680
vt 0.03568710 0.86328125
vt 0.03669667 0.86328125
vt 0.03669667 0.85156250
f 1369/7681 1373/7682 1374/7683
vt 0.03669667 0.85156250
vt 0.03669667 0.86328125
vt 0.03568710 0.86328125
f 1375/7684 1376/7685 1372/7686
vt 0.03568710 0.86328125
vt 0.03669667 0.85156250
vt 0.03568710 0.85156250
f 1369/7687 1374/7688 1370/7689
vt 0.03568710 0.85156250
vt 0.03669667 0.85156250
vt 0.03568710 0.86328125
f 1371/7690 1375/7691 1372/7692
vt 0.03669667 0.86328125
vt 0.04586544 0.86328125
vt 0.04586544 0.85156250
f 1373/7693 1377/7694 1378/7695
vt 0.04586544 0.85156250
vt 0.04586544 0.86328125
vt 0.03669667 0.86328125
f 1379/7696 1380/7697 1376/7698
vt 0.03669667 0.86328125
vt 0.04586544 0.85156250
vt 0.03669667 0.85156250
f 1373/7699 1378/7700 1374/7701
vt 0.03669667 0.85156250
vt 0.04586544 0.85156250
vt 0.03669667 0.86328125
f 1375/7702 1379/7703 1376/7704
vt 0.04586544 0.86328125
vt 0.04687500 0.86328125
vt 0.04687500 0.85156250
f 1377/7705 1349/7706 1355/7707
vt 0.04687500 0.85156250
vt 0.04687500 0.86328125
vt 0.04586544 0.86328125
f 1356/7708 1354/7709 1380/7710
vt 0.04586544 0.86328125
vt 0.04687500 0.85156250
vt 0.04586544 0.85156250
f 1377/7711 1355/7712 1378/7713
vt 0.04586544 0.85156250
vt 0.04687500 0.85156250
vt 0.04586544 0.86328125
f 1379/7714 1356/7715 1380/7716
vt 0.00781250 0.85156250
vt 0.01615585 0.85156250
vt 0.01615585 0.84375000
f 1355/7717 1351/7718 1381/7719
vt 0.01615585 0.84375000
vt 0.01615585 0.85156250
vt 0.00781250 0.85156250
f 1382/7720 1352/7721 1356/7722
vt 0.00781250 0.85156250
vt 0.01615585 0.84375000
vt 0.00781250 0.84375000
f 1355/7723 1381/7724 1383/7725
vt 0.00781250 0.84375000
vt 0.01615585 0.84375000
vt 0.00781250 0.85156250
f 1384/7726 1382/7727 1356/7728
vt 0.01615585 0.85156250
vt 0.01716542 0.85156250
vt 0.01716542 0.84375000
f 1351/7729 1358/7730 1385/7731
vt 0.01716542 0.84375000
vt 0.01716542 0.85156250
vt 0.01615585 0.85156250
f 1386/7732 1359/7733 1352/7734
vt 0.01615585 0.85156250
vt 0.01716542 0.84375000
vt 0.01615585 0.84375000
f 1351/7735 1385/7736 1381/7737
vt 0.01615585 0.84375000
vt 0.01716542 0.84375000
vt 0.01615585 0.85156250
f 1382/7738 1386/7739 1352/7740
vt 0.01716542 0.85156250
vt 0.02633419 0.85156250
vt 0.02633419 0.84375000
f 1358/7741 1362/7742 1387/7743
vt 0.02633419 0.84375000
vt 0.02633419 0.85156250
vt 0.01716542 0.85156250
f 1388/7744 1363/7745 1359/7746
vt 0.01716542 0.85156250
vt 0.02633419 0.84375000
vt 0.01716542 0.84375000
f 1358/7747 1387/7748 1385/7749
vt 0.01716542 0.84375000
vt 0.02633419 0.84375000
vt 0.01716542 0.85156250
f 1386/7750 1388/7751 1359/7752
vt 0.02633419 0.85156250
vt 0.02734375 0.85156250
vt 0.02734375 0.84375000
f 1362/7753 1366/7754 1389/7755
vt 0.02734375 0.84375000
vt 0.02734375 0.85156250
vt 0.02633419 0.85156250
f 1390/7756 1367/7757 1363/7758
vt 0.02633419 0.85156250
vt 0.02734375 0.84375000
vt 0.02633419 0.84375000
f 1362/7759 1389/7760 1387/7761
vt 0.02633419 0.84375000
vt 0.02734375 0.84375000
vt 0.02633419 0.85156250
f 1388/7762 1390/7763 1363/7764
vt 0.02734375 0.85156250
vt 0.03568710 0.85156250
vt 0.03568710 0.84375000
f 1366/7765 1370/7766 1391/7767
vt 0.03568710 0.84375000
vt 0.03568710 0.85156250
vt 0.02734375 0.85156250
f 1392/7768 1371/7769 1367/7770
vt 0.02734375 0.85156250
vt 0.03568710 0.84375000
vt 0.02734375 0.84375000
f 1366/7771 1391/7772 1389/7773
vt 0.02734375 0.84375000
vt 0.03568710 0.84375000
vt 0.02734375 0.85156250
f 1390/7774 1392/7775 1367/7776
vt 0.03568710 0.85156250
vt 0.03669667 0.85156250
vt 0.03669667 0.84375000
f 1370/7777 1374/7778 1393/7779
vt 0.03669667 0.84375000
vt 0.03669667 0.85156250
vt 0.03568710 0.85156250
f 1394/7780 1375/7781 1371/7782
vt 0.03568710 0.85156250
vt 0.03669667 0.84375000
vt 0.03568710 0.84375000
f 1370/7783 1393/7784 1391/7785
vt 0.03568710 0.84375000
vt 0.03669667 0.84375000
vt 0.03568710 0.85156250
f 1392/7786 1394/7787 1371/7788
vt 0.03669667 0.85156250
vt 0.04586544 0.85156250
vt 0.04586544 0.84375000
f 1374/7789 1378/7790 1395/7791
vt 0.04586544 0.84375000
vt 0.04586544 0.85156250
vt 0.03669667 0.85156250
f 1396/7792 1379/7793 1375/7794
vt 0.03669667 0.85156250
vt 0.04586544 0.84375000
vt 0.03669667 0.84375000
f 1374/7795 1395/7796 1393/7797
vt 0.03669667 0.84375000
vt 0.04586544 0.84375000
vt 0.03669667 0.85156250
f 1394/7798 1396/7799 1375/7800
vt 0.04586544 0.85156250
vt 0.04687500 0.85156250
vt 0.04687500 0.84375000
f 1378/7801 1355/7802 1383/7803
vt 0.04687500 0.84375000
vt 0.04687500 0.85156250
vt 0.04586544 0.85156250
f 1384/7804 1356/7805 1379/7806
vt 0.04586544 0.85156250
vt 0.04687500 0.84375000
vt 0.04586544 0.84375000
f 1378/7807 1383/7808 1395/7809
vt 0.04586544 0.84375000
vt 0.04687500 0.84375000
vt 0.04586544 0.85156250
f 1396/7810 1384/7811 1379/7812
vt 0.00781250 0.84375000
vt 0.01615585 0.84375000
vt 0.01615585 0.83789062
f 1383/7813 1381/7814 1397/7815
vt 0.01615585 0.83789062
vt 0.01615585 0.84375000
vt 0.00781250 0.84375000
f 1398/7816 1382/7817 1384/7818
vt 0.00781250 0.84375000
vt 0.01615585 0.83789062
vt 0.00781250 0.83789062
f 1383/7819 1397/7820 1399/7821
vt 0.00781250 0.83789062
vt 0.01615585 0.83789062
vt 0.00781250 0.84375000
f 1400/7822 1398/7823 1384/7824
vt 0.01615585 0.84375000
vt 0.01716542 0.84375000
vt 0.01716542 0.83789062
f 1381/7825 1385/7826 1401/7827
vt 0.01716542 0.83789062
vt 0.01716542 0.84375000
vt 0.01615585 0.84375000
f 1402/7828 1386/7829 1382/7830
vt 0.01615585 0.84375000
vt 0.01716542 0.83789062
vt 0.01615585 0.83789062
f 1381/7831 1401/7832 1397/7833
vt 0.01615585 0.83789062
vt 0.01716542 0.83789062
vt 0.01615585 0.84375000
f 1398/7834 1402/7835 1382/7836
vt 0.01716542 0.84375000
vt 0.02633419 0.84375000
vt 0.02633419 0.83789062
f 1385/7837 1387/7838 1403/7839
vt 0.02633419 0.83789062
vt 0.02633419 0.84375000
vt 0.01716542 0.84375000
f 1404/7840 1388/7841 1386/7842
vt 0.01716542 0.84375000
vt 0.02633419 0.83789062
vt 0.01716542 0.83789062
f 1385/7843 1403/7844 1401/7845
vt 0.01716542 0.83789062
vt 0.02633419 0.83789062
vt 0.01716542 0.84375000
f 1402/7846 1404/7847 1386/7848
vt 0.02633419 0.84375000
vt 0.02734375 0.84375000
vt 0.02734375 0.83789062
f 1387/7849 1389/7850 1405/7851
vt 0.02734375 0.83789062
vt 0.02734375 0.84375000
vt 0.02633419 0.84375000
f 1406/7852 1390/7853 1388/7854
vt 0.02633419 0.84375000
vt 0.02734375 0.83789062
vt 0.02633419 0.83789062
f 1387/7855 1405/7856 1403/7857
vt 0.02633419 0.83789062
vt 0.02734375 0.83789062
vt 0.02633419 0.84375000
f 1404/7858 1406/7859 1388/7860
vt 0.02734375 0.84375000
vt 0.03568710 0.84375000
vt 0.03568710 0.83789062
f 1389/7861 1391/7862 1407/7863
vt 0.03568710 0.83789062
vt 0.03568710 0.84375000
vt 0.02734375 0.84375000
f 1408/7864 1392/7865 1390/7866
vt 0.02734375 0.84375000
vt 0.03568710 0.83789062
vt 0.02734375 0.83789062
f 1389/7867 1407/7868 1405/7869
vt 0.02734375 0.83789062
vt 0.03568710 0.83789062
vt 0.02734375 0.84375000
f 1406/7870 1408/7871 1390/7872
vt 0.03568710 0.84375000
vt 0.03669667 0.84375000
vt 0.03669667 0.83789062
f 1391/7873 1393/7874 1409/7875
vt 0.03669667 0.83789062
vt 0.03669667 0.84375000
vt 0.03568710 0.84375000
f 1410/7876 1394/7877 1392/7878
vt 0.03568710 0.84375000
vt 0.03669667 0.83789062
vt 0.03568710 0.83789062
f 1391/7879 1409/7880 1407/7881
vt 0.03568710 0.83789062
vt 0.03669667 0.83789062
vt 0.03568710 0.84375000
f 1408/7882 1410/7883 1392/7884
vt 0.03669667 0.84375000
vt 0.04586544 0.84375000
vt 0.04586544 0.83789062
f 1393/7885 1395/7886 1411/7887
vt 0.04586544 0.83789062
vt 0.04586544 0.84375000
vt 0.03669667 0.84375000
f 1412/7888 1396/7889 1394/7890
vt 0.03669667 0.84375000
vt 0.04586544 0.83789062
vt 0.03669667 0.83789062
f 1393/7891 1411/7892 1409/7893
vt 0.03669667 0.83789062
vt 0.04586544 0.83789062
vt 0.03669667 0.84375000
f 1410/7894 1412/7895 1394/7896
vt 0.04586544 0.84375000
vt 0.04687500 0.84375000
vt 0.04687500 0.83789062
f 1395/7897 1383/7898 1399/7899
vt 0.04687500 0.83789062
vt 0.04687500 0.84375000
vt 0.04586544 0.84375000
f 1400/7900 1384/7901 1396/7902
vt 0.04586544 0.84375000
vt 0.04687500 0.83789062
vt 0.04586544 0.83789062
f 1395/7903 1399/7904 1411/7905
vt 0.04586544 0.83789062
vt 0.04687500 0.83789062
vt 0.04586544 0.84375000
f 1412/7906 1400/7907 1396/7908
vt 0.06835938 0.86328125
vt 0.07226562 0.86328125
vt 0.06835938 0.85937500
f 1350/7909 1349/7910 1354/7911
vt 0.06835938 0.86328125
vt 0.07226562 0.86328125
vt 0.06835938 0.85937500
f 1350/7912 1354/7913 1353/7914
vt 0.06835938 0.86328125
vt 0.07226562 0.86328125
vt 0.06835938 0.85937500
f 1357/7915 1350/7916 1353/7917
vt 0.06835938 0.86328125
vt 0.07226562 0.86328125
vt 0.06835938 0.85937500
f 1357/7918 1353/7919 1360/7920
vt 0.06835938 0.86328125
vt 0.07226562 0.86328125
vt 0.06835938 0.85937500
f 1361/7921 1357/7922 1360/7923
vt 0.06835938 0.86328125
vt 0.07226562 0.86328125
vt 0.06835938 0.85937500
f 1361/7924 1360/7925 1364/7926
vt 0.06835938 0.86328125
vt 0.07226562 0.86328125
vt 0.06835938 0.85937500
f 1365/7927 1361/7928 1364/7929
vt 0.06835938 0.86328125
vt 0.07226562 0.86328125
vt 0.06835938 0.85937500
f 1365/7930 1364/7931 1368/7932
vt 0.06835938 0.86328125
vt 0.07226562 0.86328125
vt 0.06835938 0.85937500
f 1369/7933 1365/7934 1368/7935
vt 0.06835938 0.86328125
vt 0.07226562 0.86328125
vt 0.06835938 0.85937500
f 1369/7936 1368/7937 1372/7938
vt 0.06835938 0.86328125
vt 0.07226562 0.86328125
vt 0.06835938 0.85937500
f 1373/7939 1369/7940 1372/7941
vt 0.06835938 0.86328125
vt 0.07226562 0.86328125
vt 0.06835938 0.85937500
f 1373/7942 1372/7943 1376/7944
vt 0.06835938 0.86328125
vt 0.07226562 0.86328125
vt 0.06835938 0.85937500
f 1377/7945 1373/7946 1376/7947
vt 0.06835938 0.86328125
vt 0.07226562 0.86328125
vt 0.06835938 0.85937500
f 1377/7948 1376/7949 1380/7950
vt 0.06835938 0.86328125
vt 0.07226562 0.86328125
vt 0.06835938 0.85937500
f 1349/7951 1377/7952 1380/7953
vt 0.06835938 0.86328125
vt 0.07226562 0.86328125
vt 0.06835938 0.85937500
f 1349/7954 1380/7955 1354/7956
vt 0.06835938 0.86328125
vt 0.07226562 0.86328125
vt 0.06835938 0.85937500
f 1399/7957 1397/7958 1398/7959
vt 0.06835938 0.86328125
vt 0.07226562 0.86328125
vt 0.06835938 0.85937500
f 1399/7960 1398/7961 1400/7962
vt 0.06835938 0.86328125
vt 0.07226562 0.86328125
vt 0.06835938 0.85937500
f 1397/7963 1401/7964 1402/7965
vt 0.06835938 0.86328125
vt 0.07226562 0.86328125
vt 0.06835938 0.85937500
f 1397/7966 1402/7967 1398/7968
vt 0.06835938 0.86328125
vt 0.07226562 0.86328125
vt 0.06835938 0.85937500
f 1401/7969 1403/7970 1404/7971
vt 0.06835938 0.86328125
vt 0.07226562 0.86328125
vt 0.06835938 0.85937500
f 1401/7972 1404/7973 1402/7974
vt 0.06835938 0.86328125
vt 0.07226562 0.86328125
vt 0.06835938 0.85937500
f 1403/7975 1405/7976 1406/7977
vt 0.06835938 0.86328125
vt 0.07226562 0.86328125
vt 0.06835938 0.85937500
f 1403/7978 1406/7979 1404/7980
vt 0.06835938 0.86328125
vt 0.07226562 0.86328125
vt 0.06835938 0.85937500
f 1405/7981 1407/7982 1408/7983
vt 0.06835938 0.86328125
vt 0.07226562 0.86328125
vt 0.06835938 0.85937500
f 1405/7984 1408/7985 1406/7986
vt 0.06835938 0.86328125
vt 0.07226562 0.86328125
vt 0.06835938 0.85937500
f 1407/7987 1409/7988 1410/7989
vt 0.06835938 0.86328125
vt 0.07226562 0.86328125
vt 0.06835938 0.85937500
f 1407/7990 1410/7991 1408/7992
vt 0.06835938 0.86328125
vt 0.07226562 0.86328125
vt 0.06835938 0.85937500
f 1409/7993 1411/7994 1412/7995
vt 0.06835938 0.86328125
vt 0.07226562 0.86328125
vt 0.06835938 0.85937500
f 1409/7996 1412/7997 1410/7998
vt 0.06835938 0.86328125
vt 0.07226562 0.86328125
vt 0.06835938 0.85937500
f 1411/7999 1399/8000 1400/8001
vt 0.06835938 0.86328125
vt 0.07226562 0.86328125
vt 0.06835938 0.85937500
f 1411/8002 1400/8003 1412/8004
usemtl material2
vt 0.00781250 0.99218750
vt 0.01866739 0.99218750
vt 0.01866739 0.98925781
f 1413/8005 1414/8006 1415/8007
vt 0.08116739 0.98925781
vt 0.08116739 0.99218750
vt 0.07031250 0.99218750
f 1416/8008 1417/8009 1418/8010
vt 0.00781250 0.99218750
vt 0.01866739 0.98925781
vt 0.00781250 0.98925781
f 1413/8011 1415/8012 1419/8013
vt 0.07031250 0.98925781
vt 0.08116739 0.98925781
vt 0.07031250 0.99218750
f 1420/8014 1416/8015 1418/8016
vt 0.01866739 0.99218750
vt 0.02190305 0.99218750
vt 0.02190305 0.98925781
f 1414/8017 1421/8018 1422/8019
vt 0.08440305 0.98925781
vt 0.08440305 0.99218750
vt 0.08116739 0.99218750
f 1423/8020 1424/8021 1417/8022
vt 0.01866739 0.99218750
vt 0.02190305 0.98925781
vt 0.01866739 0.98925781
f 1414/8023 1422/8024 1415/8025
vt 0.08116739 0.98925781
vt 0.08440305 0.98925781
vt 0.08116739 0.99218750
f 1416/8026 1423/8027 1417/8028
vt 0.02190305 0.99218750
vt 0.02706271 0.99218750
vt 0.02706271 0.98925781
f 1421/8029 1425/8030 1426/8031
vt 0.08956271 0.98925781
vt 0.08956271 0.99218750
vt 0.08440305 0.99218750
f 1427/8032 1428/8033 1424/8034
vt 0.02190305 0.99218750
vt 0.02706271 0.98925781
vt 0.02190305 0.98925781
f 1421/8035 1426/8036 1422/8037
vt 0.08440305 0.98925781
vt 0.08956271 0.98925781
vt 0.08440305 0.99218750
f 1423/8038 1427/8039 1424/8040
vt 0.02706271 0.99218750
vt 0.03249877 0.99218750
vt 0.03249877 0.98925781
f 1425/8041 1429/8042 1430/8043
vt 0.09499877 0.98925781
vt 0.09499877 0.99218750
vt 0.08956271 0.99218750
f 1431/8044 1432/8045 1428/8046
vt 0.02706271 0.99218750
vt 0.03249877 0.98925781
vt 0.02706271 0.98925781
f 1425/8047 1430/8048 1426/8049
vt 0.08956271 0.98925781
vt 0.09499877 0.98925781
vt 0.08956271 0.99218750
f 1427/8050 1431/8051 1428/8052
vt 0.03249877 0.99218750
vt 0.03991102 0.99218750
vt 0.03991102 0.98925781
f 1429/8053 1433/8054 1434/8055
vt 0.10241102 0.98925781
vt 0.10241102 0.99218750
vt 0.09499877 0.99218750
f 1435/8056 1436/8057 1432/8058
vt 0.03249877 0.99218750
vt 0.03991102 0.98925781
vt 0.03249877 0.98925781
f 1429/8059 1434/8060 1430/8061
vt 0.09499877 0.98925781
vt 0.10241102 0.98925781
vt 0.09499877 0.99218750
f 1431/8062 1435/8063 1432/8064
vt 0.03991102 0.99218750
vt 0.04479212 0.99218750
vt 0.04479212 0.98925781
f 1433/8065 1437/8066 1438/8067
vt 0.10729212 0.98925781
vt 0.10729212 0.99218750
vt 0.10241102 0.99218750
f 1439/8068 1440/8069 1436/8070
vt 0.03991102 0.99218750
vt 0.04479212 0.98925781
vt 0.03991102 0.98925781
f 1433/8071 1438/8072 1434/8073
vt 0.10241102 0.98925781
vt 0.10729212 0.98925781
vt 0.10241102 0.99218750
f 1435/8074 1439/8075 1436/8076
vt 0.04479212 0.99218750
vt 0.04773886 0.99218750
vt 0.04773886 0.98925781
f 1437/8077 1441/8078 1442/8079
vt 0.11023886 0.98925781
vt 0.11023886 0.99218750
vt 0.10729212 0.99218750
f 1443/8080 1444/8081 1440/8082
vt 0.04479212 0.99218750
vt 0.04773886 0.98925781
vt 0.04479212 0.98925781
f 1437/8083 1442/8084 1438/8085
vt 0.10729212 0.98925781
vt 0.11023886 0.98925781
vt 0.10729212 0.99218750
f 1439/8086 1443/8087 1440/8088
vt 0.04773886 0.99218750
vt 0.05859375 0.99218750
vt 0.05859375 0.98925781
f 1441/8089 1445/8090 1446/8091
vt 0.12109375 0.98925781
vt 0.12109375 0.99218750
vt 0.11023886 0.99218750
f 1447/8092 1448/8093 1444/8094
vt 0.04773886 0.99218750
vt 0.05859375 0.98925781
vt 0.04773886 0.98925781
f 1441/8095 1446/8096 1442/8097
vt 0.11023886 0.98925781
vt 0.12109375 0.98925781
vt 0.11023886 0.99218750
f 1443/8098 1447/8099 1444/8100
vt 0.00781250 0.98925781
vt 0.01866739 0.98925781
vt 0.01866739 0.98574219
f 1419/8101 1415/8102 1449/8103
vt 0.08116739 0.98574219
vt 0.08116739 0.98925781
vt 0.07031250 0.98925781
f 1450/8104 1416/8105 1420/8106
vt 0.00781250 0.98925781
vt 0.01866739 0.98574219
vt 0.00781250 0.98574219
f 1419/8107 1449/8108 1451/8109
vt 0.07031250 0.98574219
vt 0.08116739 0.98574219
vt 0.07031250 0.98925781
f 1452/8110 1450/8111 1420/8112
vt 0.01866739 0.98925781
vt 0.02190305 0.98925781
vt 0.02190305 0.98574219
f 1415/8113 1422/8114 1453/8115
vt 0.08440305 0.98574219
vt 0.08440305 0.98925781
vt 0.08116739 0.98925781
f 1454/8116 1423/8117 1416/8118
vt 0.01866739 0.98925781
vt 0.02190305 0.98574219
vt 0.01866739 0.98574219
f 1415/8119 1453/8120 1449/8121
vt 0.08116739 0.98574219
vt 0.08440305 0.98574219
vt 0.08116739 0.98925781
f 1450/8122 1454/8123 1416/8124
vt 0.02190305 0.98925781
vt 0.02706271 0.98925781
vt 0.02706271 0.98574219
f 1422/8125 1426/8126 1455/8127
vt 0.08956271 0.98574219
vt 0.08956271 0.98925781
vt 0.08440305 0.98925781
f 1456/8128 1427/8129 1423/8130
vt 0.02190305 0.98925781
vt 0.02706271 0.98574219
vt 0.02190305 0.98574219
f 1422/8131 1455/8132 1453/8133
vt 0.08440305 0.98574219
vt 0.08956271 0.98574219
vt 0.08440305 0.98925781
f 1454/8134 1456/8135 1423/8136
vt 0.02706271 0.98925781
vt 0.03249877 0.98925781
vt 0.03249877 0.98574219
f 1426/8137 1430/8138 1457/8139
vt 0.09499877 0.98574219
vt 0.09499877 0.98925781
vt 0.08956271 0.98925781
f 1458/8140 1431/8141 1427/8142
vt 0.02706271 0.98925781
vt 0.03249877 0.98574219
vt 0.02706271 0.98574219
f 1426/8143 1457/8144 1455/8145
vt 0.08956271 0.98574219
vt 0.09499877 0.98574219
vt 0.08956271 0.98925781
f 1456/8146 1458/8147 1427/8148
vt 0.03249877 0.98925781
vt 0.03991102 0.98925781
vt 0.03991102 0.98574219
f 1430/8149 1434/8150 1459/8151
vt 0.10241102 0.98574219
vt 0.10241102 0.98925781
vt 0.09499877 0.98925781
f 1460/8152 1435/8153 1431/8154
vt 0.03249877 0.98925781
vt 0.03991102 0.98574219
vt 0.03249877 0.98574219
f 1430/8155 1459/8156 1457/8157
vt 0.09499877 0.98574219
vt 0.10241102 0.98574219
vt 0.09499877 0.98925781
f 1458/8158 1460/8159 1431/8160
vt 0.03991102 0.98925781
vt 0.04479212 0.98925781
vt 0.04479212 0.98574219
f 1434/8161 1438/8162 1461/8163
vt 0.10729212 0.98574219
vt 0.10729212 0.98925781
vt 0.10241102 0.98925781
f 1462/8164 1439/8165 1435/8166
vt 0.03991102 0.98925781
vt 0.04479212 0.98574219
vt 0.03991102 0.98574219
f 1434/8167 1461/8168 1459/8169
vt 0.10241102 0.98574219
vt 0.10729212 0.98574219
vt 0.10241102 0.98925781
f 1460/8170 1462/8171 1435/8172
vt 0.04479212 0.98925781
vt 0.04773886 0.98925781
vt 0.04773886 0.98574219
f 1438/8173 1442/8174 1463/8175
vt 0.11023886 0.98574219
vt 0.11023886 0.98925781
vt 0.10729212 0.98925781
f 1464/8176 1443/8177 1439/8178
vt 0.04479212 0.98925781
vt 0.04773886 0.98574219
vt 0.04479212 0.98574219
f 1438/8179 1463/8180 1461/8181
vt 0.10729212 0.98574219
vt 0.11023886 0.98574219
vt 0.10729212 0.98925781
f 1462/8182 1464/8183 1439/8184
vt 0.04773886 0.98925781
vt 0.05859375 0.98925781
vt 0.05859375 0.98574219
f 1442/8185 1446/8186 1465/8187
vt 0.12109375 0.98574219
vt 0.12109375 0.98925781
vt 0.11023886 0.98925781
f 1466/8188 1447/8189 1443/8190
vt 0.04773886 0.98925781
vt 0.05859375 0.98574219
vt 0.04773886 0.98574219
f 1442/8191 1465/8192 1463/8193
vt 0.11023886 0.98574219
vt 0.12109375 0.98574219
vt 0.11023886 0.98925781
f 1464/8194 1466/8195 1443/8196
vt 0.00781250 0.98574219
vt 0.01866739 0.98574219
vt 0.01866739 0.98437500
f 1451/8197 1449/8198 1467/8199
vt 0.08116739 0.98437500
vt 0.08116739 0.98574219
vt 0.07031250 0.98574219
f 1468/8200 1450/8201 1452/8202
vt 0.00781250 0.98574219
vt 0.01866739 0.98437500
vt 0.00781250 0.98437500
f 1451/8203 1467/8204 1469/8205
vt 0.07031250 0.98437500
vt 0.08116739 0.98437500
vt 0.07031250 0.98574219
f 1470/8206 1468/8207 1452/8208
vt 0.01866739 0.98574219
vt 0.02190305 0.98574219
vt 0.02190305 0.98437500
f 1449/8209 1453/8210 1471/8211
vt 0.08440305 0.98437500
vt 0.08440305 0.98574219
vt 0.08116739 0.98574219
f 1472/8212 1454/8213 1450/8214
vt 0.01866739 0.98574219
vt 0.02190305 0.98437500
vt 0.01866739 0.98437500
f 1449/8215 1471/8216 1467/8217
vt 0.08116739 0.98437500
vt 0.08440305 0.98437500
vt 0.08116739 0.98574219
f 1468/8218 1472/8219 1450/8220
vt 0.02190305 0.98574219
vt 0.02706271 0.98574219
vt 0.02706271 0.98437500
f 1453/8221 1455/8222 1473/8223
vt 0.08956271 0.98437500
vt 0.08956271 0.98574219
vt 0.08440305 0.98574219
f 1474/8224 1456/8225 1454/8226
vt 0.02190305 0.98574219
vt 0.02706271 0.98437500
vt 0.02190305 0.98437500
f 1453/8227 1473/8228 1471/8229
vt 0.08440305 0.98437500
vt 0.08956271 0.98437500
vt 0.08440305 0.98574219
f 1472/8230 1474/8231 1454/8232
vt 0.02706271 0.98574219
vt 0.03249877 0.98574219
vt 0.03249877 0.98437500
f 1455/8233 1457/8234 1475/8235
vt 0.09499877 0.98437500
vt 0.09499877 0.98574219
vt 0.08956271 0.98574219
f 1476/8236 1458/8237 1456/8238
vt 0.02706271 0.98574219
vt 0.03249877 0.98437500
vt 0.02706271 0.98437500
f 1455/8239 1475/8240 1473/8241
vt 0.08956271 0.98437500
vt 0.09499877 0.98437500
vt 0.08956271 0.98574219
f 1474/8242 1476/8243 1456/8244
vt 0.03249877 0.98574219
vt 0.03991102 0.98574219
vt 0.03991102 0.98437500
f 1457/8245 1459/8246 1477/8247
vt 0.10241102 0.98437500
vt 0.10241102 0.98574219
vt 0.09499877 0.98574219
f 1478/8248 1460/8249 1458/8250
vt 0.03249877 0.98574219
vt 0.03991102 0.98437500
vt 0.03249877 0.98437500
f 1457/8251 1477/8252 1475/8253
vt 0.09499877 0.98437500
vt 0.10241102 0.98437500
vt 0.09499877 0.98574219
f 1476/8254 1478/8255 1458/8256
vt 0.03991102 0.98574219
vt 0.04479212 0.98574219
vt 0.04479212 0.98437500
f 1459/8257 1461/8258 1479/8259
vt 0.10729212 0.98437500
vt 0.10729212 0.98574219
vt 0.10241102 0.98574219
f 1480/8260 1462/8261 1460/8262
vt 0.03991102 0.98574219
vt 0.04479212 0.98437500
vt 0.03991102 0.98437500
f 1459/8263 1479/8264 1477/8265
vt 0.10241102 0.98437500
vt 0.10729212 0.98437500
vt 0.10241102 0.98574219
f 1478/8266 1480/8267 1460/8268
vt 0.04479212 0.98574219
vt 0.04773886 0.98574219
vt 0.04773886 0.98437500
f 1461/8269 1463/8270 1481/8271
vt 0.11023886 0.98437500
vt 0.11023886 0.98574219
vt 0.10729212 0.98574219
f 1482/8272 1464/8273 1462/8274
vt 0.04479212 0.98574219
vt 0.04773886 0.98437500
vt 0.04479212 0.98437500
f 1461/8275 1481/8276 1479/8277
vt 0.10729212 0.98437500
vt 0.11023886 0.98437500
vt 0.10729212 0.98574219
f 1480/8278 1482/8279 1462/8280
vt 0.04773886 0.98574219
vt 0.05859375 0.98574219
vt 0.05859375 0.98437500
f 1463/8281 1465/8282 1483/8283
vt 0.12109375 0.98437500
vt 0.12109375 0.98574219
vt 0.11023886 0.98574219
f 1484/8284 1466/8285 1464/8286
vt 0.04773886 0.98574219
vt 0.05859375 0.98437500
vt 0.04773886 0.98437500
f 1463/8287 1483/8288 1481/8289
vt 0.11023886 0.98437500
vt 0.12109375 0.98437500
vt 0.11023886 0.98574219
f 1482/8290 1484/8291 1464/8292
vt 0.13281250 0.99218750
vt 0.13671875 0.99218750
vt 0.13281250 0.98828125
f 1414/8293 1413/8294 1418/8295
vt 0.13281250 0.99218750
vt 0.13671875 0.99218750
vt 0.13281250 0.98828125
f 1414/8296 1418/8297 1417/8298
vt 0.13281250 0.99218750
vt 0.13671875 0.99218750
vt 0.13281250 0.98828125
f 1413/8299 1419/8300 1420/8301
vt 0.13281250 0.99218750
vt 0.13671875 0.99218750
vt 0.13281250 0.98828125
f 1413/8302 1420/8303 1418/8304
vt 0.13281250 0.99218750
vt 0.13671875 0.99218750
vt 0.13281250 0.98828125
f 1421/8305 1414/8306 1417/8307
vt 0.13281250 0.99218750
vt 0.13671875 0.99218750
vt 0.13281250 0.98828125
f 1421/8308 1417/8309 1424/8310
vt 0.13281250 0.99218750
vt 0.13671875 0.99218750
vt 0.13281250 0.98828125
f 1425/8311 1421/8312 1424/8313
vt 0.13281250 0.99218750
vt 0.13671875 0.99218750
vt 0.13281250 0.98828125
f 1425/8314 1424/8315 1428/8316
vt 0.13281250 0.99218750
vt 0.13671875 0.99218750
vt 0.13281250 0.98828125
f 1429/8317 1425/8318 1428/8319
vt 0.13281250 0.99218750
vt 0.13671875 0.99218750
vt 0.13281250 0.98828125
f 1429/8320 1428/8321 1432/8322
vt 0.13281250 0.99218750
vt 0.13671875 0.99218750
vt 0.13281250 0.98828125
f 1433/8323 1429/8324 1432/8325
vt 0.13281250 0.99218750
vt 0.13671875 0.99218750
vt 0.13281250 0.98828125
f 1433/8326 1432/8327 1436/8328
vt 0.13281250 0.99218750
vt 0.13671875 0.99218750
vt 0.13281250 0.98828125
f 1437/8329 1433/8330 1436/8331
vt 0.13281250 0.99218750
vt 0.13671875 0.99218750
vt 0.13281250 0.98828125
f 1437/8332 1436/8333 1440/8334
vt 0.13281250 0.99218750
vt 0.13671875 0.99218750
vt 0.13281250 0.98828125
f 1441/8335 1437/8336 1440/8337
vt 0.13281250 0.99218750
vt 0.13671875 0.99218750
vt 0.13281250 0.98828125
f 1441/8338 1440/8339 1444/8340
vt 0.13281250 0.99218750
vt 0.13671875 0.99218750
vt 0.13281250 0.98828125
f 1445/8341 1441/8342 1444/8343
vt 0.13281250 0.99218750
vt 0.13671875 0.99218750
vt 0.13281250 0.98828125
f 1445/8344 1444/8345 1448/8346
vt 0.13281250 0.99218750
vt 0.13671875 0.99218750
vt 0.13281250 0.98828125
f 1446/8347 1445/8348 1448/8349
vt 0.13281250 0.99218750
vt 0.13671875 0.99218750
vt 0.13281250 0.98828125
f 1446/8350 1448/8351 1447/8352
vt 0.13281250 0.99218750
vt 0.13671875 0.99218750
vt 0.13281250 0.98828125
f 1419/8353 1451/8354 1452/8355
vt 0.13281250 0.99218750
vt 0.13671875 0.99218750
vt 0.13281250 0.98828125
f 1419/8356 1452/8357 1420/8358
vt 0.13281250 0.99218750
vt 0.13671875 0.99218750
vt 0.13281250 0.98828125
f 1465/8359 1446/8360 1447/8361
vt 0.13281250 0.99218750
vt 0.13671875 0.99218750
vt 0.13281250 0.98828125
f 1465/8362 1447/8363 1466/8364
vt 0.13281250 0.99218750
vt 0.13671875 0.99218750
vt 0.13281250 0.98828125
f 1469/8365 1467/8366 1468/8367
vt 0.13281250 0.99218750
vt 0.13671875 0.99218750
vt 0.13281250 0.98828125
f 1469/8368 1468/8369 1470/8370
vt 0.13281250 0.99218750
vt 0.13671875 0.99218750
vt 0.13281250 0.98828125
f 1451/8371 1469/8372 1470/8373
vt 0.13281250 0.99218750
vt 0.13671875 0.99218750
vt 0.13281250 0.98828125
f 1451/8374 1470/8375 1452/8376
vt 0.13281250 0.99218750
vt 0.13671875 0.99218750
vt 0.13281250 0.98828125
f 1467/8377 1471/8378 1472/8379
vt 0.13281250 0.99218750
vt 0.13671875 0.99218750
vt 0.13281250 0.98828125
f 1467/8380 1472/8381 1468/8382
vt 0.13281250 0.99218750
vt 0.13671875 0.99218750
vt 0.13281250 0.98828125
f 1471/8383 1473/8384 1474/8385
vt 0.13281250 0.99218750
vt 0.13671875 0.99218750
vt 0.13281250 0.98828125
f 1471/8386 1474/8387 1472/8388
vt 0.13281250 0.99218750
vt 0.13671875 0.99218750
vt 0.13281250 0.98828125
f 1473/8389 1475/8390 1476/8391
vt 0.13281250 0.99218750
vt 0.13671875 0.99218750
vt 0.13281250 0.98828125
f 1473/8392 1476/8393 1474/8394
vt 0.13281250 0.99218750
vt 0.13671875 0.99218750
vt 0.13281250 0.98828125
f 1475/8395 1477/8396 1478/8397
vt 0.13281250 0.99218750
vt 0.13671875 0.99218750
vt 0.13281250 0.98828125
f 1475/8398 1478/8399 1476/8400
vt 0.13281250 0.99218750
vt 0.13671875 0.99218750
vt 0.13281250 0.98828125
f 1477/8401 1479/8402 1480/8403
vt 0.13281250 0.99218750
vt 0.13671875 0.99218750
vt 0.13281250 0.98828125
f 1477/8404 1480/8405 1478/8406
vt 0.13281250 0.99218750
vt 0.13671875 0.99218750
vt 0.13281250 0.98828125
f 1479/8407 1481/8408 1482/8409
vt 0.13281250 0.99218750
vt 0.13671875 0.99218750
vt 0.13281250 0.98828125
f 1479/8410 1482/8411 1480/8412
vt 0.13281250 0.99218750
vt 0.13671875 0.99218750
vt 0.13281250 0.98828125
f 1483/8413 1465/8414 1466/8415
vt 0.13281250 0.99218750
vt 0.13671875 0.99218750
vt 0.13281250 0.98828125
f 1483/8416 1466/8417 1484/8418
vt 0.13281250 0.99218750
vt 0.13671875 0.99218750
vt 0.13281250 0.98828125
f 1481/8419 1483/8420 1484/8421
vt 0.13281250 0.99218750
vt 0.13671875 0.99218750
vt 0.13281250 0.98828125
f 1481/8422 1484/8423 1482/8424
vt 0.14843750 0.99218750
vt 0.15022524 0.99218750
vt 0.15022524 0.98632812
f 1485/8425 1486/8426 1487/8427
vt 0.17366274 0.98632812
vt 0.17366274 0.99218750
vt 0.17187500 0.99218750
f 1488/8428 1489/8429 1490/8430
vt 0.14843750 0.99218750
vt 0.15022524 0.98632812
vt 0.14843750 0.98632812
f 1485/8431 1487/8432 1491/8433
vt 0.17187500 0.98632812
vt 0.17366274 0.98632812
vt 0.17187500 0.99218750
f 1492/8434 1488/8435 1490/8436
vt 0.15022524 0.99218750
vt 0.15527056 0.99218750
vt 0.15527056 0.98632812
f 1486/8437 1493/8438 1494/8439
vt 0.17870806 0.98632812
vt 0.17870806 0.99218750
vt 0.17366274 0.99218750
f 1495/8440 1496/8441 1489/8442
vt 0.15022524 0.99218750
vt 0.15527056 0.98632812
vt 0.15022524 0.98632812
f 1486/8443 1494/8444 1487/8445
vt 0.17366274 0.98632812
vt 0.17870806 0.98632812
vt 0.17366274 0.99218750
f 1488/8446 1495/8447 1489/8448
vt 0.15527056 0.99218750
vt 0.16015625 0.99218750
vt 0.16015625 0.98632812
f 1493/8449 1497/8450 1498/8451
vt 0.18359375 0.98632812
vt 0.18359375 0.99218750
vt 0.17870806 0.99218750
f 1499/8452 1500/8453 1496/8454
vt 0.15527056 0.99218750
vt 0.16015625 0.98632812
vt 0.15527056 0.98632812
f 1493/8455 1498/8456 1494/8457
vt 0.17870806 0.98632812
vt 0.18359375 0.98632812
vt 0.17870806 0.99218750
f 1495/8458 1499/8459 1496/8460
vt 0.19531250 0.99218750
vt 0.19921875 0.99218750
vt 0.19531250 0.98828125
f 1486/8461 1485/8462 1490/8463
vt 0.19531250 0.99218750
vt 0.19921875 0.99218750
vt 0.19531250 0.98828125
f 1486/8464 1490/8465 1489/8466
vt 0.19531250 0.99218750
vt 0.19921875 0.99218750
vt 0.19531250 0.98828125
f 1491/8467 1487/8468 1488/8469
vt 0.19531250 0.99218750
vt 0.19921875 0.99218750
vt 0.19531250 0.98828125
f 1491/8470 1488/8471 1492/8472
vt 0.19531250 0.99218750
vt 0.19921875 0.99218750
vt 0.19531250 0.98828125
f 1485/8473 1491/8474 1492/8475
vt 0.19531250 0.99218750
vt 0.19921875 0.99218750
vt 0.19531250 0.98828125
f 1485/8476 1492/8477 1490/8478
vt 0.19531250 0.99218750
vt 0.19921875 0.99218750
vt 0.19531250 0.98828125
f 1493/8479 1486/8480 1489/8481
vt 0.19531250 0.99218750
vt 0.19921875 0.99218750
vt 0.19531250 0.98828125
f 1493/8482 1489/8483 1496/8484
vt 0.19531250 0.99218750
vt 0.19921875 0.99218750
vt 0.19531250 0.98828125
f 1487/8485 1494/8486 1495/8487
vt 0.19531250 0.99218750
vt 0.19921875 0.99218750
vt 0.19531250 0.98828125
f 1487/8488 1495/8489 1488/8490
vt 0.19531250 0.99218750
vt 0.19921875 0.99218750
vt 0.19531250 0.98828125
f 1497/8491 1493/8492 1496/8493
vt 0.19531250 0.99218750
vt 0.19921875 0.99218750
vt 0.19531250 0.98828125
f 1497/8494 1496/8495 1500/8496
vt 0.19531250 0.99218750
vt 0.19921875 0.99218750
vt 0.19531250 0.98828125
f 1498/8497 1497/8498 1500/8499
vt 0.19531250 0.99218750
vt 0.19921875 0.99218750
vt 0.19531250 0.98828125
f 1498/8500 1500/8501 1499/8502
vt 0.19531250 0.99218750
vt 0.19921875 0.99218750
vt 0.19531250 0.98828125
f 1494/8503 1498/8504 1499/8505
vt 0.19531250 0.99218750
vt 0.19921875 0.99218750
vt 0.19531250 0.98828125
f 1494/8506 1499/8507 1495/8508
vt 0.21093750 0.99218750
vt 0.21582319 0.99218750
vt 0.21582319 0.98632812
f 1501/8509 1502/8510 1503/8511
vt 0.23926069 0.98632812
vt 0.23926069 0.99218750
vt 0.23437500 0.99218750
f 1504/8512 1505/8513 1506/8514
vt 0.21093750 0.99218750
vt 0.21582319 0.98632812
vt 0.21093750 0.98632812
f 1501/8515 1503/8516 1507/8517
vt 0.23437500 0.98632812
vt 0.23926069 0.98632812
vt 0.23437500 0.99218750
f 1508/8518 1504/8519 1506/8520
vt 0.21582319 0.99218750
vt 0.22086851 0.99218750
vt 0.22086851 0.98632812
f 1502/8521 1509/8522 1510/8523
vt 0.24430601 0.98632812
vt 0.24430601 0.99218750
vt 0.23926069 0.99218750
f 1511/8524 1512/8525 1505/8526
vt 0.21582319 0.99218750
vt 0.22086851 0.98632812
vt 0.21582319 0.98632812
f 1502/8527 1510/8528 1503/8529
vt 0.23926069 0.98632812
vt 0.24430601 0.98632812
vt 0.23926069 0.99218750
f 1504/8530 1511/8531 1505/8532
vt 0.22086851 0.99218750
vt 0.22265625 0.99218750
vt 0.22265625 0.98632812
f 1509/8533 1513/8534 1514/8535
vt 0.24609375 0.98632812
vt 0.24609375 0.99218750
vt 0.24430601 0.99218750
f 1515/8536 1516/8537 1512/8538
vt 0.22086851 0.99218750
vt 0.22265625 0.98632812
vt 0.22086851 0.98632812
f 1509/8539 1514/8540 1510/8541
vt 0.24430601 0.98632812
vt 0.24609375 0.98632812
vt 0.24430601 0.99218750
f 1511/8542 1515/8543 1512/8544
vt 0.25781250 0.99218750
vt 0.26171875 0.99218750
vt 0.25781250 0.98828125
f 1502/8545 1501/8546 1506/8547
vt 0.25781250 0.99218750
vt 0.26171875 0.99218750
vt 0.25781250 0.98828125
f 1502/8548 1506/8549 1505/8550
vt 0.25781250 0.99218750
vt 0.26171875 0.99218750
vt 0.25781250 0.98828125
f 1507/8551 1503/8552 1504/8553
vt 0.25781250 0.99218750
vt 0.26171875 0.99218750
vt 0.25781250 0.98828125
f 1507/8554 1504/8555 1508/8556
vt 0.25781250 0.99218750
vt 0.26171875 0.99218750
vt 0.25781250 0.98828125
f 1501/8557 1507/8558 1508/8559
vt 0.25781250 0.99218750
vt 0.26171875 0.99218750
vt 0.25781250 0.98828125
f 1501/8560 1508/8561 1506/8562
vt 0.25781250 0.99218750
vt 0.26171875 0.99218750
vt 0.25781250 0.98828125
f 1509/8563 1502/8564 1505/8565
vt 0.25781250 0.99218750
vt 0.26171875 0.99218750
vt 0.25781250 0.98828125
f 1509/8566 1505/8567 1512/8568
vt 0.25781250 0.99218750
vt 0.26171875 0.99218750
vt 0.25781250 0.98828125
f 1503/8569 1510/8570 1511/8571
vt 0.25781250 0.99218750
vt 0.26171875 0.99218750
vt 0.25781250 0.98828125
f 1503/8572 1511/8573 1504/8574
vt 0.25781250 0.99218750
vt 0.26171875 0.99218750
vt 0.25781250 0.98828125
f 1513/8575 1509/8576 1512/8577
vt 0.25781250 0.99218750
vt 0.26171875 0.99218750
vt 0.25781250 0.98828125
f 1513/8578 1512/8579 1516/8580
vt 0.25781250 0.99218750
vt 0.26171875 0.99218750
vt 0.25781250 0.98828125
f 1514/8581 1513/8582 1516/8583
vt 0.25781250 0.99218750
vt 0.26171875 0.99218750
vt 0.25781250 0.98828125
f 1514/8584 1516/8585 1515/8586
vt 0.25781250 0.99218750
vt 0.26171875 0.99218750
vt 0.25781250 0.98828125
f 1510/8587 1514/8588 1515/8589
vt 0.25781250 0.99218750
vt 0.26171875 0.99218750
vt 0.25781250 0.98828125
f 1510/8590 1515/8591 1511/8592
vt 0.27343750 0.99218750
vt 0.27539062 0.99218750
vt 0.27539062 0.98632812
f 1517/8593 1518/8594 1519/8595
vt 0.28906250 0.98632812
vt 0.28906250 0.99218750
vt 0.28710938 0.99218750
f 1520/8596 1521/8597 1522/8598
vt 0.27343750 0.99218750
vt 0.27539062 0.98632812
vt 0.27343750 0.98632812
f 1517/8599 1519/8600 1523/8601
vt 0.28710938 0.98632812
vt 0.28906250 0.98632812
vt 0.28710938 0.99218750
f 1524/8602 1520/8603 1522/8604
vt 0.30078125 0.99218750
vt 0.30468750 0.99218750
vt 0.30078125 0.98828125
f 1518/8605 1517/8606 1522/8607
vt 0.30078125 0.99218750
vt 0.30468750 0.99218750
vt 0.30078125 0.98828125
f 1518/8608 1522/8609 1521/8610
vt 0.30078125 0.99218750
vt 0.30468750 0.99218750
vt 0.30078125 0.98828125
f 1519/8611 1518/8612 1521/8613
vt 0.30078125 0.99218750
vt 0.30468750 0.99218750
vt 0.30078125 0.98828125
f 1519/8614 1521/8615 1520/8616
vt 0.30078125 0.99218750
vt 0.30468750 0.99218750
vt 0.30078125 0.98828125
f 1523/8617 1519/8618 1520/8619
vt 0.30078125 0.99218750
vt 0.30468750 0.99218750
vt 0.30078125 0.98828125
f 1523/8620 1520/8621 1524/8622
vt 0.30078125 0.99218750
vt 0.30468750 0.99218750
vt 0.30078125 0.98828125
f 1517/8623 1523/8624 1524/8625
vt 0.30078125 0.99218750
vt 0.30468750 0.99218750
vt 0.30078125 0.98828125
f 1517/8626 1524/8627 1522/8628
vt 0.31640625 0.99218750
vt 0.31835938 0.99218750
vt 0.31835938 0.98632812
f 1525/8629 1526/8630 1527/8631
vt 0.33203125 0.98632812
vt 0.33203125 0.99218750
vt 0.33007812 0.99218750
f 1528/8632 1529/8633 1530/8634
vt 0.31640625 0.99218750
vt 0.31835938 0.98632812
vt 0.31640625 0.98632812
f 1525/8635 1527/8636 1531/8637
vt 0.33007812 0.98632812
vt 0.33203125 0.98632812
vt 0.33007812 0.99218750
f 1532/8638 1528/8639 1530/8640
vt 0.34375000 0.99218750
vt 0.34765625 0.99218750
vt 0.34375000 0.98828125
f 1526/8641 1525/8642 1530/8643
vt 0.34375000 0.99218750
vt 0.34765625 0.99218750
vt 0.34375000 0.98828125
f 1526/8644 1530/8645 1529/8646
vt 0.34375000 0.99218750
vt 0.34765625 0.99218750
vt 0.34375000 0.98828125
f 1527/8647 1526/8648 1529/8649
vt 0.34375000 0.99218750
vt 0.34765625 0.99218750
vt 0.34375000 0.98828125
f 1527/8650 1529/8651 1528/8652
vt 0.34375000 0.99218750
vt 0.34765625 0.99218750
vt 0.34375000 0.98828125
f 1531/8653 1527/8654 1528/8655
vt 0.34375000 0.99218750
vt 0.34765625 0.99218750
vt 0.34375000 0.98828125
f 1531/8656 1528/8657 1532/8658
vt 0.34375000 0.99218750
vt 0.34765625 0.99218750
vt 0.34375000 0.98828125
f 1525/8659 1531/8660 1532/8661
vt 0.34375000 0.99218750
vt 0.34765625 0.99218750
vt 0.34375000 0.98828125
f 1525/8662 1532/8663 1530/8664
vt 0.35937500 0.99218750
vt 0.36758338 0.99218750
vt 0.36758338 0.98925781
f 1533/8665 1534/8666 1535/8667
vt 0.45742713 0.98925781
vt 0.45742713 0.99218750
vt 0.44921875 0.99218750
f 1536/8668 1537/8669 1538/8670
vt 0.35937500 0.99218750
vt 0.36758338 0.98925781
vt 0.35937500 0.98925781
f 1533/8671 1535/8672 1539/8673
vt 0.44921875 0.98925781
vt 0.45742713 0.98925781
vt 0.44921875 0.99218750
f 1540/8674 1536/8675 1538/8676
vt 0.36758338 0.99218750
vt 0.37579177 0.99218750
vt 0.37579177 0.98925781
f 1534/8677 1541/8678 1542/8679
vt 0.46563552 0.98925781
vt 0.46563552 0.99218750
vt 0.45742713 0.99218750
f 1543/8680 1544/8681 1537/8682
vt 0.36758338 0.99218750
vt 0.37579177 0.98925781
vt 0.36758338 0.98925781
f 1534/8683 1542/8684 1535/8685
vt 0.45742713 0.98925781
vt 0.46563552 0.98925781
vt 0.45742713 0.99218750
f 1536/8686 1543/8687 1537/8688
vt 0.37579177 0.99218750
vt 0.37735977 0.99218750
vt 0.37735977 0.98925781
f 1541/8689 1545/8690 1546/8691
vt 0.46720352 0.98925781
vt 0.46720352 0.99218750
vt 0.46563552 0.99218750
f 1547/8692 1548/8693 1544/8694
vt 0.37579177 0.99218750
vt 0.37735977 0.98925781
vt 0.37579177 0.98925781
f 1541/8695 1546/8696 1542/8697
vt 0.46563552 0.98925781
vt 0.46720352 0.98925781
vt 0.46563552 0.99218750
f 1543/8698 1547/8699 1544/8700
vt 0.37735977 0.99218750
vt 0.38708365 0.99218750
vt 0.38708365 0.98925781
f 1545/8701 1549/8702 1550/8703
vt 0.47692740 0.98925781
vt 0.47692740 0.99218750
vt 0.46720352 0.99218750
f 1551/8704 1552/8705 1548/8706
vt 0.37735977 0.99218750
vt 0.38708365 0.98925781
vt 0.37735977 0.98925781
f 1545/8707 1550/8708 1546/8709
vt 0.46720352 0.98925781
vt 0.47692740 0.98925781
vt 0.46720352 0.99218750
f 1547/8710 1551/8711 1548/8712
vt 0.38708365 0.99218750
vt 0.39692370 0.99218750
vt 0.39692370 0.98925781
f 1549/8713 1553/8714 1554/8715
vt 0.48676745 0.98925781
vt 0.48676745 0.99218750
vt 0.47692740 0.99218750
f 1555/8716 1556/8717 1552/8718
vt 0.38708365 0.99218750
vt 0.39692370 0.98925781
vt 0.38708365 0.98925781
f 1549/8719 1554/8720 1550/8721
vt 0.47692740 0.98925781
vt 0.48676745 0.98925781
vt 0.47692740 0.99218750
f 1551/8722 1555/8723 1552/8724
vt 0.39692370 0.99218750
vt 0.40664588 0.99218750
vt 0.40664588 0.98925781
f 1553/8725 1557/8726 1558/8727
vt 0.49648963 0.98925781
vt 0.49648963 0.99218750
vt 0.48676745 0.99218750
f 1559/8728 1560/8729 1556/8730
vt 0.39692370 0.99218750
vt 0.40664588 0.98925781
vt 0.39692370 0.98925781
f 1553/8731 1558/8732 1554/8733
vt 0.48676745 0.98925781
vt 0.49648963 0.98925781
vt 0.48676745 0.99218750
f 1555/8734 1559/8735 1556/8736
vt 0.40664588 0.99218750
vt 0.41636807 0.99218750
vt 0.41636807 0.98925781
f 1557/8737 1561/8738 1562/8739
vt 0.50621182 0.98925781
vt 0.50621182 0.99218750
vt 0.49648963 0.99218750
f 1563/8740 1564/8741 1560/8742
vt 0.40664588 0.99218750
vt 0.41636807 0.98925781
vt 0.40664588 0.98925781
f 1557/8743 1562/8744 1558/8745
vt 0.49648963 0.98925781
vt 0.50621182 0.98925781
vt 0.49648963 0.99218750
f 1559/8746 1563/8747 1560/8748
vt 0.41636807 0.99218750
vt 0.42620812 0.99218750
vt 0.42620812 0.98925781
f 1561/8749 1565/8750 1566/8751
vt 0.51605187 0.98925781
vt 0.51605187 0.99218750
vt 0.50621182 0.99218750
f 1567/8752 1568/8753 1564/8754
vt 0.41636807 0.99218750
vt 0.42620812 0.98925781
vt 0.41636807 0.98925781
f 1561/8755 1566/8756 1562/8757
vt 0.50621182 0.98925781
vt 0.51605187 0.98925781
vt 0.50621182 0.99218750
f 1563/8758 1567/8759 1564/8760
vt 0.42620812 0.99218750
vt 0.43593200 0.99218750
vt 0.43593200 0.98925781
f 1565/8761 1569/8762 1570/8763
vt 0.52577575 0.98925781
vt 0.52577575 0.99218750
vt 0.51605187 0.99218750
f 1571/8764 1572/8765 1568/8766
vt 0.42620812 0.99218750
vt 0.43593200 0.98925781
vt 0.42620812 0.98925781
f 1565/8767 1570/8768 1566/8769
vt 0.51605187 0.98925781
vt 0.52577575 0.98925781
vt 0.51605187 0.99218750
f 1567/8770 1571/8771 1568/8772
vt 0.43593200 0.99218750
vt 0.43750000 0.99218750
vt 0.43750000 0.98925781
f 1569/8773 1533/8774 1539/8775
vt 0.52734375 0.98925781
vt 0.52734375 0.99218750
vt 0.52577575 0.99218750
f 1540/8776 1538/8777 1572/8778
vt 0.43593200 0.99218750
vt 0.43750000 0.98925781
vt 0.43593200 0.98925781
f 1569/8779 1539/8780 1570/8781
vt 0.52577575 0.98925781
vt 0.52734375 0.98925781
vt 0.52577575 0.99218750
f 1571/8782 1540/8783 1572/8784
vt 0.35937500 0.98925781
vt 0.36758338 0.98925781
vt 0.36758338 0.98535156
f 1539/8785 1535/8786 1573/8787
vt 0.45742713 0.98535156
vt 0.45742713 0.98925781
vt 0.44921875 0.98925781
f 1574/8788 1536/8789 1540/8790
vt 0.35937500 0.98925781
vt 0.36758338 0.98535156
vt 0.35937500 0.98535156
f 1539/8791 1573/8792 1575/8793
vt 0.44921875 0.98535156
vt 0.45742713 0.98535156
vt 0.44921875 0.98925781
f 1576/8794 1574/8795 1540/8796
vt 0.36758338 0.98925781
vt 0.37579177 0.98925781
vt 0.37579177 0.98535156
f 1535/8797 1542/8798 1577/8799
vt 0.46563552 0.98535156
vt 0.46563552 0.98925781
vt 0.45742713 0.98925781
f 1578/8800 1543/8801 1536/8802
vt 0.36758338 0.98925781
vt 0.37579177 0.98535156
vt 0.36758338 0.98535156
f 1535/8803 1577/8804 1573/8805
vt 0.45742713 0.98535156
vt 0.46563552 0.98535156
vt 0.45742713 0.98925781
f 1574/8806 1578/8807 1536/8808
vt 0.37579177 0.98925781
vt 0.37735977 0.98925781
vt 0.37735977 0.98535156
f 1542/8809 1546/8810 1579/8811
vt 0.46720352 0.98535156
vt 0.46720352 0.98925781
vt 0.46563552 0.98925781
f 1580/8812 1547/8813 1543/8814
vt 0.37579177 0.98925781
vt 0.37735977 0.98535156
vt 0.37579177 0.98535156
f 1542/8815 1579/8816 1577/8817
vt 0.46563552 0.98535156
vt 0.46720352 0.98535156
vt 0.46563552 0.98925781
f 1578/8818 1580/8819 1543/8820
vt 0.37735977 0.98925781
vt 0.38708365 0.98925781
vt 0.38708365 0.98535156
f 1546/8821 1550/8822 1581/8823
vt 0.47692740 0.98535156
vt 0.47692740 0.98925781
vt 0.46720352 0.98925781
f 1582/8824 1551/8825 1547/8826
vt 0.37735977 0.98925781
vt 0.38708365 0.98535156
vt 0.37735977 0.98535156
f 1546/8827 1581/8828 1579/8829
vt 0.46720352 0.98535156
vt 0.47692740 0.98535156
vt 0.46720352 0.98925781
f 1580/8830 1582/8831 1547/8832
vt 0.38708365 0.98925781
vt 0.39692370 0.98925781
vt 0.39692370 0.98535156
f 1550/8833 1554/8834 1583/8835
vt 0.48676745 0.98535156
vt 0.48676745 0.98925781
vt 0.47692740 0.98925781
f 1584/8836 1555/8837 1551/8838
vt 0.38708365 0.98925781
vt 0.39692370 0.98535156
vt 0.38708365 0.98535156
f 1550/8839 1583/8840 1581/8841
vt 0.47692740 0.98535156
vt 0.48676745 0.98535156
vt 0.47692740 0.98925781
f 1582/8842 1584/8843 1551/8844
vt 0.39692370 0.98925781
vt 0.40664588 0.98925781
vt 0.40664588 0.98535156
f 1554/8845 1558/8846 1585/8847
vt 0.49648963 0.98535156
vt 0.49648963 0.98925781
vt 0.48676745 0.98925781
f 1586/8848 1559/8849 1555/8850
vt 0.39692370 0.98925781
vt 0.40664588 0.98535156
vt 0.39692370 0.98535156
f 1554/8851 1585/8852 1583/8853
vt 0.48676745 0.98535156
vt 0.49648963 0.98535156
vt 0.48676745 0.98925781
f 1584/8854 1586/8855 1555/8856
vt 0.40664588 0.98925781
vt 0.41636807 0.98925781
vt 0.41636807 0.98535156
f 1558/8857 1562/8858 1587/8859
vt 0.50621182 0.98535156
vt 0.50621182 0.98925781
vt 0.49648963 0.98925781
f 1588/8860 1563/8861 1559/8862
vt 0.40664588 0.98925781
vt 0.41636807 0.98535156
vt 0.40664588 0.98535156
f 1558/8863 1587/8864 1585/8865
vt 0.49648963 0.98535156
vt 0.50621182 0.98535156
vt 0.49648963 0.98925781
f 1586/8866 1588/8867 1559/8868
vt 0.41636807 0.98925781
vt 0.42620812 0.98925781
vt 0.42620812 0.98535156
f 1562/8869 1566/8870 1589/8871
vt 0.51605187 0.98535156
vt 0.51605187 0.98925781
vt 0.50621182 0.98925781
f 1590/8872 1567/8873 1563/8874
vt 0.41636807 0.98925781
vt 0.42620812 0.98535156
vt 0.41636807 0.98535156
f 1562/8875 1589/8876 1587/8877
vt 0.50621182 0.98535156
vt 0.51605187 0.98535156
vt 0.50621182 0.98925781
f 1588/8878 1590/8879 1563/8880
vt 0.42620812 0.98925781
vt 0.43593200 0.98925781
vt 0.43593200 0.98535156
f 1566/8881 1570/8882 1591/8883
vt 0.52577575 0.98535156
vt 0.52577575 0.98925781
vt 0.51605187 0.98925781
f 1592/8884 1571/8885 1567/8886
vt 0.42620812 0.98925781
vt 0.43593200 0.98535156
vt 0.42620812 0.98535156
f 1566/8887 1591/8888 1589/8889
vt 0.51605187 0.98535156
vt 0.52577575 0.98535156
vt 0.51605187 0.98925781
f 1590/8890 1592/8891 1567/8892
vt 0.43593200 0.98925781
vt 0.43750000 0.98925781
vt 0.43750000 0.98535156
f 1570/8893 1539/8894 1575/8895
vt 0.52734375 0.98535156
vt 0.52734375 0.98925781
vt 0.52577575 0.98925781
f 1576/8896 1540/8897 1571/8898
vt 0.43593200 0.98925781
vt 0.43750000 0.98535156
vt 0.43593200 0.98535156
f 1570/8899 1575/8900 1591/8901
vt 0.52577575 0.98535156
vt 0.52734375 0.98535156
vt 0.52577575 0.98925781
f 1592/8902 1576/8903 1571/8904
vt 0.35937500 0.98535156
vt 0.36758338 0.98535156
vt 0.36758338 0.98242188
f 1575/8905 1573/8906 1593/8907
vt 0.45742713 0.98242188
vt 0.45742713 0.98535156
vt 0.44921875 0.98535156
f 1594/8908 1574/8909 1576/8910
vt 0.35937500 0.98535156
vt 0.36758338 0.98242188
vt 0.35937500 0.98242188
f 1575/8911 1593/8912 1595/8913
vt 0.44921875 0.98242188
vt 0.45742713 0.98242188
vt 0.44921875 0.98535156
f 1596/8914 1594/8915 1576/8916
vt 0.36758338 0.98535156
vt 0.37579177 0.98535156
vt 0.37579177 0.98242188
f 1573/8917 1577/8918 1597/8919
vt 0.46563552 0.98242188
vt 0.46563552 0.98535156
vt 0.45742713 0.98535156
f 1598/8920 1578/8921 1574/8922
vt 0.36758338 0.98535156
vt 0.37579177 0.98242188
vt 0.36758338 0.98242188
f 1573/8923 1597/8924 1593/8925
vt 0.45742713 0.98242188
vt 0.46563552 0.98242188
vt 0.45742713 0.98535156
f 1594/8926 1598/8927 1574/8928
vt 0.37579177 0.98535156
vt 0.37735977 0.98535156
vt 0.37735977 0.98242188
f 1577/8929 1579/8930 1599/8931
vt 0.46720352 0.98242188
vt 0.46720352 0.98535156
vt 0.46563552 0.98535156
f 1600/8932 1580/8933 1578/8934
vt 0.37579177 0.98535156
vt 0.37735977 0.98242188
vt 0.37579177 0.98242188
f 1577/8935 1599/8936 1597/8937
vt 0.46563552 0.98242188
vt 0.46720352 0.98242188
vt 0.46563552 0.98535156
f 1598/8938 1600/8939 1578/8940
vt 0.37735977 0.98535156
vt 0.38708365 0.98535156
vt 0.38708365 0.98242188
f 1579/8941 1581/8942 1601/8943
vt 0.47692740 0.98242188
vt 0.47692740 0.98535156
vt 0.46720352 0.98535156
f 1602/8944 1582/8945 1580/8946
vt 0.37735977 0.98535156
vt 0.38708365 0.98242188
vt 0.37735977 0.98242188
f 1579/8947 1601/8948 1599/8949
vt 0.46720352 0.98242188
vt 0.47692740 0.98242188
vt 0.46720352 0.98535156
f 1600/8950 1602/8951 1580/8952
vt 0.38708365 0.98535156
vt 0.39692370 0.98535156
vt 0.39692370 0.98242188
f 1581/8953 1583/8954 1603/8955
vt 0.48676745 0.98242188
vt 0.48676745 0.98535156
vt 0.47692740 0.98535156
f 1604/8956 1584/8957 1582/8958
vt 0.38708365 0.98535156
vt 0.39692370 0.98242188
vt 0.38708365 0.98242188
f 1581/8959 1603/8960 1601/8961
vt 0.47692740 0.98242188
vt 0.48676745 0.98242188
vt 0.47692740 0.98535156
f 1602/8962 1604/8963 1582/8964
vt 0.39692370 0.98535156
vt 0.40664588 0.98535156
vt 0.40664588 0.98242188
f 1583/8965 1585/8966 1605/8967
vt 0.49648963 0.98242188
vt 0.49648963 0.98535156
vt 0.48676745 0.98535156
f 1606/8968 1586/8969 1584/8970
vt 0.39692370 0.98535156
vt 0.40664588 0.98242188
vt 0.39692370 0.98242188
f 1583/8971 1605/8972 1603/8973
vt 0.48676745 0.98242188
vt 0.49648963 0.98242188
vt 0.48676745 0.98535156
f 1604/8974 1606/8975 1584/8976
vt 0.40664588 0.98535156
vt 0.41636807 0.98535156
vt 0.41636807 0.98242188
f 1585/8977 1587/8978 1607/8979
vt 0.50621182 0.98242188
vt 0.50621182 0.98535156
vt 0.49648963 0.98535156
f 1608/8980 1588/8981 1586/8982
vt 0.40664588 0.98535156
vt 0.41636807 0.98242188
vt 0.40664588 0.98242188
f 1585/8983 1607/8984 1605/8985
vt 0.49648963 0.98242188
vt 0.50621182 0.98242188
vt 0.49648963 0.98535156
f 1606/8986 1608/8987 1586/8988
vt 0.41636807 0.98535156
vt 0.42620812 0.98535156
vt 0.42620812 0.98242188
f 1587/8989 1589/8990 1609/8991
vt 0.51605187 0.98242188
vt 0.51605187 0.98535156
vt 0.50621182 0.98535156
f 1610/8992 1590/8993 1588/8994
vt 0.41636807 0.98535156
vt 0.42620812 0.98242188
vt 0.41636807 0.98242188
f 1587/8995 1609/8996 1607/8997
vt 0.50621182 0.98242188
vt 0.51605187 0.98242188
vt 0.50621182 0.98535156
f 1608/8998 1610/8999 1588/9000
vt 0.42620812 0.98535156
vt 0.43593200 0.98535156
vt 0.43593200 0.98242188
f 1589/9001 1591/9002 1611/9003
vt 0.52577575 0.98242188
vt 0.52577575 0.98535156
vt 0.51605187 0.98535156
f 1612/9004 1592/9005 1590/9006
vt 0.42620812 0.98535156
vt 0.43593200 0.98242188
vt 0.42620812 0.98242188
f 1589/9007 1611/9008 1609/9009
vt 0.51605187 0.98242188
vt 0.52577575 0.98242188
vt 0.51605187 0.98535156
f 1610/9010 1612/9011 1590/9012
vt 0.43593200 0.98535156
vt 0.43750000 0.98535156
vt 0.43750000 0.98242188
f 1591/9013 1575/9014 1595/9015
vt 0.52734375 0.98242188
vt 0.52734375 0.98535156
vt 0.52577575 0.98535156
f 1596/9016 1576/9017 1592/9018
vt 0.43593200 0.98535156
vt 0.43750000 0.98242188
vt 0.43593200 0.98242188
f 1591/9019 1595/9020 1611/9021
vt 0.52577575 0.98242188
vt 0.52734375 0.98242188
vt 0.52577575 0.98535156
f 1612/9022 1596/9023 1592/9024
vt 0.53906250 0.99218750
vt 0.54296875 0.99218750
vt 0.53906250 0.98828125
f 1534/9025 1533/9026 1538/9027
vt 0.53906250 0.99218750
vt 0.54296875 0.99218750
vt 0.53906250 0.98828125
f 1534/9028 1538/9029 1537/9030
vt 0.53906250 0.99218750
vt 0.54296875 0.99218750
vt 0.53906250 0.98828125
f 1541/9031 1534/9032 1537/9033
vt 0.53906250 0.99218750
vt 0.54296875 0.99218750
vt 0.53906250 0.98828125
f 1541/9034 1537/9035 1544/9036
vt 0.53906250 0.99218750
vt 0.54296875 0.99218750
vt 0.53906250 0.98828125
f 1545/9037 1541/9038 1544/9039
vt 0.53906250 0.99218750
vt 0.54296875 0.99218750
vt 0.53906250 0.98828125
f 1545/9040 1544/9041 1548/9042
vt 0.53906250 0.99218750
vt 0.54296875 0.99218750
vt 0.53906250 0.98828125
f 1549/9043 1545/9044 1548/9045
vt 0.53906250 0.99218750
vt 0.54296875 0.99218750
vt 0.53906250 0.98828125
f 1549/9046 1548/9047 1552/9048
vt 0.53906250 0.99218750
vt 0.54296875 0.99218750
vt 0.53906250 0.98828125
f 1553/9049 1549/9050 1552/9051
vt 0.53906250 0.99218750
vt 0.54296875 0.99218750
vt 0.53906250 0.98828125
f 1553/9052 1552/9053 1556/9054
vt 0.53906250 0.99218750
vt 0.54296875 0.99218750
vt 0.53906250 0.98828125
f 1557/9055 1553/9056 1556/9057
vt 0.53906250 0.99218750
vt 0.54296875 0.99218750
vt 0.53906250 0.98828125
f 1557/9058 1556/9059 1560/9060
vt 0.53906250 0.99218750
vt 0.54296875 0.99218750
vt 0.53906250 0.98828125
f 1561/9061 1557/9062 1560/9063
vt 0.53906250 0.99218750
vt 0.54296875 0.99218750
vt 0.53906250 0.98828125
f 1561/9064 1560/9065 1564/9066
vt 0.53906250 0.99218750
vt 0.54296875 0.99218750
vt 0.53906250 0.98828125
f 1565/9067 1561/9068 1564/9069
vt 0.53906250 0.99218750
vt 0.54296875 0.99218750
vt 0.53906250 0.98828125
f 1565/9070 1564/9071 1568/9072
vt 0.53906250 0.99218750
vt 0.54296875 0.99218750
vt 0.53906250 0.98828125
f 1569/9073 1565/9074 1568/9075
vt 0.53906250 0.99218750
vt 0.54296875 0.99218750
vt 0.53906250 0.98828125
f 1569/9076 1568/9077 1572/9078
vt 0.53906250 0.99218750
vt 0.54296875 0.99218750
vt 0.53906250 0.98828125
f 1533/9079 1569/9080 1572/9081
vt 0.53906250 0.99218750
vt 0.54296875 0.99218750
vt 0.53906250 0.98828125
f 1533/9082 1572/9083 1538/9084
vt 0.53906250 0.99218750
vt 0.54296875 0.99218750
vt 0.53906250 0.98828125
f 1595/9085 1593/9086 1594/9087
vt 0.53906250 0.99218750
vt 0.54296875 0.99218750
vt 0.53906250 0.98828125
f 1595/9088 1594/9089 1596/9090
vt 0.53906250 0.99218750
vt 0.54296875 0.99218750
vt 0.53906250 0.98828125
f 1593/9091 1597/9092 1598/9093
vt 0.53906250 0.99218750
vt 0.54296875 0.99218750
vt 0.53906250 0.98828125
f 1593/9094 1598/9095 1594/9096
vt 0.53906250 0.99218750
vt 0.54296875 0.99218750
vt 0.53906250 0.98828125
f 1597/9097 1599/9098 1600/9099
vt 0.53906250 0.99218750
vt 0.54296875 0.99218750
vt 0.53906250 0.98828125
f 1597/9100 1600/9101 1598/9102
vt 0.53906250 0.99218750
vt 0.54296875 0.99218750
vt 0.53906250 0.98828125
f 1599/9103 1601/9104 1602/9105
vt 0.53906250 0.99218750
vt 0.54296875 0.99218750
vt 0.53906250 0.98828125
f 1599/9106 1602/9107 1600/9108
vt 0.53906250 0.99218750
vt 0.54296875 0.99218750
vt 0.53906250 0.98828125
f 1601/9109 1603/9110 1604/9111
vt 0.53906250 0.99218750
vt 0.54296875 0.99218750
vt 0.53906250 0.98828125
f 1601/9112 1604/9113 1602/9114
vt 0.53906250 0.99218750
vt 0.54296875 0.99218750
vt 0.53906250 0.98828125
f 1603/9115 1605/9116 1606/9117
vt 0.53906250 0.99218750
vt 0.54296875 0.99218750
vt 0.53906250 0.98828125
f 1603/9118 1606/9119 1604/9120
vt 0.53906250 0.99218750
vt 0.54296875 0.99218750
vt 0.53906250 0.98828125
f 1605/9121 1607/9122 1608/9123
vt 0.53906250 0.99218750
vt 0.54296875 0.99218750
vt 0.53906250 0.98828125
f 1605/9124 1608/9125 1606/9126
vt 0.53906250 0.99218750
vt 0.54296875 0.99218750
vt 0.53906250 0.98828125
f 1607/9127 1609/9128 1610/9129
vt 0.53906250 0.99218750
vt 0.54296875 0.99218750
vt 0.53906250 0.98828125
f 1607/9130 1610/9131 1608/9132
vt 0.53906250 0.99218750
vt 0.54296875 0.99218750
vt 0.53906250 0.98828125
f 1609/9133 1611/9134 1612/9135
vt 0.53906250 0.99218750
vt 0.54296875 0.99218750
vt 0.53906250 0.98828125
f 1609/9136 1612/9137 1610/9138
vt 0.53906250 0.99218750
vt 0.54296875 0.99218750
vt 0.53906250 0.98828125
f 1611/9139 1595/9140 1596/9141
vt 0.53906250 0.99218750
vt 0.54296875 0.99218750
vt 0.53906250 0.98828125
f 1611/9142 1596/9143 1612/9144
vt 0.55468750 0.99218750
vt 0.55646481 0.99218750
vt 0.55646481 0.98828125
f 1613/9145 1614/9146 1615/9147
vt 0.57599606 0.98828125
vt 0.57599606 0.99218750
vt 0.57421875 0.99218750
f 1616/9148 1617/9149 1618/9150
vt 0.55468750 0.99218750
vt 0.55646481 0.98828125
vt 0.55468750 0.98828125
f 1613/9151 1615/9152 1619/9153
vt 0.57421875 0.98828125
vt 0.57599606 0.98828125
vt 0.57421875 0.99218750
f 1620/9154 1616/9155 1618/9156
vt 0.55646481 0.99218750
vt 0.55838667 0.99218750
vt 0.55838667 0.98828125
f 1614/9157 1621/9158 1622/9159
vt 0.57791792 0.98828125
vt 0.57791792 0.99218750
vt 0.57599606 0.99218750
f 1623/9160 1624/9161 1617/9162
vt 0.55646481 0.99218750
vt 0.55838667 0.98828125
vt 0.55646481 0.98828125
f 1614/9163 1622/9164 1615/9165
vt 0.57599606 0.98828125
vt 0.57791792 0.98828125
vt 0.57599606 0.99218750
f 1616/9166 1623/9167 1617/9168
vt 0.55838667 0.99218750
vt 0.56035834 0.99218750
vt 0.56035834 0.98828125
f 1621/9169 1625/9170 1626/9171
vt 0.57988959 0.98828125
vt 0.57988959 0.99218750
vt 0.57791792 0.99218750
f 1627/9172 1628/9173 1624/9174
vt 0.55838667 0.99218750
vt 0.56035834 0.98828125
vt 0.55838667 0.98828125
f 1621/9175 1626/9176 1622/9177
vt 0.57791792 0.98828125
vt 0.57988959 0.98828125
vt 0.57791792 0.99218750
f 1623/9178 1627/9179 1624/9180
vt 0.56035834 0.99218750
vt 0.56250000 0.99218750
vt 0.56250000 0.98828125
f 1625/9181 1629/9182 1630/9183
vt 0.58203125 0.98828125
vt 0.58203125 0.99218750
vt 0.57988959 0.99218750
f 1631/9184 1632/9185 1628/9186
vt 0.56035834 0.99218750
vt 0.56250000 0.98828125
vt 0.56035834 0.98828125
f 1625/9187 1630/9188 1626/9189
vt 0.57988959 0.98828125
vt 0.58203125 0.98828125
vt 0.57988959 0.99218750
f 1627/9190 1631/9191 1628/9192
vt 0.55468750 0.98828125
vt 0.55646481 0.98828125
vt 0.55646481 0.98242188
f 1619/9193 1615/9194 1633/9195
vt 0.57599606 0.98242188
vt 0.57599606 0.98828125
vt 0.57421875 0.98828125
f 1634/9196 1616/9197 1620/9198
vt 0.55468750 0.98828125
vt 0.55646481 0.98242188
vt 0.55468750 0.98242188
f 1619/9199 1633/9200 1635/9201
vt 0.57421875 0.98242188
vt 0.57599606 0.98242188
vt 0.57421875 0.98828125
f 1636/9202 1634/9203 1620/9204
vt 0.55646481 0.98828125
vt 0.55838667 0.98828125
vt 0.55838667 0.98242188
f 1615/9205 1622/9206 1637/9207
vt 0.57791792 0.98242188
vt 0.57791792 0.98828125
vt 0.57599606 0.98828125
f 1638/9208 1623/9209 1616/9210
vt 0.55646481 0.98828125
vt 0.55838667 0.98242188
vt 0.55646481 0.98242188
f 1615/9211 1637/9212 1633/9213
vt 0.57599606 0.98242188
vt 0.57791792 0.98242188
vt 0.57599606 0.98828125
f 1634/9214 1638/9215 1616/9216
vt 0.55838667 0.98828125
vt 0.56035834 0.98828125
vt 0.56035834 0.98242188
f 1622/9217 1626/9218 1639/9219
vt 0.57988959 0.98242188
vt 0.57988959 0.98828125
vt 0.57791792 0.98828125
f 1640/9220 1627/9221 1623/9222
vt 0.55838667 0.98828125
vt 0.56035834 0.98242188
vt 0.55838667 0.98242188
f 1622/9223 1639/9224 1637/9225
vt 0.57791792 0.98242188
vt 0.57988959 0.98242188
vt 0.57791792 0.98828125
f 1638/9226 1640/9227 1623/9228
vt 0.56035834 0.98828125
vt 0.56250000 0.98828125
vt 0.56250000 0.98242188
f 1626/9229 1630/9230 1641/9231
vt 0.58203125 0.98242188
vt 0.58203125 0.98828125
vt 0.57988959 0.98828125
f 1642/9232 1631/9233 1627/9234
vt 0.56035834 0.98828125
vt 0.56250000 0.98242188
vt 0.56035834 0.98242188
f 1626/9235 1641/9236 1639/9237
vt 0.57988959 0.98242188
vt 0.58203125 0.98242188
vt 0.57988959 0.98828125
f 1640/9238 1642/9239 1627/9240
vt 0.55468750 0.98242188
vt 0.55646481 0.98242188
vt 0.55646481 0.97460938
f 1635/9241 1633/9242 1643/9243
vt 0.57599606 0.97460938
vt 0.57599606 0.98242188
vt 0.57421875 0.98242188
f 1644/9244 1634/9245 1636/9246
vt 0.55468750 0.98242188
vt 0.55646481 0.97460938
vt 0.55468750 0.97460938
f 1635/9247 1643/9248 1645/9249
vt 0.57421875 0.97460938
vt 0.57599606 0.97460938
vt 0.57421875 0.98242188
f 1646/9250 1644/9251 1636/9252
vt 0.55646481 0.98242188
vt 0.55838667 0.98242188
vt 0.55838667 0.97460938
f 1633/9253 1637/9254 1647/9255
vt 0.57791792 0.97460938
vt 0.57791792 0.98242188
vt 0.57599606 0.98242188
f 1648/9256 1638/9257 1634/9258
vt 0.55646481 0.98242188
vt 0.55838667 0.97460938
vt 0.55646481 0.97460938
f 1633/9259 1647/9260 1643/9261
vt 0.57599606 0.97460938
vt 0.57791792 0.97460938
vt 0.57599606 0.98242188
f 1644/9262 1648/9263 1634/9264
vt 0.55838667 0.98242188
vt 0.56035834 0.98242188
vt 0.56035834 0.97460938
f 1637/9265 1639/9266 1649/9267
vt 0.57988959 0.97460938
vt 0.57988959 0.98242188
vt 0.57791792 0.98242188
f 1650/9268 1640/9269 1638/9270
vt 0.55838667 0.98242188
vt 0.56035834 0.97460938
vt 0.55838667 0.97460938
f 1637/9271 1649/9272 1647/9273
vt 0.57791792 0.97460938
vt 0.57988959 0.97460938
vt 0.57791792 0.98242188
f 1648/9274 1650/9275 1638/9276
vt 0.56035834 0.98242188
vt 0.56250000 0.98242188
vt 0.56250000 0.97460938
f 1639/9277 1641/9278 1651/9279
vt 0.58203125 0.97460938
vt 0.58203125 0.98242188
vt 0.57988959 0.98242188
f 1652/9280 1642/9281 1640/9282
vt 0.56035834 0.98242188
vt 0.56250000 0.97460938
vt 0.56035834 0.97460938
f 1639/9283 1651/9284 1649/9285
vt 0.57988959 0.97460938
vt 0.58203125 0.97460938
vt 0.57988959 0.98242188
f 1650/9286 1652/9287 1640/9288
vt 0.59375000 0.99218750
vt 0.59765625 0.99218750
vt 0.59375000 0.98828125
f 1614/9289 1613/9290 1618/9291
vt 0.59375000 0.99218750
vt 0.59765625 0.99218750
vt 0.59375000 0.98828125
f 1614/9292 1618/9293 1617/9294
vt 0.59375000 0.99218750
vt 0.59765625 0.99218750
vt 0.59375000 0.98828125
f 1613/9295 1619/9296 1620/9297
vt 0.59375000 0.99218750
vt 0.59765625 0.99218750
vt 0.59375000 0.98828125
f 1613/9298 1620/9299 1618/9300
vt 0.59375000 0.99218750
vt 0.59765625 0.99218750
vt 0.59375000 0.98828125
f 1621/9301 1614/9302 1617/9303
vt 0.59375000 0.99218750
vt 0.59765625 0.99218750
vt 0.59375000 0.98828125
f 1621/9304 1617/9305 1624/9306
vt 0.59375000 0.99218750
vt 0.59765625 0.99218750
vt 0.59375000 0.98828125
f 1625/9307 1621/9308 1624/9309
vt 0.59375000 0.99218750
vt 0.59765625 0.99218750
vt 0.59375000 0.98828125
f 1625/9310 1624/9311 1628/9312
vt 0.59375000 0.99218750
vt 0.59765625 0.99218750
vt 0.59375000 0.98828125
f 1629/9313 1625/9314 1628/9315
vt 0.59375000 0.99218750
vt 0.59765625 0.99218750
vt 0.59375000 0.98828125
f 1629/9316 1628/9317 1632/9318
vt 0.59375000 0.99218750
vt 0.59765625 0.99218750
vt 0.59375000 0.98828125
f 1630/9319 1629/9320 1632/9321
vt 0.59375000 0.99218750
vt 0.59765625 0.99218750
vt 0.59375000 0.98828125
f 1630/9322 1632/9323 1631/9324
vt 0.59375000 0.99218750
vt 0.59765625 0.99218750
vt 0.59375000 0.98828125
f 1619/9325 1635/9326 1636/9327
vt 0.59375000 0.99218750
vt 0.59765625 0.99218750
vt 0.59375000 0.98828125
f 1619/9328 1636/9329 1620/9330
vt 0.59375000 0.99218750
vt 0.59765625 0.99218750
vt 0.59375000 0.98828125
f 1641/9331 1630/9332 1631/9333
vt 0.59375000 0.99218750
vt 0.59765625 0.99218750
vt 0.59375000 0.98828125
f 1641/9334 1631/9335 1642/9336
vt 0.59375000 0.99218750
vt 0.59765625 0.99218750
vt 0.59375000 0.98828125
f 1645/9337 1643/9338 1644/9339
vt 0.59375000 0.99218750
vt 0.59765625 0.99218750
vt 0.59375000 0.98828125
f 1645/9340 1644/9341 1646/9342
vt 0.59375000 0.99218750
vt 0.59765625 0.99218750
vt 0.59375000 0.98828125
f 1635/9343 1645/9344 1646/9345
vt 0.59375000 0.99218750
vt 0.59765625 0.99218750
vt 0.59375000 0.98828125
f 1635/9346 1646/9347 1636/9348
vt 0.59375000 0.99218750
vt 0.59765625 0.99218750
vt 0.59375000 0.98828125
f 1643/9349 1647/9350 1648/9351
vt 0.59375000 0.99218750
vt 0.59765625 0.99218750
vt 0.59375000 0.98828125
f 1643/9352 1648/9353 1644/9354
vt 0.59375000 0.99218750
vt 0.59765625 0.99218750
vt 0.59375000 0.98828125
f 1647/9355 1649/9356 1650/9357
vt 0.59375000 0.99218750
vt 0.59765625 0.99218750
vt 0.59375000 0.98828125
f 1647/9358 1650/9359 1648/9360
vt 0.59375000 0.99218750
vt 0.59765625 0.99218750
vt 0.59375000 0.98828125
f 1651/9361 1641/9362 1642/9363
vt 0.59375000 0.99218750
vt 0.59765625 0.99218750
vt 0.59375000 0.98828125
f 1651/9364 1642/9365 1652/9366
vt 0.59375000 0.99218750
vt 0.59765625 0.99218750
vt 0.59375000 0.98828125
f 1649/9367 1651/9368 1652/9369
vt 0.59375000 0.99218750
vt 0.59765625 0.99218750
vt 0.59375000 0.98828125
f 1649/9370 1652/9371 1650/9372
vt 0.60937500 0.99218750
vt 0.61129171 0.99218750
vt 0.61129171 0.98828125
f 1653/9373 1654/9374 1655/9375
vt 0.63082296 0.98828125
vt 0.63082296 0.99218750
vt 0.62890625 0.99218750
f 1656/9376 1657/9377 1658/9378
vt 0.60937500 0.99218750
vt 0.61129171 0.98828125
vt 0.60937500 0.98828125
f 1653/9379 1655/9380 1659/9381
vt 0.62890625 0.98828125
vt 0.63082296 0.98828125
vt 0.62890625 0.99218750
f 1660/9382 1656/9383 1658/9384
vt 0.61129171 0.99218750
vt 0.61321926 0.99218750
vt 0.61321926 0.98828125
f 1654/9385 1661/9386 1662/9387
vt 0.63275051 0.98828125
vt 0.63275051 0.99218750
vt 0.63082296 0.99218750
f 1663/9388 1664/9389 1657/9390
vt 0.61129171 0.99218750
vt 0.61321926 0.98828125
vt 0.61129171 0.98828125
f 1654/9391 1662/9392 1655/9393
vt 0.63082296 0.98828125
vt 0.63275051 0.98828125
vt 0.63082296 0.99218750
f 1656/9394 1663/9395 1657/9396
vt 0.61321926 0.99218750
vt 0.61526493 0.99218750
vt 0.61526493 0.98828125
f 1661/9397 1665/9398 1666/9399
vt 0.63479618 0.98828125
vt 0.63479618 0.99218750
vt 0.63275051 0.99218750
f 1667/9400 1668/9401 1664/9402
vt 0.61321926 0.99218750
vt 0.61526493 0.98828125
vt 0.61321926 0.98828125
f 1661/9403 1666/9404 1662/9405
vt 0.63275051 0.98828125
vt 0.63479618 0.98828125
vt 0.63275051 0.99218750
f 1663/9406 1667/9407 1664/9408
vt 0.61526493 0.99218750
vt 0.61718750 0.99218750
vt 0.61718750 0.98828125
f 1665/9409 1669/9410 1670/9411
vt 0.63671875 0.98828125
vt 0.63671875 0.99218750
vt 0.63479618 0.99218750
f 1671/9412 1672/9413 1668/9414
vt 0.61526493 0.99218750
vt 0.61718750 0.98828125
vt 0.61526493 0.98828125
f 1665/9415 1670/9416 1666/9417
vt 0.63479618 0.98828125
vt 0.63671875 0.98828125
vt 0.63479618 0.99218750
f 1667/9418 1671/9419 1668/9420
vt 0.60937500 0.98828125
vt 0.61129171 0.98828125
vt 0.61129171 0.98242188
f 1659/9421 1655/9422 1673/9423
vt 0.63082296 0.98242188
vt 0.63082296 0.98828125
vt 0.62890625 0.98828125
f 1674/9424 1656/9425 1660/9426
vt 0.60937500 0.98828125
vt 0.61129171 0.98242188
vt 0.60937500 0.98242188
f 1659/9427 1673/9428 1675/9429
vt 0.62890625 0.98242188
vt 0.63082296 0.98242188
vt 0.62890625 0.98828125
f 1676/9430 1674/9431 1660/9432
vt 0.61129171 0.98828125
vt 0.61321926 0.98828125
vt 0.61321926 0.98242188
f 1655/9433 1662/9434 1677/9435
vt 0.63275051 0.98242188
vt 0.63275051 0.98828125
vt 0.63082296 0.98828125
f 1678/9436 1663/9437 1656/9438
vt 0.61129171 0.98828125
vt 0.61321926 0.98242188
vt 0.61129171 0.98242188
f 1655/9439 1677/9440 1673/9441
vt 0.63082296 0.98242188
vt 0.63275051 0.98242188
vt 0.63082296 0.98828125
f 1674/9442 1678/9443 1656/9444
vt 0.61321926 0.98828125
vt 0.61526493 0.98828125
vt 0.61526493 0.98242188
f 1662/9445 1666/9446 1679/9447
vt 0.63479618 0.98242188
vt 0.63479618 0.98828125
vt 0.63275051 0.98828125
f 1680/9448 1667/9449 1663/9450
vt 0.61321926 0.98828125
vt 0.61526493 0.98242188
vt 0.61321926 0.98242188
f 1662/9451 1679/9452 1677/9453
vt 0.63275051 0.98242188
vt 0.63479618 0.98242188
vt 0.63275051 0.98828125
f 1678/9454 1680/9455 1663/9456
vt 0.61526493 0.98828125
vt 0.61718750 0.98828125
vt 0.61718750 0.98242188
f 1666/9457 1670/9458 1681/9459
vt 0.63671875 0.98242188
vt 0.63671875 0.98828125
vt 0.63479618 0.98828125
f 1682/9460 1671/9461 1667/9462
vt 0.61526493 0.98828125
vt 0.61718750 0.98242188
vt 0.61526493 0.98242188
f 1666/9463 1681/9464 1679/9465
vt 0.63479618 0.98242188
vt 0.63671875 0.98242188
vt 0.63479618 0.98828125
f 1680/9466 1682/9467 1667/9468
vt 0.60937500 0.98242188
vt 0.61129171 0.98242188
vt 0.61129171 0.97460938
f 1675/9469 1673/9470 1683/9471
vt 0.63082296 0.97460938
vt 0.63082296 0.98242188
vt 0.62890625 0.98242188
f 1684/9472 1674/9473 1676/9474
vt 0.60937500 0.98242188
vt 0.61129171 0.97460938
vt 0.60937500 0.97460938
f 1675/9475 1683/9476 1685/9477
vt 0.62890625 0.97460938
vt 0.63082296 0.97460938
vt 0.62890625 0.98242188
f 1686/9478 1684/9479 1676/9480
vt 0.61129171 0.98242188
vt 0.61321926 0.98242188
vt 0.61321926 0.97460938
f 1673/9481 1677/9482 1687/9483
vt 0.63275051 0.97460938
vt 0.63275051 0.98242188
vt 0.63082296 0.98242188
f 1688/9484 1678/9485 1674/9486
vt 0.61129171 0.98242188
vt 0.61321926 0.97460938
vt 0.61129171 0.97460938
f 1673/9487 1687/9488 1683/9489
vt 0.63082296 0.97460938
vt 0.63275051 0.97460938
vt 0.63082296 0.98242188
f 1684/9490 1688/9491 1674/9492
vt 0.61321926 0.98242188
vt 0.61526493 0.98242188
vt 0.61526493 0.97460938
f 1677/9493 1679/9494 1689/9495
vt 0.63479618 0.97460938
vt 0.63479618 0.98242188
vt 0.63275051 0.98242188
f 1690/9496 1680/9497 1678/9498
vt 0.61321926 0.98242188
vt 0.61526493 0.97460938
vt 0.61321926 0.97460938
f 1677/9499 1689/9500 1687/9501
vt 0.63275051 0.97460938
vt 0.63479618 0.97460938
vt 0.63275051 0.98242188
f 1688/9502 1690/9503 1678/9504
vt 0.61526493 0.98242188
vt 0.61718750 0.98242188
vt 0.61718750 0.97460938
f 1679/9505 1681/9506 1691/9507
vt 0.63671875 0.97460938
vt 0.63671875 0.98242188
vt 0.63479618 0.98242188
f 1692/9508 1682/9509 1680/9510
vt 0.61526493 0.98242188
vt 0.61718750 0.97460938
vt 0.61526493 0.97460938
f 1679/9511 1691/9512 1689/9513
vt 0.63479618 0.97460938
vt 0.63671875 0.97460938
vt 0.63479618 0.98242188
f 1690/9514 1692/9515 1680/9516
vt 0.64843750 0.99218750
vt 0.65234375 0.99218750
vt 0.64843750 0.98828125
f 1654/9517 1653/9518 1658/9519
vt 0.64843750 0.99218750
vt 0.65234375 0.99218750
vt 0.64843750 0.98828125
f 1654/9520 1658/9521 1657/9522
vt 0.64843750 0.99218750
vt 0.65234375 0.99218750
vt 0.64843750 0.98828125
f 1653/9523 1659/9524 1660/9525
vt 0.64843750 0.99218750
vt 0.65234375 0.99218750
vt 0.64843750 0.98828125
f 1653/9526 1660/9527 1658/9528
vt 0.64843750 0.99218750
vt 0.65234375 0.99218750
vt 0.64843750 0.98828125
f 1661/9529 1654/9530 1657/9531
vt 0.64843750 0.99218750
vt 0.65234375 0.99218750
vt 0.64843750 0.98828125
f 1661/9532 1657/9533 1664/9534
vt 0.64843750 0.99218750
vt 0.65234375 0.99218750
vt 0.64843750 0.98828125
f 1665/9535 1661/9536 1664/9537
vt 0.64843750 0.99218750
vt 0.65234375 0.99218750
vt 0.64843750 0.98828125
f 1665/9538 1664/9539 1668/9540
vt 0.64843750 0.99218750
vt 0.65234375 0.99218750
vt 0.64843750 0.98828125
f 1669/9541 1665/9542 1668/9543
vt 0.64843750 0.99218750
vt 0.65234375 0.99218750
vt 0.64843750 0.98828125
f 1669/9544 1668/9545 1672/9546
vt 0.64843750 0.99218750
vt 0.65234375 0.99218750
vt 0.64843750 0.98828125
f 1670/9547 1669/9548 1672/9549
vt 0.64843750 0.99218750
vt 0.65234375 0.99218750
vt 0.64843750 0.98828125
f 1670/9550 1672/9551 1671/9552
vt 0.64843750 0.99218750
vt 0.65234375 0.99218750
vt 0.64843750 0.98828125
f 1659/9553 1675/9554 1676/9555
vt 0.64843750 0.99218750
vt 0.65234375 0.99218750
vt 0.64843750 0.98828125
f 1659/9556 1676/9557 1660/9558
vt 0.64843750 0.99218750
vt 0.65234375 0.99218750
vt 0.64843750 0.98828125
f 1681/9559 1670/9560 1671/9561
vt 0.64843750 0.99218750
vt 0.65234375 0.99218750
vt 0.64843750 0.98828125
f 1681/9562 1671/9563 1682/9564
vt 0.64843750 0.99218750
vt 0.65234375 0.99218750
vt 0.64843750 0.98828125
f 1685/9565 1683/9566 1684/9567
vt 0.64843750 0.99218750
vt 0.65234375 0.99218750
vt 0.64843750 0.98828125
f 1685/9568 1684/9569 1686/9570
vt 0.64843750 0.99218750
vt 0.65234375 0.99218750
vt 0.64843750 0.98828125
f 1675/9571 1685/9572 1686/9573
vt 0.64843750 0.99218750
vt 0.65234375 0.99218750
vt 0.64843750 0.98828125
f 1675/9574 1686/9575 1676/9576
vt 0.64843750 0.99218750
vt 0.65234375 0.99218750
vt 0.64843750 0.98828125
f 1683/9577 1687/9578 1688/9579
vt 0.64843750 0.99218750
vt 0.65234375 0.99218750
vt 0.64843750 0.98828125
f 1683/9580 1688/9581 1684/9582
vt 0.64843750 0.99218750
vt 0.65234375 0.99218750
vt 0.64843750 0.98828125
f 1687/9583 1689/9584 1690/9585
vt 0.64843750 0.99218750
vt 0.65234375 0.99218750
vt 0.64843750 0.98828125
f 1687/9586 1690/9587 1688/9588
vt 0.64843750 0.99218750
vt 0.65234375 0.99218750
vt 0.64843750 0.98828125
f 1691/9589 1681/9590 1682/9591
vt 0.64843750 0.99218750
vt 0.65234375 0.99218750
vt 0.64843750 0.98828125
f 1691/9592 1682/9593 1692/9594
vt 0.64843750 0.99218750
vt 0.65234375 0.99218750
vt 0.64843750 0.98828125
f 1689/9595 1691/9596 1692/9597
vt 0.64843750 0.99218750
vt 0.65234375 0.99218750
vt 0.64843750 0.98828125
f 1689/9598 1692/9599 1690/9600
vt 0.66406250 0.99218750
vt 0.66795980 0.99218750
vt 0.66795980 0.98828125
f 1693/9601 1694/9602 1695/9603
vt 0.69530355 0.98828125
vt 0.69530355 0.99218750
vt 0.69140625 0.99218750
f 1696/9604 1697/9605 1698/9606
vt 0.66406250 0.99218750
vt 0.66795980 0.98828125
vt 0.66406250 0.98828125
f 1693/9607 1695/9608 1699/9609
vt 0.69140625 0.98828125
vt 0.69530355 0.98828125
vt 0.69140625 0.99218750
f 1700/9610 1696/9611 1698/9612
vt 0.66795980 0.99218750
vt 0.67187631 0.99218750
vt 0.67187631 0.98828125
f 1694/9613 1701/9614 1702/9615
vt 0.69922006 0.98828125
vt 0.69922006 0.99218750
vt 0.69530355 0.99218750
f 1703/9616 1704/9617 1697/9618
vt 0.66795980 0.99218750
vt 0.67187631 0.98828125
vt 0.66795980 0.98828125
f 1694/9619 1702/9620 1695/9621
vt 0.69530355 0.98828125
vt 0.69922006 0.98828125
vt 0.69530355 0.99218750
f 1696/9622 1703/9623 1697/9624
vt 0.67187631 0.99218750
vt 0.67577928 0.99218750
vt 0.67577928 0.98828125
f 1701/9625 1705/9626 1706/9627
vt 0.70312303 0.98828125
vt 0.70312303 0.99218750
vt 0.69922006 0.99218750
f 1707/9628 1708/9629 1704/9630
vt 0.67187631 0.99218750
vt 0.67577928 0.98828125
vt 0.67187631 0.98828125
f 1701/9631 1706/9632 1702/9633
vt 0.69922006 0.98828125
vt 0.70312303 0.98828125
vt 0.69922006 0.99218750
f 1703/9634 1707/9635 1704/9636
vt 0.67577928 0.99218750
vt 0.67968750 0.99218750
vt 0.67968750 0.98828125
f 1705/9637 1709/9638 1710/9639
vt 0.70703125 0.98828125
vt 0.70703125 0.99218750
vt 0.70312303 0.99218750
f 1711/9640 1712/9641 1708/9642
vt 0.67577928 0.99218750
vt 0.67968750 0.98828125
vt 0.67577928 0.98828125
f 1705/9643 1710/9644 1706/9645
vt 0.70312303 0.98828125
vt 0.70703125 0.98828125
vt 0.70312303 0.99218750
f 1707/9646 1711/9647 1708/9648
vt 0.66406250 0.98828125
vt 0.66795980 0.98828125
vt 0.66795980 0.98242188
f 1699/9649 1695/9650 1713/9651
vt 0.69530355 0.98242188
vt 0.69530355 0.98828125
vt 0.69140625 0.98828125
f 1714/9652 1696/9653 1700/9654
vt 0.66406250 0.98828125
vt 0.66795980 0.98242188
vt 0.66406250 0.98242188
f 1699/9655 1713/9656 1715/9657
vt 0.69140625 0.98242188
vt 0.69530355 0.98242188
vt 0.69140625 0.98828125
f 1716/9658 1714/9659 1700/9660
vt 0.66795980 0.98828125
vt 0.67187631 0.98828125
vt 0.67187631 0.98242188
f 1695/9661 1702/9662 1717/9663
vt 0.69922006 0.98242188
vt 0.69922006 0.98828125
vt 0.69530355 0.98828125
f 1718/9664 1703/9665 1696/9666
vt 0.66795980 0.98828125
vt 0.67187631 0.98242188
vt 0.66795980 0.98242188
f 1695/9667 1717/9668 1713/9669
vt 0.69530355 0.98242188
vt 0.69922006 0.98242188
vt 0.69530355 0.98828125
f 1714/9670 1718/9671 1696/9672
vt 0.67187631 0.98828125
vt 0.67577928 0.98828125
vt 0.67577928 0.98242188
f 1702/9673 1706/9674 1719/9675
vt 0.70312303 0.98242188
vt 0.70312303 0.98828125
vt 0.69922006 0.98828125
f 1720/9676 1707/9677 1703/9678
vt 0.67187631 0.98828125
vt 0.67577928 0.98242188
vt 0.67187631 0.98242188
f 1702/9679 1719/9680 1717/9681
vt 0.69922006 0.98242188
vt 0.70312303 0.98242188
vt 0.69922006 0.98828125
f 1718/9682 1720/9683 1703/9684
vt 0.67577928 0.98828125
vt 0.67968750 0.98828125
vt 0.67968750 0.98242188
f 1706/9685 1710/9686 1721/9687
vt 0.70703125 0.98242188
vt 0.70703125 0.98828125
vt 0.70312303 0.98828125
f 1722/9688 1711/9689 1707/9690
vt 0.67577928 0.98828125
vt 0.67968750 0.98242188
vt 0.67577928 0.98242188
f 1706/9691 1721/9692 1719/9693
vt 0.70312303 0.98242188
vt 0.70703125 0.98242188
vt 0.70312303 0.98828125
f 1720/9694 1722/9695 1707/9696
vt 0.66406250 0.98242188
vt 0.66795980 0.98242188
vt 0.66795980 0.97460938
f 1715/9697 1713/9698 1723/9699
vt 0.69530355 0.97460938
vt 0.69530355 0.98242188
vt 0.69140625 0.98242188
f 1724/9700 1714/9701 1716/9702
vt 0.66406250 0.98242188
vt 0.66795980 0.97460938
vt 0.66406250 0.97460938
f 1715/9703 1723/9704 1725/9705
vt 0.69140625 0.97460938
vt 0.69530355 0.97460938
vt 0.69140625 0.98242188
f 1726/9706 1724/9707 1716/9708
vt 0.66795980 0.98242188
vt 0.67187631 0.98242188
vt 0.67187631 0.97460938
f 1713/9709 1717/9710 1727/9711
vt 0.69922006 0.97460938
vt 0.69922006 0.98242188
vt 0.69530355 0.98242188
f 1728/9712 1718/9713 1714/9714
vt 0.66795980 0.98242188
vt 0.67187631 0.97460938
vt 0.66795980 0.97460938
f 1713/9715 1727/9716 1723/9717
vt 0.69530355 0.97460938
vt 0.69922006 0.97460938
vt 0.69530355 0.98242188
f 1724/9718 1728/9719 1714/9720
vt 0.67187631 0.98242188
vt 0.67577928 0.98242188
vt 0.67577928 0.97460938
f 1717/9721 1719/9722 1729/9723
vt 0.70312303 0.97460938
vt 0.70312303 0.98242188
vt 0.69922006 0.98242188
f 1730/9724 1720/9725 1718/9726
vt 0.67187631 0.98242188
vt 0.67577928 0.97460938
vt 0.67187631 0.97460938
f 1717/9727 1729/9728 1727/9729
vt 0.69922006 0.97460938
vt 0.70312303 0.97460938
vt 0.69922006 0.98242188
f 1728/9730 1730/9731 1718/9732
vt 0.67577928 0.98242188
vt 0.67968750 0.98242188
vt 0.67968750 0.97460938
f 1719/9733 1721/9734 1731/9735
vt 0.70703125 0.97460938
vt 0.70703125 0.98242188
vt 0.70312303 0.98242188
f 1732/9736 1722/9737 1720/9738
vt 0.67577928 0.98242188
vt 0.67968750 0.97460938
vt 0.67577928 0.97460938
f 1719/9739 1731/9740 1729/9741
vt 0.70312303 0.97460938
vt 0.70703125 0.97460938
vt 0.70312303 0.98242188
f 1730/9742 1732/9743 1720/9744
vt 0.71875000 0.99218750
vt 0.72265625 0.99218750
vt 0.71875000 0.98828125
f 1694/9745 1693/9746 1698/9747
vt 0.71875000 0.99218750
vt 0.72265625 0.99218750
vt 0.71875000 0.98828125
f 1694/9748 1698/9749 1697/9750
vt 0.71875000 0.99218750
vt 0.72265625 0.99218750
vt 0.71875000 0.98828125
f 1693/9751 1699/9752 1700/9753
vt 0.71875000 0.99218750
vt 0.72265625 0.99218750
vt 0.71875000 0.98828125
f 1693/9754 1700/9755 1698/9756
vt 0.71875000 0.99218750
vt 0.72265625 0.99218750
vt 0.71875000 0.98828125
f 1701/9757 1694/9758 1697/9759
vt 0.71875000 0.99218750
vt 0.72265625 0.99218750
vt 0.71875000 0.98828125
f 1701/9760 1697/9761 1704/9762
vt 0.71875000 0.99218750
vt 0.72265625 0.99218750
vt 0.71875000 0.98828125
f 1705/9763 1701/9764 1704/9765
vt 0.71875000 0.99218750
vt 0.72265625 0.99218750
vt 0.71875000 0.98828125
f 1705/9766 1704/9767 1708/9768
vt 0.71875000 0.99218750
vt 0.72265625 0.99218750
vt 0.71875000 0.98828125
f 1709/9769 1705/9770 1708/9771
vt 0.71875000 0.99218750
vt 0.72265625 0.99218750
vt 0.71875000 0.98828125
f 1709/9772 1708/9773 1712/9774
vt 0.71875000 0.99218750
vt 0.72265625 0.99218750
vt 0.71875000 0.98828125
f 1710/9775 1709/9776 1712/9777
vt 0.71875000 0.99218750
vt 0.72265625 0.99218750
vt 0.71875000 0.98828125
f 1710/9778 1712/9779 1711/9780
vt 0.71875000 0.99218750
vt 0.72265625 0.99218750
vt 0.71875000 0.98828125
f 1699/9781 1715/9782 1716/9783
vt 0.71875000 0.99218750
vt 0.72265625 0.99218750
vt 0.71875000 0.98828125
f 1699/9784 1716/9785 1700/9786
vt 0.71875000 0.99218750
vt 0.72265625 0.99218750
vt 0.71875000 0.98828125
f 1721/9787 1710/9788 1711/9789
vt 0.71875000 0.99218750
vt 0.72265625 0.99218750
vt 0.71875000 0.98828125
f 1721/9790 1711/9791 1722/9792
vt 0.71875000 0.99218750
vt 0.72265625 0.99218750
vt 0.71875000 0.98828125
f 1725/9793 1723/9794 1724/9795
vt 0.71875000 0.99218750
vt 0.72265625 0.99218750
vt 0.71875000 0.98828125
f 1725/9796 1724/9797 1726/9798
vt 0.71875000 0.99218750
vt 0.72265625 0.99218750
vt 0.71875000 0.98828125
f 1715/9799 1725/9800 1726/9801
vt 0.71875000 0.99218750
vt 0.72265625 0.99218750
vt 0.71875000 0.98828125
f 1715/9802 1726/9803 1716/9804
vt 0.71875000 0.99218750
vt 0.72265625 0.99218750
vt 0.71875000 0.98828125
f 1723/9805 1727/9806 1728/9807
vt 0.71875000 0.99218750
vt 0.72265625 0.99218750
vt 0.71875000 0.98828125
f 1723/9808 1728/9809 1724/9810
vt 0.71875000 0.99218750
vt 0.72265625 0.99218750
vt 0.71875000 0.98828125
f 1727/9811 1729/9812 1730/9813
vt 0.71875000 0.99218750
vt 0.72265625 0.99218750
vt 0.71875000 0.98828125
f 1727/9814 1730/9815 1728/9816
vt 0.71875000 0.99218750
vt 0.72265625 0.99218750
vt 0.71875000 0.98828125
f 1731/9817 1721/9818 1722/9819
vt 0.71875000 0.99218750
vt 0.72265625 0.99218750
vt 0.71875000 0.98828125
f 1731/9820 1722/9821 1732/9822
vt 0.71875000 0.99218750
vt 0.72265625 0.99218750
vt 0.71875000 0.98828125
f 1729/9823 1731/9824 1732/9825
vt 0.71875000 0.99218750
vt 0.72265625 0.99218750
vt 0.71875000 0.98828125
f 1729/9826 1732/9827 1730/9828
vt 0.73437500 0.99218750
vt 0.73527742 0.99218750
vt 0.73527742 0.98828125
f 1733/9829 1734/9830 1735/9831
vt 0.75871492 0.98828125
vt 0.75871492 0.99218750
vt 0.75781250 0.99218750
f 1736/9832 1737/9833 1738/9834
vt 0.73437500 0.99218750
vt 0.73527742 0.98828125
vt 0.73437500 0.98828125
f 1733/9835 1735/9836 1739/9837
vt 0.75781250 0.98828125
vt 0.75871492 0.98828125
vt 0.75781250 0.99218750
f 1740/9838 1736/9839 1738/9840
vt 0.73527742 0.99218750
vt 0.74034722 0.99218750
vt 0.74034722 0.98828125
f 1734/9841 1741/9842 1742/9843
vt 0.76378472 0.98828125
vt 0.76378472 0.99218750
vt 0.75871492 0.99218750
f 1743/9844 1744/9845 1737/9846
vt 0.73527742 0.99218750
vt 0.74034722 0.98828125
vt 0.73527742 0.98828125
f 1734/9847 1742/9848 1735/9849
vt 0.75871492 0.98828125
vt 0.76378472 0.98828125
vt 0.75871492 0.99218750
f 1736/9850 1743/9851 1737/9852
vt 0.74034722 0.99218750
vt 0.74474105 0.99218750
vt 0.74474105 0.98828125
f 1741/9853 1745/9854 1746/9855
vt 0.76817855 0.98828125
vt 0.76817855 0.99218750
vt 0.76378472 0.99218750
f 1747/9856 1748/9857 1744/9858
vt 0.74034722 0.99218750
vt 0.74474105 0.98828125
vt 0.74034722 0.98828125
f 1741/9859 1746/9860 1742/9861
vt 0.76378472 0.98828125
vt 0.76817855 0.98828125
vt 0.76378472 0.99218750
f 1743/9862 1747/9863 1744/9864
vt 0.74474105 0.99218750
vt 0.74609375 0.99218750
vt 0.74609375 0.98828125
f 1745/9865 1749/9866 1750/9867
vt 0.76953125 0.98828125
vt 0.76953125 0.99218750
vt 0.76817855 0.99218750
f 1751/9868 1752/9869 1748/9870
vt 0.74474105 0.99218750
vt 0.74609375 0.98828125
vt 0.74474105 0.98828125
f 1745/9871 1750/9872 1746/9873
vt 0.76817855 0.98828125
vt 0.76953125 0.98828125
vt 0.76817855 0.99218750
f 1747/9874 1751/9875 1748/9876
vt 0.73437500 0.98828125
vt 0.73527742 0.98828125
vt 0.73527742 0.98242188
f 1739/9877 1735/9878 1753/9879
vt 0.75871492 0.98242188
vt 0.75871492 0.98828125
vt 0.75781250 0.98828125
f 1754/9880 1736/9881 1740/9882
vt 0.73437500 0.98828125
vt 0.73527742 0.98242188
vt 0.73437500 0.98242188
f 1739/9883 1753/9884 1755/9885
vt 0.75781250 0.98242188
vt 0.75871492 0.98242188
vt 0.75781250 0.98828125
f 1756/9886 1754/9887 1740/9888
vt 0.73527742 0.98828125
vt 0.74034722 0.98828125
vt 0.74034722 0.98242188
f 1735/9889 1742/9890 1757/9891
vt 0.76378472 0.98242188
vt 0.76378472 0.98828125
vt 0.75871492 0.98828125
f 1758/9892 1743/9893 1736/9894
vt 0.73527742 0.98828125
vt 0.74034722 0.98242188
vt 0.73527742 0.98242188
f 1735/9895 1757/9896 1753/9897
vt 0.75871492 0.98242188
vt 0.76378472 0.98242188
vt 0.75871492 0.98828125
f 1754/9898 1758/9899 1736/9900
vt 0.74034722 0.98828125
vt 0.74474105 0.98828125
vt 0.74474105 0.98242188
f 1742/9901 1746/9902 1759/9903
vt 0.76817855 0.98242188
vt 0.76817855 0.98828125
vt 0.76378472 0.98828125
f 1760/9904 1747/9905 1743/9906
vt 0.74034722 0.98828125
vt 0.74474105 0.98242188
vt 0.74034722 0.98242188
f 1742/9907 1759/9908 1757/9909
vt 0.76378472 0.98242188
vt 0.76817855 0.98242188
vt 0.76378472 0.98828125
f 1758/9910 1760/9911 1743/9912
vt 0.74474105 0.98828125
vt 0.74609375 0.98828125
vt 0.74609375 0.98242188
f 1746/9913 1750/9914 1761/9915
vt 0.76953125 0.98242188
vt 0.76953125 0.98828125
vt 0.76817855 0.98828125
f 1762/9916 1751/9917 1747/9918
vt 0.74474105 0.98828125
vt 0.74609375 0.98242188
vt 0.74474105 0.98242188
f 1746/9919 1761/9920 1759/9921
vt 0.76817855 0.98242188
vt 0.76953125 0.98242188
vt 0.76817855 0.98828125
f 1760/9922 1762/9923 1747/9924
vt 0.73437500 0.98242188
vt 0.73527742 0.98242188
vt 0.73527742 0.97460938
f 1755/9925 1753/9926 1763/9927
vt 0.75871492 0.97460938
vt 0.75871492 0.98242188
vt 0.75781250 0.98242188
f 1764/9928 1754/9929 1756/9930
vt 0.73437500 0.98242188
vt 0.73527742 0.97460938
vt 0.73437500 0.97460938
f 1755/9931 1763/9932 1765/9933
vt 0.75781250 0.97460938
vt 0.75871492 0.97460938
vt 0.75781250 0.98242188
f 1766/9934 1764/9935 1756/9936
vt 0.73527742 0.98242188
vt 0.74034722 0.98242188
vt 0.74034722 0.97460938
f 1753/9937 1757/9938 1767/9939
vt 0.76378472 0.97460938
vt 0.76378472 0.98242188
vt 0.75871492 0.98242188
f 1768/9940 1758/9941 1754/9942
vt 0.73527742 0.98242188
vt 0.74034722 0.97460938
vt 0.73527742 0.97460938
f 1753/9943 1767/9944 1763/9945
vt 0.75871492 0.97460938
vt 0.76378472 0.97460938
vt 0.75871492 0.98242188
f 1764/9946 1768/9947 1754/9948
vt 0.74034722 0.98242188
vt 0.74474105 0.98242188
vt 0.74474105 0.97460938
f 1757/9949 1759/9950 1769/9951
vt 0.76817855 0.97460938
vt 0.76817855 0.98242188
vt 0.76378472 0.98242188
f 1770/9952 1760/9953 1758/9954
vt 0.74034722 0.98242188
vt 0.74474105 0.97460938
vt 0.74034722 0.97460938
f 1757/9955 1769/9956 1767/9957
vt 0.76378472 0.97460938
vt 0.76817855 0.97460938
vt 0.76378472 0.98242188
f 1768/9958 1770/9959 1758/9960
vt 0.74474105 0.98242188
vt 0.74609375 0.98242188
vt 0.74609375 0.97460938
f 1759/9961 1761/9962 1771/9963
vt 0.76953125 0.97460938
vt 0.76953125 0.98242188
vt 0.76817855 0.98242188
f 1772/9964 1762/9965 1760/9966
vt 0.74474105 0.98242188
vt 0.74609375 0.97460938
vt 0.74474105 0.97460938
f 1759/9967 1771/9968 1769/9969
vt 0.76817855 0.97460938
vt 0.76953125 0.97460938
vt 0.76817855 0.98242188
f 1770/9970 1772/9971 1760/9972
vt 0.78125000 0.99218750
vt 0.78515625 0.99218750
vt 0.78125000 0.98828125
f 1734/9973 1733/9974 1738/9975
vt 0.78125000 0.99218750
vt 0.78515625 0.99218750
vt 0.78125000 0.98828125
f 1734/9976 1738/9977 1737/9978
vt 0.78125000 0.99218750
vt 0.78515625 0.99218750
vt 0.78125000 0.98828125
f 1733/9979 1739/9980 1740/9981
vt 0.78125000 0.99218750
vt 0.78515625 0.99218750
vt 0.78125000 0.98828125
f 1733/9982 1740/9983 1738/9984
vt 0.78125000 0.99218750
vt 0.78515625 0.99218750
vt 0.78125000 0.98828125
f 1741/9985 1734/9986 1737/9987
vt 0.78125000 0.99218750
vt 0.78515625 0.99218750
vt 0.78125000 0.98828125
f 1741/9988 1737/9989 1744/9990
vt 0.78125000 0.99218750
vt 0.78515625 0.99218750
vt 0.78125000 0.98828125
f 1745/9991 1741/9992 1744/9993
vt 0.78125000 0.99218750
vt 0.78515625 0.99218750
vt 0.78125000 0.98828125
f 1745/9994 1744/9995 1748/9996
vt 0.78125000 0.99218750
vt 0.78515625 0.99218750
vt 0.78125000 0.98828125
f 1749/9997 1745/9998 1748/9999
vt 0.78125000 0.99218750
vt 0.78515625 0.99218750
vt 0.78125000 0.98828125
f 1749/10000 1748/10001 1752/10002
vt 0.78125000 0.99218750
vt 0.78515625 0.99218750
vt 0.78125000 0.98828125
f 1750/10003 1749/10004 1752/10005
vt 0.78125000 0.99218750
vt 0.78515625 0.99218750
vt 0.78125000 0.98828125
f 1750/10006 1752/10007 1751/10008
vt 0.78125000 0.99218750
vt 0.78515625 0.99218750
vt 0.78125000 0.98828125
f 1739/10009 1755/10010 1756/10011
vt 0.78125000 0.99218750
vt 0.78515625 0.99218750
vt 0.78125000 0.98828125
f 1739/10012 1756/10013 1740/10014
vt 0.78125000 0.99218750
vt 0.78515625 0.99218750
vt 0.78125000 0.98828125
f 1761/10015 1750/10016 1751/10017
vt 0.78125000 0.99218750
vt 0.78515625 0.99218750
vt 0.78125000 0.98828125
f 1761/10018 1751/10019 1762/10020
vt 0.78125000 0.99218750
vt 0.78515625 0.99218750
vt 0.78125000 0.98828125
f 1765/10021 1763/10022 1764/10023
vt 0.78125000 0.99218750
vt 0.78515625 0.99218750
vt 0.78125000 0.98828125
f 1765/10024 1764/10025 1766/10026
vt 0.78125000 0.99218750
vt 0.78515625 0.99218750
vt 0.78125000 0.98828125
f 1755/10027 1765/10028 1766/10029
vt 0.78125000 0.99218750
vt 0.78515625 0.99218750
vt 0.78125000 0.98828125
f 1755/10030 1766/10031 1756/10032
vt 0.78125000 0.99218750
vt 0.78515625 0.99218750
vt 0.78125000 0.98828125
f 1763/10033 1767/10034 1768/10035
vt 0.78125000 0.99218750
vt 0.78515625 0.99218750
vt 0.78125000 0.98828125
f 1763/10036 1768/10037 1764/10038
vt 0.78125000 0.99218750
vt 0.78515625 0.99218750
vt 0.78125000 0.98828125
f 1767/10039 1769/10040 1770/10041
vt 0.78125000 0.99218750
vt 0.78515625 0.99218750
vt 0.78125000 0.98828125
f 1767/10042 1770/10043 1768/10044
vt 0.78125000 0.99218750
vt 0.78515625 0.99218750
vt 0.78125000 0.98828125
f 1771/10045 1761/10046 1762/10047
vt 0.78125000 0.99218750
vt 0.78515625 0.99218750
vt 0.78125000 0.98828125
f 1771/10048 1762/10049 1772/10050
vt 0.78125000 0.99218750
vt 0.78515625 0.99218750
vt 0.78125000 0.98828125
f 1769/10051 1771/10052 1772/10053
vt 0.78125000 0.99218750
vt 0.78515625 0.99218750
vt 0.78125000 0.98828125
f 1769/10054 1772/10055 1770/10056
vt 0.79687500 0.99218750
vt 0.79812713 0.99218750
vt 0.79812713 0.98828125
f 1773/10057 1774/10058 1775/10059
vt 0.82156463 0.98828125
vt 0.82156463 0.99218750
vt 0.82031250 0.99218750
f 1776/10060 1777/10061 1778/10062
vt 0.79687500 0.99218750
vt 0.79812713 0.98828125
vt 0.79687500 0.98828125
f 1773/10063 1775/10064 1779/10065
vt 0.82031250 0.98828125
vt 0.82156463 0.98828125
vt 0.82031250 0.99218750
f 1780/10066 1776/10067 1778/10068
vt 0.79812713 0.99218750
vt 0.80256359 0.99218750
vt 0.80256359 0.98828125
f 1774/10069 1781/10070 1782/10071
vt 0.82600109 0.98828125
vt 0.82600109 0.99218750
vt 0.82156463 0.99218750
f 1783/10072 1784/10073 1777/10074
vt 0.79812713 0.99218750
vt 0.80256359 0.98828125
vt 0.79812713 0.98828125
f 1774/10075 1782/10076 1775/10077
vt 0.82156463 0.98828125
vt 0.82600109 0.98828125
vt 0.82156463 0.99218750
f 1776/10078 1783/10079 1777/10080
vt 0.80256359 0.99218750
vt 0.80768257 0.99218750
vt 0.80768257 0.98828125
f 1781/10081 1785/10082 1786/10083
vt 0.83112007 0.98828125
vt 0.83112007 0.99218750
vt 0.82600109 0.99218750
f 1787/10084 1788/10085 1784/10086
vt 0.80256359 0.99218750
vt 0.80768257 0.98828125
vt 0.80256359 0.98828125
f 1781/10087 1786/10088 1782/10089
vt 0.82600109 0.98828125
vt 0.83112007 0.98828125
vt 0.82600109 0.99218750
f 1783/10090 1787/10091 1784/10092
vt 0.80768257 0.99218750
vt 0.80859375 0.99218750
vt 0.80859375 0.98828125
f 1785/10093 1789/10094 1790/10095
vt 0.83203125 0.98828125
vt 0.83203125 0.99218750
vt 0.83112007 0.99218750
f 1791/10096 1792/10097 1788/10098
vt 0.80768257 0.99218750
vt 0.80859375 0.98828125
vt 0.80768257 0.98828125
f 1785/10099 1790/10100 1786/10101
vt 0.83112007 0.98828125
vt 0.83203125 0.98828125
vt 0.83112007 0.99218750
f 1787/10102 1791/10103 1788/10104
vt 0.79687500 0.98828125
vt 0.79812713 0.98828125
vt 0.79812713 0.98242188
f 1779/10105 1775/10106 1793/10107
vt 0.82156463 0.98242188
vt 0.82156463 0.98828125
vt 0.82031250 0.98828125
f 1794/10108 1776/10109 1780/10110
vt 0.79687500 0.98828125
vt 0.79812713 0.98242188
vt 0.79687500 0.98242188
f 1779/10111 1793/10112 1795/10113
vt 0.82031250 0.98242188
vt 0.82156463 0.98242188
vt 0.82031250 0.98828125
f 1796/10114 1794/10115 1780/10116
vt 0.79812713 0.98828125
vt 0.80256359 0.98828125
vt 0.80256359 0.98242188
f 1775/10117 1782/10118 1797/10119
vt 0.82600109 0.98242188
vt 0.82600109 0.98828125
vt 0.82156463 0.98828125
f 1798/10120 1783/10121 1776/10122
vt 0.79812713 0.98828125
vt 0.80256359 0.98242188
vt 0.79812713 0.98242188
f 1775/10123 1797/10124 1793/10125
vt 0.82156463 0.98242188
vt 0.82600109 0.98242188
vt 0.82156463 0.98828125
f 1794/10126 1798/10127 1776/10128
vt 0.80256359 0.98828125
vt 0.80768257 0.98828125
vt 0.80768257 0.98242188
f 1782/10129 1786/10130 1799/10131
vt 0.83112007 0.98242188
vt 0.83112007 0.98828125
vt 0.82600109 0.98828125
f 1800/10132 1787/10133 1783/10134
vt 0.80256359 0.98828125
vt 0.80768257 0.98242188
vt 0.80256359 0.98242188
f 1782/10135 1799/10136 1797/10137
vt 0.82600109 0.98242188
vt 0.83112007 0.98242188
vt 0.82600109 0.98828125
f 1798/10138 1800/10139 1783/10140
vt 0.80768257 0.98828125
vt 0.80859375 0.98828125
vt 0.80859375 0.98242188
f 1786/10141 1790/10142 1801/10143
vt 0.83203125 0.98242188
vt 0.83203125 0.98828125
vt 0.83112007 0.98828125
f 1802/10144 1791/10145 1787/10146
vt 0.80768257 0.98828125
vt 0.80859375 0.98242188
vt 0.80768257 0.98242188
f 1786/10147 1801/10148 1799/10149
vt 0.83112007 0.98242188
vt 0.83203125 0.98242188
vt 0.83112007 0.98828125
f 1800/10150 1802/10151 1787/10152
vt 0.79687500 0.98242188
vt 0.79812713 0.98242188
vt 0.79812713 0.97460938
f 1795/10153 1793/10154 1803/10155
vt 0.82156463 0.97460938
vt 0.82156463 0.98242188
vt 0.82031250 0.98242188
f 1804/10156 1794/10157 1796/10158
vt 0.79687500 0.98242188
vt 0.79812713 0.97460938
vt 0.79687500 0.97460938
f 1795/10159 1803/10160 1805/10161
vt 0.82031250 0.97460938
vt 0.82156463 0.97460938
vt 0.82031250 0.98242188
f 1806/10162 1804/10163 1796/10164
vt 0.79812713 0.98242188
vt 0.80256359 0.98242188
vt 0.80256359 0.97460938
f 1793/10165 1797/10166 1807/10167
vt 0.82600109 0.97460938
vt 0.82600109 0.98242188
vt 0.82156463 0.98242188
f 1808/10168 1798/10169 1794/10170
vt 0.79812713 0.98242188
vt 0.80256359 0.97460938
vt 0.79812713 0.97460938
f 1793/10171 1807/10172 1803/10173
vt 0.82156463 0.97460938
vt 0.82600109 0.97460938
vt 0.82156463 0.98242188
f 1804/10174 1808/10175 1794/10176
vt 0.80256359 0.98242188
vt 0.80768257 0.98242188
vt 0.80768257 0.97460938
f 1797/10177 1799/10178 1809/10179
vt 0.83112007 0.97460938
vt 0.83112007 0.98242188
vt 0.82600109 0.98242188
f 1810/10180 1800/10181 1798/10182
vt 0.80256359 0.98242188
vt 0.80768257 0.97460938
vt 0.80256359 0.97460938
f 1797/10183 1809/10184 1807/10185
vt 0.82600109 0.97460938
vt 0.83112007 0.97460938
vt 0.82600109 0.98242188
f 1808/10186 1810/10187 1798/10188
vt 0.80768257 0.98242188
vt 0.80859375 0.98242188
vt 0.80859375 0.97460938
f 1799/10189 1801/10190 1811/10191
vt 0.83203125 0.97460938
vt 0.83203125 0.98242188
vt 0.83112007 0.98242188
f 1812/10192 1802/10193 1800/10194
vt 0.80768257 0.98242188
vt 0.80859375 0.97460938
vt 0.80768257 0.97460938
f 1799/10195 1811/10196 1809/10197
vt 0.83112007 0.97460938
vt 0.83203125 0.97460938
vt 0.83112007 0.98242188
f 1810/10198 1812/10199 1800/10200
vt 0.84375000 0.99218750
vt 0.84765625 0.99218750
vt 0.84375000 0.98828125
f 1774/10201 1773/10202 1778/10203
vt 0.84375000 0.99218750
vt 0.84765625 0.99218750
vt 0.84375000 0.98828125
f 1774/10204 1778/10205 1777/10206
vt 0.84375000 0.99218750
vt 0.84765625 0.99218750
vt 0.84375000 0.98828125
f 1773/10207 1779/10208 1780/10209
vt 0.84375000 0.99218750
vt 0.84765625 0.99218750
vt 0.84375000 0.98828125
f 1773/10210 1780/10211 1778/10212
vt 0.84375000 0.99218750
vt 0.84765625 0.99218750
vt 0.84375000 0.98828125
f 1781/10213 1774/10214 1777/10215
vt 0.84375000 0.99218750
vt 0.84765625 0.99218750
vt 0.84375000 0.98828125
f 1781/10216 1777/10217 1784/10218
vt 0.84375000 0.99218750
vt 0.84765625 0.99218750
vt 0.84375000 0.98828125
f 1785/10219 1781/10220 1784/10221
vt 0.84375000 0.99218750
vt 0.84765625 0.99218750
vt 0.84375000 0.98828125
f 1785/10222 1784/10223 1788/10224
vt 0.84375000 0.99218750
vt 0.84765625 0.99218750
vt 0.84375000 0.98828125
f 1789/10225 1785/10226 1788/10227
vt 0.84375000 0.99218750
vt 0.84765625 0.99218750
vt 0.84375000 0.98828125
f 1789/10228 1788/10229 1792/10230
vt 0.84375000 0.99218750
vt 0.84765625 0.99218750
vt 0.84375000 0.98828125
f 1790/10231 1789/10232 1792/10233
vt 0.84375000 0.99218750
vt 0.84765625 0.99218750
vt 0.84375000 0.98828125
f 1790/10234 1792/10235 1791/10236
vt 0.84375000 0.99218750
vt 0.84765625 0.99218750
vt 0.84375000 0.98828125
f 1779/10237 1795/10238 1796/10239
vt 0.84375000 0.99218750
vt 0.84765625 0.99218750
vt 0.84375000 0.98828125
f 1779/10240 1796/10241 1780/10242
vt 0.84375000 0.99218750
vt 0.84765625 0.99218750
vt 0.84375000 0.98828125
f 1801/10243 1790/10244 1791/10245
vt 0.84375000 0.99218750
vt 0.84765625 0.99218750
vt 0.84375000 0.98828125
f 1801/10246 1791/10247 1802/10248
vt 0.84375000 0.99218750
vt 0.84765625 0.99218750
vt 0.84375000 0.98828125
f 1805/10249 1803/10250 1804/10251
vt 0.84375000 0.99218750
vt 0.84765625 0.99218750
vt 0.84375000 0.98828125
f 1805/10252 1804/10253 1806/10254
vt 0.84375000 0.99218750
vt 0.84765625 0.99218750
vt 0.84375000 0.98828125
f 1795/10255 1805/10256 1806/10257
vt 0.84375000 0.99218750
vt 0.84765625 0.99218750
vt 0.84375000 0.98828125
f 1795/10258 1806/10259 1796/10260
vt 0.84375000 0.99218750
vt 0.84765625 0.99218750
vt 0.84375000 0.98828125
f 1803/10261 1807/10262 1808/10263
vt 0.84375000 0.99218750
vt 0.84765625 0.99218750
vt 0.84375000 0.98828125
f 1803/10264 1808/10265 1804/10266
vt 0.84375000 0.99218750
vt 0.84765625 0.99218750
vt 0.84375000 0.98828125
f 1807/10267 1809/10268 1810/10269
vt 0.84375000 0.99218750
vt 0.84765625 0.99218750
vt 0.84375000 0.98828125
f 1807/10270 1810/10271 1808/10272
vt 0.84375000 0.99218750
vt 0.84765625 0.99218750
vt 0.84375000 0.98828125
f 1811/10273 1801/10274 1802/10275
vt 0.84375000 0.99218750
vt 0.84765625 0.99218750
vt 0.84375000 0.98828125
f 1811/10276 1802/10277 1812/10278
vt 0.84375000 0.99218750
vt 0.84765625 0.99218750
vt 0.84375000 0.98828125
f 1809/10279 1811/10280 1812/10281
vt 0.84375000 0.99218750
vt 0.84765625 0.99218750
vt 0.84375000 0.98828125
f 1809/10282 1812/10283 1810/10284
vt 0.00781250 0.95703125
vt 0.01984884 0.95703125
vt 0.01984884 0.95117188
f 1813/10285 1814/10286 1815/10287
vt 0.18000509 0.95117188
vt 0.18000509 0.95703125
vt 0.16796875 0.95703125
f 1816/10288 1817/10289 1818/10290
vt 0.00781250 0.95703125
vt 0.01984884 0.95117188
vt 0.00781250 0.95117188
f 1813/10291 1815/10292 1819/10293
vt 0.16796875 0.95117188
vt 0.18000509 0.95117188
vt 0.16796875 0.95703125
f 1820/10294 1816/10295 1818/10296
vt 0.01984884 0.95703125
vt 0.03313488 0.95703125
vt 0.03313488 0.95117188
f 1814/10297 1821/10298 1822/10299
vt 0.19329113 0.95117188
vt 0.19329113 0.95703125
vt 0.18000509 0.95703125
f 1823/10300 1824/10301 1817/10302
vt 0.01984884 0.95703125
vt 0.03313488 0.95117188
vt 0.01984884 0.95117188
f 1814/10303 1822/10304 1815/10305
vt 0.18000509 0.95117188
vt 0.19329113 0.95117188
vt 0.18000509 0.95703125
f 1816/10306 1823/10307 1817/10308
vt 0.03313488 0.95703125
vt 0.04482495 0.95703125
vt 0.04482495 0.95117188
f 1821/10309 1825/10310 1826/10311
vt 0.20498120 0.95117188
vt 0.20498120 0.95703125
vt 0.19329113 0.95703125
f 1827/10312 1828/10313 1824/10314
vt 0.03313488 0.95703125
vt 0.04482495 0.95117188
vt 0.03313488 0.95117188
f 1821/10315 1826/10316 1822/10317
vt 0.19329113 0.95117188
vt 0.20498120 0.95117188
vt 0.19329113 0.95703125
f 1823/10318 1827/10319 1824/10320
vt 0.04482495 0.95703125
vt 0.05660577 0.95703125
vt 0.05660577 0.95117188
f 1825/10321 1829/10322 1830/10323
vt 0.21676202 0.95117188
vt 0.21676202 0.95703125
vt 0.20498120 0.95703125
f 1831/10324 1832/10325 1828/10326
vt 0.04482495 0.95703125
vt 0.05660577 0.95117188
vt 0.04482495 0.95117188
f 1825/10327 1830/10328 1826/10329
vt 0.20498120 0.95117188
vt 0.21676202 0.95117188
vt 0.20498120 0.95703125
f 1827/10330 1831/10331 1828/10332
vt 0.05660577 0.95703125
vt 0.07058135 0.95703125
vt 0.07058135 0.95117188
f 1829/10333 1833/10334 1834/10335
vt 0.23073760 0.95117188
vt 0.23073760 0.95703125
vt 0.21676202 0.95703125
f 1835/10336 1836/10337 1832/10338
vt 0.05660577 0.95703125
vt 0.07058135 0.95117188
vt 0.05660577 0.95117188
f 1829/10339 1834/10340 1830/10341
vt 0.21676202 0.95117188
vt 0.23073760 0.95117188
vt 0.21676202 0.95703125
f 1831/10342 1835/10343 1832/10344
vt 0.07058135 0.95703125
vt 0.08217850 0.95703125
vt 0.08217850 0.95117188
f 1833/10345 1837/10346 1838/10347
vt 0.24233475 0.95117188
vt 0.24233475 0.95703125
vt 0.23073760 0.95703125
f 1839/10348 1840/10349 1836/10350
vt 0.07058135 0.95703125
vt 0.08217850 0.95117188
vt 0.07058135 0.95117188
f 1833/10351 1838/10352 1834/10353
vt 0.23073760 0.95117188
vt 0.24233475 0.95117188
vt 0.23073760 0.95703125
f 1835/10354 1839/10355 1836/10356
vt 0.08217850 0.95703125
vt 0.09377565 0.95703125
vt 0.09377565 0.95117188
f 1837/10357 1841/10358 1842/10359
vt 0.25393190 0.95117188
vt 0.25393190 0.95703125
vt 0.24233475 0.95703125
f 1843/10360 1844/10361 1840/10362
vt 0.08217850 0.95703125
vt 0.09377565 0.95117188
vt 0.08217850 0.95117188
f 1837/10363 1842/10364 1838/10365
vt 0.24233475 0.95117188
vt 0.25393190 0.95117188
vt 0.24233475 0.95703125
f 1839/10366 1843/10367 1840/10368
vt 0.09377565 0.95703125
vt 0.10719841 0.95703125
vt 0.10719841 0.95117188
f 1841/10369 1845/10370 1846/10371
vt 0.26735466 0.95117188
vt 0.26735466 0.95703125
vt 0.25393190 0.95703125
f 1847/10372 1848/10373 1844/10374
vt 0.09377565 0.95703125
vt 0.10719841 0.95117188
vt 0.09377565 0.95117188
f 1841/10375 1846/10376 1842/10377
vt 0.25393190 0.95117188
vt 0.26735466 0.95117188
vt 0.25393190 0.95703125
f 1843/10378 1847/10379 1844/10380
vt 0.10719841 0.95703125
vt 0.11907071 0.95703125
vt 0.11907071 0.95117188
f 1845/10381 1849/10382 1850/10383
vt 0.27922696 0.95117188
vt 0.27922696 0.95703125
vt 0.26735466 0.95703125
f 1851/10384 1852/10385 1848/10386
vt 0.10719841 0.95703125
vt 0.11907071 0.95117188
vt 0.10719841 0.95117188
f 1845/10387 1850/10388 1846/10389
vt 0.26735466 0.95117188
vt 0.27922696 0.95117188
vt 0.26735466 0.95703125
f 1847/10390 1851/10391 1848/10392
vt 0.11907071 0.95703125
vt 0.13076077 0.95703125
vt 0.13076077 0.95117188
f 1849/10393 1853/10394 1854/10395
vt 0.29091702 0.95117188
vt 0.29091702 0.95703125
vt 0.27922696 0.95703125
f 1855/10396 1856/10397 1852/10398
vt 0.11907071 0.95703125
vt 0.13076077 0.95117188
vt 0.11907071 0.95117188
f 1849/10399 1854/10400 1850/10401
vt 0.27922696 0.95117188
vt 0.29091702 0.95117188
vt 0.27922696 0.95703125
f 1851/10402 1855/10403 1852/10404
vt 0.13076077 0.95703125
vt 0.14404682 0.95703125
vt 0.14404682 0.95117188
f 1853/10405 1857/10406 1858/10407
vt 0.30420307 0.95117188
vt 0.30420307 0.95703125
vt 0.29091702 0.95703125
f 1859/10408 1860/10409 1856/10410
vt 0.13076077 0.95703125
vt 0.14404682 0.95117188
vt 0.13076077 0.95117188
f 1853/10411 1858/10412 1854/10413
vt 0.29091702 0.95117188
vt 0.30420307 0.95117188
vt 0.29091702 0.95703125
f 1855/10414 1859/10415 1856/10416
vt 0.14404682 0.95703125
vt 0.15109815 0.95703125
vt 0.15109815 0.95117188
f 1857/10417 1861/10418 1862/10419
vt 0.31125440 0.95117188
vt 0.31125440 0.95703125
vt 0.30420307 0.95703125
f 1863/10420 1864/10421 1860/10422
vt 0.14404682 0.95703125
vt 0.15109815 0.95117188
vt 0.14404682 0.95117188
f 1857/10423 1862/10424 1858/10425
vt 0.30420307 0.95117188
vt 0.31125440 0.95117188
vt 0.30420307 0.95703125
f 1859/10426 1863/10427 1860/10428
vt 0.15109815 0.95703125
vt 0.15625000 0.95703125
vt 0.15625000 0.95117188
f 1861/10429 1813/10430 1819/10431
vt 0.31640625 0.95117188
vt 0.31640625 0.95703125
vt 0.31125440 0.95703125
f 1820/10432 1818/10433 1864/10434
vt 0.15109815 0.95703125
vt 0.15625000 0.95117188
vt 0.15109815 0.95117188
f 1861/10435 1819/10436 1862/10437
vt 0.31125440 0.95117188
vt 0.31640625 0.95117188
vt 0.31125440 0.95703125
f 1863/10438 1820/10439 1864/10440
vt 0.00781250 0.95117188
vt 0.01984884 0.95117188
vt 0.01984884 0.94531250
f 1819/10441 1815/10442 1865/10443
vt 0.18000509 0.94531250
vt 0.18000509 0.95117188
vt 0.16796875 0.95117188
f 1866/10444 1816/10445 1820/10446
vt 0.00781250 0.95117188
vt 0.01984884 0.94531250
vt 0.00781250 0.94531250
f 1819/10447 1865/10448 1867/10449
vt 0.16796875 0.94531250
vt 0.18000509 0.94531250
vt 0.16796875 0.95117188
f 1868/10450 1866/10451 1820/10452
vt 0.01984884 0.95117188
vt 0.03313488 0.95117188
vt 0.03313488 0.94531250
f 1815/10453 1822/10454 1869/10455
vt 0.19329113 0.94531250
vt 0.19329113 0.95117188
vt 0.18000509 0.95117188
f 1870/10456 1823/10457 1816/10458
vt 0.01984884 0.95117188
vt 0.03313488 0.94531250
vt 0.01984884 0.94531250
f 1815/10459 1869/10460 1865/10461
vt 0.18000509 0.94531250
vt 0.19329113 0.94531250
vt 0.18000509 0.95117188
f 1866/10462 1870/10463 1816/10464
vt 0.03313488 0.95117188
vt 0.04482495 0.95117188
vt 0.04482495 0.94531250
f 1822/10465 1826/10466 1871/10467
vt 0.20498120 0.94531250
vt 0.20498120 0.95117188
vt 0.19329113 0.95117188
f 1872/10468 1827/10469 1823/10470
vt 0.03313488 0.95117188
vt 0.04482495 0.94531250
vt 0.03313488 0.94531250
f 1822/10471 1871/10472 1869/10473
vt 0.19329113 0.94531250
vt 0.20498120 0.94531250
vt 0.19329113 0.95117188
f 1870/10474 1872/10475 1823/10476
vt 0.04482495 0.95117188
vt 0.05660577 0.95117188
vt 0.05660577 0.94531250
f 1826/10477 1830/10478 1873/10479
vt 0.21676202 0.94531250
vt 0.21676202 0.95117188
vt 0.20498120 0.95117188
f 1874/10480 1831/10481 1827/10482
vt 0.04482495 0.95117188
vt 0.05660577 0.94531250
vt 0.04482495 0.94531250
f 1826/10483 1873/10484 1871/10485
vt 0.20498120 0.94531250
vt 0.21676202 0.94531250
vt 0.20498120 0.95117188
f 1872/10486 1874/10487 1827/10488
vt 0.05660577 0.95117188
vt 0.07058135 0.95117188
vt 0.07058135 0.94531250
f 1830/10489 1834/10490 1875/10491
vt 0.23073760 0.94531250
vt 0.23073760 0.95117188
vt 0.21676202 0.95117188
f 1876/10492 1835/10493 1831/10494
vt 0.05660577 0.95117188
vt 0.07058135 0.94531250
vt 0.05660577 0.94531250
f 1830/10495 1875/10496 1873/10497
vt 0.21676202 0.94531250
vt 0.23073760 0.94531250
vt 0.21676202 0.95117188
f 1874/10498 1876/10499 1831/10500
vt 0.07058135 0.95117188
vt 0.08217850 0.95117188
vt 0.08217850 0.94531250
f 1834/10501 1838/10502 1877/10503
vt 0.24233475 0.94531250
vt 0.24233475 0.95117188
vt 0.23073760 0.95117188
f 1878/10504 1839/10505 1835/10506
vt 0.07058135 0.95117188
vt 0.08217850 0.94531250
vt 0.07058135 0.94531250
f 1834/10507 1877/10508 1875/10509
vt 0.23073760 0.94531250
vt 0.24233475 0.94531250
vt 0.23073760 0.95117188
f 1876/10510 1878/10511 1835/10512
vt 0.08217850 0.95117188
vt 0.09377565 0.95117188
vt 0.09377565 0.94531250
f 1838/10513 1842/10514 1879/10515
vt 0.25393190 0.94531250
vt 0.25393190 0.95117188
vt 0.24233475 0.95117188
f 1880/10516 1843/10517 1839/10518
vt 0.08217850 0.95117188
vt 0.09377565 0.94531250
vt 0.08217850 0.94531250
f 1838/10519 1879/10520 1877/10521
vt 0.24233475 0.94531250
vt 0.25393190 0.94531250
vt 0.24233475 0.95117188
f 1878/10522 1880/10523 1839/10524
vt 0.09377565 0.95117188
vt 0.10719841 0.95117188
vt 0.10719841 0.94531250
f 1842/10525 1846/10526 1881/10527
vt 0.26735466 0.94531250
vt 0.26735466 0.95117188
vt 0.25393190 0.95117188
f 1882/10528 1847/10529 1843/10530
vt 0.09377565 0.95117188
vt 0.10719841 0.94531250
vt 0.09377565 0.94531250
f 1842/10531 1881/10532 1879/10533
vt 0.25393190 0.94531250
vt 0.26735466 0.94531250
vt 0.25393190 0.95117188
f 1880/10534 1882/10535 1843/10536
vt 0.10719841 0.95117188
vt 0.11907071 0.95117188
vt 0.11907071 0.94531250
f 1846/10537 1850/10538 1883/10539
vt 0.27922696 0.94531250
vt 0.27922696 0.95117188
vt 0.26735466 0.95117188
f 1884/10540 1851/10541 1847/10542
vt 0.10719841 0.95117188
vt 0.11907071 0.94531250
vt 0.10719841 0.94531250
f 1846/10543 1883/10544 1881/10545
vt 0.26735466 0.94531250
vt 0.27922696 0.94531250
vt 0.26735466 0.95117188
f 1882/10546 1884/10547 1847/10548
vt 0.11907071 0.95117188
vt 0.13076077 0.95117188
vt 0.13076077 0.94531250
f 1850/10549 1854/10550 1885/10551
vt 0.29091702 0.94531250
vt 0.29091702 0.95117188
vt 0.27922696 0.95117188
f 1886/10552 1855/10553 1851/10554
vt 0.11907071 0.95117188
vt 0.13076077 0.94531250
vt 0.11907071 0.94531250
f 1850/10555 1885/10556 1883/10557
vt 0.27922696 0.94531250
vt 0.29091702 0.94531250
vt 0.27922696 0.95117188
f 1884/10558 1886/10559 1851/10560
vt 0.13076077 0.95117188
vt 0.14404682 0.95117188
vt 0.14404682 0.94531250
f 1854/10561 1858/10562 1887/10563
vt 0.30420307 0.94531250
vt 0.30420307 0.95117188
vt 0.29091702 0.95117188
f 1888/10564 1859/10565 1855/10566
vt 0.13076077 0.95117188
vt 0.14404682 0.94531250
vt 0.13076077 0.94531250
f 1854/10567 1887/10568 1885/10569
vt 0.29091702 0.94531250
vt 0.30420307 0.94531250
vt 0.29091702 0.95117188
f 1886/10570 1888/10571 1855/10572
vt 0.14404682 0.95117188
vt 0.15109815 0.95117188
vt 0.15109815 0.94531250
f 1858/10573 1862/10574 1889/10575
vt 0.31125440 0.94531250
vt 0.31125440 0.95117188
vt 0.30420307 0.95117188
f 1890/10576 1863/10577 1859/10578
vt 0.14404682 0.95117188
vt 0.15109815 0.94531250
vt 0.14404682 0.94531250
f 1858/10579 1889/10580 1887/10581
vt 0.30420307 0.94531250
vt 0.31125440 0.94531250
vt 0.30420307 0.95117188
f 1888/10582 1890/10583 1859/10584
vt 0.15109815 0.95117188
vt 0.15625000 0.95117188
vt 0.15625000 0.94531250
f 1862/10585 1819/10586 1867/10587
vt 0.31640625 0.94531250
vt 0.31640625 0.95117188
vt 0.31125440 0.95117188
f 1868/10588 1820/10589 1863/10590
vt 0.15109815 0.95117188
vt 0.15625000 0.94531250
vt 0.15109815 0.94531250
f 1862/10591 1867/10592 1889/10593
vt 0.31125440 0.94531250
vt 0.31640625 0.94531250
vt 0.31125440 0.95117188
f 1890/10594 1868/10595 1863/10596
vt 0.00781250 0.94531250
vt 0.01984884 0.94531250
vt 0.01984884 0.93359375
f 1867/10597 1865/10598 1891/10599
vt 0.18000509 0.93359375
vt 0.18000509 0.94531250
vt 0.16796875 0.94531250
f 1892/10600 1866/10601 1868/10602
vt 0.00781250 0.94531250
vt 0.01984884 0.93359375
vt 0.00781250 0.93359375
f 1867/10603 1891/10604 1893/10605
vt 0.16796875 0.93359375
vt 0.18000509 0.93359375
vt 0.16796875 0.94531250
f 1894/10606 1892/10607 1868/10608
vt 0.01984884 0.94531250
vt 0.03313488 0.94531250
vt 0.03313488 0.93359375
f 1865/10609 1869/10610 1895/10611
vt 0.19329113 0.93359375
vt 0.19329113 0.94531250
vt 0.18000509 0.94531250
f 1896/10612 1870/10613 1866/10614
vt 0.01984884 0.94531250
vt 0.03313488 0.93359375
vt 0.01984884 0.93359375
f 1865/10615 1895/10616 1891/10617
vt 0.18000509 0.93359375
vt 0.19329113 0.93359375
vt 0.18000509 0.94531250
f 1892/10618 1896/10619 1866/10620
vt 0.03313488 0.94531250
vt 0.04482495 0.94531250
vt 0.04482495 0.93359375
f 1869/10621 1871/10622 1897/10623
vt 0.20498120 0.93359375
vt 0.20498120 0.94531250
vt 0.19329113 0.94531250
f 1898/10624 1872/10625 1870/10626
vt 0.03313488 0.94531250
vt 0.04482495 0.93359375
vt 0.03313488 0.93359375
f 1869/10627 1897/10628 1895/10629
vt 0.19329113 0.93359375
vt 0.20498120 0.93359375
vt 0.19329113 0.94531250
f 1896/10630 1898/10631 1870/10632
vt 0.04482495 0.94531250
vt 0.05660577 0.94531250
vt 0.05660577 0.93359375
f 1871/10633 1873/10634 1899/10635
vt 0.21676202 0.93359375
vt 0.21676202 0.94531250
vt 0.20498120 0.94531250
f 1900/10636 1874/10637 1872/10638
vt 0.04482495 0.94531250
vt 0.05660577 0.93359375
vt 0.04482495 0.93359375
f 1871/10639 1899/10640 1897/10641
vt 0.20498120 0.93359375
vt 0.21676202 0.93359375
vt 0.20498120 0.94531250
f 1898/10642 1900/10643 1872/10644
vt 0.05660577 0.94531250
vt 0.07058135 0.94531250
vt 0.07058135 0.93359375
f 1873/10645 1875/10646 1901/10647
vt 0.23073760 0.93359375
vt 0.23073760 0.94531250
vt 0.21676202 0.94531250
f 1902/10648 1876/10649 1874/10650
vt 0.05660577 0.94531250
vt 0.07058135 0.93359375
vt 0.05660577 0.93359375
f 1873/10651 1901/10652 1899/10653
vt 0.21676202 0.93359375
vt 0.23073760 0.93359375
vt 0.21676202 0.94531250
f 1900/10654 1902/10655 1874/10656
vt 0.07058135 0.94531250
vt 0.08217850 0.94531250
vt 0.08217850 0.93359375
f 1875/10657 1877/10658 1903/10659
vt 0.24233475 0.93359375
vt 0.24233475 0.94531250
vt 0.23073760 0.94531250
f 1904/10660 1878/10661 1876/10662
vt 0.07058135 0.94531250
vt 0.08217850 0.93359375
vt 0.07058135 0.93359375
f 1875/10663 1903/10664 1901/10665
vt 0.23073760 0.93359375
vt 0.24233475 0.93359375
vt 0.23073760 0.94531250
f 1902/10666 1904/10667 1876/10668
vt 0.08217850 0.94531250
vt 0.09377565 0.94531250
vt 0.09377565 0.93359375
f 1877/10669 1879/10670 1905/10671
vt 0.25393190 0.93359375
vt 0.25393190 0.94531250
vt 0.24233475 0.94531250
f 1906/10672 1880/10673 1878/10674
vt 0.08217850 0.94531250
vt 0.09377565 0.93359375
vt 0.08217850 0.93359375
f 1877/10675 1905/10676 1903/10677
vt 0.24233475 0.93359375
vt 0.25393190 0.93359375
vt 0.24233475 0.94531250
f 1904/10678 1906/10679 1878/10680
vt 0.09377565 0.94531250
vt 0.10719841 0.94531250
vt 0.10719841 0.93359375
f 1879/10681 1881/10682 1907/10683
vt 0.26735466 0.93359375
vt 0.26735466 0.94531250
vt 0.25393190 0.94531250
f 1908/10684 1882/10685 1880/10686
vt 0.09377565 0.94531250
vt 0.10719841 0.93359375
vt 0.09377565 0.93359375
f 1879/10687 1907/10688 1905/10689
vt 0.25393190 0.93359375
vt 0.26735466 0.93359375
vt 0.25393190 0.94531250
f 1906/10690 1908/10691 1880/10692
vt 0.10719841 0.94531250
vt 0.11907071 0.94531250
vt 0.11907071 0.93359375
f 1881/10693 1883/10694 1909/10695
vt 0.27922696 0.93359375
vt 0.27922696 0.94531250
vt 0.26735466 0.94531250
f 1910/10696 1884/10697 1882/10698
vt 0.10719841 0.94531250
vt 0.11907071 0.93359375
vt 0.10719841 0.93359375
f 1881/10699 1909/10700 1907/10701
vt 0.26735466 0.93359375
vt 0.27922696 0.93359375
vt 0.26735466 0.94531250
f 1908/10702 1910/10703 1882/10704
vt 0.11907071 0.94531250
vt 0.13076077 0.94531250
vt 0.13076077 0.93359375
f 1883/10705 1885/10706 1911/10707
vt 0.29091702 0.93359375
vt 0.29091702 0.94531250
vt 0.27922696 0.94531250
f 1912/10708 1886/10709 1884/10710
vt 0.11907071 0.94531250
vt 0.13076077 0.93359375
vt 0.11907071 0.93359375
f 1883/10711 1911/10712 1909/10713
vt 0.27922696 0.93359375
vt 0.29091702 0.93359375
vt 0.27922696 0.94531250
f 1910/10714 1912/10715 1884/10716
vt 0.13076077 0.94531250
vt 0.14404682 0.94531250
vt 0.14404682 0.93359375
f 1885/10717 1887/10718 1913/10719
vt 0.30420307 0.93359375
vt 0.30420307 0.94531250
vt 0.29091702 0.94531250
f 1914/10720 1888/10721 1886/10722
vt 0.13076077 0.94531250
vt 0.14404682 0.93359375
vt 0.13076077 0.93359375
f 1885/10723 1913/10724 1911/10725
vt 0.29091702 0.93359375
vt 0.30420307 0.93359375
vt 0.29091702 0.94531250
f 1912/10726 1914/10727 1886/10728
vt 0.14404682 0.94531250
vt 0.15109815 0.94531250
vt 0.15109815 0.93359375
f 1887/10729 1889/10730 1915/10731
vt 0.31125440 0.93359375
vt 0.31125440 0.94531250
vt 0.30420307 0.94531250
f 1916/10732 1890/10733 1888/10734
vt 0.14404682 0.94531250
vt 0.15109815 0.93359375
vt 0.14404682 0.93359375
f 1887/10735 1915/10736 1913/10737
vt 0.30420307 0.93359375
vt 0.31125440 0.93359375
vt 0.30420307 0.94531250
f 1914/10738 1916/10739 1888/10740
vt 0.15109815 0.94531250
vt 0.15625000 0.94531250
vt 0.15625000 0.93359375
f 1889/10741 1867/10742 1893/10743
vt 0.31640625 0.93359375
vt 0.31640625 0.94531250
vt 0.31125440 0.94531250
f 1894/10744 1868/10745 1890/10746
vt 0.15109815 0.94531250
vt 0.15625000 0.93359375
vt 0.15109815 0.93359375
f 1889/10747 1893/10748 1915/10749
vt 0.31125440 0.93359375
vt 0.31640625 0.93359375
vt 0.31125440 0.94531250
f 1916/10750 1894/10751 1890/10752
vt 0.32812500 0.95703125
vt 0.33203125 0.95703125
vt 0.32812500 0.95312500
f 1814/10753 1813/10754 1818/10755
vt 0.32812500 0.95703125
vt 0.33203125 0.95703125
vt 0.32812500 0.95312500
f 1814/10756 1818/10757 1817/10758
vt 0.32812500 0.95703125
vt 0.33203125 0.95703125
vt 0.32812500 0.95312500
f 1821/10759 1814/10760 1817/10761
vt 0.32812500 0.95703125
vt 0.33203125 0.95703125
vt 0.32812500 0.95312500
f 1821/10762 1817/10763 1824/10764
vt 0.32812500 0.95703125
vt 0.33203125 0.95703125
vt 0.32812500 0.95312500
f 1825/10765 1821/10766 1824/10767
vt 0.32812500 0.95703125
vt 0.33203125 0.95703125
vt 0.32812500 0.95312500
f 1825/10768 1824/10769 1828/10770
vt 0.32812500 0.95703125
vt 0.33203125 0.95703125
vt 0.32812500 0.95312500
f 1829/10771 1825/10772 1828/10773
vt 0.32812500 0.95703125
vt 0.33203125 0.95703125
vt 0.32812500 0.95312500
f 1829/10774 1828/10775 1832/10776
vt 0.32812500 0.95703125
vt 0.33203125 0.95703125
vt 0.32812500 0.95312500
f 1833/10777 1829/10778 1832/10779
vt 0.32812500 0.95703125
vt 0.33203125 0.95703125
vt 0.32812500 0.95312500
f 1833/10780 1832/10781 1836/10782
vt 0.32812500 0.95703125
vt 0.33203125 0.95703125
vt 0.32812500 0.95312500
f 1837/10783 1833/10784 1836/10785
vt 0.32812500 0.95703125
vt 0.33203125 0.95703125
vt 0.32812500 0.95312500
f 1837/10786 1836/10787 1840/10788
vt 0.32812500 0.95703125
vt 0.33203125 0.95703125
vt 0.32812500 0.95312500
f 1841/10789 1837/10790 1840/10791
vt 0.32812500 0.95703125
vt 0.33203125 0.95703125
vt 0.32812500 0.95312500
f 1841/10792 1840/10793 1844/10794
vt 0.32812500 0.95703125
vt 0.33203125 0.95703125
vt 0.32812500 0.95312500
f 1845/10795 1841/10796 1844/10797
vt 0.32812500 0.95703125
vt 0.33203125 0.95703125
vt 0.32812500 0.95312500
f 1845/10798 1844/10799 1848/10800
vt 0.32812500 0.95703125
vt 0.33203125 0.95703125
vt 0.32812500 0.95312500
f 1849/10801 1845/10802 1848/10803
vt 0.32812500 0.95703125
vt 0.33203125 0.95703125
vt 0.32812500 0.95312500
f 1849/10804 1848/10805 1852/10806
vt 0.32812500 0.95703125
vt 0.33203125 0.95703125
vt 0.32812500 0.95312500
f 1853/10807 1849/10808 1852/10809
vt 0.32812500 0.95703125
vt 0.33203125 0.95703125
vt 0.32812500 0.95312500
f 1853/10810 1852/10811 1856/10812
vt 0.32812500 0.95703125
vt 0.33203125 0.95703125
vt 0.32812500 0.95312500
f 1857/10813 1853/10814 1856/10815
vt 0.32812500 0.95703125
vt 0.33203125 0.95703125
vt 0.32812500 0.95312500
f 1857/10816 1856/10817 1860/10818
vt 0.32812500 0.95703125
vt 0.33203125 0.95703125
vt 0.32812500 0.95312500
f 1861/10819 1857/10820 1860/10821
vt 0.32812500 0.95703125
vt 0.33203125 0.95703125
vt 0.32812500 0.95312500
f 1861/10822 1860/10823 1864/10824
vt 0.32812500 0.95703125
vt 0.33203125 0.95703125
vt 0.32812500 0.95312500
f 1813/10825 1861/10826 1864/10827
vt 0.32812500 0.95703125
vt 0.33203125 0.95703125
vt 0.32812500 0.95312500
f 1813/10828 1864/10829 1818/10830
vt 0.32812500 0.95703125
vt 0.33203125 0.95703125
vt 0.32812500 0.95312500
f 1893/10831 1891/10832 1892/10833
vt 0.32812500 0.95703125
vt 0.33203125 0.95703125
vt 0.32812500 0.95312500
f 1893/10834 1892/10835 1894/10836
vt 0.32812500 0.95703125
vt 0.33203125 0.95703125
vt 0.32812500 0.95312500
f 1891/10837 1895/10838 1896/10839
vt 0.32812500 0.95703125
vt 0.33203125 0.95703125
vt 0.32812500 0.95312500
f 1891/10840 1896/10841 1892/10842
vt 0.32812500 0.95703125
vt 0.33203125 0.95703125
vt 0.32812500 0.95312500
f 1895/10843 1897/10844 1898/10845
vt 0.32812500 0.95703125
vt 0.33203125 0.95703125
vt 0.32812500 0.95312500
f 1895/10846 1898/10847 1896/10848
vt 0.32812500 0.95703125
vt 0.33203125 0.95703125
vt 0.32812500 0.95312500
f 1897/10849 1899/10850 1900/10851
vt 0.32812500 0.95703125
vt 0.33203125 0.95703125
vt 0.32812500 0.95312500
f 1897/10852 1900/10853 1898/10854
vt 0.32812500 0.95703125
vt 0.33203125 0.95703125
vt 0.32812500 0.95312500
f 1899/10855 1901/10856 1902/10857
vt 0.32812500 0.95703125
vt 0.33203125 0.95703125
vt 0.32812500 0.95312500
f 1899/10858 1902/10859 1900/10860
vt 0.32812500 0.95703125
vt 0.33203125 0.95703125
vt 0.32812500 0.95312500
f 1901/10861 1903/10862 1904/10863
vt 0.32812500 0.95703125
vt 0.33203125 0.95703125
vt 0.32812500 0.95312500
f 1901/10864 1904/10865 1902/10866
vt 0.32812500 0.95703125
vt 0.33203125 0.95703125
vt 0.32812500 0.95312500
f 1903/10867 1905/10868 1906/10869
vt 0.32812500 0.95703125
vt 0.33203125 0.95703125
vt 0.32812500 0.95312500
f 1903/10870 1906/10871 1904/10872
vt 0.32812500 0.95703125
vt 0.33203125 0.95703125
vt 0.32812500 0.95312500
f 1905/10873 1907/10874 1908/10875
vt 0.32812500 0.95703125
vt 0.33203125 0.95703125
vt 0.32812500 0.95312500
f 1905/10876 1908/10877 1906/10878
vt 0.32812500 0.95703125
vt 0.33203125 0.95703125
vt 0.32812500 0.95312500
f 1907/10879 1909/10880 1910/10881
vt 0.32812500 0.95703125
vt 0.33203125 0.95703125
vt 0.32812500 0.95312500
f 1907/10882 1910/10883 1908/10884
vt 0.32812500 0.95703125
vt 0.33203125 0.95703125
vt 0.32812500 0.95312500
f 1909/10885 1911/10886 1912/10887
vt 0.32812500 0.95703125
vt 0.33203125 0.95703125
vt 0.32812500 0.95312500
f 1909/10888 1912/10889 1910/10890
vt 0.32812500 0.95703125
vt 0.33203125 0.95703125
vt 0.32812500 0.95312500
f 1911/10891 1913/10892 1914/10893
vt 0.32812500 0.95703125
vt 0.33203125 0.95703125
vt 0.32812500 0.95312500
f 1911/10894 1914/10895 1912/10896
vt 0.32812500 0.95703125
vt 0.33203125 0.95703125
vt 0.32812500 0.95312500
f 1913/10897 1915/10898 1916/10899
vt 0.32812500 0.95703125
vt 0.33203125 0.95703125
vt 0.32812500 0.95312500
f 1913/10900 1916/10901 1914/10902
vt 0.32812500 0.95703125
vt 0.33203125 0.95703125
vt 0.32812500 0.95312500
f 1915/10903 1893/10904 1894/10905
vt 0.32812500 0.95703125
vt 0.33203125 0.95703125
vt 0.32812500 0.95312500
f 1915/10906 1894/10907 1916/10908
