mtllib material.mtl
s off
v 4.00000000 12.00000000 6.00000000
v 4.00000000 24.00000000 6.00000000
v 12.00000000 24.00000000 6.00000000
v 12.00000000 12.00000000 6.00000000
v 4.00000000 12.00000000 10.00000000
v 12.00000000 12.00000000 10.00000000
v 12.00000000 24.00000000 10.00000000
v 4.00000000 24.00000000 10.00000000
v 4.00000000 24.00000000 4.00000000
v 4.00000000 32.00000000 4.00000000
v 12.00000000 32.00000000 4.00000000
v 12.00000000 24.00000000 4.00000000
v 4.00000000 24.00000000 12.00000000
v 12.00000000 24.00000000 12.00000000
v 12.00000000 32.00000000 12.00000000
v 4.00000000 32.00000000 12.00000000
v -0.81557474 18.33673779 6.00000000
v 0.01946386 24.27834620 6.00000000
v 3.98053614 23.72165380 6.00000000
v 3.14549753 17.78004539 6.00000000
v -0.81557474 18.33673779 10.00000000
v 3.14549753 17.78004539 10.00000000
v 3.98053614 23.72165380 10.00000000
v 0.01946386 24.27834620 10.00000000
v -1.31659791 14.77177274 6.00000000
v -0.81557474 18.33673779 6.00000000
v 3.14549753 17.78004539 6.00000000
v 2.64447437 14.21508034 6.00000000
v -1.31659791 14.77177274 10.00000000
v 2.64447437 14.21508034 10.00000000
v 3.14549753 17.78004539 10.00000000
v -0.81557474 18.33673779 10.00000000
v -1.65061335 12.39512938 6.00000000
v -1.31659791 14.77177274 6.00000000
v 2.64447437 14.21508034 6.00000000
v 2.31045893 11.83843697 6.00000000
v -1.65061335 12.39512938 10.00000000
v 2.31045893 11.83843697 10.00000000
v 2.64447437 14.21508034 10.00000000
v -1.31659791 14.77177274 10.00000000
v 12.85450247 17.78004539 6.00000000
v 12.01946386 23.72165380 6.00000000
v 15.98053614 24.27834620 6.00000000
v 16.81557474 18.33673779 6.00000000
v 12.85450247 17.78004539 10.00000000
v 16.81557474 18.33673779 10.00000000
v 15.98053614 24.27834620 10.00000000
v 12.01946386 23.72165380 10.00000000
v 13.35552563 14.21508034 6.00000000
v 12.85450247 17.78004539 6.00000000
v 16.81557474 18.33673779 6.00000000
v 17.31659791 14.77177274 6.00000000
v 13.35552563 14.21508034 10.00000000
v 17.31659791 14.77177274 10.00000000
v 16.81557474 18.33673779 10.00000000
v 12.85450247 17.78004539 10.00000000
v 13.68954107 11.83843697 6.00000000
v 13.35552563 14.21508034 6.00000000
v 17.31659791 14.77177274 6.00000000
v 17.65061335 12.39512938 6.00000000
v 13.68954107 11.83843697 10.00000000
v 17.65061335 12.39512938 10.00000000
v 17.31659791 14.77177274 10.00000000
v 13.35552563 14.21508034 10.00000000
v 3.48467615 6.19714330 6.00000000
v 4.00761060 12.17431149 6.00000000
v 7.99238940 11.82568851 6.00000000
v 7.46945494 5.84852033 6.00000000
v 3.48467615 6.19714330 10.00000000
v 7.46945494 5.84852033 10.00000000
v 7.99238940 11.82568851 10.00000000
v 4.00761060 12.17431149 10.00000000
v 3.13605318 2.21236450 6.00000000
v 3.48467615 6.19714330 6.00000000
v 7.46945494 5.84852033 6.00000000
v 7.12083197 1.86374153 6.00000000
v 3.13605318 2.21236450 10.00000000
v 7.12083197 1.86374153 10.00000000
v 7.46945494 5.84852033 10.00000000
v 3.48467615 6.19714330 10.00000000
v 2.96174169 0.21997511 6.00000000
v 3.13605318 2.21236450 6.00000000
v 7.12083197 1.86374153 6.00000000
v 6.94652048 -0.12864786 6.00000000
v 2.96174169 0.21997511 10.00000000
v 6.94652048 -0.12864786 10.00000000
v 7.12083197 1.86374153 10.00000000
v 3.13605318 2.21236450 10.00000000
v 8.53054506 5.84852033 6.00000000
v 8.00761060 11.82568851 6.00000000
v 11.99238940 12.17431149 6.00000000
v 12.51532385 6.19714330 6.00000000
v 8.53054506 5.84852033 10.00000000
v 12.51532385 6.19714330 10.00000000
v 11.99238940 12.17431149 10.00000000
v 8.00761060 11.82568851 10.00000000
v 8.87916803 1.86374153 6.00000000
v 8.53054506 5.84852033 6.00000000
v 12.51532385 6.19714330 6.00000000
v 12.86394682 2.21236450 6.00000000
v 8.87916803 1.86374153 10.00000000
v 12.86394682 2.21236450 10.00000000
v 12.51532385 6.19714330 10.00000000
v 8.53054506 5.84852033 10.00000000
v 9.05347952 -0.12864786 6.00000000
v 8.87916803 1.86374153 6.00000000
v 12.86394682 2.21236450 6.00000000
v 13.03825831 0.21997511 6.00000000
v 9.05347952 -0.12864786 10.00000000
v 13.03825831 0.21997511 10.00000000
v 12.86394682 2.21236450 10.00000000
v 8.87916803 1.86374153 10.00000000
v -0.44156200 24.42439039 5.47120000
v 2.10716329 24.41562660 5.40160000
v 1.77732304 22.41557109 5.26720000
v 1.77742072 22.41692568 5.33218581
v 2.10546178 24.41470248 5.46647250
v -0.41220474 24.42201505 5.52840905
v -0.85639392 22.78571587 5.34040000
v -0.81001278 22.78089496 5.38568299
v 4.04000000 24.00000000 5.47120000
v 3.78363410 22.04542631 5.34040000
v 3.73679696 22.04834796 5.38537495
v 3.98181146 24.00573198 5.49959434
v 4.04000000 24.00000000 8.00000000
v 3.78363410 22.04542631 8.00000000
v 3.71885812 22.05081815 8.00000000
v 3.97555200 24.00845313 8.00000000
v 4.04000000 24.00000000 10.52880000
v 3.78363410 22.04542631 10.65960000
v 3.73735448 22.05212471 10.61445215
v 4.00873011 24.00057815 10.47181877
v 2.10716329 24.41562660 10.59840000
v 1.77732304 22.41557109 10.73280000
v 1.77712965 22.41698861 10.66781575
v 2.10695122 24.41465392 10.53351690
v -0.44156200 24.42439039 10.52880000
v -0.85639392 22.78571587 10.65960000
v -0.80999078 22.78094893 10.61433384
v -0.38475827 24.42099844 10.50026493
v -0.44156200 24.42439039 8.00000000
v -0.85639392 22.78571587 8.00000000
v -0.79187462 22.77782536 8.00000000
v -0.37790122 24.42110876 8.00000000
v 1.44330760 20.03892773 5.51360000
v 1.44420458 20.04543524 5.57826721
v -0.95294308 20.37569879 5.58020000
v -0.90599347 20.37820112 5.62508288
v 3.70000000 19.70215666 5.58020000
v 3.65437531 19.71246740 5.62533398
v 3.70000000 19.70215666 8.00000000
v 3.63533975 19.70879386 8.00000000
v 3.70000000 19.70215666 10.41980000
v 3.65409737 19.71045642 10.37453343
v 1.44330760 20.03892773 10.48640000
v 1.44415909 20.04542127 10.42173077
v -0.95294308 20.37569879 10.41980000
v -0.90599081 20.37820146 10.37491992
v -0.95294308 20.37569879 8.00000000
v -0.88799754 20.37303846 8.00000000
v 1.16496139 18.05839159 5.71520000
v 1.16516171 18.05982441 5.78018390
v -1.03699868 18.36785689 5.77640000
v -0.99063136 18.36331952 5.82172641
v 3.36692147 17.74892628 5.77640000
v 3.32085983 17.75638119 5.82165207
v 3.36692147 17.74892628 8.00000000
v 3.30244530 17.75716177 8.00000000
v 3.36692147 17.74892628 10.22360000
v 3.32072574 17.75529143 10.17831823
v 1.16496139 18.05839159 10.28480000
v 1.16515370 18.05981543 10.21981588
v -1.03699868 18.36785689 10.22360000
v -0.99057467 18.36337423 10.17832621
v -1.03699868 18.36785689 8.00000000
v -0.97245035 18.36020753 8.00000000
v 0.99795367 16.87006991 5.64800000
v 0.99778646 16.86888309 5.71298895
v -1.26876994 17.18863713 5.71100000
v -1.22288428 17.18053796 5.75632008
v 3.26467728 16.55150268 5.71100000
v 3.21831350 16.55633816 5.75629921
v 3.26467728 16.55150268 8.00000000
v 3.20015788 16.55939230 8.00000000
v 3.26467728 16.55150268 10.28900000
v 3.21833672 16.55636506 10.24367992
v 0.99795367 16.87006991 10.35200000
v 0.99778728 16.86888298 10.28701105
v -1.26876994 17.18863713 10.28900000
v -1.22286937 17.18050570 10.24370079
v -1.26876994 17.18863713 8.00000000
v -1.20457523 17.17843716 8.00000000
v 0.67089689 14.54293994 5.69280000
v 0.67165970 14.54408378 5.75778546
v -1.55265104 14.85543922 5.75460000
v -1.49471199 14.84892671 5.78333420
v 2.89444481 14.23044066 5.75460000
v 2.86463959 14.23627441 5.81206840
v 2.89444481 14.23044066 8.00000000
v 2.83025627 14.24067937 8.00000000
v 2.89444481 14.23044066 10.24540000
v 2.83695513 14.24015060 10.21666580
v 0.67089689 14.54293994 10.30720000
v 0.67047891 14.54424973 10.24221454
v -1.55265104 14.85543922 10.24540000
v -1.52239243 14.85283155 10.18793160
v -1.55265104 14.85543922 8.00000000
v -1.48812688 14.84758855 8.00000000
v 1.87620507 24.34742805 8.00000000
v -0.44156200 24.42439039 8.00000000
v -0.44156200 24.42439039 10.52880000
v 1.87531115 24.33117959 8.00000000
v -0.44245592 24.40814193 10.52880000
v -0.44245592 24.40814193 8.00000000
v 2.10716329 24.41562660 10.59840000
v 2.10626936 24.39937814 10.59840000
v 4.04000000 24.00000000 10.52880000
v 4.03910607 23.93500615 10.52880000
v 4.04000000 24.00000000 8.00000000
v 4.03910607 23.93500615 8.00000000
v 4.04000000 24.00000000 5.47120000
v 4.03910607 23.93500615 5.47120000
v 2.10716329 24.41562660 5.40160000
v 2.10626936 24.39937814 5.40160000
v -0.44156200 24.42439039 5.47120000
v -0.44245592 24.40814193 5.47120000
v -1.35966846 17.40337760 10.40890000
v -1.35966846 17.40337760 8.00000000
v -1.54059349 16.11602911 8.00000000
v -1.47622606 16.10698286 8.00000000
v -1.29530103 17.39433135 8.00000000
v -1.29530103 17.39433135 10.40890000
v -1.54059349 16.11602911 10.40890000
v -1.47622606 16.10698286 10.40890000
v -1.35966846 17.40337760 5.59110000
v -1.54059349 16.11602911 5.59110000
v -1.49445698 16.10954505 5.63642527
v -1.32962732 17.39915560 5.64858656
v 1.02578829 17.06812352 5.52480000
v 0.84486326 15.78077503 5.52480000
v 0.84663417 15.78052614 5.58977539
v 1.02755920 17.06787463 5.58977539
v -1.65889062 15.27430125 8.00000000
v -1.59452320 15.26525500 8.00000000
v -1.67280793 15.17527445 10.40890000
v -1.60844051 15.16622820 10.40890000
v -1.64497331 15.37332806 5.59110000
v -1.58724125 15.36521435 5.61984328
v 0.75440075 15.13710078 5.52480000
v 0.75617166 15.13685190 5.58977539
v -1.67280793 15.17527445 10.40890000
v -1.65889062 15.27430125 8.00000000
v -1.65889062 15.49430125 7.96500000
v -1.70388984 15.49425962 7.96473831
v -1.70388984 15.27425962 7.99973831
v -1.71780715 15.17523281 10.40863831
v -1.67280793 15.39527445 10.37390000
v -1.71780715 15.39523281 10.37363831
v -1.64497331 15.37332806 5.59110000
v -1.64497331 15.59332806 5.55610000
v -1.68530495 15.59019221 5.53638894
v -1.66640431 15.36711116 5.55202235
v 0.75440075 15.13710078 5.52480000
v 0.75440075 15.35710078 5.48980000
v 0.75247841 15.35003706 5.44539945
v 0.75247841 15.13003706 5.48039945
v -1.56103345 15.10907419 5.71100000
v 0.70569016 14.79050696 5.64800000
v 0.66811342 14.52313458 5.64800000
v 0.66852223 14.52307713 5.69299811
v 0.70528135 14.79056442 5.69299811
v -1.54023574 15.10615126 5.75079839
v -1.59861019 14.84170181 5.71100000
v -1.55864183 14.83608462 5.73089919
v 2.97241377 14.47193973 5.71100000
v 2.93483703 14.20456735 5.71100000
v 2.91403933 14.20749028 5.75079839
v 2.93244542 14.47755692 5.73089919
v 2.97241377 14.47193973 8.00000000
v 2.93483703 14.20456735 8.00000000
v 2.89027497 14.21083014 8.00000000
v 2.92785171 14.47820252 8.00000000
v 2.97241377 14.47193973 10.28900000
v 2.93483703 14.20456735 10.28900000
v 2.89486868 14.21018454 10.26910081
v 2.95161606 14.47486266 10.24920161
v 0.70569016 14.79050696 10.35200000
v 0.66811342 14.52313458 10.35200000
v 0.66770461 14.52319204 10.30700189
v 0.70609897 14.79044951 10.30700189
v -1.56103345 15.10907419 10.28900000
v -1.59861019 14.84170181 10.28900000
v -1.57781248 14.83877888 10.24920161
v -1.52106509 15.10345700 10.26910081
v -1.56103345 15.10907419 8.00000000
v -1.59861019 14.84170181 8.00000000
v -1.55404812 14.83543902 8.00000000
v -1.51647139 15.10281140 8.00000000
v 11.96000000 24.00000000 5.47120000
v 13.89283671 24.41562660 5.40160000
v 14.22267696 22.41557109 5.26720000
v 14.22287035 22.41698861 5.33218425
v 13.89304878 24.41465392 5.46648310
v 11.99126989 24.00057815 5.52818123
v 12.21636590 22.04542631 5.34040000
v 12.26264552 22.05212471 5.38554785
v 16.44156200 24.42439039 5.47120000
v 16.85639392 22.78571587 5.34040000
v 16.80999078 22.78094893 5.38566616
v 16.38475827 24.42099844 5.49973507
v 16.44156200 24.42439039 8.00000000
v 16.85639392 22.78571587 8.00000000
v 16.79187462 22.77782536 8.00000000
v 16.37790122 24.42110876 8.00000000
v 16.44156200 24.42439039 10.52880000
v 16.85639392 22.78571587 10.65960000
v 16.81001278 22.78089496 10.61431701
v 16.41220474 24.42201505 10.47159095
v 13.89283671 24.41562660 10.59840000
v 14.22267696 22.41557109 10.73280000
v 14.22257928 22.41692568 10.66781419
v 13.89453822 24.41470248 10.53352750
v 11.96000000 24.00000000 10.52880000
v 12.21636590 22.04542631 10.65960000
v 12.26320304 22.04834796 10.61462505
v 12.01818854 24.00573198 10.50040566
v 11.96000000 24.00000000 8.00000000
v 12.21636590 22.04542631 8.00000000
v 12.28114188 22.05081815 8.00000000
v 12.02444800 24.00845313 8.00000000
v 14.55669240 20.03892773 5.51360000
v 14.55584091 20.04542127 5.57826923
v 12.30000000 19.70215666 5.58020000
v 12.34590263 19.71045642 5.62546657
v 16.95294308 20.37569879 5.58020000
v 16.90599081 20.37820146 5.62508008
v 16.95294308 20.37569879 8.00000000
v 16.88799754 20.37303846 8.00000000
v 16.95294308 20.37569879 10.41980000
v 16.90599347 20.37820112 10.37491712
v 14.55669240 20.03892773 10.48640000
v 14.55579542 20.04543524 10.42173279
v 12.30000000 19.70215666 10.41980000
v 12.34562469 19.71246740 10.37466602
v 12.30000000 19.70215666 8.00000000
v 12.36466025 19.70879386 8.00000000
v 14.83503861 18.05839159 5.71520000
v 14.83484630 18.05981543 5.78018412
v 12.63307853 17.74892628 5.77640000
v 12.67927426 17.75529143 5.82168177
v 17.03699868 18.36785689 5.77640000
v 16.99057467 18.36337423 5.82167379
v 17.03699868 18.36785689 8.00000000
v 16.97245035 18.36020753 8.00000000
v 17.03699868 18.36785689 10.22360000
v 16.99063136 18.36331952 10.17827359
v 14.83503861 18.05839159 10.28480000
v 14.83483829 18.05982441 10.21981610
v 12.63307853 17.74892628 10.22360000
v 12.67914017 17.75638119 10.17834793
v 12.63307853 17.74892628 8.00000000
v 12.69755470 17.75716177 8.00000000
v 15.00204633 16.87006991 5.64800000
v 15.00221272 16.86888298 5.71298895
v 12.73532272 16.55150268 5.71100000
v 12.78166328 16.55636506 5.75632008
v 17.26876994 17.18863713 5.71100000
v 17.22286937 17.18050570 5.75629921
v 17.26876994 17.18863713 8.00000000
v 17.20457523 17.17843716 8.00000000
v 17.26876994 17.18863713 10.28900000
v 17.22288428 17.18053796 10.24367992
v 15.00204633 16.87006991 10.35200000
v 15.00221354 16.86888309 10.28701105
v 12.73532272 16.55150268 10.28900000
v 12.78168650 16.55633816 10.24370079
v 12.73532272 16.55150268 8.00000000
v 12.79984212 16.55939230 8.00000000
v 15.32910311 14.54293994 5.69280000
v 15.32952109 14.54424973 5.75778546
v 13.10555519 14.23044066 5.75460000
v 13.16304487 14.24015060 5.78333420
v 17.55265104 14.85543922 5.75460000
v 17.52239243 14.85283155 5.81206840
v 17.55265104 14.85543922 8.00000000
v 17.48812688 14.84758855 8.00000000
v 17.55265104 14.85543922 10.24540000
v 17.49471199 14.84892671 10.21666580
v 15.32910311 14.54293994 10.30720000
v 15.32834030 14.54408378 10.24221454
v 13.10555519 14.23044066 10.24540000
v 13.13536041 14.23627441 10.18793160
v 13.10555519 14.23044066 8.00000000
v 13.16974373 14.24067937 8.00000000
v 14.12379493 24.34742805 8.00000000
v 11.96000000 24.00000000 8.00000000
v 11.96000000 24.00000000 10.52880000
v 14.14764842 24.33231181 8.00000000
v 11.98385350 23.93953505 10.52880000
v 11.98385350 23.93953505 8.00000000
v 13.89283671 24.41562660 10.59840000
v 13.91669021 24.40051037 10.59840000
v 16.44156200 24.42439039 10.52880000
v 16.46541549 24.40927415 10.52880000
v 16.44156200 24.42439039 8.00000000
v 16.46541549 24.40927415 8.00000000
v 16.44156200 24.42439039 5.47120000
v 16.46541549 24.40927415 5.47120000
v 13.89283671 24.41562660 5.40160000
v 13.91669021 24.40051037 5.40160000
v 11.96000000 24.00000000 5.47120000
v 11.98385350 23.93953505 5.47120000
v 14.97421171 17.06812352 5.52480000
v 17.35966846 17.40337760 5.59110000
v 17.54059349 16.11602911 5.59110000
v 17.49445698 16.10954505 5.63642527
v 17.30193639 17.39526389 5.61984328
v 14.97244080 17.06787463 5.58977539
v 15.15513674 15.78077503 5.52480000
v 15.15336583 15.78052614 5.58977539
v 17.35966846 17.40337760 8.00000000
v 17.54059349 16.11602911 8.00000000
v 17.47622606 16.10698286 8.00000000
v 17.29530103 17.39433135 8.00000000
v 17.35966846 17.40337760 10.40890000
v 17.54059349 16.11602911 10.40890000
v 17.47622606 16.10698286 10.40890000
v 17.29530103 17.39433135 10.40890000
v 17.65889062 15.27430125 5.59110000
v 17.62884949 15.27007925 5.64858656
v 15.28735118 14.84002036 5.52480000
v 15.28558027 14.83977148 5.58977539
v 17.64497331 15.37332806 8.00000000
v 17.58060589 15.36428181 8.00000000
v 17.63105600 15.47235487 10.40890000
v 17.56668858 15.46330862 10.40890000
v 15.28735118 14.84002036 5.52480000
v 17.65889062 15.27430125 5.59110000
v 17.65889062 15.49430125 5.55610000
v 17.68084166 15.48812931 5.51730491
v 17.69946080 15.27124231 5.57187232
v 15.28988428 14.83296140 5.48042935
v 15.28735118 15.06002036 5.48980000
v 15.28988428 15.05296140 5.44542935
v 17.64497331 15.37332806 8.00000000
v 17.64497331 15.59332806 7.96500000
v 17.68997255 15.59336915 7.96525829
v 17.68997255 15.37336915 8.00025829
v 17.63105600 15.47235487 10.40890000
v 17.63105600 15.69235487 10.37390000
v 17.67605524 15.69239596 10.37415829
v 17.67605524 15.47239596 10.40915829
v 13.02758623 14.47193973 5.71100000
v 15.29430984 14.79050696 5.64800000
v 15.33188658 14.52313458 5.64800000
v 15.33229539 14.52319204 5.69299811
v 15.29390103 14.79044951 5.69299811
v 13.04838394 14.47486266 5.75079839
v 13.06516297 14.20456735 5.71100000
v 13.10513132 14.21018454 5.73089919
v 17.56103345 15.10907419 5.71100000
v 17.59861019 14.84170181 5.71100000
v 17.57781248 14.83877888 5.75079839
v 17.52106509 15.10345700 5.73089919
v 17.56103345 15.10907419 8.00000000
v 17.59861019 14.84170181 8.00000000
v 17.55404812 14.83543902 8.00000000
v 17.51647139 15.10281140 8.00000000
v 17.56103345 15.10907419 10.28900000
v 17.59861019 14.84170181 10.28900000
v 17.55864183 14.83608462 10.26910081
v 17.54023574 15.10615126 10.24920161
v 15.29430984 14.79050696 10.35200000
v 15.33188658 14.52313458 10.35200000
v 15.33147777 14.52307713 10.30700189
v 15.29471865 14.79056442 10.30700189
v 13.02758623 14.47193973 10.28900000
v 13.06516297 14.20456735 10.28900000
v 13.08596067 14.20749028 10.24920161
v 13.06755458 14.47755692 10.26910081
v 13.02758623 14.47193973 8.00000000
v 13.06516297 14.20456735 8.00000000
v 13.10972503 14.21083014 8.00000000
v 13.07214829 14.47820252 8.00000000
v 4.00000000 23.10000000 5.82000000
v 6.00000000 22.60000000 5.82000000
v 6.00000000 21.00000000 5.82000000
v 6.00000000 21.00000000 5.88500000
v 6.00000000 22.60000000 5.88500000
v 4.00000000 23.10000000 5.88500000
v 4.00000000 21.00000000 5.82000000
v 4.00000000 21.00000000 5.88500000
v 8.00000000 22.20000000 5.82000000
v 8.00000000 21.00000000 5.82000000
v 8.00000000 21.00000000 5.88500000
v 8.00000000 22.20000000 5.88500000
v 10.00000000 22.60000000 5.82000000
v 10.00000000 21.00000000 5.82000000
v 10.00000000 21.00000000 5.88500000
v 10.00000000 22.60000000 5.88500000
v 12.00000000 23.10000000 5.82000000
v 12.00000000 21.00000000 5.82000000
v 12.00000000 21.00000000 5.88500000
v 12.00000000 23.10000000 5.88500000
v 6.00000000 18.00000000 5.82000000
v 6.00000000 18.00000000 5.88500000
v 4.00000000 18.00000000 5.82000000
v 4.00000000 18.00000000 5.88500000
v 8.00000000 18.00000000 5.82000000
v 8.00000000 18.00000000 5.88500000
v 10.00000000 18.00000000 5.82000000
v 10.00000000 18.00000000 5.88500000
v 12.00000000 18.00000000 5.82000000
v 12.00000000 18.00000000 5.88500000
v 6.00000000 14.00000000 5.82000000
v 6.00000000 14.00000000 5.88500000
v 4.00000000 14.00000000 5.82000000
v 4.00000000 14.00000000 5.88500000
v 8.00000000 14.00000000 5.82000000
v 8.00000000 14.00000000 5.88500000
v 10.00000000 14.00000000 5.82000000
v 10.00000000 14.00000000 5.88500000
v 12.00000000 14.00000000 5.82000000
v 12.00000000 14.00000000 5.88500000
v 12.00000000 23.10000000 10.20000000
v 10.00000000 22.60000000 10.20000000
v 10.00000000 21.00000000 10.20000000
v 10.00000000 21.00000000 10.13500000
v 10.00000000 22.60000000 10.13500000
v 12.00000000 23.10000000 10.13500000
v 12.00000000 21.00000000 10.20000000
v 12.00000000 21.00000000 10.13500000
v 8.00000000 22.20000000 10.20000000
v 8.00000000 21.00000000 10.20000000
v 8.00000000 21.00000000 10.13500000
v 8.00000000 22.20000000 10.13500000
v 6.00000000 22.60000000 10.20000000
v 6.00000000 21.00000000 10.20000000
v 6.00000000 21.00000000 10.13500000
v 6.00000000 22.60000000 10.13500000
v 4.00000000 23.10000000 10.20000000
v 4.00000000 21.00000000 10.20000000
v 4.00000000 21.00000000 10.13500000
v 4.00000000 23.10000000 10.13500000
v 10.00000000 18.00000000 10.20000000
v 10.00000000 18.00000000 10.13500000
v 12.00000000 18.00000000 10.20000000
v 12.00000000 18.00000000 10.13500000
v 8.00000000 18.00000000 10.20000000
v 8.00000000 18.00000000 10.13500000
v 6.00000000 18.00000000 10.20000000
v 6.00000000 18.00000000 10.13500000
v 4.00000000 18.00000000 10.20000000
v 4.00000000 18.00000000 10.13500000
v 10.00000000 14.00000000 10.20000000
v 10.00000000 14.00000000 10.13500000
v 12.00000000 14.00000000 10.20000000
v 12.00000000 14.00000000 10.13500000
v 8.00000000 14.00000000 10.20000000
v 8.00000000 14.00000000 10.13500000
v 6.00000000 14.00000000 10.20000000
v 6.00000000 14.00000000 10.13500000
v 4.00000000 14.00000000 10.20000000
v 4.00000000 14.00000000 10.13500000
v 3.90000000 23.95000000 5.66000000
v 8.00000000 23.95000000 5.66000000
v 8.00000000 22.10000000 5.66000000
v 8.00000000 22.10000000 5.71000000
v 8.00000000 23.95000000 5.71000000
v 3.92236068 23.95000000 5.70472136
v 3.90000000 22.10000000 5.66000000
v 3.94472136 22.10000000 5.68236068
v 12.10000000 23.95000000 5.66000000
v 12.10000000 22.10000000 5.66000000
v 12.07763932 22.10000000 5.70472136
v 12.05527864 23.95000000 5.68236068
v 12.10000000 23.95000000 8.00000000
v 12.10000000 22.10000000 8.00000000
v 12.05000000 22.10000000 8.00000000
v 12.05000000 23.95000000 8.00000000
v 12.10000000 23.95000000 10.45000000
v 12.10000000 22.10000000 10.45000000
v 12.05527864 22.10000000 10.42763932
v 12.07763932 23.95000000 10.40527864
v 8.00000000 23.95000000 10.45000000
v 8.00000000 22.10000000 10.45000000
v 8.00000000 22.10000000 10.40000000
v 8.00000000 23.95000000 10.40000000
v 3.90000000 23.95000000 10.45000000
v 3.90000000 22.10000000 10.45000000
v 3.92236068 22.10000000 10.40527864
v 3.94472136 23.95000000 10.42763932
v 3.90000000 23.95000000 8.00000000
v 3.90000000 22.10000000 8.00000000
v 3.95000000 22.10000000 8.00000000
v 3.95000000 23.95000000 8.00000000
v 4.00000000 23.10000000 5.28000000
v 3.88000000 23.10000000 8.00000000
v 3.95000000 24.05000000 8.00000000
v 3.97213741 24.01082688 8.00063379
v 3.92497101 23.09838568 8.00004903
v 4.04498662 23.09952971 5.28099122
v 3.95000000 24.05000000 5.37560000
v 3.95072521 24.00500584 5.37560000
v 4.00000000 22.90000000 10.75000000
v 3.95000000 24.05000000 10.63940000
v 3.98855298 24.02681406 10.63836105
v 4.04492759 22.90177726 10.74816878
v 4.04000000 24.00000000 8.00000000
v 4.01814607 23.96066292 8.00000000
v 4.04000000 24.00000000 5.47120000
v 4.01814607 23.96066292 5.47120000
v 4.04000000 24.00000000 10.52880000
v 4.01814607 23.96066292 10.52880000
v 12.00000000 22.90000000 10.75000000
v 12.12000000 23.10000000 8.00000000
v 12.05000000 24.05000000 8.00000000
v 12.02791686 24.01079742 7.99929812
v 12.07502414 23.09852764 7.99993795
v 11.95501853 22.89932454 10.74889969
v 12.05000000 24.05000000 10.63940000
v 12.04926710 24.00500597 10.63940000
v 12.00000000 23.10000000 5.32000000
v 12.05000000 24.05000000 5.39560000
v 12.01134654 24.02698694 5.39674409
v 11.95509896 23.10220322 5.32201049
v 11.96000000 24.00000000 8.00000000
v 11.98185393 23.96066292 8.00000000
v 11.96000000 24.00000000 10.52880000
v 11.98185393 23.96066292 10.52880000
v 11.96000000 24.00000000 5.47120000
v 11.98185393 23.96066292 5.47120000
v 3.55000000 14.50000000 5.16000000
v 8.00000000 14.50000000 5.06000000
v 8.00000000 13.45000000 5.06000000
v 8.00044943 13.45000000 5.11999832
v 7.99955057 14.50000000 5.11999832
v 3.57735728 14.50000000 5.21340018
v 3.55000000 13.45000000 5.16000000
v 3.60294874 13.45000000 5.18822111
v 12.45000000 14.50000000 5.16000000
v 12.45000000 13.45000000 5.16000000
v 12.42264272 13.45000000 5.21340018
v 12.39705126 14.50000000 5.18822111
v 12.56000000 14.50000000 8.00000000
v 12.56000000 13.45000000 8.00000000
v 12.50000619 13.45000000 8.00086155
v 12.50000300 14.50000000 7.99939952
v 12.45000000 14.50000000 11.20000000
v 12.45000000 13.45000000 11.20000000
v 12.39695499 13.45000000 11.17196026
v 12.42259312 14.50000000 11.14662526
v 8.00000000 14.50000000 11.30000000
v 8.00000000 13.45000000 11.30000000
v 7.99955057 13.45000000 11.24000168
v 8.00044943 14.50000000 11.24000168
v 3.55000000 14.50000000 11.20000000
v 3.55000000 13.45000000 11.20000000
v 3.57740688 13.45000000 11.14662526
v 3.60304501 14.50000000 11.17196026
v 3.44000000 14.50000000 8.00000000
v 3.44000000 13.45000000 8.00000000
v 3.49999700 13.45000000 7.99939952
v 3.49999381 14.50000000 8.00086155
v 7.50000000 13.80000000 4.87000000
v 7.50000000 14.20000000 4.87000000
v 8.50000000 14.20000000 4.87000000
v 8.50000000 13.80000000 4.87000000
v 7.50000000 13.80000000 5.08000000
v 8.50000000 13.80000000 5.08000000
v 8.50000000 14.20000000 5.08000000
v 7.50000000 14.20000000 5.08000000
v 7.57000000 21.35000000 4.36000000
v 7.57000000 21.83000000 4.36000000
v 8.32000000 21.83000000 4.36000000
v 8.32000000 21.35000000 4.36000000
v 7.57000000 21.35000000 4.52000000
v 8.32000000 21.35000000 4.52000000
v 8.32000000 21.83000000 4.52000000
v 7.57000000 21.83000000 4.52000000
v 3.65000000 13.70000000 5.35000000
v 4.55000000 13.70000000 5.47727922
v 4.10000000 11.35000000 5.24727922
v 4.09416253 11.34556940 5.31186477
v 4.54457057 13.69466798 5.54183223
v 3.64136587 13.69553738 5.41426925
v 3.10000000 11.35000000 5.12000000
v 3.09195427 11.34640732 5.18439999
v 5.45000000 13.70000000 5.53000000
v 5.10000000 11.35000000 5.30000000
v 5.10011846 11.34415365 5.36473644
v 5.45113425 13.69355539 5.59466978
v 6.35000000 13.70000000 5.47727922
v 6.10000000 11.35000000 5.24727922
v 6.10608321 11.34287826 5.31160088
v 6.35700089 13.69309521 5.54153116
v 7.25000000 13.70000000 5.35000000
v 7.10000000 11.35000000 5.12000000
v 7.10845107 11.34264609 5.18402733
v 7.25905126 13.69315823 5.41400207
v 3.68750000 9.02500000 5.07727922
v 3.68127756 9.02144528 5.14188298
v 2.70000000 8.85000000 4.95000000
v 2.69224878 8.84685694 5.01445960
v 4.67500000 9.20000000 5.13000000
v 4.67446266 9.19509200 5.19481221
v 5.66250000 9.37500000 5.07727922
v 5.66833657 9.36835102 5.14167429
v 6.65000000 9.55000000 4.95000000
v 6.65886117 9.54215200 5.01391313
v 7.80000000 13.70000000 11.00000000
v 6.76250000 13.70000000 11.14142136
v 6.42500000 11.35000000 11.59142136
v 6.41837471 11.33536502 11.52843784
v 6.75725035 13.68856185 11.07765138
v 7.79149600 13.68899608 10.93650515
v 7.50000000 11.35000000 11.45000000
v 7.49037458 11.33554095 11.38736385
v 5.72500000 13.70000000 11.20000000
v 5.35000000 11.35000000 11.65000000
v 5.34924687 11.33375714 11.58706668
v 5.72615343 13.68758128 11.13620780
v 4.68750000 13.70000000 11.14142136
v 4.27500000 11.35000000 11.59142136
v 4.28007715 11.33220902 11.52911001
v 4.69432656 13.68664512 11.07817544
v 3.65000000 13.70000000 11.00000000
v 3.20000000 11.35000000 11.45000000
v 3.20828054 11.33297900 11.38781706
v 3.65858177 13.68630093 10.93704217
v 5.81250000 8.02500000 12.59142136
v 5.80312152 8.00847986 12.52925924
v 6.80000000 7.80000000 12.45000000
v 6.78768944 7.78495557 12.38797488
v 4.82500000 8.25000000 12.65000000
v 4.82104547 8.23113583 12.58792340
v 3.83750000 8.47500000 12.59142136
v 3.83958957 8.45384291 12.52999651
v 2.85000000 8.70000000 12.45000000
v 2.85583995 8.67722605 12.38940097
v 3.65000000 13.70000000 11.00000000
v 3.64000000 13.70000000 10.15250000
v 3.08500000 11.35000000 10.50050000
v 3.14853642 11.33735402 10.49518933
v 3.70279857 13.68336620 10.15034207
v 3.71326423 13.68568263 10.99579887
v 3.20000000 11.35000000 11.45000000
v 3.26345796 11.33809069 11.44249960
v 3.62500000 13.70000000 8.17500000
v 2.90000000 11.35000000 8.28500000
v 2.96349894 11.33611704 8.28461477
v 3.68735780 13.68168755 8.17607635
v 3.64000000 13.70000000 6.19750000
v 3.01500000 11.35000000 6.06950000
v 3.07838513 11.33610287 6.07326765
v 3.70290971 13.68380758 6.19977462
v 3.65000000 13.70000000 5.35000000
v 3.10000000 11.35000000 5.12000000
v 3.16331090 11.33583945 5.12402607
v 3.71326931 13.68511922 5.35074654
v 2.72750000 8.72250000 11.32500000
v 2.79124353 8.71166824 11.31833403
v 2.85000000 8.70000000 12.45000000
v 2.91364378 8.68889528 12.44284780
v 2.52500000 8.77500000 8.70000000
v 2.58918982 8.76514922 8.69723785
v 2.62250000 8.82750000 6.07500000
v 2.68669721 8.81784892 6.07825196
v 2.70000000 8.85000000 4.95000000
v 2.76398831 8.83971307 4.95496740
v 2.70000000 8.85000000 4.95000000
v 3.68750000 9.02500000 5.07727922
v 3.68750000 9.40500000 5.01727922
v 3.69329895 9.39804020 4.97320050
v 3.69220316 9.01802012 5.03307332
v 2.70689061 8.84306445 4.90607486
v 2.70000000 9.23000000 4.89000000
v 2.70689061 9.22306445 4.84607486
v 4.67500000 9.20000000 5.13000000
v 4.67500000 9.58000000 5.07000000
v 4.67702964 9.57298883 5.02559590
v 4.67544965 9.19298203 5.08555289
v 5.66250000 9.37500000 5.07727922
v 5.66250000 9.75500000 5.01727922
v 5.66025825 9.74799040 4.97288508
v 5.65914614 9.36800120 5.03295351
v 6.65000000 9.55000000 4.95000000
v 6.65000000 9.93000000 4.89000000
v 6.64553678 9.92301629 4.84576984
v 6.64553678 9.54301629 4.90576984
v 6.80000000 7.80000000 12.45000000
v 5.81250000 8.02500000 12.59142136
v 5.81250000 8.40500000 12.65142136
v 5.81600846 8.39800305 12.69573539
v 5.81477330 8.01799065 12.63581394
v 6.80474003 7.79302073 12.49420206
v 6.80000000 8.18000000 12.51000000
v 6.80474003 8.17302073 12.55420206
v 4.82500000 8.25000000 12.65000000
v 4.82500000 8.63000000 12.71000000
v 4.82428475 8.62298257 12.75444372
v 4.82253056 8.24299226 12.69438236
v 3.83750000 8.47500000 12.59142136
v 3.83750000 8.85500000 12.65142136
v 3.83207025 8.84803296 12.69554593
v 3.83086081 8.46805849 12.63538426
v 2.85000000 8.70000000 12.45000000
v 2.85000000 9.08000000 12.51000000
v 2.84215713 9.07308910 12.55376904
v 2.84215713 8.69308910 12.49376904
v 8.75000000 13.70000000 5.39000000
v 9.65000000 13.70000000 5.51727922
v 9.90000000 11.35000000 5.28727922
v 9.89386515 11.34326509 5.35163763
v 9.64458594 13.69306720 5.58168127
v 8.74139605 13.69299006 5.45404555
v 8.90000000 11.35000000 5.16000000
v 8.89132385 11.34247808 5.22397769
v 10.55000000 13.70000000 5.57000000
v 10.90000000 11.35000000 5.34000000
v 10.89981219 11.34434254 5.40475305
v 10.55114020 13.69389105 5.63470225
v 11.45000000 13.70000000 5.51727922
v 11.90000000 11.35000000 5.28727922
v 11.90578898 11.34554821 5.35186768
v 11.45702321 13.69516705 5.58171770
v 12.35000000 13.70000000 5.39000000
v 12.90000000 11.35000000 5.16000000
v 12.90848938 11.34601467 5.22431988
v 12.35908316 13.69583974 5.45422763
v 10.33750000 9.37500000 5.11727922
v 10.33000474 9.36754911 5.18141428
v 9.35000000 9.55000000 4.99000000
v 9.34029142 9.54155545 5.05371368
v 11.32500000 9.20000000 5.17000000
v 11.32320655 9.19433993 5.23472826
v 12.31250000 9.02500000 5.11727922
v 12.31709405 9.02097268 5.18199147
v 13.30000000 8.85000000 4.99000000
v 13.30795641 8.84679393 5.05443149
v 12.35000000 13.70000000 11.04000000
v 11.31250000 13.70000000 11.18142136
v 11.72500000 11.35000000 11.63142136
v 11.71990178 11.33261858 11.56899625
v 11.30728102 13.68695065 11.11795895
v 12.34156275 13.68638968 10.97700340
v 12.80000000 11.35000000 11.49000000
v 12.79344056 11.33019778 11.42843828
v 10.27500000 13.70000000 11.24000000
v 10.65000000 11.35000000 11.69000000
v 10.65072930 11.33420965 11.62695135
v 10.27616513 13.68793814 11.17613957
v 9.23750000 13.70000000 11.18142136
v 9.57500000 11.35000000 11.63142136
v 9.58161362 11.33585348 11.56832511
v 9.24437512 13.68875316 11.11777199
v 8.20000000 13.70000000 11.04000000
v 8.50000000 11.35000000 11.49000000
v 8.50841429 11.33732852 11.42680480
v 8.20865119 13.68895112 10.97653285
v 12.16250000 8.47500000 12.63142136
v 12.15911158 8.45270508 12.57045862
v 13.15000000 8.70000000 12.49000000
v 13.14663398 8.67669339 12.42941558
v 11.17500000 8.25000000 12.69000000
v 11.17691418 8.22987149 12.62822477
v 10.18750000 8.02500000 12.63142136
v 10.19545778 8.00731762 12.56938099
v 9.20000000 7.80000000 12.49000000
v 9.21038162 7.78388226 12.42789170
v 12.35000000 13.70000000 5.39000000
v 12.36000000 13.70000000 6.23750000
v 12.98500000 11.35000000 6.10950000
v 12.92140084 11.33703875 6.11298611
v 12.29744149 13.68241551 6.23898932
v 12.28708675 13.68397660 5.39318962
v 12.90000000 11.35000000 5.16000000
v 12.83631443 11.33807494 5.16519044
v 12.37500000 13.70000000 8.21500000
v 13.10000000 11.35000000 8.32500000
v 13.03657984 11.33582889 8.32356389
v 12.31252152 13.68215457 8.21327358
v 12.36000000 13.70000000 10.19250000
v 12.91500000 11.35000000 10.54050000
v 12.85173384 11.33617033 10.53492031
v 12.29669384 13.68555431 10.18955848
v 12.35000000 13.70000000 11.04000000
v 12.80000000 11.35000000 11.49000000
v 12.73658178 11.33679064 11.48464820
v 12.28619098 13.68763708 11.03924709
v 13.37750000 8.82750000 6.11500000
v 13.31342502 8.81734661 6.11903795
v 13.30000000 8.85000000 4.99000000
v 13.23599555 8.83947378 4.99419867
v 13.47500000 8.77500000 8.74000000
v 13.41072341 8.76533030 8.74012786
v 13.27250000 8.72250000 11.36500000
v 13.20862003 8.71202137 11.35912224
v 13.15000000 8.70000000 12.49000000
v 13.08638708 8.68889706 12.48257566
v 9.35000000 9.55000000 4.99000000
v 10.33750000 9.37500000 5.11727922
v 10.33750000 9.75500000 5.05727922
v 10.34085386 9.74800120 5.01295351
v 10.33974175 9.36799040 5.07288508
v 9.35446322 9.54301629 4.94576984
v 9.35000000 9.93000000 4.93000000
v 9.35446322 9.92301629 4.88576984
v 11.32500000 9.20000000 5.17000000
v 11.32500000 9.58000000 5.11000000
v 11.32455035 9.57298203 5.06555289
v 11.32297036 9.19298883 5.12559590
v 12.31250000 9.02500000 5.11727922
v 12.31250000 9.40500000 5.05727922
v 12.30779684 9.39802012 5.01307332
v 12.30670105 9.01804020 5.07320050
v 13.30000000 8.85000000 4.99000000
v 13.30000000 9.23000000 4.93000000
v 13.29310939 9.22306445 4.88607486
v 13.29310939 8.84306445 4.94607486
v 13.15000000 8.70000000 12.49000000
v 12.16250000 8.47500000 12.63142136
v 12.16250000 8.85500000 12.69142136
v 12.16913919 8.84805849 12.73538426
v 12.16792975 8.46803296 12.67554593
v 13.15784287 8.69308910 12.53376904
v 13.15000000 9.08000000 12.55000000
v 13.15784287 9.07308910 12.59376904
v 11.17500000 8.25000000 12.69000000
v 11.17500000 8.63000000 12.75000000
v 11.17746944 8.62299226 12.79438236
v 11.17571525 8.24298257 12.73444372
v 10.18750000 8.02500000 12.63142136
v 10.18750000 8.40500000 12.69142136
v 10.18522670 8.39799065 12.73581394
v 10.18399154 8.01800305 12.67573539
v 9.20000000 7.80000000 12.49000000
v 9.20000000 8.18000000 12.55000000
v 9.19525997 8.17302073 12.59420206
v 9.19525997 7.79302073 12.53420206
v 3.50000000 13.90000000 4.99000000
v 4.25000000 13.90000000 4.99000000
v 3.80000000 11.20000000 4.69000000
v 3.79875669 11.19428992 4.75473677
v 4.25000000 13.89282195 5.05460244
v 3.49859734 13.89266969 5.05457011
v 3.00000000 11.50000000 4.69000000
v 2.99858347 11.49593104 4.75485705
v 3.65000000 10.20000000 4.65000000
v 3.64927926 10.19764107 4.71495318
v 2.78000000 10.40000000 4.65000000
v 2.77948085 10.39774170 4.71495868
v 3.91919945 12.08166448 5.82000000
v 5.99128443 11.90038053 5.78000000
v 5.73853277 9.01141591 5.78000000
v 5.73853277 9.01141591 5.84000000
v 5.99088500 11.90040440 5.83999867
v 3.94674702 12.07925438 5.87324775
v 3.66644780 9.19269985 5.82000000
v 3.70911715 9.18896677 5.86201656
v 7.98367382 11.72606904 5.82000000
v 7.81061774 8.83013196 5.82000000
v 7.76791222 8.83347273 5.86201282
v 7.92999576 11.72927675 5.84661533
v 7.98367382 11.72606904 8.00000000
v 7.81061774 8.83013196 8.00000000
v 7.75077964 8.83453661 8.00000000
v 7.92378067 11.72964815 8.00000000
v 7.98367382 11.72606904 10.18000000
v 7.81061774 8.83013196 10.18000000
v 7.76788922 8.83308721 10.13798167
v 7.95605490 11.72773421 10.12676071
v 5.99128443 11.90038053 10.22000000
v 5.73853277 9.01141591 10.22000000
v 5.73852465 9.01141129 10.16000000
v 5.99165225 11.90034835 10.16000114
v 3.91919945 12.08166448 10.18000000
v 3.66644780 9.19269985 10.18000000
v 3.70911715 9.18896677 10.13798344
v 3.97276444 12.07697815 10.15337612
v 3.91919945 12.08166448 8.00000000
v 3.66644780 9.19269985 8.00000000
v 3.72621948 9.18747051 8.00000000
v 3.97897114 12.07643513 8.00000000
v 5.47706554 6.02283181 5.78000000
v 5.47706554 6.02283181 5.84000000
v 3.40498057 6.20411576 5.82000000
v 3.44764992 6.20038267 5.86201656
v 7.54915052 5.84154787 5.82000000
v 7.50648117 5.84528095 5.86201656
v 7.54915052 5.84154787 8.00000000
v 7.48937883 5.84677721 8.00000000
v 7.54915052 5.84154787 10.18000000
v 7.50648117 5.84528095 10.13798344
v 5.47706554 6.02283181 10.22000000
v 5.47706554 6.02283181 10.16000000
v 3.40498057 6.20411576 10.18000000
v 3.44764992 6.20038267 10.13798344
v 3.40498057 6.20411576 8.00000000
v 3.46475225 6.19888641 8.00000000
v 5.29403848 3.93082295 5.78000000
v 5.29452567 3.93623826 5.83975313
v 3.22195351 4.11210689 5.82000000
v 3.26512777 4.11340036 5.86164505
v 7.36612346 3.74953900 5.82000000
v 7.32359962 3.75577176 5.86186736
v 7.36612346 3.74953900 8.00000000
v 7.30635177 3.75476835 8.00000000
v 7.36612346 3.74953900 10.18000000
v 7.32382972 3.75830995 10.13835495
v 5.29403848 3.93082295 10.22000000
v 5.29449906 3.93624059 10.16024687
v 3.22195351 4.11210689 10.18000000
v 3.26491362 4.11086077 10.13813264
v 3.22195351 4.11210689 8.00000000
v 3.28172519 4.10687755 8.00000000
v 5.23738725 3.28329639 5.90000000
v 5.23870807 3.29405152 5.95901341
v 3.16530228 3.46458034 5.93783784
v 3.21927419 3.46462837 5.96404909
v 7.30947222 3.10201245 5.93783784
v 7.28279491 3.11396900 5.99023404
v 7.30947222 3.10201245 8.00000000
v 7.24970054 3.10724179 8.00000000
v 7.30947222 3.10201245 10.06216216
v 7.25632860 3.11143187 10.03595091
v 5.23738725 3.28329639 10.10000000
v 5.23795411 3.29411749 10.04098659
v 3.16530228 3.46458034 10.06216216
v 3.19365053 3.47172278 10.00976596
v 3.16530228 3.46458034 8.00000000
v 3.22507396 3.45935099 8.00000000
v 8.01632618 11.72606904 5.82000000
v 10.00871557 11.90038053 5.78000000
v 10.26146723 9.01141591 5.78000000
v 10.26147535 9.01141129 5.84000000
v 10.00834775 11.90034835 5.83999886
v 8.04394510 11.72773421 5.87323929
v 8.18938226 8.83013196 5.82000000
v 8.23211078 8.83308721 5.86201833
v 12.08080055 12.08166448 5.82000000
v 12.33355220 9.19269985 5.82000000
v 12.29088285 9.18896677 5.86201656
v 12.02723556 12.07697815 5.84662388
v 12.08080055 12.08166448 8.00000000
v 12.33355220 9.19269985 8.00000000
v 12.27378052 9.18747051 8.00000000
v 12.02102886 12.07643513 8.00000000
v 12.08080055 12.08166448 10.18000000
v 12.33355220 9.19269985 10.18000000
v 12.29088285 9.18896677 10.13798344
v 12.05325298 12.07925438 10.12675225
v 10.00871557 11.90038053 10.22000000
v 10.26146723 9.01141591 10.22000000
v 10.26146723 9.01141591 10.16000000
v 10.00911500 11.90040440 10.16000133
v 8.01632618 11.72606904 10.18000000
v 8.18938226 8.83013196 10.18000000
v 8.23208778 8.83347273 10.13798718
v 8.07000424 11.72927675 10.15338467
v 8.01632618 11.72606904 8.00000000
v 8.18938226 8.83013196 8.00000000
v 8.24922036 8.83453661 8.00000000
v 8.07621933 11.72964815 8.00000000
v 10.52293446 6.02283181 5.78000000
v 10.52293446 6.02283181 5.84000000
v 8.45084948 5.84154787 5.82000000
v 8.49351883 5.84528095 5.86201656
v 12.59501943 6.20411576 5.82000000
v 12.55235008 6.20038267 5.86201656
v 12.59501943 6.20411576 8.00000000
v 12.53524775 6.19888641 8.00000000
v 12.59501943 6.20411576 10.18000000
v 12.55235008 6.20038267 10.13798344
v 10.52293446 6.02283181 10.22000000
v 10.52293446 6.02283181 10.16000000
v 8.45084948 5.84154787 10.18000000
v 8.49351883 5.84528095 10.13798344
v 8.45084948 5.84154787 8.00000000
v 8.51062117 5.84677721 8.00000000
v 10.70596152 3.93082295 5.78000000
v 10.70550094 3.93624059 5.83975313
v 8.63387654 3.74953900 5.82000000
v 8.67617028 3.75830995 5.86164505
v 12.77804649 4.11210689 5.82000000
v 12.73508638 4.11086077 5.86186736
v 12.77804649 4.11210689 8.00000000
v 12.71827481 4.10687755 8.00000000
v 12.77804649 4.11210689 10.18000000
v 12.73487223 4.11340036 10.13835495
v 10.70596152 3.93082295 10.22000000
v 10.70547433 3.93623826 10.16024687
v 8.63387654 3.74953900 10.18000000
v 8.67640038 3.75577176 10.13813264
v 8.63387654 3.74953900 8.00000000
v 8.69364823 3.75476835 8.00000000
v 10.76261275 3.28329639 5.90000000
v 10.76204589 3.29411749 5.95901341
v 8.69052778 3.10201245 5.93783784
v 8.74367140 3.11143187 5.96404909
v 12.83469772 3.46458034 5.93783784
v 12.80634947 3.47172278 5.99023404
v 12.83469772 3.46458034 8.00000000
v 12.77492604 3.45935099 8.00000000
v 12.83469772 3.46458034 10.06216216
v 12.78072581 3.46462837 10.03595091
v 10.76261275 3.28329639 10.10000000
v 10.76129193 3.29405152 10.04098659
v 8.69052778 3.10201245 10.06216216
v 8.71720509 3.11396900 10.00976596
v 8.69052778 3.10201245 8.00000000
v 8.75029946 3.10724179 8.00000000
v 3.78000000 13.92000000 5.68000000
v 8.00000000 13.92000000 5.65000000
v 8.00000000 11.50000000 5.65000000
v 8.00014218 11.50000000 5.70999983
v 7.99985782 13.92000000 5.70999983
v 3.80675714 13.92000000 5.73370340
v 3.78000000 11.50000000 5.68000000
v 3.83295131 11.50000000 5.70821628
v 12.22000000 13.92000000 5.68000000
v 12.22000000 11.50000000 5.68000000
v 12.19324286 11.50000000 5.73370340
v 12.16704869 13.92000000 5.70821628
v 12.30000000 13.92000000 8.00000000
v 12.30000000 11.50000000 8.00000000
v 12.24000396 11.50000000 8.00068961
v 12.24000396 13.92000000 7.99931039
v 12.22000000 13.92000000 10.32000000
v 12.22000000 11.50000000 10.32000000
v 12.16704869 11.50000000 10.29178372
v 12.19324286 13.92000000 10.26629660
v 8.00000000 13.92000000 10.35000000
v 8.00000000 11.50000000 10.35000000
v 7.99985782 11.50000000 10.29000017
v 8.00014218 13.92000000 10.29000017
v 3.78000000 13.92000000 10.32000000
v 3.78000000 11.50000000 10.32000000
v 3.80675714 11.50000000 10.26629660
v 3.83295131 13.92000000 10.29178372
v 3.70000000 13.92000000 8.00000000
v 3.70000000 11.50000000 8.00000000
v 3.75999604 11.50000000 7.99931039
v 3.75999604 13.92000000 8.00068961
v 3.08870908 4.42491022 5.70000000
v 5.32018521 4.22968135 5.70000000
v 5.25220373 3.45264949 5.70000000
v 5.25220373 3.45264949 5.75500000
v 5.32018521 4.22968135 5.75500000
v 3.11321223 4.42276647 5.74919350
v 3.02072760 3.64787835 5.70000000
v 3.06973390 3.64359086 5.72459675
v 7.55166133 4.03445249 5.70000000
v 7.48367985 3.25742063 5.70000000
v 7.45917670 3.25956437 5.74919350
v 7.50265503 4.03873999 5.72459675
v 7.55166133 4.03445249 8.00000000
v 7.48367985 3.25742063 8.00000000
v 7.42888914 3.26221419 8.00000000
v 7.49687062 4.03924606 8.00000000
v 7.55166133 4.03445249 10.30000000
v 7.48367985 3.25742063 10.30000000
v 7.43467355 3.26170812 10.27540325
v 7.52715818 4.03659624 10.25080650
v 5.32018521 4.22968135 10.30000000
v 5.25220373 3.45264949 10.30000000
v 5.25220373 3.45264949 10.24500000
v 5.32018521 4.22968135 10.24500000
v 3.08870908 4.42491022 10.30000000
v 3.02072760 3.64787835 10.30000000
v 3.04523075 3.64573461 10.25080650
v 3.13771538 4.42062272 10.27540325
v 3.08870908 4.42491022 8.00000000
v 3.02072760 3.64787835 8.00000000
v 3.07551831 3.64308479 8.00000000
v 3.14349979 4.42011665 8.00000000
v 8.44833867 4.03445249 5.70000000
v 10.67981479 4.22968135 5.70000000
v 10.74779627 3.45264949 5.70000000
v 10.74779627 3.45264949 5.75500000
v 10.67981479 4.22968135 5.75500000
v 8.47284182 4.03659624 5.74919350
v 8.51632015 3.25742063 5.70000000
v 8.56532645 3.26170812 5.72459675
v 12.91129092 4.42491022 5.70000000
v 12.97927240 3.64787835 5.70000000
v 12.95476925 3.64573461 5.74919350
v 12.86228462 4.42062272 5.72459675
v 12.91129092 4.42491022 8.00000000
v 12.97927240 3.64787835 8.00000000
v 12.92448169 3.64308479 8.00000000
v 12.85650021 4.42011665 8.00000000
v 12.91129092 4.42491022 10.30000000
v 12.97927240 3.64787835 10.30000000
v 12.93026610 3.64359086 10.27540325
v 12.88678777 4.42276647 10.25080650
v 10.67981479 4.22968135 10.30000000
v 10.74779627 3.45264949 10.30000000
v 10.74779627 3.45264949 10.24500000
v 10.67981479 4.22968135 10.24500000
v 8.44833867 4.03445249 10.30000000
v 8.51632015 3.25742063 10.30000000
v 8.54082330 3.25956437 10.25080650
v 8.49734497 4.03873999 10.27540325
v 8.44833867 4.03445249 8.00000000
v 8.51632015 3.25742063 8.00000000
v 8.57111086 3.26221419 8.00000000
v 8.50312938 4.03924606 8.00000000
v 3.38321874 3.54589710 5.50000000
v 7.10898691 3.21993462 5.50000000
v 6.99133118 1.47354345 5.30000000
v 6.95871908 1.44630832 5.37361860
v 7.06561102 3.21450850 5.57289780
v 3.40365546 3.53430859 5.58168872
v 3.19582938 1.80560683 5.30000000
v 3.22465816 1.77157118 5.37235659
v 7.42776921 3.19204478 5.82000000
v 7.31011348 1.44565361 5.62000000
v 7.23136158 1.43947596 5.65138430
v 7.34556340 3.19513307 5.84139316
v 7.42776921 3.19204478 9.93000000
v 7.31011348 1.44565361 9.93000000
v 7.23159815 1.44819501 9.89753641
v 7.35458935 3.19697497 9.88704187
v 7.10898691 3.21993462 10.25000000
v 6.99133118 1.47354345 10.25000000
v 6.95867566 1.47317932 10.17152398
v 7.08755136 3.22137875 10.16775991
v 3.38321874 3.54589710 10.25000000
v 3.19582938 1.80560683 10.25000000
v 3.22787490 1.79932008 10.17152350
v 3.42594007 3.54129699 10.17666019
v 3.06443644 3.57378694 9.93000000
v 2.87704707 1.83349667 9.93000000
v 2.95484414 1.82270194 9.89750247
v 3.14620519 3.56498232 9.90852093
v 3.06443644 3.57378694 5.82000000
v 2.87704707 1.83349667 5.62000000
v 2.95231134 1.80806935 5.65022815
v 3.13677508 3.56108058 5.86278631
v 6.96892809 0.47168363 4.55000000
v 6.93428384 0.45911202 4.62659459
v 3.04392098 0.81507725 4.55000000
v 3.07464425 0.79903081 4.62761180
v 7.28771039 0.44379379 4.87000000
v 7.20850263 0.44010337 4.90061881
v 7.28771039 0.44379379 9.98000000
v 7.20944825 0.45024816 9.94746728
v 6.96892809 0.47168363 10.30000000
v 6.93636271 0.47210218 10.22148681
v 3.04392098 0.81507725 10.30000000
v 3.07620551 0.81113832 10.22146852
v 2.72513867 0.84296709 9.98000000
v 2.80334346 0.83582785 9.94747243
v 2.72513867 0.84296709 4.87000000
v 2.80372669 0.83526241 4.90145729
v 6.88375931 -0.04285138 4.70000000
v 6.86526428 -0.01682496 4.77877537
v 3.03844778 0.29356978 4.70000000
v 3.08172439 0.31337241 4.77042720
v 7.20254162 -0.07074122 5.02000000
v 7.13236026 -0.04698126 5.06165383
v 7.20254162 -0.07074122 9.98000000
v 7.12139525 -0.05730941 9.95855581
v 6.88375931 -0.04285138 10.30000000
v 6.84129906 -0.03582312 10.22670109
v 3.03844778 0.29356978 10.30000000
v 3.05996560 0.29334395 10.21776903
v 2.71966548 0.32145962 9.98000000
v 2.79304800 0.32068947 9.93711163
v 2.71966548 0.32145962 5.02000000
v 2.80191480 0.32658681 5.04082691
v 8.89101309 3.21993462 5.50000000
v 12.61678126 3.54589710 5.50000000
v 12.80417062 1.80560683 5.30000000
v 12.77678331 1.77312243 5.37361860
v 12.57500658 3.53302127 5.57289780
v 8.91315165 3.21207097 5.58168872
v 9.00866882 1.47354345 5.30000000
v 9.04296986 1.44503094 5.37235659
v 12.93556356 3.57378694 5.82000000
v 13.12295293 1.83349667 5.62000000
v 13.04647018 1.81373774 5.65138430
v 12.85407037 3.56255342 5.84139316
v 12.93556356 3.57378694 9.93000000
v 13.12295293 1.83349667 9.93000000
v 13.04518911 1.82236541 9.89753641
v 12.86263935 3.56593467 9.88704187
v 12.61678126 3.54589710 10.25000000
v 12.80417062 1.80560683 10.25000000
v 12.77207445 1.79957766 10.17152398
v 12.59542060 3.54359705 10.16775991
v 8.89101309 3.21993462 10.25000000
v 9.00866882 1.47354345 10.25000000
v 9.04131919 1.47291685 10.17152350
v 8.93388418 3.22282288 10.17666019
v 8.57223079 3.19204478 9.93000000
v 8.68988652 1.44565361 9.93000000
v 8.76837616 1.44853220 9.89750247
v 8.65428619 3.19757292 9.90852093
v 8.57223079 3.19204478 5.82000000
v 8.68988652 1.44565361 5.62000000
v 8.76842277 1.43368210 5.65022815
v 8.64567688 3.19209294 5.86278631
v 12.95607902 0.81507725 4.55000000
v 12.92414413 0.79668073 4.62659459
v 9.03107191 0.47168363 4.55000000
v 9.06411487 0.46121601 4.62761180
v 13.27486133 0.84296709 4.87000000
v 13.19749774 0.82557846 4.90061881
v 13.27486133 0.84296709 9.98000000
v 13.19666737 0.83573333 9.94746728
v 12.95607902 0.81507725 10.30000000
v 12.92393571 0.80983453 10.22148681
v 9.03107191 0.47168363 10.30000000
v 9.06354995 0.47341069 10.22146852
v 8.71228961 0.44379379 9.98000000
v 8.79054600 0.45034313 9.94747243
v 8.71228961 0.44379379 4.87000000
v 8.79102160 0.44985282 4.90145729
v 12.96155222 0.29356978 4.70000000
v 12.93881872 0.31598917 4.77877537
v 9.11624069 -0.04285138 4.70000000
v 9.15542114 -0.01583470 4.77042720
v 13.28033452 0.32145962 5.02000000
v 13.20709351 0.33267175 5.06165383
v 13.28033452 0.32145962 9.98000000
v 13.19808854 0.32059645 9.95855581
v 12.96155222 0.29356978 10.30000000
v 12.91851659 0.29311813 10.22670109
v 9.11624069 -0.04285138 10.30000000
v 9.13747081 -0.03933725 10.21776903
v 8.79745838 -0.07074122 9.98000000
v 8.86985979 -0.05875693 9.93711163
v 8.79745838 -0.07074122 5.02000000
v 8.87756783 -0.05140948 5.04082691
v 3.40000000 29.30000000 3.63000000
v 3.40000000 31.80000000 3.63000000
v 3.92000000 31.48800000 3.15000000
v 3.93075939 31.48735001 3.19882431
v 3.42804551 31.78575362 3.66886502
v 3.43421632 29.29986637 3.66645855
v 3.89400000 28.13000000 3.15000000
v 3.89620132 28.12991788 3.19995145
v 4.25000000 32.75000000 3.63000000
v 4.56200000 32.25600000 3.15000000
v 4.57001510 32.24855376 3.19878844
v 4.26609995 32.72499291 3.67019250
v 5.90000000 33.65000000 3.63000000
v 6.05600000 32.81800000 3.15000000
v 6.05967521 32.80911929 3.19906756
v 5.90476256 33.62563189 3.67339946
v 7.45000000 33.70000000 3.63000000
v 7.73600000 32.89400000 3.15000000
v 7.73602193 32.88641271 3.19942097
v 7.44597831 33.67132909 3.67076524
v 10.00000000 33.05000000 3.63000000
v 10.00000000 32.53000000 3.15000000
v 9.99778660 32.52098258 3.19913031
v 9.99101338 33.01605843 3.66559790
v 11.75000000 32.55000000 3.63000000
v 11.46400000 32.16000000 3.15000000
v 11.46072045 32.14870864 3.19859784
v 11.73059196 32.52192860 3.66654209
v 12.60000000 31.80000000 3.63000000
v 12.08000000 31.48800000 3.15000000
v 12.07175901 31.48047846 3.19873923
v 12.56901692 31.79164601 3.66834396
v 12.60000000 29.30000000 3.63000000
v 12.10600000 28.13000000 3.15000000
v 12.08522516 28.12994069 3.19547969
v 12.56515645 29.30000000 3.66585982
v 4.40000000 31.20000000 3.30000000
v 4.36177826 31.21535097 3.32834513
v 4.35000000 27.05000000 3.28000000
v 4.30860249 27.05008794 3.30803995
v 4.85000000 31.80000000 3.30000000
v 4.83010871 31.83808689 3.32556805
v 6.20000000 32.05000000 3.30000000
v 6.19492466 32.09324349 3.32458132
v 8.00000000 32.15000000 3.30000000
v 8.00041393 32.19321540 3.32514473
v 10.00000000 32.05000000 3.30000000
v 10.00671067 32.09358624 3.32356282
v 11.20000000 31.80000000 3.30000000
v 11.22673388 31.83361339 3.32560155
v 11.60000000 31.20000000 3.30000000
v 11.63615522 31.20951405 3.33320065
v 11.65000000 27.05000000 3.28000000
v 11.67557502 27.05016303 3.32296384
v 4.40000000 31.24000000 3.42000000
v 4.35149583 31.25086519 3.42541233
v 4.43000000 27.05000000 3.42000000
v 4.38658868 27.04968918 3.44480647
v 4.85000000 31.84000000 3.42000000
v 4.81917964 31.87735097 3.40754968
v 6.20000000 32.09000000 3.42000000
v 6.19334420 32.13701202 3.40432933
v 8.00000000 32.19000000 3.42000000
v 7.99903422 32.23742532 3.40419156
v 10.00000000 32.09000000 3.42000000
v 10.00482258 32.13721301 3.40426233
v 11.20000000 31.84000000 3.42000000
v 11.22146573 31.88284040 3.40571987
v 11.60000000 31.24000000 3.42000000
v 11.64587803 31.25885962 3.41371346
v 11.57000000 27.05000000 3.42000000
v 11.61830964 27.05002353 3.43289101
v 3.95000000 23.10000000 5.50000000
v 4.85000000 23.05000000 5.30000000
v 4.85000000 21.00000000 5.28000000
v 4.86369084 21.00023846 5.33841664
v 4.86331772 23.04827595 5.35847791
v 3.96206095 23.09901244 5.55876698
v 3.95000000 21.00000000 5.45000000
v 3.96134672 21.00011378 5.50891722
v 5.70000000 22.95000000 5.15000000
v 5.80000000 21.00000000 5.00000000
v 5.80185846 20.99915847 5.05996531
v 5.69630008 22.94526906 5.20969865
v 6.70000000 22.65000000 5.30000000
v 6.80000000 21.00000000 5.18000000
v 6.79233864 20.99823566 5.23948269
v 6.69389244 22.64569714 5.35953304
v 7.90000000 22.25000000 5.34000000
v 7.90000000 21.00000000 5.27000000
v 7.89570216 20.99776286 5.32980405
v 7.89688907 22.24664977 5.39982556
v 4.95000000 18.00000000 5.30000000
v 4.96107083 18.00235388 5.35892280
v 4.05000000 18.00000000 5.48000000
v 4.06048572 18.00218908 5.53903607
v 5.95000000 18.00000000 5.08000000
v 5.95214157 18.00300385 5.13988648
v 6.80000000 18.00000000 5.25000000
v 6.79211301 18.00244248 5.30942920
v 7.85000000 18.00000000 5.33000000
v 7.84533305 18.00209539 5.38978151
v 5.10000000 14.30000000 5.48000000
v 5.10855232 14.30291083 5.53931598
v 4.35000000 14.30000000 5.58000000
v 4.35792425 14.30224877 5.63943189
v 6.00000000 14.30000000 5.39000000
v 6.00410570 14.30440659 5.44969694
v 6.90000000 14.30000000 5.49000000
v 6.89254395 14.30405641 5.54939657
v 7.80000000 14.30000000 5.55000000
v 7.79573334 14.30369017 5.60973423
v 7.65000000 22.20000000 4.98000000
v 8.70000000 22.70000000 5.22000000
v 8.70000000 21.00000000 5.25000000
v 8.69549419 21.00024312 5.30983008
v 8.70000698 22.70006370 5.27999997
v 7.63358595 22.19861900 5.03769464
v 7.65000000 21.00000000 4.90000000
v 7.63177812 20.99953737 4.95716423
v 9.80000000 22.90000000 5.14000000
v 9.80000000 21.00000000 5.08000000
v 9.79698891 21.00031940 5.13992355
v 9.79334027 22.89874449 5.19961604
v 10.95000000 23.00000000 5.35000000
v 10.95000000 21.00000000 5.35000000
v 10.93965783 21.00031595 5.40910110
v 10.94100068 23.00000000 5.40932126
v 12.05000000 23.10000000 5.50000000
v 12.05000000 21.00000000 5.50000000
v 12.04189335 21.00035425 5.55944877
v 12.04189321 23.10000000 5.55944981
v 8.70000000 18.00000000 5.29000000
v 8.69435510 18.00219149 5.34969366
v 7.70000000 18.00000000 5.00000000
v 7.68387753 18.00283480 5.05772374
v 9.80000000 18.00000000 5.16000000
v 9.79845062 18.00220986 5.21993927
v 10.85000000 18.00000000 5.40000000
v 10.83972525 18.00148351 5.45909508
v 11.95000000 18.00000000 5.54000000
v 11.94224901 18.00118813 5.59948538
v 8.65000000 14.30000000 5.48000000
v 8.64103100 14.30333203 5.53923221
v 7.72000000 14.30000000 5.24000000
v 7.70503555 14.30368045 5.29798724
v 9.70000000 14.30000000 5.39000000
v 9.70216640 14.30346955 5.44986041
v 10.75000000 14.30000000 5.49000000
v 10.74164760 14.30242304 5.54936637
v 11.65000000 14.30000000 5.58000000
v 11.64322853 14.30143533 5.63959939
v 12.00000000 22.90000000 10.60000000
v 10.00000000 22.90000000 10.73000000
v 10.02500000 21.00000000 10.78000000
v 10.01965729 20.99949923 10.72024044
v 9.99406465 22.89827686 10.67031916
v 11.99613360 22.89834878 10.54014748
v 12.05000000 21.00000000 10.65000000
v 12.04632524 20.99963270 10.59011376
v 8.00000000 22.90000000 10.96000000
v 8.00000000 21.00000000 11.02000000
v 7.99882839 20.99947149 10.96001377
v 8.00098701 22.89819065 10.90003541
v 6.00000000 22.90000000 10.80000000
v 5.97500000 21.00000000 10.85000000
v 5.98039372 20.99926699 10.79024742
v 6.00554879 22.89832925 10.74028049
v 4.00000000 22.90000000 10.60000000
v 3.95000000 21.00000000 10.65000000
v 3.95592064 20.99894015 10.59030224
v 4.00596775 22.89827249 10.54032252
v 9.97500000 18.00000000 10.76000000
v 9.97036772 18.00122912 10.70019171
v 11.95000000 18.00000000 10.65000000
v 11.94603017 18.00157034 10.59015207
v 8.00000000 18.00000000 10.97000000
v 7.99867266 18.00179488 10.91004154
v 6.02500000 18.00000000 10.84000000
v 6.03004538 18.00167095 10.78023586
v 4.05000000 18.00000000 10.65000000
v 4.05579517 18.00112531 10.59029113
v 9.82500000 14.30000000 10.66000000
v 9.82061392 14.30213378 10.60019858
v 11.65000000 14.30000000 10.50000000
v 11.64476572 14.30284481 10.44029649
v 8.00000000 14.30000000 10.80000000
v 7.99766273 14.30243638 10.74009507
v 6.17500000 14.30000000 10.68000000
v 6.17958455 14.30277083 10.62023961
v 4.35000000 14.30000000 10.50000000
v 4.35581087 14.30285075 10.44035013
v 4.00000000 22.90000000 10.60000000
v 3.96000000 23.10000000 10.25000000
v 3.93000000 21.00000000 10.25000000
v 3.98495680 20.99921056 10.24796865
v 4.01494910 23.09921501 10.24776829
v 4.05478522 22.89885070 10.59528204
v 3.95000000 21.00000000 10.65000000
v 4.00436148 20.99988179 10.64164442
v 3.96000000 23.10000000 8.00000000
v 3.93000000 21.00000000 8.00000000
v 3.98499595 20.99933220 8.00000000
v 4.01499439 23.09921437 8.00000000
v 3.96000000 23.10000000 6.05000000
v 3.93000000 21.00000000 6.05000000
v 3.98491985 20.99973405 6.05295627
v 4.01499688 23.09948419 6.05027750
v 3.95000000 23.10000000 5.50000000
v 3.95000000 21.00000000 5.45000000
v 4.00499163 21.00036291 5.45088830
v 4.00499091 23.10002381 5.49900017
v 3.90000000 18.00000000 10.25000000
v 3.95455417 18.00010416 10.24301203
v 4.05000000 18.00000000 10.65000000
v 4.09570580 18.00205211 10.61947511
v 3.90000000 18.00000000 8.00000000
v 3.95499931 17.99972501 8.00000000
v 3.90000000 18.00000000 6.05000000
v 3.95379936 18.00052642 6.06141716
v 4.05000000 18.00000000 5.48000000
v 4.10404817 18.00200991 5.48998776
v 3.90000000 14.30000000 10.25000000
v 3.94907282 14.30151249 10.22520947
v 4.35000000 14.30000000 10.50000000
v 4.37663592 14.30410337 10.45205534
v 3.90000000 14.30000000 8.00000000
v 3.95500000 14.30000000 8.00000000
v 3.90000000 14.30000000 6.05000000
v 3.95330680 14.30000000 6.06354199
v 4.35000000 14.30000000 5.58000000
v 4.39792879 14.30241597 5.60686995
v 12.05000000 23.10000000 5.50000000
v 12.04000000 23.10000000 6.05000000
v 12.07000000 21.00000000 6.05000000
v 12.01500489 20.99946310 6.05049970
v 11.98500662 23.09921438 6.04966674
v 11.99500367 23.09960709 5.50049967
v 12.05000000 21.00000000 5.50000000
v 11.99539333 21.00047501 5.50654870
v 12.04000000 23.10000000 8.00000000
v 12.07000000 21.00000000 8.00000000
v 12.01500405 20.99933220 8.00000000
v 11.98500561 23.09921437 8.00000000
v 12.04000000 23.10000000 10.25000000
v 12.07000000 21.00000000 10.25000000
v 12.01515884 20.99973264 10.24583160
v 11.98510979 23.09893408 10.24669411
v 12.00000000 22.90000000 10.60000000
v 12.05000000 21.00000000 10.65000000
v 11.99516252 20.99980733 10.64577940
v 11.94549177 22.89837724 10.59284319
v 12.10000000 18.00000000 6.05000000
v 12.04528122 18.00014542 6.05555283
v 11.95000000 18.00000000 5.54000000
v 11.90035533 18.00191171 5.56359559
v 12.10000000 18.00000000 8.00000000
v 12.04500069 17.99972501 8.00000000
v 12.10000000 18.00000000 10.25000000
v 12.04723840 18.00059545 10.23448037
v 11.95000000 18.00000000 10.65000000
v 11.89683288 18.00210848 10.63607837
v 12.10000000 14.30000000 6.05000000
v 12.04831063 14.30127094 6.06875084
v 11.65000000 14.30000000 5.58000000
v 11.61035941 14.30362441 5.61795375
v 12.10000000 14.30000000 8.00000000
v 12.04500000 14.30000000 8.00000000
v 12.10000000 14.30000000 10.25000000
v 12.04811507 14.30000000 10.23175297
v 11.65000000 14.30000000 10.50000000
v 11.60840886 14.30263324 10.46410789
v 12.60000000 26.90000000 3.63000000
v 12.60000000 30.55000000 3.63000000
v 12.82000000 30.15000000 5.70000000
v 12.75512051 30.14796949 5.70339539
v 12.53520199 30.54802197 3.63472290
v 12.53515234 26.90179896 3.63406757
v 12.65000000 27.08000000 5.70000000
v 12.58523429 27.08520084 5.70183148
v 12.60000000 31.80000000 3.63000000
v 12.65000000 32.00000000 5.70000000
v 12.59161772 31.97159988 5.70315313
v 12.54546547 31.76495160 3.63475345
v 11.75000000 32.55000000 3.63000000
v 11.75000000 32.80000000 5.70000000
v 11.71830574 32.74341389 5.70429958
v 11.72281475 32.49144663 3.63758054
v 10.00000000 33.05000000 3.63000000
v 10.00000000 33.35000000 5.70000000
v 9.98254548 33.28758192 5.70493183
v 9.98350371 32.98777818 3.63901765
v 7.45000000 33.70000000 3.63000000
v 7.45000000 34.00000000 5.70000000
v 7.44194852 33.93572008 5.70531660
v 7.44535262 33.63591500 3.63982421
v 5.90000000 33.65000000 3.63000000
v 5.85000000 34.00000000 5.70000000
v 5.86725128 33.93763015 5.70611519
v 5.92248366 33.58983664 3.63999273
v 4.25000000 32.75000000 3.63000000
v 4.25000000 33.05000000 5.70000000
v 4.29141255 33.00016758 5.70517017
v 4.29336006 32.70203326 3.63664054
v 3.40000000 31.80000000 3.63000000
v 3.35000000 32.00000000 5.70000000
v 3.40961804 31.97428860 5.70310059
v 3.46245738 31.78271927 3.63504500
v 3.40000000 30.55000000 3.63000000
v 3.18000000 30.15000000 5.70000000
v 3.24486944 30.15061005 5.70407222
v 3.46476990 30.55119127 3.63533297
v 3.40000000 26.90000000 3.63000000
v 3.35000000 27.08000000 5.70000000
v 3.41488763 27.08239172 5.70297919
v 3.46498105 26.90000000 3.63156959
v 12.95000000 29.50000000 8.00000000
v 12.88500619 29.49984122 7.99911685
v 12.65000000 27.20000000 8.00000000
v 12.58554422 27.20822032 7.99830328
v 12.65000000 32.10000000 8.00000000
v 12.59226455 32.07018446 7.99837149
v 11.75000000 32.90000000 8.00000000
v 11.71869464 32.84306291 7.99822731
v 10.00000000 33.40000000 8.00000000
v 9.98316886 33.33727729 7.99724782
v 7.45000000 34.05000000 8.00000000
v 7.44191020 33.98563757 7.99587293
v 5.85000000 34.05000000 8.00000000
v 5.86542421 33.98694991 7.99656777
v 4.25000000 33.15000000 8.00000000
v 4.29170904 33.10015829 7.99892287
v 3.35000000 32.10000000 8.00000000
v 3.40961365 32.07414100 7.99841119
v 3.05000000 29.50000000 8.00000000
v 3.11499648 29.50063840 7.99977564
v 3.35000000 27.20000000 8.00000000
v 3.41463026 27.20680298 8.00128425
v 12.83000000 29.20000000 10.00000000
v 12.76509341 29.20145419 9.99683465
v 12.55000000 26.90000000 10.00000000
v 12.48531092 26.90598322 9.99787293
v 12.55000000 32.00000000 10.00000000
v 12.49275154 31.96940746 9.99657795
v 11.75000000 32.70000000 10.00000000
v 11.71892889 32.64312235 9.99504829
v 10.00000000 33.20000000 10.00000000
v 9.98447002 33.13714588 9.99423987
v 7.45000000 33.75000000 10.00000000
v 7.44275692 33.68582495 9.99264472
v 5.95000000 33.75000000 10.00000000
v 5.96320402 33.68687172 9.99190838
v 4.25000000 33.00000000 10.00000000
v 4.28969449 32.94876553 9.99506280
v 3.45000000 32.00000000 10.00000000
v 3.51023550 31.97575504 9.99702223
v 3.17000000 29.20000000 10.00000000
v 3.23492470 29.19959680 9.99689827
v 3.45000000 26.90000000 10.00000000
v 3.51449257 26.90803808 9.99895243
v 12.65000000 29.30000000 12.60000000
v 12.58511480 29.30253423 12.59708652
v 12.55000000 26.40000000 12.60000000
v 12.48504004 26.40224000 12.60043077
v 12.55000000 31.90000000 12.60000000
v 12.48891775 31.87790554 12.59759302
v 11.75000000 32.50000000 12.60000000
v 11.71620071 32.44459450 12.59641696
v 10.00000000 33.00000000 12.60000000
v 9.98395798 32.93719622 12.59516894
v 7.45000000 33.50000000 12.60000000
v 7.44125443 33.43584899 12.59424124
v 6.00000000 33.50000000 12.60000000
v 6.00865132 33.43589013 12.59366922
v 4.25000000 32.75000000 12.60000000
v 4.28356076 32.69460591 12.59450724
v 3.45000000 31.90000000 12.60000000
v 3.50722825 31.86924962 12.59791648
v 3.35000000 29.30000000 12.60000000
v 3.41489340 29.29775629 12.59703137
v 3.45000000 26.40000000 12.60000000
v 3.51478506 26.40505399 12.59846591
v 12.55000000 31.90000000 12.60000000
v 11.75000000 32.50000000 12.60000000
v 11.75000000 30.30000000 12.88000000
v 11.74053765 30.29764387 12.81573560
v 11.74519845 32.49112781 12.53578762
v 12.53760209 31.89506622 12.53638436
v 12.55000000 30.00000000 12.65000000
v 12.53347964 29.99990063 12.58713453
v 10.00000000 33.00000000 12.60000000
v 10.00000000 30.50000000 13.00000000
v 10.00128748 30.49557068 12.93516387
v 10.00153716 32.99235132 12.53546989
v 7.45000000 33.50000000 12.60000000
v 7.45000000 30.25000000 12.72000000
v 7.44555395 30.24759070 12.65519701
v 7.44490083 33.49522628 12.53537640
v 6.00000000 33.50000000 12.60000000
v 6.00000000 30.45000000 13.05000000
v 5.99826318 30.44691477 12.98509650
v 6.00326194 33.49112252 12.53569176
v 4.25000000 32.75000000 12.60000000
v 4.25000000 30.40000000 12.88000000
v 4.26184332 30.39619888 12.81620120
v 4.25885483 32.74438786 12.53585099
v 3.45000000 31.90000000 12.60000000
v 3.45000000 30.00000000 12.65000000
v 3.46378949 29.99697649 12.58655153
v 3.45181610 31.89829073 12.53504786
v 11.75000000 27.50000000 12.82000000
v 11.74024880 27.50188921 12.75576337
v 12.55000000 27.80000000 12.65000000
v 12.53750313 27.80075482 12.58621710
v 10.00000000 27.30000000 12.94000000
v 9.99990475 27.30176457 12.87502403
v 7.45000000 26.90000000 12.73000000
v 7.44810645 26.90058589 12.66503023
v 6.00000000 27.40000000 13.00000000
v 5.99649047 27.40236521 12.93513792
v 4.25000000 27.50000000 12.84000000
v 4.26022870 27.50108469 12.77581903
v 3.45000000 27.80000000 12.65000000
v 3.46610624 27.80029047 12.58702775
v 11.75000000 26.10000000 12.77000000
v 11.74083557 26.10153041 12.70566750
v 12.55000000 26.40000000 12.65000000
v 12.54035787 26.40000000 12.58571914
v 10.00000000 26.00000000 12.86000000
v 9.99806491 26.00343354 12.79511960
v 7.45000000 25.85000000 12.75000000
v 7.45038447 25.85051047 12.68500314
v 6.00000000 26.15000000 12.90000000
v 5.99546283 26.15303721 12.83522972
v 4.25000000 26.10000000 12.80000000
v 4.25741617 26.10295445 12.73549208
v 3.45000000 26.40000000 12.65000000
v 3.46383019 26.40091074 12.58649491
v 4.35000000 27.05000000 3.25000000
v 8.00000000 26.00000000 3.55000000
v 8.00000000 25.45000000 3.40000000
v 7.99910331 25.45019055 3.45499236
v 7.99893466 25.99205856 3.60441322
v 4.34709518 27.04839409 3.30489975
v 4.10000000 25.90000000 3.35000000
v 4.09991346 25.90622262 3.40464679
v 11.65000000 27.05000000 3.25000000
v 11.90000000 25.90000000 3.35000000
v 11.90044482 25.90300183 3.40491622
v 11.65098070 27.05497543 3.30476571
v 12.60000000 27.05000000 3.25000000
v 12.65000000 25.90000000 3.35000000
v 12.61128494 25.90587393 3.38862177
v 12.55078815 27.05026766 3.27455855
v 12.60000000 27.35000000 8.00000000
v 12.65000000 25.80000000 8.00000000
v 12.59502474 25.80164815 8.00006420
v 12.54502929 27.34820573 7.99996640
v 12.60000000 27.05000000 12.65000000
v 12.65000000 25.55000000 12.70000000
v 12.61113645 25.55100665 12.66109484
v 12.57545002 27.04748448 12.60084747
v 8.00000000 27.00000000 12.65000000
v 8.00000000 25.60000000 12.70000000
v 8.00000367 25.59999876 12.64500000
v 8.00000751 26.99808076 12.59503350
v 3.40000000 27.05000000 12.65000000
v 3.35000000 25.55000000 12.70000000
v 3.38883434 25.55169341 12.66108951
v 3.44910585 27.04756952 12.62534826
v 3.40000000 27.35000000 8.00000000
v 3.35000000 25.80000000 8.00000000
v 3.40497747 25.80157398 8.00002931
v 3.45496456 27.34802579 7.99999917
v 3.40000000 27.05000000 3.25000000
v 3.35000000 25.90000000 3.35000000
v 3.38918025 25.90483850 3.38829487
v 3.42458377 27.05320034 3.29909579
v 8.00000000 23.95000000 3.65000000
v 8.00044150 23.98706524 3.69063216
v 4.20000000 23.95000000 3.60000000
v 4.20354122 23.98582776 3.64157922
v 11.80000000 23.95000000 3.60000000
v 11.78993136 23.98534211 3.64092136
v 12.50000000 24.20000000 3.60000000
v 12.45754881 24.22199511 3.62718660
v 12.50000000 24.15000000 8.00000000
v 12.44505547 24.15246934 8.00002705
v 12.50000000 24.15000000 12.65000000
v 12.46043620 24.16585239 12.61523784
v 8.00000000 24.15000000 12.65000000
v 8.00014847 24.16292850 12.59654131
v 3.50000000 24.15000000 12.65000000
v 3.53985961 24.16176583 12.61397533
v 3.50000000 24.15000000 8.00000000
v 3.55469194 24.15580855 8.00022961
v 3.50000000 24.20000000 3.60000000
v 3.54463840 24.22800735 3.61574807
v 8.00000000 23.65000000 5.05000000
v 7.99979248 23.70337072 5.06328622
v 4.25000000 23.60000000 4.70000000
v 4.26559399 23.65119442 4.71268696
v 11.75000000 23.60000000 4.70000000
v 11.74069407 23.65229866 4.71425658
v 12.45000000 24.05000000 4.70000000
v 12.41538270 24.09214955 4.70707517
v 12.50000000 24.05000000 8.00000000
v 12.44552714 24.05759214 8.00025882
v 12.50000000 24.05000000 12.55000000
v 12.45061049 24.06711251 12.53288749
v 8.00000000 23.80000000 12.55000000
v 7.99954717 23.82370446 12.50037245
v 3.50000000 24.05000000 12.55000000
v 3.52554397 24.07470200 12.50802004
v 3.50000000 24.05000000 8.00000000
v 3.55499930 24.05000000 8.00027775
v 3.55000000 24.05000000 4.70000000
v 3.59962298 24.07361810 4.70217846
v 3.40000000 31.20000000 3.63000000
v 3.40000000 31.20000000 3.10000000
v 3.40000000 27.00000000 3.10000000
v 3.43577709 27.00000000 3.11788854
v 3.41788854 31.20000000 3.13577709
v 3.44000000 31.20000000 3.63000000
v 3.40000000 27.00000000 3.63000000
v 3.44000000 27.00000000 3.63000000
v 4.40000000 31.20000000 3.10000000
v 4.35000000 27.00000000 3.10000000
v 4.35000000 27.00000000 3.14000000
v 4.40000000 31.20000000 3.14000000
v 11.60000000 31.20000000 3.10000000
v 12.60000000 31.20000000 3.10000000
v 12.60000000 27.00000000 3.10000000
v 12.58211146 27.00000000 3.13577709
v 12.56422291 31.20000000 3.11788854
v 11.60000000 31.20000000 3.14000000
v 11.65000000 27.00000000 3.10000000
v 11.65000000 27.00000000 3.14000000
v 12.60000000 31.20000000 3.63000000
v 12.60000000 27.00000000 3.63000000
v 12.56000000 27.00000000 3.63000000
v 12.56000000 31.20000000 3.63000000
v 4.20000000 24.20000000 12.95000000
v 1.80000000 25.10000000 10.55000000
v 0.65000000 24.85000000 10.55000000
v 0.67443215 24.80301946 10.53513735
v 1.81150905 25.04705837 10.54052767
v 4.20634994 24.15036869 12.92716556
v 2.80000000 24.15000000 12.90000000
v 2.81641558 24.10231744 12.87804773
v 1.80000000 25.10000000 8.00000000
v 0.65000000 24.85000000 8.00000000
v 0.67686732 24.80200889 8.00000000
v 1.81168363 25.04625530 8.00000000
v 1.80000000 25.10000000 5.55000000
v 0.65000000 24.85000000 5.55000000
v 0.67461908 24.80984749 5.57840206
v 1.82156847 25.05855392 5.57901764
v 2.20000000 24.65000000 4.75000000
v 1.80000000 23.65000000 4.50000000
v 1.81711857 23.64130348 4.55153955
v 2.21106274 24.63192591 4.80075375
v 5.30000000 23.20000000 4.65000000
v 4.75000000 22.25000000 4.35000000
v 4.75167060 22.25050087 4.40497234
v 5.29365453 23.18692279 4.70304452
v 8.50000000 21.40000000 4.65000000
v 7.95000000 20.45000000 4.35000000
v 7.95010045 20.45074973 4.40499480
v 8.49257386 21.38844070 4.70325631
v 11.50000000 19.45000000 4.65000000
v 10.95000000 18.60000000 4.42000000
v 10.94702660 18.59674596 4.47482308
v 11.49335967 19.43978411 4.70363340
v -0.50000000 23.65000000 10.55000000
v -0.46991702 23.60675405 10.53419486
v 1.40000000 23.80000000 12.85000000
v 1.41346676 23.74723056 12.84231677
v -0.50000000 23.65000000 8.00000000
v -0.46029065 23.61194521 8.00000000
v -0.50000000 23.65000000 5.55000000
v -0.46306543 23.61460437 5.57019869
v 1.40000000 22.65000000 4.75000000
v 1.41952143 22.64775806 4.80137010
v 4.20000000 21.30000000 4.68000000
v 4.20765618 21.31262293 4.73298155
v 7.40000000 19.50000000 4.70000000
v 7.40811373 19.51427231 4.75249256
v 10.30000000 17.75000000 4.70000000
v 10.30756673 17.76342975 4.75279571
v 7.95000000 21.00000000 4.20000000
v 11.30000000 23.15000000 4.38000000
v 11.80000000 22.10000000 4.20000000
v 11.79588967 22.09874181 4.25483176
v 11.30042054 23.13931982 4.43395143
v 7.95252426 20.99116510 4.25422705
v 8.45000000 20.00000000 4.00000000
v 8.44592402 20.00139408 4.05483104
v 13.90000000 24.50000000 4.75000000
v 14.40000000 23.55000000 4.50000000
v 14.38671106 23.54007331 4.55243915
v 13.89029232 24.47288585 4.79685706
v 14.25000000 25.10000000 5.55000000
v 15.45000000 24.85000000 5.55000000
v 15.42267544 24.80913740 5.57467016
v 14.23906633 25.04751839 5.56229374
v 14.25000000 25.10000000 8.00000000
v 15.45000000 24.85000000 8.00000000
v 15.42280906 24.80219150 8.00000000
v 14.23878252 25.04615608 8.00000000
v 14.25000000 25.10000000 10.55000000
v 15.45000000 24.85000000 10.55000000
v 15.42911981 24.80197724 10.53318240
v 14.24012803 25.04948743 10.53060864
v 12.10000000 24.15000000 12.75000000
v 13.10000000 24.00000000 12.72000000
v 13.09048742 23.95402971 12.69134266
v 12.09214943 24.10323600 12.72213431
v 12.30000000 21.00000000 4.40000000
v 12.29162077 21.00622416 4.45400045
v 8.95000000 19.00000000 4.20000000
v 8.94254747 19.00707991 4.25403087
v 14.90000000 22.60000000 4.75000000
v 14.88475801 22.60461013 4.80264436
v 16.55000000 23.65000000 5.55000000
v 16.51628534 23.62784387 5.58738218
v 16.55000000 23.65000000 8.00000000
v 16.50945652 23.61283515 8.00000000
v 16.55000000 23.65000000 10.55000000
v 16.51046239 23.61375719 10.53782479
v 14.10000000 23.80000000 12.65000000
v 14.07807840 23.76195114 12.61688312
usemtl material0
vt 0.00292969 0.95019531
vt 0.00292969 0.99707031
vt 0.03417969 0.99707031
f 1/1 2/2 3/3
vt 0.00292969 0.95019531
vt 0.03417969 0.99707031
vt 0.03417969 0.95019531
f 1/4 3/5 4/6
vt 0.04589844 0.95019531
vt 0.07714844 0.95019531
vt 0.07714844 0.99707031
f 5/7 6/8 7/9
vt 0.04589844 0.95019531
vt 0.07714844 0.99707031
vt 0.04589844 0.99707031
f 5/10 7/11 8/12
vt 0.08886719 0.95019531
vt 0.10449219 0.95019531
vt 0.10449219 0.99707031
f 1/13 5/14 8/15
vt 0.08886719 0.95019531
vt 0.10449219 0.99707031
vt 0.08886719 0.99707031
f 1/16 8/17 2/18
vt 0.11621094 0.95019531
vt 0.11621094 0.99707031
vt 0.13183594 0.99707031
f 4/19 3/20 7/21
vt 0.11621094 0.95019531
vt 0.13183594 0.99707031
vt 0.13183594 0.95019531
f 4/22 7/23 6/24
vt 0.14355469 0.99707031
vt 0.17480469 0.99707031
vt 0.17480469 0.98144531
f 1/25 4/26 6/27
vt 0.14355469 0.99707031
vt 0.17480469 0.98144531
vt 0.14355469 0.98144531
f 1/28 6/29 5/30
vt 0.18652344 0.99707031
vt 0.18652344 0.98144531
vt 0.21777344 0.98144531
f 2/31 8/32 7/33
vt 0.18652344 0.99707031
vt 0.21777344 0.98144531
vt 0.21777344 0.99707031
f 2/34 7/35 3/36
vt 0.22949219 0.96582031
vt 0.22949219 0.99707031
vt 0.26074219 0.99707031
f 9/37 10/38 11/39
vt 0.22949219 0.96582031
vt 0.26074219 0.99707031
vt 0.26074219 0.96582031
f 9/40 11/41 12/42
vt 0.27246094 0.96582031
vt 0.30371094 0.96582031
vt 0.30371094 0.99707031
f 13/43 14/44 15/45
vt 0.27246094 0.96582031
vt 0.30371094 0.99707031
vt 0.27246094 0.99707031
f 13/46 15/47 16/48
vt 0.31542969 0.96582031
vt 0.34667969 0.96582031
vt 0.34667969 0.99707031
f 9/49 13/50 16/51
vt 0.31542969 0.96582031
vt 0.34667969 0.99707031
vt 0.31542969 0.99707031
f 9/52 16/53 10/54
vt 0.35839844 0.96582031
vt 0.35839844 0.99707031
vt 0.38964844 0.99707031
f 12/55 11/56 15/57
vt 0.35839844 0.96582031
vt 0.38964844 0.99707031
vt 0.38964844 0.96582031
f 12/58 15/59 14/60
vt 0.40136719 0.99707031
vt 0.43261719 0.99707031
vt 0.43261719 0.96582031
f 9/61 12/62 14/63
vt 0.40136719 0.99707031
vt 0.43261719 0.96582031
vt 0.40136719 0.96582031
f 9/64 14/65 13/66
vt 0.44433594 0.99707031
vt 0.44433594 0.96582031
vt 0.47558594 0.96582031
f 10/67 16/68 15/69
vt 0.44433594 0.99707031
vt 0.47558594 0.96582031
vt 0.47558594 0.99707031
f 10/70 15/71 11/72
vt 0.48730469 0.95956839
vt 0.49104528 0.99707031
vt 0.50878906 0.99355661
f 17/73 18/74 19/75
vt 0.48730469 0.95956839
vt 0.50878906 0.99355661
vt 0.50504847 0.95605469
f 17/76 19/77 20/78
vt 0.52050781 0.95956839
vt 0.53825160 0.95605469
vt 0.54199219 0.99355661
f 21/79 22/80 23/81
vt 0.52050781 0.95956839
vt 0.54199219 0.99355661
vt 0.52424840 0.99707031
f 21/82 23/83 24/84
vt 0.55371094 0.95800781
vt 0.56933594 0.95800781
vt 0.56933594 0.99707031
f 17/85 21/86 24/87
vt 0.55371094 0.95800781
vt 0.56933594 0.99707031
vt 0.55371094 0.99707031
f 17/88 24/89 18/90
vt 0.58105469 0.95800781
vt 0.58105469 0.99707031
vt 0.59667969 0.99707031
f 20/91 19/92 23/93
vt 0.58105469 0.95800781
vt 0.59667969 0.99707031
vt 0.59667969 0.95800781
f 20/94 23/95 22/96
vt 0.60839844 0.99707031
vt 0.62597656 0.99707031
vt 0.62597656 0.97949219
f 17/97 20/98 22/99
vt 0.60839844 0.99707031
vt 0.62597656 0.97949219
vt 0.60839844 0.97949219
f 17/100 22/101 21/102
vt 0.63769531 0.99707031
vt 0.63769531 0.98144531
vt 0.65527344 0.98144531
f 18/103 24/104 23/105
vt 0.63769531 0.99707031
vt 0.65527344 0.98144531
vt 0.65527344 0.99707031
f 18/106 23/107 19/108
vt 0.66699219 0.96159447
vt 0.66940455 0.99707031
vt 0.68847656 0.99153053
f 25/109 26/110 27/111
vt 0.66699219 0.96159447
vt 0.68847656 0.99153053
vt 0.68606420 0.95605469
f 25/112 27/113 28/114
vt 0.70019531 0.96159447
vt 0.71926733 0.95605469
vt 0.72167969 0.99153053
f 29/115 30/116 31/117
vt 0.70019531 0.96159447
vt 0.72167969 0.99153053
vt 0.70260767 0.99707031
f 29/118 31/119 32/120
vt 0.73339844 0.95800781
vt 0.74902344 0.95800781
vt 0.74902344 0.99707031
f 25/121 29/122 32/123
vt 0.73339844 0.95800781
vt 0.74902344 0.99707031
vt 0.73339844 0.99707031
f 25/124 32/125 26/126
vt 0.76074219 0.95800781
vt 0.76074219 0.99707031
vt 0.77636719 0.99707031
f 28/127 27/128 31/129
vt 0.76074219 0.95800781
vt 0.77636719 0.99707031
vt 0.77636719 0.95800781
f 28/130 31/131 30/132
vt 0.78808594 0.99707031
vt 0.80566406 0.99707031
vt 0.80566406 0.97949219
f 25/133 28/134 30/135
vt 0.78808594 0.99707031
vt 0.80566406 0.97949219
vt 0.78808594 0.97949219
f 25/136 30/137 29/138
vt 0.81738281 0.99707031
vt 0.81738281 0.98144531
vt 0.83496094 0.98144531
f 26/139 32/140 31/141
vt 0.81738281 0.99707031
vt 0.83496094 0.98144531
vt 0.83496094 0.99707031
f 26/142 31/143 27/144
vt 0.84667969 0.98757556
vt 0.84804668 0.99707031
vt 0.86425781 0.99484631
f 33/145 34/146 35/147
vt 0.84667969 0.98757556
vt 0.86425781 0.99484631
vt 0.86289082 0.98535156
f 33/148 35/149 36/150
vt 0.87597656 0.98757556
vt 0.89218769 0.98535156
vt 0.89355469 0.99484631
f 37/151 38/152 39/153
vt 0.87597656 0.98757556
vt 0.89355469 0.99484631
vt 0.87734356 0.99707031
f 37/154 39/155 40/156
vt 0.90527344 0.98730469
vt 0.92089844 0.98730469
vt 0.92089844 0.99707031
f 33/157 37/158 40/159
vt 0.90527344 0.98730469
vt 0.92089844 0.99707031
vt 0.90527344 0.99707031
f 33/160 40/161 34/162
vt 0.93261719 0.98730469
vt 0.93261719 0.99707031
vt 0.94824219 0.99707031
f 36/163 35/164 39/165
vt 0.93261719 0.98730469
vt 0.94824219 0.99707031
vt 0.94824219 0.98730469
f 36/166 39/167 38/168
vt 0.95996094 0.99707031
vt 0.97753906 0.99707031
vt 0.97753906 0.98144531
f 33/169 36/170 38/171
vt 0.95996094 0.99707031
vt 0.97753906 0.98144531
vt 0.95996094 0.98144531
f 33/172 38/173 37/174
vt 0.00292969 0.93847656
vt 0.00292969 0.92089844
vt 0.02050781 0.92089844
f 34/175 40/176 39/177
vt 0.00292969 0.93847656
vt 0.02050781 0.92089844
vt 0.02050781 0.93847656
f 34/178 39/179 35/180
vt 0.03596715 0.89746094
vt 0.03222656 0.93496286
vt 0.04997035 0.93847656
f 41/181 42/182 43/183
vt 0.03596715 0.89746094
vt 0.04997035 0.93847656
vt 0.05371094 0.90097464
f 41/184 43/185 44/186
vt 0.06917028 0.89746094
vt 0.08691406 0.90097464
vt 0.08317347 0.93847656
f 45/187 46/188 47/189
vt 0.06917028 0.89746094
vt 0.08317347 0.93847656
vt 0.06542969 0.93496286
f 45/190 47/191 48/192
vt 0.09863281 0.89941406
vt 0.11425781 0.89941406
vt 0.11425781 0.93847656
f 41/193 45/194 48/195
vt 0.09863281 0.89941406
vt 0.11425781 0.93847656
vt 0.09863281 0.93847656
f 41/196 48/197 42/198
vt 0.12597656 0.89941406
vt 0.12597656 0.93847656
vt 0.14160156 0.93847656
f 44/199 43/200 47/201
vt 0.12597656 0.89941406
vt 0.14160156 0.93847656
vt 0.14160156 0.89941406
f 44/202 47/203 46/204
vt 0.15332031 0.93847656
vt 0.17089844 0.93847656
vt 0.17089844 0.92285156
f 41/205 44/206 46/207
vt 0.15332031 0.93847656
vt 0.17089844 0.92285156
vt 0.15332031 0.92285156
f 41/208 46/209 45/210
vt 0.18261719 0.93847656
vt 0.18261719 0.92285156
vt 0.20019531 0.92285156
f 42/211 48/212 47/213
vt 0.18261719 0.93847656
vt 0.20019531 0.92285156
vt 0.20019531 0.93847656
f 42/214 47/215 43/216
vt 0.21432642 0.89746094
vt 0.21191406 0.93293678
vt 0.23098608 0.93847656
f 49/217 50/218 51/219
vt 0.21432642 0.89746094
vt 0.23098608 0.93847656
vt 0.23339844 0.90300072
f 49/220 51/221 52/222
vt 0.24752955 0.89746094
vt 0.26660156 0.90300072
vt 0.26418920 0.93847656
f 53/223 54/224 55/225
vt 0.24752955 0.89746094
vt 0.26418920 0.93847656
vt 0.24511719 0.93293678
f 53/226 55/227 56/228
vt 0.27832031 0.89941406
vt 0.29394531 0.89941406
vt 0.29394531 0.93847656
f 49/229 53/230 56/231
vt 0.27832031 0.89941406
vt 0.29394531 0.93847656
vt 0.27832031 0.93847656
f 49/232 56/233 50/234
vt 0.30566406 0.89941406
vt 0.30566406 0.93847656
vt 0.32128906 0.93847656
f 52/235 51/236 55/237
vt 0.30566406 0.89941406
vt 0.32128906 0.93847656
vt 0.32128906 0.89941406
f 52/238 55/239 54/240
vt 0.33300781 0.93847656
vt 0.35058594 0.93847656
vt 0.35058594 0.92285156
f 49/241 52/242 54/243
vt 0.33300781 0.93847656
vt 0.35058594 0.92285156
vt 0.33300781 0.92285156
f 49/244 54/245 53/246
vt 0.36230469 0.93847656
vt 0.36230469 0.92285156
vt 0.37988281 0.92285156
f 50/247 56/248 55/249
vt 0.36230469 0.93847656
vt 0.37988281 0.92285156
vt 0.37988281 0.93847656
f 50/250 55/251 51/252
vt 0.39296856 0.92675781
vt 0.39160156 0.93625256
vt 0.40781269 0.93847656
f 57/253 58/254 59/255
vt 0.39296856 0.92675781
vt 0.40781269 0.93847656
vt 0.40917969 0.92898181
f 57/256 59/257 60/258
vt 0.42226543 0.92675781
vt 0.43847656 0.92898181
vt 0.43710957 0.93847656
f 61/259 62/260 63/261
vt 0.42226543 0.92675781
vt 0.43710957 0.93847656
vt 0.42089844 0.93625256
f 61/262 63/263 64/264
vt 0.45019531 0.92871094
vt 0.46582031 0.92871094
vt 0.46582031 0.93847656
f 57/265 61/266 64/267
vt 0.45019531 0.92871094
vt 0.46582031 0.93847656
vt 0.45019531 0.93847656
f 57/268 64/269 58/270
vt 0.47753906 0.92871094
vt 0.47753906 0.93847656
vt 0.49316406 0.93847656
f 60/271 59/272 63/273
vt 0.47753906 0.92871094
vt 0.49316406 0.93847656
vt 0.49316406 0.92871094
f 60/274 63/275 62/276
vt 0.50488281 0.93847656
vt 0.52246094 0.93847656
vt 0.52246094 0.92285156
f 57/277 60/278 62/279
vt 0.50488281 0.93847656
vt 0.52246094 0.92285156
vt 0.50488281 0.92285156
f 57/280 62/281 61/282
vt 0.53417969 0.93847656
vt 0.53417969 0.92285156
vt 0.55175781 0.92285156
f 58/283 64/284 63/285
vt 0.53417969 0.93847656
vt 0.55175781 0.92285156
vt 0.55175781 0.93847656
f 58/286 63/287 59/288
vt 0.56347656 0.91448525
vt 0.56574236 0.93847656
vt 0.58300781 0.93707725
f 65/289 66/290 67/291
vt 0.56347656 0.91448525
vt 0.58300781 0.93707725
vt 0.58074202 0.91308594
f 65/292 67/293 68/294
vt 0.59472656 0.91448525
vt 0.61199202 0.91308594
vt 0.61425781 0.93707725
f 69/295 70/296 71/297
vt 0.59472656 0.91448525
vt 0.61425781 0.93707725
vt 0.59699236 0.93847656
f 69/298 71/299 72/300
vt 0.62597656 0.91308594
vt 0.64160156 0.91308594
vt 0.64160156 0.93847656
f 65/301 69/302 72/303
vt 0.62597656 0.91308594
vt 0.64160156 0.93847656
vt 0.62597656 0.93847656
f 65/304 72/305 66/306
vt 0.65332031 0.91503906
vt 0.65332031 0.93847656
vt 0.66894531 0.93847656
f 68/307 67/308 71/309
vt 0.65332031 0.91503906
vt 0.66894531 0.93847656
vt 0.66894531 0.91503906
f 68/310 71/311 70/312
vt 0.68066406 0.93847656
vt 0.69628906 0.93847656
vt 0.69628906 0.92285156
f 65/313 68/314 70/315
vt 0.68066406 0.93847656
vt 0.69628906 0.92285156
vt 0.68066406 0.92285156
f 65/316 70/317 69/318
vt 0.70800781 0.93847656
vt 0.70800781 0.92285156
vt 0.72558594 0.92285156
f 66/319 72/320 71/321
vt 0.70800781 0.93847656
vt 0.72558594 0.92285156
vt 0.72558594 0.93847656
f 66/322 71/323 67/324
vt 0.73730469 0.92231260
vt 0.73871885 0.93847656
vt 0.75488281 0.93706240
f 73/325 74/326 75/327
vt 0.73730469 0.92231260
vt 0.75488281 0.93706240
vt 0.75346865 0.92089844
f 73/328 75/329 76/330
vt 0.76660156 0.92231260
vt 0.78276552 0.92089844
vt 0.78417969 0.93706240
f 77/331 78/332 79/333
vt 0.76660156 0.92231260
vt 0.78417969 0.93706240
vt 0.76801573 0.93847656
f 77/334 79/335 80/336
vt 0.79589844 0.92089844
vt 0.81152344 0.92089844
vt 0.81152344 0.93847656
f 73/337 77/338 80/339
vt 0.79589844 0.92089844
vt 0.81152344 0.93847656
vt 0.79589844 0.93847656
f 73/340 80/341 74/342
vt 0.82324219 0.92089844
vt 0.82324219 0.93847656
vt 0.83886719 0.93847656
f 76/343 75/344 79/345
vt 0.82324219 0.92089844
vt 0.83886719 0.93847656
vt 0.83886719 0.92089844
f 76/346 79/347 78/348
vt 0.85058594 0.93847656
vt 0.86621094 0.93847656
vt 0.86621094 0.92285156
f 73/349 76/350 78/351
vt 0.85058594 0.93847656
vt 0.86621094 0.92285156
vt 0.85058594 0.92285156
f 73/352 78/353 77/354
vt 0.87792969 0.93847656
vt 0.87792969 0.92285156
vt 0.89355469 0.92285156
f 74/355 80/356 79/357
vt 0.87792969 0.93847656
vt 0.89355469 0.92285156
vt 0.89355469 0.93847656
f 74/358 79/359 75/360
vt 0.90527344 0.93016523
vt 0.90601015 0.93847656
vt 0.92285156 0.93702227
f 81/361 82/362 83/363
vt 0.90527344 0.93016523
vt 0.92285156 0.93702227
vt 0.92211485 0.92871094
f 81/364 83/365 84/366
vt 0.93457031 0.93016523
vt 0.95141172 0.92871094
vt 0.95214844 0.93702227
f 85/367 86/368 87/369
vt 0.93457031 0.93016523
vt 0.95214844 0.93702227
vt 0.93530703 0.93847656
f 85/370 87/371 88/372
vt 0.96386719 0.93066406
vt 0.97949219 0.93066406
vt 0.97949219 0.93847656
f 81/373 85/374 88/375
vt 0.96386719 0.93066406
vt 0.97949219 0.93847656
vt 0.96386719 0.93847656
f 81/376 88/377 82/378
vt 0.00292969 0.87792969
vt 0.00292969 0.88574219
vt 0.01855469 0.88574219
f 84/379 83/380 87/381
vt 0.00292969 0.87792969
vt 0.01855469 0.88574219
vt 0.01855469 0.87792969
f 84/382 87/383 86/384
vt 0.03027344 0.88574219
vt 0.04589844 0.88574219
vt 0.04589844 0.87011719
f 81/385 84/386 86/387
vt 0.03027344 0.88574219
vt 0.04589844 0.87011719
vt 0.03027344 0.87011719
f 81/388 86/389 85/390
vt 0.05761719 0.88574219
vt 0.05761719 0.87011719
vt 0.07324219 0.87011719
f 82/391 88/392 87/393
vt 0.05761719 0.88574219
vt 0.07324219 0.87011719
vt 0.07324219 0.88574219
f 82/394 87/395 83/396
vt 0.27082048 0.86035156
vt 0.26855469 0.88434288
vt 0.28582014 0.88574219
f 89/397 90/398 91/399
vt 0.27082048 0.86035156
vt 0.28582014 0.88574219
vt 0.28808594 0.86175087
f 89/400 91/401 92/402
vt 0.30207048 0.86035156
vt 0.31933594 0.86175087
vt 0.31707014 0.88574219
f 93/403 94/404 95/405
vt 0.30207048 0.86035156
vt 0.31707014 0.88574219
vt 0.29980469 0.88434288
f 93/406 95/407 96/408
vt 0.33105469 0.86230469
vt 0.34667969 0.86230469
vt 0.34667969 0.88574219
f 89/409 93/410 96/411
vt 0.33105469 0.86230469
vt 0.34667969 0.88574219
vt 0.33105469 0.88574219
f 89/412 96/413 90/414
vt 0.35839844 0.86035156
vt 0.35839844 0.88574219
vt 0.37402344 0.88574219
f 92/415 91/416 95/417
vt 0.35839844 0.86035156
vt 0.37402344 0.88574219
vt 0.37402344 0.86035156
f 92/418 95/419 94/420
vt 0.38574219 0.88574219
vt 0.40136719 0.88574219
vt 0.40136719 0.87011719
f 89/421 92/422 94/423
vt 0.38574219 0.88574219
vt 0.40136719 0.87011719
vt 0.38574219 0.87011719
f 89/424 94/425 93/426
vt 0.41308594 0.88574219
vt 0.41308594 0.87011719
vt 0.43066406 0.87011719
f 90/427 96/428 95/429
vt 0.41308594 0.88574219
vt 0.43066406 0.87011719
vt 0.43066406 0.88574219
f 90/430 95/431 91/432
vt 0.44379698 0.86816406
vt 0.44238281 0.88432802
vt 0.45854677 0.88574219
f 97/433 98/434 99/435
vt 0.44379698 0.86816406
vt 0.45854677 0.88574219
vt 0.45996094 0.86957823
f 97/436 99/437 100/438
vt 0.47309385 0.86816406
vt 0.48925781 0.86957823
vt 0.48784365 0.88574219
f 101/439 102/440 103/441
vt 0.47309385 0.86816406
vt 0.48784365 0.88574219
vt 0.47167969 0.88432802
f 101/442 103/443 104/444
vt 0.50097656 0.86816406
vt 0.51660156 0.86816406
vt 0.51660156 0.88574219
f 97/445 101/446 104/447
vt 0.50097656 0.86816406
vt 0.51660156 0.88574219
vt 0.50097656 0.88574219
f 97/448 104/449 98/450
vt 0.52832031 0.86816406
vt 0.52832031 0.88574219
vt 0.54394531 0.88574219
f 100/451 99/452 103/453
vt 0.52832031 0.86816406
vt 0.54394531 0.88574219
vt 0.54394531 0.86816406
f 100/454 103/455 102/456
vt 0.55566406 0.88574219
vt 0.57128906 0.88574219
vt 0.57128906 0.87011719
f 97/457 100/458 102/459
vt 0.55566406 0.88574219
vt 0.57128906 0.87011719
vt 0.55566406 0.87011719
f 97/460 102/461 101/462
vt 0.58300781 0.88574219
vt 0.58300781 0.87011719
vt 0.59863281 0.87011719
f 98/463 104/464 103/465
vt 0.58300781 0.88574219
vt 0.59863281 0.87011719
vt 0.59863281 0.88574219
f 98/466 103/467 99/468
vt 0.61108828 0.87597656
vt 0.61035156 0.88428789
vt 0.62719297 0.88574219
f 105/469 106/470 107/471
vt 0.61108828 0.87597656
vt 0.62719297 0.88574219
vt 0.62792969 0.87743086
f 105/472 107/473 108/474
vt 0.64038515 0.87597656
vt 0.65722656 0.87743086
vt 0.65648985 0.88574219
f 109/475 110/476 111/477
vt 0.64038515 0.87597656
vt 0.65648985 0.88574219
vt 0.63964844 0.88428789
f 109/478 111/479 112/480
vt 0.66894531 0.87792969
vt 0.68457031 0.87792969
vt 0.68457031 0.88574219
f 105/481 109/482 112/483
vt 0.66894531 0.87792969
vt 0.68457031 0.88574219
vt 0.66894531 0.88574219
f 105/484 112/485 106/486
vt 0.69628906 0.87792969
vt 0.69628906 0.88574219
vt 0.71191406 0.88574219
f 108/487 107/488 111/489
vt 0.69628906 0.87792969
vt 0.71191406 0.88574219
vt 0.71191406 0.87792969
f 108/490 111/491 110/492
vt 0.72363281 0.88574219
vt 0.73925781 0.88574219
vt 0.73925781 0.87011719
f 105/493 108/494 110/495
vt 0.72363281 0.88574219
vt 0.73925781 0.87011719
vt 0.72363281 0.87011719
f 105/496 110/497 109/498
vt 0.75097656 0.88574219
vt 0.75097656 0.87011719
vt 0.76660156 0.87011719
f 106/499 112/500 111/501
vt 0.75097656 0.88574219
vt 0.76660156 0.87011719
vt 0.76660156 0.88574219
f 106/502 111/503 107/504
vt 0.58886719 0.78417969
vt 0.60454876 0.78417969
vt 0.60468284 0.77152382
f 113/505 114/506 115/507
vt 0.73554221 0.77152382
vt 0.73540813 0.78417969
vt 0.71972656 0.78417969
f 116/508 117/509 118/510
vt 0.58886719 0.78417969
vt 0.60468284 0.77152382
vt 0.58886719 0.77152382
f 113/511 115/512 119/513
vt 0.71972656 0.77152382
vt 0.73554221 0.77152382
vt 0.71972656 0.78417969
f 120/514 116/515 118/516
vt 0.60454876 0.78417969
vt 0.61733409 0.78417969
vt 0.61681817 0.77152382
f 114/517 121/518 122/519
vt 0.74767755 0.77152382
vt 0.74819346 0.78417969
vt 0.73540813 0.78417969
f 123/520 124/521 117/522
vt 0.60454876 0.78417969
vt 0.61681817 0.77152382
vt 0.60468284 0.77152382
f 114/523 122/524 115/525
vt 0.73554221 0.77152382
vt 0.74767755 0.77152382
vt 0.73540813 0.78417969
f 116/526 123/527 117/528
vt 0.61733409 0.78417969
vt 0.63288579 0.78417969
vt 0.63262784 0.77152382
f 121/529 125/530 126/531
vt 0.76348721 0.77152382
vt 0.76374517 0.78417969
vt 0.74819346 0.78417969
f 127/532 128/533 124/534
vt 0.61733409 0.78417969
vt 0.63262784 0.77152382
vt 0.61681817 0.77152382
f 121/535 126/536 122/537
vt 0.74767755 0.77152382
vt 0.76348721 0.77152382
vt 0.74819346 0.78417969
f 123/538 127/539 124/540
vt 0.63288579 0.78417969
vt 0.64843750 0.78417969
vt 0.64843750 0.77152382
f 125/541 129/542 130/543
vt 0.77929688 0.77152382
vt 0.77929688 0.78417969
vt 0.76374517 0.78417969
f 131/544 132/545 128/546
vt 0.63288579 0.78417969
vt 0.64843750 0.77152382
vt 0.63262784 0.77152382
f 125/547 130/548 126/549
vt 0.76348721 0.77152382
vt 0.77929688 0.77152382
vt 0.76374517 0.78417969
f 127/550 131/551 128/552
vt 0.64843750 0.78417969
vt 0.66122283 0.78417969
vt 0.66057284 0.77152382
f 129/553 133/554 134/555
vt 0.79143221 0.77152382
vt 0.79208220 0.78417969
vt 0.77929688 0.78417969
f 135/556 136/557 132/558
vt 0.64843750 0.78417969
vt 0.66057284 0.77152382
vt 0.64843750 0.77152382
f 129/559 134/560 130/561
vt 0.77929688 0.77152382
vt 0.79143221 0.77152382
vt 0.77929688 0.78417969
f 131/562 135/563 132/564
vt 0.66122283 0.78417969
vt 0.67690440 0.78417969
vt 0.67638849 0.77152382
f 133/565 137/566 138/567
vt 0.80724786 0.77152382
vt 0.80776377 0.78417969
vt 0.79208220 0.78417969
f 139/568 140/569 136/570
vt 0.66122283 0.78417969
vt 0.67638849 0.77152382
vt 0.66057284 0.77152382
f 133/571 138/572 134/573
vt 0.79143221 0.77152382
vt 0.80724786 0.77152382
vt 0.79208220 0.78417969
f 135/574 139/575 136/576
vt 0.67690440 0.78417969
vt 0.69245611 0.78417969
vt 0.69219815 0.77152382
f 137/577 141/578 142/579
vt 0.82305752 0.77152382
vt 0.82331548 0.78417969
vt 0.80776377 0.78417969
f 143/580 144/581 140/582
vt 0.67690440 0.78417969
vt 0.69219815 0.77152382
vt 0.67638849 0.77152382
f 137/583 142/584 138/585
vt 0.80724786 0.77152382
vt 0.82305752 0.77152382
vt 0.80776377 0.78417969
f 139/586 143/587 140/588
vt 0.69245611 0.78417969
vt 0.70800781 0.78417969
vt 0.70800781 0.77152382
f 141/589 113/590 119/591
vt 0.83886719 0.77152382
vt 0.83886719 0.78417969
vt 0.82331548 0.78417969
f 120/592 118/593 144/594
vt 0.69245611 0.78417969
vt 0.70800781 0.77152382
vt 0.69219815 0.77152382
f 141/595 119/596 142/597
vt 0.82305752 0.77152382
vt 0.83886719 0.77152382
vt 0.82331548 0.78417969
f 143/598 120/599 144/600
vt 0.58886719 0.77152382
vt 0.60468284 0.77152382
vt 0.60397808 0.75712038
f 119/601 115/602 145/603
vt 0.73483746 0.75712038
vt 0.73554221 0.77152382
vt 0.71972656 0.77152382
f 146/604 116/605 120/606
vt 0.58886719 0.77152382
vt 0.60397808 0.75712038
vt 0.58886719 0.75712038
f 119/607 145/608 147/609
vt 0.71972656 0.75712038
vt 0.73483746 0.75712038
vt 0.71972656 0.77152382
f 148/610 146/611 120/612
vt 0.60468284 0.77152382
vt 0.61681817 0.77152382
vt 0.61822715 0.75712038
f 115/613 122/614 149/615
vt 0.74908653 0.75712038
vt 0.74767755 0.77152382
vt 0.73554221 0.77152382
f 150/616 123/617 116/618
vt 0.60468284 0.77152382
vt 0.61822715 0.75712038
vt 0.60397808 0.75712038
f 115/619 149/620 145/621
vt 0.73483746 0.75712038
vt 0.74908653 0.75712038
vt 0.73554221 0.77152382
f 146/622 150/623 116/624
vt 0.61681817 0.77152382
vt 0.63262784 0.77152382
vt 0.63333233 0.75712038
f 122/625 126/626 151/627
vt 0.76419170 0.75712038
vt 0.76348721 0.77152382
vt 0.74767755 0.77152382
f 152/628 127/629 123/630
vt 0.61681817 0.77152382
vt 0.63333233 0.75712038
vt 0.61822715 0.75712038
f 122/631 151/632 149/633
vt 0.74908653 0.75712038
vt 0.76419170 0.75712038
vt 0.74767755 0.77152382
f 150/634 152/635 123/636
vt 0.63262784 0.77152382
vt 0.64843750 0.77152382
vt 0.64843750 0.75712038
f 126/637 130/638 153/639
vt 0.77929688 0.75712038
vt 0.77929688 0.77152382
vt 0.76348721 0.77152382
f 154/640 131/641 127/642
vt 0.63262784 0.77152382
vt 0.64843750 0.75712038
vt 0.63333233 0.75712038
f 126/643 153/644 151/645
vt 0.76419170 0.75712038
vt 0.77929688 0.75712038
vt 0.76348721 0.77152382
f 152/646 154/647 127/648
vt 0.64843750 0.77152382
vt 0.66057284 0.77152382
vt 0.66268657 0.75712038
f 130/649 134/650 155/651
vt 0.79354594 0.75712038
vt 0.79143221 0.77152382
vt 0.77929688 0.77152382
f 156/652 135/653 131/654
vt 0.64843750 0.77152382
vt 0.66268657 0.75712038
vt 0.64843750 0.75712038
f 130/655 155/656 153/657
vt 0.77929688 0.75712038
vt 0.79354594 0.75712038
vt 0.77929688 0.77152382
f 154/658 156/659 131/660
vt 0.66057284 0.77152382
vt 0.67638849 0.77152382
vt 0.67779746 0.75712038
f 134/661 138/662 157/663
vt 0.80865684 0.75712038
vt 0.80724786 0.77152382
vt 0.79143221 0.77152382
f 158/664 139/665 135/666
vt 0.66057284 0.77152382
vt 0.67779746 0.75712038
vt 0.66268657 0.75712038
f 134/667 157/668 155/669
vt 0.79354594 0.75712038
vt 0.80865684 0.75712038
vt 0.79143221 0.77152382
f 156/670 158/671 135/672
vt 0.67638849 0.77152382
vt 0.69219815 0.77152382
vt 0.69290264 0.75712038
f 138/673 142/674 159/675
vt 0.82376201 0.75712038
vt 0.82305752 0.77152382
vt 0.80724786 0.77152382
f 160/676 143/677 139/678
vt 0.67638849 0.77152382
vt 0.69290264 0.75712038
vt 0.67779746 0.75712038
f 138/679 159/680 157/681
vt 0.80865684 0.75712038
vt 0.82376201 0.75712038
vt 0.80724786 0.77152382
f 158/682 160/683 139/684
vt 0.69219815 0.77152382
vt 0.70800781 0.77152382
vt 0.70800781 0.75712038
f 142/685 119/686 147/687
vt 0.83886719 0.75712038
vt 0.83886719 0.77152382
vt 0.82305752 0.77152382
f 148/688 120/689 143/690
vt 0.69219815 0.77152382
vt 0.70800781 0.75712038
vt 0.69290264 0.75712038
f 142/691 147/692 159/693
vt 0.82376201 0.75712038
vt 0.83886719 0.75712038
vt 0.82305752 0.77152382
f 160/694 148/695 143/696
vt 0.58886719 0.75712038
vt 0.60397808 0.75712038
vt 0.60376258 0.74507299
f 147/697 145/698 161/699
vt 0.73462196 0.74507299
vt 0.73483746 0.75712038
vt 0.71972656 0.75712038
f 162/700 146/701 148/702
vt 0.58886719 0.75712038
vt 0.60376258 0.74507299
vt 0.58886719 0.74507299
f 147/703 161/704 163/705
vt 0.71972656 0.74507299
vt 0.73462196 0.74507299
vt 0.71972656 0.75712038
f 164/706 162/707 148/708
vt 0.60397808 0.75712038
vt 0.61822715 0.75712038
vt 0.61865798 0.74507299
f 145/709 149/710 165/711
vt 0.74951736 0.74507299
vt 0.74908653 0.75712038
vt 0.73483746 0.75712038
f 166/712 150/713 146/714
vt 0.60397808 0.75712038
vt 0.61865798 0.74507299
vt 0.60376258 0.74507299
f 145/715 165/716 161/717
vt 0.73462196 0.74507299
vt 0.74951736 0.74507299
vt 0.73483746 0.75712038
f 162/718 166/719 146/720
vt 0.61822715 0.75712038
vt 0.63333233 0.75712038
vt 0.63354774 0.74507299
f 149/721 151/722 167/723
vt 0.76440712 0.74507299
vt 0.76419170 0.75712038
vt 0.74908653 0.75712038
f 168/724 152/725 150/726
vt 0.61822715 0.75712038
vt 0.63354774 0.74507299
vt 0.61865798 0.74507299
f 149/727 167/728 165/729
vt 0.74951736 0.74507299
vt 0.76440712 0.74507299
vt 0.74908653 0.75712038
f 166/730 168/731 150/732
vt 0.63333233 0.75712038
vt 0.64843750 0.75712038
vt 0.64843750 0.74507299
f 151/733 153/734 169/735
vt 0.77929688 0.74507299
vt 0.77929688 0.75712038
vt 0.76419170 0.75712038
f 170/736 154/737 152/738
vt 0.63333233 0.75712038
vt 0.64843750 0.74507299
vt 0.63354774 0.74507299
f 151/739 169/740 167/741
vt 0.76440712 0.74507299
vt 0.77929688 0.74507299
vt 0.76419170 0.75712038
f 168/742 170/743 152/744
vt 0.64843750 0.75712038
vt 0.66268657 0.75712038
vt 0.66333290 0.74507299
f 153/745 155/746 171/747
vt 0.79419227 0.74507299
vt 0.79354594 0.75712038
vt 0.77929688 0.75712038
f 172/748 156/749 154/750
vt 0.64843750 0.75712038
vt 0.66333290 0.74507299
vt 0.64843750 0.74507299
f 153/751 171/752 169/753
vt 0.77929688 0.74507299
vt 0.79419227 0.74507299
vt 0.77929688 0.75712038
f 170/754 172/755 154/756
vt 0.66268657 0.75712038
vt 0.67779746 0.75712038
vt 0.67822829 0.74507299
f 155/757 157/758 173/759
vt 0.80908767 0.74507299
vt 0.80865684 0.75712038
vt 0.79354594 0.75712038
f 174/760 158/761 156/762
vt 0.66268657 0.75712038
vt 0.67822829 0.74507299
vt 0.66333290 0.74507299
f 155/763 173/764 171/765
vt 0.79419227 0.74507299
vt 0.80908767 0.74507299
vt 0.79354594 0.75712038
f 172/766 174/767 156/768
vt 0.67779746 0.75712038
vt 0.69290264 0.75712038
vt 0.69311805 0.74507299
f 157/769 159/770 175/771
vt 0.82397743 0.74507299
vt 0.82376201 0.75712038
vt 0.80865684 0.75712038
f 176/772 160/773 158/774
vt 0.67779746 0.75712038
vt 0.69311805 0.74507299
vt 0.67822829 0.74507299
f 157/775 175/776 173/777
vt 0.80908767 0.74507299
vt 0.82397743 0.74507299
vt 0.80865684 0.75712038
f 174/778 176/779 158/780
vt 0.69290264 0.75712038
vt 0.70800781 0.75712038
vt 0.70800781 0.74507299
f 159/781 147/782 163/783
vt 0.83886719 0.74507299
vt 0.83886719 0.75712038
vt 0.82376201 0.75712038
f 164/784 148/785 160/786
vt 0.69290264 0.75712038
vt 0.70800781 0.74507299
vt 0.69311805 0.74507299
f 159/787 163/788 175/789
vt 0.82397743 0.74507299
vt 0.83886719 0.74507299
vt 0.82376201 0.75712038
f 176/790 164/791 160/792
vt 0.58886719 0.74507299
vt 0.60376258 0.74507299
vt 0.60376258 0.73782545
f 163/793 161/794 177/795
vt 0.73462196 0.73782545
vt 0.73462196 0.74507299
vt 0.71972656 0.74507299
f 178/796 162/797 164/798
vt 0.58886719 0.74507299
vt 0.60376258 0.73782545
vt 0.58886719 0.73782545
f 163/799 177/800 179/801
vt 0.71972656 0.73782545
vt 0.73462196 0.73782545
vt 0.71972656 0.74507299
f 180/802 178/803 164/804
vt 0.60376258 0.74507299
vt 0.61865798 0.74507299
vt 0.61865798 0.73782545
f 161/805 165/806 181/807
vt 0.74951736 0.73782545
vt 0.74951736 0.74507299
vt 0.73462196 0.74507299
f 182/808 166/809 162/810
vt 0.60376258 0.74507299
vt 0.61865798 0.73782545
vt 0.60376258 0.73782545
f 161/811 181/812 177/813
vt 0.73462196 0.73782545
vt 0.74951736 0.73782545
vt 0.73462196 0.74507299
f 178/814 182/815 162/816
vt 0.61865798 0.74507299
vt 0.63354774 0.74507299
vt 0.63354774 0.73782545
f 165/817 167/818 183/819
vt 0.76440712 0.73782545
vt 0.76440712 0.74507299
vt 0.74951736 0.74507299
f 184/820 168/821 166/822
vt 0.61865798 0.74507299
vt 0.63354774 0.73782545
vt 0.61865798 0.73782545
f 165/823 183/824 181/825
vt 0.74951736 0.73782545
vt 0.76440712 0.73782545
vt 0.74951736 0.74507299
f 182/826 184/827 166/828
vt 0.63354774 0.74507299
vt 0.64843750 0.74507299
vt 0.64843750 0.73782545
f 167/829 169/830 185/831
vt 0.77929688 0.73782545
vt 0.77929688 0.74507299
vt 0.76440712 0.74507299
f 186/832 170/833 168/834
vt 0.63354774 0.74507299
vt 0.64843750 0.73782545
vt 0.63354774 0.73782545
f 167/835 185/836 183/837
vt 0.76440712 0.73782545
vt 0.77929688 0.73782545
vt 0.76440712 0.74507299
f 184/838 186/839 168/840
vt 0.64843750 0.74507299
vt 0.66333290 0.74507299
vt 0.66333290 0.73782545
f 169/841 171/842 187/843
vt 0.79419227 0.73782545
vt 0.79419227 0.74507299
vt 0.77929688 0.74507299
f 188/844 172/845 170/846
vt 0.64843750 0.74507299
vt 0.66333290 0.73782545
vt 0.64843750 0.73782545
f 169/847 187/848 185/849
vt 0.77929688 0.73782545
vt 0.79419227 0.73782545
vt 0.77929688 0.74507299
f 186/850 188/851 170/852
vt 0.66333290 0.74507299
vt 0.67822829 0.74507299
vt 0.67822829 0.73782545
f 171/853 173/854 189/855
vt 0.80908767 0.73782545
vt 0.80908767 0.74507299
vt 0.79419227 0.74507299
f 190/856 174/857 172/858
vt 0.66333290 0.74507299
vt 0.67822829 0.73782545
vt 0.66333290 0.73782545
f 171/859 189/860 187/861
vt 0.79419227 0.73782545
vt 0.80908767 0.73782545
vt 0.79419227 0.74507299
f 188/862 190/863 172/864
vt 0.67822829 0.74507299
vt 0.69311805 0.74507299
vt 0.69311805 0.73782545
f 173/865 175/866 191/867
vt 0.82397743 0.73782545
vt 0.82397743 0.74507299
vt 0.80908767 0.74507299
f 192/868 176/869 174/870
vt 0.67822829 0.74507299
vt 0.69311805 0.73782545
vt 0.67822829 0.73782545
f 173/871 191/872 189/873
vt 0.80908767 0.73782545
vt 0.82397743 0.73782545
vt 0.80908767 0.74507299
f 190/874 192/875 174/876
vt 0.69311805 0.74507299
vt 0.70800781 0.74507299
vt 0.70800781 0.73782545
f 175/877 163/878 179/879
vt 0.83886719 0.73782545
vt 0.83886719 0.74507299
vt 0.82397743 0.74507299
f 180/880 164/881 176/882
vt 0.69311805 0.74507299
vt 0.70800781 0.73782545
vt 0.69311805 0.73782545
f 175/883 179/884 191/885
vt 0.82397743 0.73782545
vt 0.83886719 0.73782545
vt 0.82397743 0.74507299
f 192/886 180/887 176/888
vt 0.58886719 0.73782545
vt 0.60376258 0.73782545
vt 0.60376258 0.72363281
f 179/889 177/890 193/891
vt 0.73462196 0.72363281
vt 0.73462196 0.73782545
vt 0.71972656 0.73782545
f 194/892 178/893 180/894
vt 0.58886719 0.73782545
vt 0.60376258 0.72363281
vt 0.58886719 0.72363281
f 179/895 193/896 195/897
vt 0.71972656 0.72363281
vt 0.73462196 0.72363281
vt 0.71972656 0.73782545
f 196/898 194/899 180/900
vt 0.60376258 0.73782545
vt 0.61865798 0.73782545
vt 0.61865798 0.72363281
f 177/901 181/902 197/903
vt 0.74951736 0.72363281
vt 0.74951736 0.73782545
vt 0.73462196 0.73782545
f 198/904 182/905 178/906
vt 0.60376258 0.73782545
vt 0.61865798 0.72363281
vt 0.60376258 0.72363281
f 177/907 197/908 193/909
vt 0.73462196 0.72363281
vt 0.74951736 0.72363281
vt 0.73462196 0.73782545
f 194/910 198/911 178/912
vt 0.61865798 0.73782545
vt 0.63354774 0.73782545
vt 0.63354774 0.72363281
f 181/913 183/914 199/915
vt 0.76440712 0.72363281
vt 0.76440712 0.73782545
vt 0.74951736 0.73782545
f 200/916 184/917 182/918
vt 0.61865798 0.73782545
vt 0.63354774 0.72363281
vt 0.61865798 0.72363281
f 181/919 199/920 197/921
vt 0.74951736 0.72363281
vt 0.76440712 0.72363281
vt 0.74951736 0.73782545
f 198/922 200/923 182/924
vt 0.63354774 0.73782545
vt 0.64843750 0.73782545
vt 0.64843750 0.72363281
f 183/925 185/926 201/927
vt 0.77929688 0.72363281
vt 0.77929688 0.73782545
vt 0.76440712 0.73782545
f 202/928 186/929 184/930
vt 0.63354774 0.73782545
vt 0.64843750 0.72363281
vt 0.63354774 0.72363281
f 183/931 201/932 199/933
vt 0.76440712 0.72363281
vt 0.77929688 0.72363281
vt 0.76440712 0.73782545
f 200/934 202/935 184/936
vt 0.64843750 0.73782545
vt 0.66333290 0.73782545
vt 0.66333290 0.72363281
f 185/937 187/938 203/939
vt 0.79419227 0.72363281
vt 0.79419227 0.73782545
vt 0.77929688 0.73782545
f 204/940 188/941 186/942
vt 0.64843750 0.73782545
vt 0.66333290 0.72363281
vt 0.64843750 0.72363281
f 185/943 203/944 201/945
vt 0.77929688 0.72363281
vt 0.79419227 0.72363281
vt 0.77929688 0.73782545
f 202/946 204/947 186/948
vt 0.66333290 0.73782545
vt 0.67822829 0.73782545
vt 0.67822829 0.72363281
f 187/949 189/950 205/951
vt 0.80908767 0.72363281
vt 0.80908767 0.73782545
vt 0.79419227 0.73782545
f 206/952 190/953 188/954
vt 0.66333290 0.73782545
vt 0.67822829 0.72363281
vt 0.66333290 0.72363281
f 187/955 205/956 203/957
vt 0.79419227 0.72363281
vt 0.80908767 0.72363281
vt 0.79419227 0.73782545
f 204/958 206/959 188/960
vt 0.67822829 0.73782545
vt 0.69311805 0.73782545
vt 0.69311805 0.72363281
f 189/961 191/962 207/963
vt 0.82397743 0.72363281
vt 0.82397743 0.73782545
vt 0.80908767 0.73782545
f 208/964 192/965 190/966
vt 0.67822829 0.73782545
vt 0.69311805 0.72363281
vt 0.67822829 0.72363281
f 189/967 207/968 205/969
vt 0.80908767 0.72363281
vt 0.82397743 0.72363281
vt 0.80908767 0.73782545
f 206/970 208/971 190/972
vt 0.69311805 0.73782545
vt 0.70800781 0.73782545
vt 0.70800781 0.72363281
f 191/973 179/974 195/975
vt 0.83886719 0.72363281
vt 0.83886719 0.73782545
vt 0.82397743 0.73782545
f 196/976 180/977 192/978
vt 0.69311805 0.73782545
vt 0.70800781 0.72363281
vt 0.69311805 0.72363281
f 191/979 195/980 207/981
vt 0.82397743 0.72363281
vt 0.83886719 0.72363281
vt 0.82397743 0.73782545
f 208/982 196/983 192/984
vt 0.85058594 0.78417969
vt 0.85839844 0.78417969
vt 0.85058594 0.77636719
f 114/985 113/986 118/987
vt 0.85058594 0.78417969
vt 0.85839844 0.78417969
vt 0.85058594 0.77636719
f 114/988 118/989 117/990
vt 0.85058594 0.78417969
vt 0.85839844 0.78417969
vt 0.85058594 0.77636719
f 121/991 114/992 117/993
vt 0.85058594 0.78417969
vt 0.85839844 0.78417969
vt 0.85058594 0.77636719
f 121/994 117/995 124/996
vt 0.85058594 0.78417969
vt 0.85839844 0.78417969
vt 0.85058594 0.77636719
f 125/997 121/998 124/999
vt 0.85058594 0.78417969
vt 0.85839844 0.78417969
vt 0.85058594 0.77636719
f 125/1000 124/1001 128/1002
vt 0.85058594 0.78417969
vt 0.85839844 0.78417969
vt 0.85058594 0.77636719
f 129/1003 125/1004 128/1005
vt 0.85058594 0.78417969
vt 0.85839844 0.78417969
vt 0.85058594 0.77636719
f 129/1006 128/1007 132/1008
vt 0.85058594 0.78417969
vt 0.85839844 0.78417969
vt 0.85058594 0.77636719
f 133/1009 129/1010 132/1011
vt 0.85058594 0.78417969
vt 0.85839844 0.78417969
vt 0.85058594 0.77636719
f 133/1012 132/1013 136/1014
vt 0.85058594 0.78417969
vt 0.85839844 0.78417969
vt 0.85058594 0.77636719
f 137/1015 133/1016 136/1017
vt 0.85058594 0.78417969
vt 0.85839844 0.78417969
vt 0.85058594 0.77636719
f 137/1018 136/1019 140/1020
vt 0.85058594 0.78417969
vt 0.85839844 0.78417969
vt 0.85058594 0.77636719
f 141/1021 137/1022 140/1023
vt 0.85058594 0.78417969
vt 0.85839844 0.78417969
vt 0.85058594 0.77636719
f 141/1024 140/1025 144/1026
vt 0.85058594 0.78417969
vt 0.85839844 0.78417969
vt 0.85058594 0.77636719
f 113/1027 141/1028 144/1029
vt 0.85058594 0.78417969
vt 0.85839844 0.78417969
vt 0.85058594 0.77636719
f 113/1030 144/1031 118/1032
vt 0.85058594 0.78417969
vt 0.85839844 0.78417969
vt 0.85058594 0.77636719
f 195/1033 193/1034 194/1035
vt 0.85058594 0.78417969
vt 0.85839844 0.78417969
vt 0.85058594 0.77636719
f 195/1036 194/1037 196/1038
vt 0.85058594 0.78417969
vt 0.85839844 0.78417969
vt 0.85058594 0.77636719
f 193/1039 197/1040 198/1041
vt 0.85058594 0.78417969
vt 0.85839844 0.78417969
vt 0.85058594 0.77636719
f 193/1042 198/1043 194/1044
vt 0.85058594 0.78417969
vt 0.85839844 0.78417969
vt 0.85058594 0.77636719
f 197/1045 199/1046 200/1047
vt 0.85058594 0.78417969
vt 0.85839844 0.78417969
vt 0.85058594 0.77636719
f 197/1048 200/1049 198/1050
vt 0.85058594 0.78417969
vt 0.85839844 0.78417969
vt 0.85058594 0.77636719
f 199/1051 201/1052 202/1053
vt 0.85058594 0.78417969
vt 0.85839844 0.78417969
vt 0.85058594 0.77636719
f 199/1054 202/1055 200/1056
vt 0.85058594 0.78417969
vt 0.85839844 0.78417969
vt 0.85058594 0.77636719
f 201/1057 203/1058 204/1059
vt 0.85058594 0.78417969
vt 0.85839844 0.78417969
vt 0.85058594 0.77636719
f 201/1060 204/1061 202/1062
vt 0.85058594 0.78417969
vt 0.85839844 0.78417969
vt 0.85058594 0.77636719
f 203/1063 205/1064 206/1065
vt 0.85058594 0.78417969
vt 0.85839844 0.78417969
vt 0.85058594 0.77636719
f 203/1066 206/1067 204/1068
vt 0.85058594 0.78417969
vt 0.85839844 0.78417969
vt 0.85058594 0.77636719
f 205/1069 207/1070 208/1071
vt 0.85058594 0.78417969
vt 0.85839844 0.78417969
vt 0.85058594 0.77636719
f 205/1072 208/1073 206/1074
vt 0.85058594 0.78417969
vt 0.85839844 0.78417969
vt 0.85058594 0.77636719
f 207/1075 195/1076 196/1077
vt 0.85058594 0.78417969
vt 0.85839844 0.78417969
vt 0.85058594 0.77636719
f 207/1078 196/1079 208/1080
vt 0.88425878 0.76855469
vt 0.87011719 0.76855469
vt 0.87011719 0.75334821
f 209/1081 210/1082 211/1083
vt 0.92331583 0.76855469
vt 0.90917423 0.75334821
vt 0.90917423 0.76855469
f 212/1084 213/1085 214/1086
vt 0.90917969 0.75334821
vt 0.90917969 0.76855469
vt 0.90917423 0.76855469
f 211/1087 210/1088 214/1089
vt 0.90917969 0.75334821
vt 0.90917423 0.76855469
vt 0.90917423 0.75334821
f 211/1090 214/1091 213/1092
vt 0.88425878 0.76855469
vt 0.87011719 0.75334821
vt 0.88566795 0.75292969
f 209/1093 211/1094 215/1095
vt 0.92331583 0.76855469
vt 0.92472500 0.75292969
vt 0.90917423 0.75334821
f 212/1096 216/1097 213/1098
vt 0.92473045 0.75292969
vt 0.90917969 0.75334821
vt 0.90917423 0.75334821
f 215/1099 211/1100 213/1101
vt 0.92473045 0.75292969
vt 0.90917423 0.75334821
vt 0.92472500 0.75292969
f 215/1102 213/1103 216/1104
vt 0.88425878 0.76855469
vt 0.88566795 0.75292969
vt 0.89746094 0.75334821
f 209/1105 215/1106 217/1107
vt 0.92331583 0.76855469
vt 0.93651798 0.75334821
vt 0.92472500 0.75292969
f 212/1108 218/1109 216/1110
vt 0.93652344 0.75334821
vt 0.92473045 0.75292969
vt 0.92472500 0.75292969
f 217/1111 215/1112 216/1113
vt 0.93652344 0.75334821
vt 0.92472500 0.75292969
vt 0.93651798 0.75334821
f 217/1114 216/1115 218/1116
vt 0.88425878 0.76855469
vt 0.89746094 0.75334821
vt 0.89746094 0.76855469
f 209/1117 217/1118 219/1119
vt 0.92331583 0.76855469
vt 0.93651798 0.76855469
vt 0.93651798 0.75334821
f 212/1120 220/1121 218/1122
vt 0.93652344 0.76855469
vt 0.93652344 0.75334821
vt 0.93651798 0.75334821
f 219/1123 217/1124 218/1125
vt 0.93652344 0.76855469
vt 0.93651798 0.75334821
vt 0.93651798 0.76855469
f 219/1126 218/1127 220/1128
vt 0.88425878 0.76855469
vt 0.89746094 0.76855469
vt 0.89746094 0.78376116
f 209/1129 219/1130 221/1131
vt 0.92331583 0.76855469
vt 0.93651798 0.78376116
vt 0.93651798 0.76855469
f 212/1132 222/1133 220/1134
vt 0.93652344 0.78376116
vt 0.93652344 0.76855469
vt 0.93651798 0.76855469
f 221/1135 219/1136 220/1137
vt 0.93652344 0.78376116
vt 0.93651798 0.76855469
vt 0.93651798 0.78376116
f 221/1138 220/1139 222/1140
vt 0.88425878 0.76855469
vt 0.89746094 0.78376116
vt 0.88566795 0.78417969
f 209/1141 221/1142 223/1143
vt 0.92331583 0.76855469
vt 0.92472500 0.78417969
vt 0.93651798 0.78376116
f 212/1144 224/1145 222/1146
vt 0.92473045 0.78417969
vt 0.93652344 0.78376116
vt 0.93651798 0.78376116
f 223/1147 221/1148 222/1149
vt 0.92473045 0.78417969
vt 0.93651798 0.78376116
vt 0.92472500 0.78417969
f 223/1150 222/1151 224/1152
vt 0.88425878 0.76855469
vt 0.88566795 0.78417969
vt 0.87011719 0.78376116
f 209/1153 223/1154 225/1155
vt 0.92331583 0.76855469
vt 0.90917423 0.78376116
vt 0.92472500 0.78417969
f 212/1156 226/1157 224/1158
vt 0.90917969 0.78376116
vt 0.92473045 0.78417969
vt 0.92472500 0.78417969
f 225/1159 223/1160 224/1161
vt 0.90917969 0.78376116
vt 0.92472500 0.78417969
vt 0.90917423 0.78376116
f 225/1162 224/1163 226/1164
vt 0.88425878 0.76855469
vt 0.87011719 0.78376116
vt 0.87011719 0.76855469
f 209/1165 225/1166 210/1167
vt 0.92331583 0.76855469
vt 0.90917423 0.76855469
vt 0.90917423 0.78376116
f 212/1168 214/1169 226/1170
vt 0.90917969 0.76855469
vt 0.90917969 0.78376116
vt 0.90917423 0.78376116
f 210/1171 225/1172 226/1173
vt 0.90917969 0.76855469
vt 0.90917423 0.78376116
vt 0.90917423 0.76855469
f 210/1174 226/1175 214/1176
vt 0.94824219 0.78417969
vt 0.96256330 0.78417969
vt 0.96256330 0.77571615
f 227/1177 228/1178 229/1179
vt 0.01725080 0.70345052
vt 0.01725080 0.71191406
vt 0.00292969 0.71191406
f 230/1180 231/1181 232/1182
vt 0.94824219 0.78417969
vt 0.96256330 0.77571615
vt 0.94824219 0.77571615
f 227/1183 229/1184 233/1185
vt 0.00292969 0.70345052
vt 0.01725080 0.70345052
vt 0.00292969 0.71191406
f 234/1186 230/1187 232/1188
vt 0.96256330 0.78417969
vt 0.97688441 0.78417969
vt 0.97688441 0.77571615
f 228/1189 235/1190 236/1191
vt 0.03157191 0.70345052
vt 0.03157191 0.71191406
vt 0.01725080 0.71191406
f 237/1192 238/1193 231/1194
vt 0.96256330 0.78417969
vt 0.97688441 0.77571615
vt 0.96256330 0.77571615
f 228/1195 236/1196 229/1197
vt 0.01725080 0.70345052
vt 0.03157191 0.70345052
vt 0.01725080 0.71191406
f 230/1198 237/1199 231/1200
vt 0.97688441 0.78417969
vt 0.99121094 0.78417969
vt 0.99121094 0.77571615
f 235/1201 239/1202 240/1203
vt 0.04589844 0.70345052
vt 0.04589844 0.71191406
vt 0.03157191 0.71191406
f 241/1204 242/1205 238/1206
vt 0.97688441 0.78417969
vt 0.99121094 0.77571615
vt 0.97688441 0.77571615
f 235/1207 240/1208 236/1209
vt 0.03157191 0.70345052
vt 0.04589844 0.70345052
vt 0.03157191 0.71191406
f 237/1210 241/1211 238/1212
vt 0.94824219 0.77571615
vt 0.96256330 0.77571615
vt 0.96256330 0.77050781
f 233/1213 229/1214 243/1215
vt 0.01725080 0.69824219
vt 0.01725080 0.70345052
vt 0.00292969 0.70345052
f 244/1216 230/1217 234/1218
vt 0.94824219 0.77571615
vt 0.96256330 0.77050781
vt 0.94824219 0.77050781
f 233/1219 243/1220 245/1221
vt 0.00292969 0.69824219
vt 0.01725080 0.69824219
vt 0.00292969 0.70345052
f 246/1222 244/1223 234/1224
vt 0.96256330 0.77571615
vt 0.97688441 0.77571615
vt 0.97688441 0.77050781
f 229/1225 236/1226 247/1227
vt 0.03157191 0.69824219
vt 0.03157191 0.70345052
vt 0.01725080 0.70345052
f 248/1228 237/1229 230/1230
vt 0.96256330 0.77571615
vt 0.97688441 0.77050781
vt 0.96256330 0.77050781
f 229/1231 247/1232 243/1233
vt 0.01725080 0.69824219
vt 0.03157191 0.69824219
vt 0.01725080 0.70345052
f 244/1234 248/1235 230/1236
vt 0.97688441 0.77571615
vt 0.99121094 0.77571615
vt 0.99121094 0.77050781
f 236/1237 240/1238 249/1239
vt 0.04589844 0.69824219
vt 0.04589844 0.70345052
vt 0.03157191 0.70345052
f 250/1240 241/1241 237/1242
vt 0.97688441 0.77571615
vt 0.99121094 0.77050781
vt 0.97688441 0.77050781
f 236/1243 249/1244 247/1245
vt 0.03157191 0.69824219
vt 0.04589844 0.69824219
vt 0.03157191 0.70345052
f 248/1246 250/1247 237/1248
vt 0.05761719 0.71191406
vt 0.06542969 0.71191406
vt 0.05761719 0.70410156
f 228/1249 227/1250 232/1251
vt 0.05761719 0.71191406
vt 0.06542969 0.71191406
vt 0.05761719 0.70410156
f 228/1252 232/1253 231/1254
vt 0.05761719 0.71191406
vt 0.06542969 0.71191406
vt 0.05761719 0.70410156
f 227/1255 233/1256 234/1257
vt 0.05761719 0.71191406
vt 0.06542969 0.71191406
vt 0.05761719 0.70410156
f 227/1258 234/1259 232/1260
vt 0.05761719 0.71191406
vt 0.06542969 0.71191406
vt 0.05761719 0.70410156
f 235/1261 228/1262 231/1263
vt 0.05761719 0.71191406
vt 0.06542969 0.71191406
vt 0.05761719 0.70410156
f 235/1264 231/1265 238/1266
vt 0.05761719 0.71191406
vt 0.06542969 0.71191406
vt 0.05761719 0.70410156
f 239/1267 235/1268 238/1269
vt 0.05761719 0.71191406
vt 0.06542969 0.71191406
vt 0.05761719 0.70410156
f 239/1270 238/1271 242/1272
vt 0.05761719 0.71191406
vt 0.06542969 0.71191406
vt 0.05761719 0.70410156
f 240/1273 239/1274 242/1275
vt 0.05761719 0.71191406
vt 0.06542969 0.71191406
vt 0.05761719 0.70410156
f 240/1276 242/1277 241/1278
vt 0.05761719 0.71191406
vt 0.06542969 0.71191406
vt 0.05761719 0.70410156
f 245/1279 243/1280 244/1281
vt 0.05761719 0.71191406
vt 0.06542969 0.71191406
vt 0.05761719 0.70410156
f 245/1282 244/1283 246/1284
vt 0.05761719 0.71191406
vt 0.06542969 0.71191406
vt 0.05761719 0.70410156
f 233/1285 245/1286 246/1287
vt 0.05761719 0.71191406
vt 0.06542969 0.71191406
vt 0.05761719 0.70410156
f 233/1288 246/1289 234/1290
vt 0.05761719 0.71191406
vt 0.06542969 0.71191406
vt 0.05761719 0.70410156
f 243/1291 247/1292 248/1293
vt 0.05761719 0.71191406
vt 0.06542969 0.71191406
vt 0.05761719 0.70410156
f 243/1294 248/1295 244/1296
vt 0.05761719 0.71191406
vt 0.06542969 0.71191406
vt 0.05761719 0.70410156
f 249/1297 240/1298 241/1299
vt 0.05761719 0.71191406
vt 0.06542969 0.71191406
vt 0.05761719 0.70410156
f 249/1300 241/1301 250/1302
vt 0.05761719 0.71191406
vt 0.06542969 0.71191406
vt 0.05761719 0.70410156
f 247/1303 249/1304 250/1305
vt 0.05761719 0.71191406
vt 0.06542969 0.71191406
vt 0.05761719 0.70410156
f 247/1306 250/1307 248/1308
vt 0.07714844 0.71191406
vt 0.09146955 0.71191406
vt 0.09146955 0.70410156
f 251/1309 252/1310 253/1311
vt 0.14615705 0.70410156
vt 0.14615705 0.71191406
vt 0.13183594 0.71191406
f 254/1312 255/1313 256/1314
vt 0.07714844 0.71191406
vt 0.09146955 0.70410156
vt 0.07714844 0.70410156
f 251/1315 253/1316 257/1317
vt 0.13183594 0.70410156
vt 0.14615705 0.70410156
vt 0.13183594 0.71191406
f 258/1318 254/1319 256/1320
vt 0.09146955 0.71191406
vt 0.10579066 0.71191406
vt 0.10579066 0.70410156
f 252/1321 259/1322 260/1323
vt 0.16047816 0.70410156
vt 0.16047816 0.71191406
vt 0.14615705 0.71191406
f 261/1324 262/1325 255/1326
vt 0.09146955 0.71191406
vt 0.10579066 0.70410156
vt 0.09146955 0.70410156
f 252/1327 260/1328 253/1329
vt 0.14615705 0.70410156
vt 0.16047816 0.70410156
vt 0.14615705 0.71191406
f 254/1330 261/1331 255/1332
vt 0.10579066 0.71191406
vt 0.12011719 0.71191406
vt 0.12011719 0.70410156
f 259/1333 263/1334 264/1335
vt 0.17480469 0.70410156
vt 0.17480469 0.71191406
vt 0.16047816 0.71191406
f 265/1336 266/1337 262/1338
vt 0.10579066 0.71191406
vt 0.12011719 0.70410156
vt 0.10579066 0.70410156
f 259/1339 264/1340 260/1341
vt 0.16047816 0.70410156
vt 0.17480469 0.70410156
vt 0.16047816 0.71191406
f 261/1342 265/1343 262/1344
vt 0.18652344 0.71191406
vt 0.19433594 0.71191406
vt 0.18652344 0.70410156
f 252/1345 251/1346 256/1347
vt 0.18652344 0.71191406
vt 0.19433594 0.71191406
vt 0.18652344 0.70410156
f 252/1348 256/1349 255/1350
vt 0.18652344 0.71191406
vt 0.19433594 0.71191406
vt 0.18652344 0.70410156
f 257/1351 253/1352 254/1353
vt 0.18652344 0.71191406
vt 0.19433594 0.71191406
vt 0.18652344 0.70410156
f 257/1354 254/1355 258/1356
vt 0.18652344 0.71191406
vt 0.19433594 0.71191406
vt 0.18652344 0.70410156
f 251/1357 257/1358 258/1359
vt 0.18652344 0.71191406
vt 0.19433594 0.71191406
vt 0.18652344 0.70410156
f 251/1360 258/1361 256/1362
vt 0.18652344 0.71191406
vt 0.19433594 0.71191406
vt 0.18652344 0.70410156
f 259/1363 252/1364 255/1365
vt 0.18652344 0.71191406
vt 0.19433594 0.71191406
vt 0.18652344 0.70410156
f 259/1366 255/1367 262/1368
vt 0.18652344 0.71191406
vt 0.19433594 0.71191406
vt 0.18652344 0.70410156
f 253/1369 260/1370 261/1371
vt 0.18652344 0.71191406
vt 0.19433594 0.71191406
vt 0.18652344 0.70410156
f 253/1372 261/1373 254/1374
vt 0.18652344 0.71191406
vt 0.19433594 0.71191406
vt 0.18652344 0.70410156
f 263/1375 259/1376 262/1377
vt 0.18652344 0.71191406
vt 0.19433594 0.71191406
vt 0.18652344 0.70410156
f 263/1378 262/1379 266/1380
vt 0.18652344 0.71191406
vt 0.19433594 0.71191406
vt 0.18652344 0.70410156
f 264/1381 263/1382 266/1383
vt 0.18652344 0.71191406
vt 0.19433594 0.71191406
vt 0.18652344 0.70410156
f 264/1384 266/1385 265/1386
vt 0.18652344 0.71191406
vt 0.19433594 0.71191406
vt 0.18652344 0.70410156
f 260/1387 264/1388 265/1389
vt 0.18652344 0.71191406
vt 0.19433594 0.71191406
vt 0.18652344 0.70410156
f 260/1390 265/1391 261/1392
vt 0.20605469 0.71191406
vt 0.21948496 0.71191406
vt 0.21948496 0.70410156
f 267/1393 268/1394 269/1395
vt 0.33862559 0.70410156
vt 0.33862559 0.71191406
vt 0.32519531 0.71191406
f 270/1396 271/1397 272/1398
vt 0.20605469 0.71191406
vt 0.21948496 0.70410156
vt 0.20605469 0.70410156
f 267/1399 269/1400 273/1401
vt 0.32519531 0.70410156
vt 0.33862559 0.70410156
vt 0.32519531 0.71191406
f 274/1402 270/1403 272/1404
vt 0.21948496 0.71191406
vt 0.23291524 0.71191406
vt 0.23291524 0.70410156
f 268/1405 275/1406 276/1407
vt 0.35205587 0.70410156
vt 0.35205587 0.71191406
vt 0.33862559 0.71191406
f 277/1408 278/1409 271/1410
vt 0.21948496 0.71191406
vt 0.23291524 0.70410156
vt 0.21948496 0.70410156
f 268/1411 276/1412 269/1413
vt 0.33862559 0.70410156
vt 0.35205587 0.70410156
vt 0.33862559 0.71191406
f 270/1414 277/1415 271/1416
vt 0.23291524 0.71191406
vt 0.24634043 0.71191406
vt 0.24634043 0.70410156
f 275/1417 279/1418 280/1419
vt 0.36548106 0.70410156
vt 0.36548106 0.71191406
vt 0.35205587 0.71191406
f 281/1420 282/1421 278/1422
vt 0.23291524 0.71191406
vt 0.24634043 0.70410156
vt 0.23291524 0.70410156
f 275/1423 280/1424 276/1425
vt 0.35205587 0.70410156
vt 0.36548106 0.70410156
vt 0.35205587 0.71191406
f 277/1426 281/1427 278/1428
vt 0.24634043 0.71191406
vt 0.25976562 0.71191406
vt 0.25976562 0.70410156
f 279/1429 283/1430 284/1431
vt 0.37890625 0.70410156
vt 0.37890625 0.71191406
vt 0.36548106 0.71191406
f 285/1432 286/1433 282/1434
vt 0.24634043 0.71191406
vt 0.25976562 0.70410156
vt 0.24634043 0.70410156
f 279/1435 284/1436 280/1437
vt 0.36548106 0.70410156
vt 0.37890625 0.70410156
vt 0.36548106 0.71191406
f 281/1438 285/1439 282/1440
vt 0.25976562 0.71191406
vt 0.27319590 0.71191406
vt 0.27319590 0.70410156
f 283/1441 287/1442 288/1443
vt 0.39233653 0.70410156
vt 0.39233653 0.71191406
vt 0.37890625 0.71191406
f 289/1444 290/1445 286/1446
vt 0.25976562 0.71191406
vt 0.27319590 0.70410156
vt 0.25976562 0.70410156
f 283/1447 288/1448 284/1449
vt 0.37890625 0.70410156
vt 0.39233653 0.70410156
vt 0.37890625 0.71191406
f 285/1450 289/1451 286/1452
vt 0.27319590 0.71191406
vt 0.28662618 0.71191406
vt 0.28662618 0.70410156
f 287/1453 291/1454 292/1455
vt 0.40576680 0.70410156
vt 0.40576680 0.71191406
vt 0.39233653 0.71191406
f 293/1456 294/1457 290/1458
vt 0.27319590 0.71191406
vt 0.28662618 0.70410156
vt 0.27319590 0.70410156
f 287/1459 292/1460 288/1461
vt 0.39233653 0.70410156
vt 0.40576680 0.70410156
vt 0.39233653 0.71191406
f 289/1462 293/1463 290/1464
vt 0.28662618 0.71191406
vt 0.30005137 0.71191406
vt 0.30005137 0.70410156
f 291/1465 295/1466 296/1467
vt 0.41919200 0.70410156
vt 0.41919200 0.71191406
vt 0.40576680 0.71191406
f 297/1468 298/1469 294/1470
vt 0.28662618 0.71191406
vt 0.30005137 0.70410156
vt 0.28662618 0.70410156
f 291/1471 296/1472 292/1473
vt 0.40576680 0.70410156
vt 0.41919200 0.70410156
vt 0.40576680 0.71191406
f 293/1474 297/1475 294/1476
vt 0.30005137 0.71191406
vt 0.31347656 0.71191406
vt 0.31347656 0.70410156
f 295/1477 267/1478 273/1479
vt 0.43261719 0.70410156
vt 0.43261719 0.71191406
vt 0.41919200 0.71191406
f 274/1480 272/1481 298/1482
vt 0.30005137 0.71191406
vt 0.31347656 0.70410156
vt 0.30005137 0.70410156
f 295/1483 273/1484 296/1485
vt 0.41919200 0.70410156
vt 0.43261719 0.70410156
vt 0.41919200 0.71191406
f 297/1486 274/1487 298/1488
vt 0.44433594 0.71191406
vt 0.45214844 0.71191406
vt 0.44433594 0.70410156
f 268/1489 267/1490 272/1491
vt 0.44433594 0.71191406
vt 0.45214844 0.71191406
vt 0.44433594 0.70410156
f 268/1492 272/1493 271/1494
vt 0.44433594 0.71191406
vt 0.45214844 0.71191406
vt 0.44433594 0.70410156
f 273/1495 269/1496 270/1497
vt 0.44433594 0.71191406
vt 0.45214844 0.71191406
vt 0.44433594 0.70410156
f 273/1498 270/1499 274/1500
vt 0.44433594 0.71191406
vt 0.45214844 0.71191406
vt 0.44433594 0.70410156
f 275/1501 268/1502 271/1503
vt 0.44433594 0.71191406
vt 0.45214844 0.71191406
vt 0.44433594 0.70410156
f 275/1504 271/1505 278/1506
vt 0.44433594 0.71191406
vt 0.45214844 0.71191406
vt 0.44433594 0.70410156
f 269/1507 276/1508 277/1509
vt 0.44433594 0.71191406
vt 0.45214844 0.71191406
vt 0.44433594 0.70410156
f 269/1510 277/1511 270/1512
vt 0.44433594 0.71191406
vt 0.45214844 0.71191406
vt 0.44433594 0.70410156
f 279/1513 275/1514 278/1515
vt 0.44433594 0.71191406
vt 0.45214844 0.71191406
vt 0.44433594 0.70410156
f 279/1516 278/1517 282/1518
vt 0.44433594 0.71191406
vt 0.45214844 0.71191406
vt 0.44433594 0.70410156
f 276/1519 280/1520 281/1521
vt 0.44433594 0.71191406
vt 0.45214844 0.71191406
vt 0.44433594 0.70410156
f 276/1522 281/1523 277/1524
vt 0.44433594 0.71191406
vt 0.45214844 0.71191406
vt 0.44433594 0.70410156
f 283/1525 279/1526 282/1527
vt 0.44433594 0.71191406
vt 0.45214844 0.71191406
vt 0.44433594 0.70410156
f 283/1528 282/1529 286/1530
vt 0.44433594 0.71191406
vt 0.45214844 0.71191406
vt 0.44433594 0.70410156
f 280/1531 284/1532 285/1533
vt 0.44433594 0.71191406
vt 0.45214844 0.71191406
vt 0.44433594 0.70410156
f 280/1534 285/1535 281/1536
vt 0.44433594 0.71191406
vt 0.45214844 0.71191406
vt 0.44433594 0.70410156
f 287/1537 283/1538 286/1539
vt 0.44433594 0.71191406
vt 0.45214844 0.71191406
vt 0.44433594 0.70410156
f 287/1540 286/1541 290/1542
vt 0.44433594 0.71191406
vt 0.45214844 0.71191406
vt 0.44433594 0.70410156
f 284/1543 288/1544 289/1545
vt 0.44433594 0.71191406
vt 0.45214844 0.71191406
vt 0.44433594 0.70410156
f 284/1546 289/1547 285/1548
vt 0.44433594 0.71191406
vt 0.45214844 0.71191406
vt 0.44433594 0.70410156
f 291/1549 287/1550 290/1551
vt 0.44433594 0.71191406
vt 0.45214844 0.71191406
vt 0.44433594 0.70410156
f 291/1552 290/1553 294/1554
vt 0.44433594 0.71191406
vt 0.45214844 0.71191406
vt 0.44433594 0.70410156
f 288/1555 292/1556 293/1557
vt 0.44433594 0.71191406
vt 0.45214844 0.71191406
vt 0.44433594 0.70410156
f 288/1558 293/1559 289/1560
vt 0.44433594 0.71191406
vt 0.45214844 0.71191406
vt 0.44433594 0.70410156
f 295/1561 291/1562 294/1563
vt 0.44433594 0.71191406
vt 0.45214844 0.71191406
vt 0.44433594 0.70410156
f 295/1564 294/1565 298/1566
vt 0.44433594 0.71191406
vt 0.45214844 0.71191406
vt 0.44433594 0.70410156
f 292/1567 296/1568 297/1569
vt 0.44433594 0.71191406
vt 0.45214844 0.71191406
vt 0.44433594 0.70410156
f 292/1570 297/1571 293/1572
vt 0.44433594 0.71191406
vt 0.45214844 0.71191406
vt 0.44433594 0.70410156
f 267/1573 295/1574 298/1575
vt 0.44433594 0.71191406
vt 0.45214844 0.71191406
vt 0.44433594 0.70410156
f 267/1576 298/1577 272/1578
vt 0.44433594 0.71191406
vt 0.45214844 0.71191406
vt 0.44433594 0.70410156
f 296/1579 273/1580 274/1581
vt 0.44433594 0.71191406
vt 0.45214844 0.71191406
vt 0.44433594 0.70410156
f 296/1582 274/1583 297/1584
vt 0.46386719 0.71191406
vt 0.47665252 0.71191406
vt 0.47600253 0.69928857
f 299/1585 300/1586 301/1587
vt 0.60686190 0.69928857
vt 0.60751189 0.71191406
vt 0.59472656 0.71191406
f 302/1588 303/1589 304/1590
vt 0.46386719 0.71191406
vt 0.47600253 0.69928857
vt 0.46386719 0.69928857
f 299/1591 301/1592 305/1593
vt 0.59472656 0.69928857
vt 0.60686190 0.69928857
vt 0.59472656 0.71191406
f 306/1594 302/1595 304/1596
vt 0.47665252 0.71191406
vt 0.49233409 0.71191406
vt 0.49181817 0.69928857
f 300/1597 307/1598 308/1599
vt 0.62267755 0.69928857
vt 0.62319346 0.71191406
vt 0.60751189 0.71191406
f 309/1600 310/1601 303/1602
vt 0.47665252 0.71191406
vt 0.49181817 0.69928857
vt 0.47600253 0.69928857
f 300/1603 308/1604 301/1605
vt 0.60686190 0.69928857
vt 0.62267755 0.69928857
vt 0.60751189 0.71191406
f 302/1606 309/1607 303/1608
vt 0.49233409 0.71191406
vt 0.50788579 0.71191406
vt 0.50762784 0.69928857
f 307/1609 311/1610 312/1611
vt 0.63848721 0.69928857
vt 0.63874517 0.71191406
vt 0.62319346 0.71191406
f 313/1612 314/1613 310/1614
vt 0.49233409 0.71191406
vt 0.50762784 0.69928857
vt 0.49181817 0.69928857
f 307/1615 312/1616 308/1617
vt 0.62267755 0.69928857
vt 0.63848721 0.69928857
vt 0.62319346 0.71191406
f 309/1618 313/1619 310/1620
vt 0.50788579 0.71191406
vt 0.52343750 0.71191406
vt 0.52343750 0.69928857
f 311/1621 315/1622 316/1623
vt 0.65429688 0.69928857
vt 0.65429688 0.71191406
vt 0.63874517 0.71191406
f 317/1624 318/1625 314/1626
vt 0.50788579 0.71191406
vt 0.52343750 0.69928857
vt 0.50762784 0.69928857
f 311/1627 316/1628 312/1629
vt 0.63848721 0.69928857
vt 0.65429688 0.69928857
vt 0.63874517 0.71191406
f 313/1630 317/1631 314/1632
vt 0.52343750 0.71191406
vt 0.53911907 0.71191406
vt 0.53925315 0.69928857
f 315/1633 319/1634 320/1635
vt 0.67011252 0.69928857
vt 0.66997844 0.71191406
vt 0.65429688 0.71191406
f 321/1636 322/1637 318/1638
vt 0.52343750 0.71191406
vt 0.53925315 0.69928857
vt 0.52343750 0.69928857
f 315/1639 320/1640 316/1641
vt 0.65429688 0.69928857
vt 0.67011252 0.69928857
vt 0.65429688 0.71191406
f 317/1642 321/1643 318/1644
vt 0.53911907 0.71191406
vt 0.55190440 0.71191406
vt 0.55138849 0.69928857
f 319/1645 323/1646 324/1647
vt 0.68224786 0.69928857
vt 0.68276377 0.71191406
vt 0.66997844 0.71191406
f 325/1648 326/1649 322/1650
vt 0.53911907 0.71191406
vt 0.55138849 0.69928857
vt 0.53925315 0.69928857
f 319/1651 324/1652 320/1653
vt 0.67011252 0.69928857
vt 0.68224786 0.69928857
vt 0.66997844 0.71191406
f 321/1654 325/1655 322/1656
vt 0.55190440 0.71191406
vt 0.56745611 0.71191406
vt 0.56719815 0.69928857
f 323/1657 327/1658 328/1659
vt 0.69805752 0.69928857
vt 0.69831548 0.71191406
vt 0.68276377 0.71191406
f 329/1660 330/1661 326/1662
vt 0.55190440 0.71191406
vt 0.56719815 0.69928857
vt 0.55138849 0.69928857
f 323/1663 328/1664 324/1665
vt 0.68224786 0.69928857
vt 0.69805752 0.69928857
vt 0.68276377 0.71191406
f 325/1666 329/1667 326/1668
vt 0.56745611 0.71191406
vt 0.58300781 0.71191406
vt 0.58300781 0.69928857
f 327/1669 299/1670 305/1671
vt 0.71386719 0.69928857
vt 0.71386719 0.71191406
vt 0.69831548 0.71191406
f 306/1672 304/1673 330/1674
vt 0.56745611 0.71191406
vt 0.58300781 0.69928857
vt 0.56719815 0.69928857
f 327/1675 305/1676 328/1677
vt 0.69805752 0.69928857
vt 0.71386719 0.69928857
vt 0.69831548 0.71191406
f 329/1678 306/1679 330/1680
vt 0.46386719 0.69928857
vt 0.47600253 0.69928857
vt 0.47811625 0.68490237
f 305/1681 301/1682 331/1683
vt 0.60897563 0.68490237
vt 0.60686190 0.69928857
vt 0.59472656 0.69928857
f 332/1684 302/1685 306/1686
vt 0.46386719 0.69928857
vt 0.47811625 0.68490237
vt 0.46386719 0.68490237
f 305/1687 331/1688 333/1689
vt 0.59472656 0.68490237
vt 0.60897563 0.68490237
vt 0.59472656 0.69928857
f 334/1690 332/1691 306/1692
vt 0.47600253 0.69928857
vt 0.49181817 0.69928857
vt 0.49322715 0.68490237
f 301/1693 308/1694 335/1695
vt 0.62408653 0.68490237
vt 0.62267755 0.69928857
vt 0.60686190 0.69928857
f 336/1696 309/1697 302/1698
vt 0.47600253 0.69928857
vt 0.49322715 0.68490237
vt 0.47811625 0.68490237
f 301/1699 335/1700 331/1701
vt 0.60897563 0.68490237
vt 0.62408653 0.68490237
vt 0.60686190 0.69928857
f 332/1702 336/1703 302/1704
vt 0.49181817 0.69928857
vt 0.50762784 0.69928857
vt 0.50833233 0.68490237
f 308/1705 312/1706 337/1707
vt 0.63919170 0.68490237
vt 0.63848721 0.69928857
vt 0.62267755 0.69928857
f 338/1708 313/1709 309/1710
vt 0.49181817 0.69928857
vt 0.50833233 0.68490237
vt 0.49322715 0.68490237
f 308/1711 337/1712 335/1713
vt 0.62408653 0.68490237
vt 0.63919170 0.68490237
vt 0.62267755 0.69928857
f 336/1714 338/1715 309/1716
vt 0.50762784 0.69928857
vt 0.52343750 0.69928857
vt 0.52343750 0.68490237
f 312/1717 316/1718 339/1719
vt 0.65429688 0.68490237
vt 0.65429688 0.69928857
vt 0.63848721 0.69928857
f 340/1720 317/1721 313/1722
vt 0.50762784 0.69928857
vt 0.52343750 0.68490237
vt 0.50833233 0.68490237
f 312/1723 339/1724 337/1725
vt 0.63919170 0.68490237
vt 0.65429688 0.68490237
vt 0.63848721 0.69928857
f 338/1726 340/1727 313/1728
vt 0.52343750 0.69928857
vt 0.53925315 0.69928857
vt 0.53854840 0.68490237
f 316/1729 320/1730 341/1731
vt 0.66940777 0.68490237
vt 0.67011252 0.69928857
vt 0.65429688 0.69928857
f 342/1732 321/1733 317/1734
vt 0.52343750 0.69928857
vt 0.53854840 0.68490237
vt 0.52343750 0.68490237
f 316/1735 341/1736 339/1737
vt 0.65429688 0.68490237
vt 0.66940777 0.68490237
vt 0.65429688 0.69928857
f 340/1738 342/1739 317/1740
vt 0.53925315 0.69928857
vt 0.55138849 0.69928857
vt 0.55279746 0.68490237
f 320/1741 324/1742 343/1743
vt 0.68365684 0.68490237
vt 0.68224786 0.69928857
vt 0.67011252 0.69928857
f 344/1744 325/1745 321/1746
vt 0.53925315 0.69928857
vt 0.55279746 0.68490237
vt 0.53854840 0.68490237
f 320/1747 343/1748 341/1749
vt 0.66940777 0.68490237
vt 0.68365684 0.68490237
vt 0.67011252 0.69928857
f 342/1750 344/1751 321/1752
vt 0.55138849 0.69928857
vt 0.56719815 0.69928857
vt 0.56790264 0.68490237
f 324/1753 328/1754 345/1755
vt 0.69876201 0.68490237
vt 0.69805752 0.69928857
vt 0.68224786 0.69928857
f 346/1756 329/1757 325/1758
vt 0.55138849 0.69928857
vt 0.56790264 0.68490237
vt 0.55279746 0.68490237
f 324/1759 345/1760 343/1761
vt 0.68365684 0.68490237
vt 0.69876201 0.68490237
vt 0.68224786 0.69928857
f 344/1762 346/1763 325/1764
vt 0.56719815 0.69928857
vt 0.58300781 0.69928857
vt 0.58300781 0.68490237
f 328/1765 305/1766 333/1767
vt 0.71386719 0.68490237
vt 0.71386719 0.69928857
vt 0.69805752 0.69928857
f 334/1768 306/1769 329/1770
vt 0.56719815 0.69928857
vt 0.58300781 0.68490237
vt 0.56790264 0.68490237
f 328/1771 333/1772 345/1773
vt 0.69876201 0.68490237
vt 0.71386719 0.68490237
vt 0.69805752 0.69928857
f 346/1774 334/1775 329/1776
vt 0.46386719 0.68490237
vt 0.47811625 0.68490237
vt 0.47876258 0.67284916
f 333/1777 331/1778 347/1779
vt 0.60962196 0.67284916
vt 0.60897563 0.68490237
vt 0.59472656 0.68490237
f 348/1780 332/1781 334/1782
vt 0.46386719 0.68490237
vt 0.47876258 0.67284916
vt 0.46386719 0.67284916
f 333/1783 347/1784 349/1785
vt 0.59472656 0.67284916
vt 0.60962196 0.67284916
vt 0.59472656 0.68490237
f 350/1786 348/1787 334/1788
vt 0.47811625 0.68490237
vt 0.49322715 0.68490237
vt 0.49365798 0.67284916
f 331/1789 335/1790 351/1791
vt 0.62451736 0.67284916
vt 0.62408653 0.68490237
vt 0.60897563 0.68490237
f 352/1792 336/1793 332/1794
vt 0.47811625 0.68490237
vt 0.49365798 0.67284916
vt 0.47876258 0.67284916
f 331/1795 351/1796 347/1797
vt 0.60962196 0.67284916
vt 0.62451736 0.67284916
vt 0.60897563 0.68490237
f 348/1798 352/1799 332/1800
vt 0.49322715 0.68490237
vt 0.50833233 0.68490237
vt 0.50854774 0.67284916
f 335/1801 337/1802 353/1803
vt 0.63940712 0.67284916
vt 0.63919170 0.68490237
vt 0.62408653 0.68490237
f 354/1804 338/1805 336/1806
vt 0.49322715 0.68490237
vt 0.50854774 0.67284916
vt 0.49365798 0.67284916
f 335/1807 353/1808 351/1809
vt 0.62451736 0.67284916
vt 0.63940712 0.67284916
vt 0.62408653 0.68490237
f 352/1810 354/1811 336/1812
vt 0.50833233 0.68490237
vt 0.52343750 0.68490237
vt 0.52343750 0.67284916
f 337/1813 339/1814 355/1815
vt 0.65429688 0.67284916
vt 0.65429688 0.68490237
vt 0.63919170 0.68490237
f 356/1816 340/1817 338/1818
vt 0.50833233 0.68490237
vt 0.52343750 0.67284916
vt 0.50854774 0.67284916
f 337/1819 355/1820 353/1821
vt 0.63940712 0.67284916
vt 0.65429688 0.67284916
vt 0.63919170 0.68490237
f 354/1822 356/1823 338/1824
vt 0.52343750 0.68490237
vt 0.53854840 0.68490237
vt 0.53833290 0.67284916
f 339/1825 341/1826 357/1827
vt 0.66919227 0.67284916
vt 0.66940777 0.68490237
vt 0.65429688 0.68490237
f 358/1828 342/1829 340/1830
vt 0.52343750 0.68490237
vt 0.53833290 0.67284916
vt 0.52343750 0.67284916
f 339/1831 357/1832 355/1833
vt 0.65429688 0.67284916
vt 0.66919227 0.67284916
vt 0.65429688 0.68490237
f 356/1834 358/1835 340/1836
vt 0.53854840 0.68490237
vt 0.55279746 0.68490237
vt 0.55322829 0.67284916
f 341/1837 343/1838 359/1839
vt 0.68408767 0.67284916
vt 0.68365684 0.68490237
vt 0.66940777 0.68490237
f 360/1840 344/1841 342/1842
vt 0.53854840 0.68490237
vt 0.55322829 0.67284916
vt 0.53833290 0.67284916
f 341/1843 359/1844 357/1845
vt 0.66919227 0.67284916
vt 0.68408767 0.67284916
vt 0.66940777 0.68490237
f 358/1846 360/1847 342/1848
vt 0.55279746 0.68490237
vt 0.56790264 0.68490237
vt 0.56811805 0.67284916
f 343/1849 345/1850 361/1851
vt 0.69897743 0.67284916
vt 0.69876201 0.68490237
vt 0.68365684 0.68490237
f 362/1852 346/1853 344/1854
vt 0.55279746 0.68490237
vt 0.56811805 0.67284916
vt 0.55322829 0.67284916
f 343/1855 361/1856 359/1857
vt 0.68408767 0.67284916
vt 0.69897743 0.67284916
vt 0.68365684 0.68490237
f 360/1858 362/1859 344/1860
vt 0.56790264 0.68490237
vt 0.58300781 0.68490237
vt 0.58300781 0.67284916
f 345/1861 333/1862 349/1863
vt 0.71386719 0.67284916
vt 0.71386719 0.68490237
vt 0.69876201 0.68490237
f 350/1864 334/1865 346/1866
vt 0.56790264 0.68490237
vt 0.58300781 0.67284916
vt 0.56811805 0.67284916
f 345/1867 349/1868 361/1869
vt 0.69897743 0.67284916
vt 0.71386719 0.67284916
vt 0.69876201 0.68490237
f 362/1870 350/1871 346/1872
vt 0.46386719 0.67284916
vt 0.47876258 0.67284916
vt 0.47876258 0.66558749
f 349/1873 347/1874 363/1875
vt 0.60962196 0.66558749
vt 0.60962196 0.67284916
vt 0.59472656 0.67284916
f 364/1876 348/1877 350/1878
vt 0.46386719 0.67284916
vt 0.47876258 0.66558749
vt 0.46386719 0.66558749
f 349/1879 363/1880 365/1881
vt 0.59472656 0.66558749
vt 0.60962196 0.66558749
vt 0.59472656 0.67284916
f 366/1882 364/1883 350/1884
vt 0.47876258 0.67284916
vt 0.49365798 0.67284916
vt 0.49365798 0.66558749
f 347/1885 351/1886 367/1887
vt 0.62451736 0.66558749
vt 0.62451736 0.67284916
vt 0.60962196 0.67284916
f 368/1888 352/1889 348/1890
vt 0.47876258 0.67284916
vt 0.49365798 0.66558749
vt 0.47876258 0.66558749
f 347/1891 367/1892 363/1893
vt 0.60962196 0.66558749
vt 0.62451736 0.66558749
vt 0.60962196 0.67284916
f 364/1894 368/1895 348/1896
vt 0.49365798 0.67284916
vt 0.50854774 0.67284916
vt 0.50854774 0.66558749
f 351/1897 353/1898 369/1899
vt 0.63940712 0.66558749
vt 0.63940712 0.67284916
vt 0.62451736 0.67284916
f 370/1900 354/1901 352/1902
vt 0.49365798 0.67284916
vt 0.50854774 0.66558749
vt 0.49365798 0.66558749
f 351/1903 369/1904 367/1905
vt 0.62451736 0.66558749
vt 0.63940712 0.66558749
vt 0.62451736 0.67284916
f 368/1906 370/1907 352/1908
vt 0.50854774 0.67284916
vt 0.52343750 0.67284916
vt 0.52343750 0.66558749
f 353/1909 355/1910 371/1911
vt 0.65429688 0.66558749
vt 0.65429688 0.67284916
vt 0.63940712 0.67284916
f 372/1912 356/1913 354/1914
vt 0.50854774 0.67284916
vt 0.52343750 0.66558749
vt 0.50854774 0.66558749
f 353/1915 371/1916 369/1917
vt 0.63940712 0.66558749
vt 0.65429688 0.66558749
vt 0.63940712 0.67284916
f 370/1918 372/1919 354/1920
vt 0.52343750 0.67284916
vt 0.53833290 0.67284916
vt 0.53833290 0.66558749
f 355/1921 357/1922 373/1923
vt 0.66919227 0.66558749
vt 0.66919227 0.67284916
vt 0.65429688 0.67284916
f 374/1924 358/1925 356/1926
vt 0.52343750 0.67284916
vt 0.53833290 0.66558749
vt 0.52343750 0.66558749
f 355/1927 373/1928 371/1929
vt 0.65429688 0.66558749
vt 0.66919227 0.66558749
vt 0.65429688 0.67284916
f 372/1930 374/1931 356/1932
vt 0.53833290 0.67284916
vt 0.55322829 0.67284916
vt 0.55322829 0.66558749
f 357/1933 359/1934 375/1935
vt 0.68408767 0.66558749
vt 0.68408767 0.67284916
vt 0.66919227 0.67284916
f 376/1936 360/1937 358/1938
vt 0.53833290 0.67284916
vt 0.55322829 0.66558749
vt 0.53833290 0.66558749
f 357/1939 375/1940 373/1941
vt 0.66919227 0.66558749
vt 0.68408767 0.66558749
vt 0.66919227 0.67284916
f 374/1942 376/1943 358/1944
vt 0.55322829 0.67284916
vt 0.56811805 0.67284916
vt 0.56811805 0.66558749
f 359/1945 361/1946 377/1947
vt 0.69897743 0.66558749
vt 0.69897743 0.67284916
vt 0.68408767 0.67284916
f 378/1948 362/1949 360/1950
vt 0.55322829 0.67284916
vt 0.56811805 0.66558749
vt 0.55322829 0.66558749
f 359/1951 377/1952 375/1953
vt 0.68408767 0.66558749
vt 0.69897743 0.66558749
vt 0.68408767 0.67284916
f 376/1954 378/1955 360/1956
vt 0.56811805 0.67284916
vt 0.58300781 0.67284916
vt 0.58300781 0.66558749
f 361/1957 349/1958 365/1959
vt 0.71386719 0.66558749
vt 0.71386719 0.67284916
vt 0.69897743 0.67284916
f 366/1960 350/1961 362/1962
vt 0.56811805 0.67284916
vt 0.58300781 0.66558749
vt 0.56811805 0.66558749
f 361/1963 365/1964 377/1965
vt 0.69897743 0.66558749
vt 0.71386719 0.66558749
vt 0.69897743 0.67284916
f 378/1966 366/1967 362/1968
vt 0.46386719 0.66558749
vt 0.47876258 0.66558749
vt 0.47876258 0.65136719
f 365/1969 363/1970 379/1971
vt 0.60962196 0.65136719
vt 0.60962196 0.66558749
vt 0.59472656 0.66558749
f 380/1972 364/1973 366/1974
vt 0.46386719 0.66558749
vt 0.47876258 0.65136719
vt 0.46386719 0.65136719
f 365/1975 379/1976 381/1977
vt 0.59472656 0.65136719
vt 0.60962196 0.65136719
vt 0.59472656 0.66558749
f 382/1978 380/1979 366/1980
vt 0.47876258 0.66558749
vt 0.49365798 0.66558749
vt 0.49365798 0.65136719
f 363/1981 367/1982 383/1983
vt 0.62451736 0.65136719
vt 0.62451736 0.66558749
vt 0.60962196 0.66558749
f 384/1984 368/1985 364/1986
vt 0.47876258 0.66558749
vt 0.49365798 0.65136719
vt 0.47876258 0.65136719
f 363/1987 383/1988 379/1989
vt 0.60962196 0.65136719
vt 0.62451736 0.65136719
vt 0.60962196 0.66558749
f 380/1990 384/1991 364/1992
vt 0.49365798 0.66558749
vt 0.50854774 0.66558749
vt 0.50854774 0.65136719
f 367/1993 369/1994 385/1995
vt 0.63940712 0.65136719
vt 0.63940712 0.66558749
vt 0.62451736 0.66558749
f 386/1996 370/1997 368/1998
vt 0.49365798 0.66558749
vt 0.50854774 0.65136719
vt 0.49365798 0.65136719
f 367/1999 385/2000 383/2001
vt 0.62451736 0.65136719
vt 0.63940712 0.65136719
vt 0.62451736 0.66558749
f 384/2002 386/2003 368/2004
vt 0.50854774 0.66558749
vt 0.52343750 0.66558749
vt 0.52343750 0.65136719
f 369/2005 371/2006 387/2007
vt 0.65429688 0.65136719
vt 0.65429688 0.66558749
vt 0.63940712 0.66558749
f 388/2008 372/2009 370/2010
vt 0.50854774 0.66558749
vt 0.52343750 0.65136719
vt 0.50854774 0.65136719
f 369/2011 387/2012 385/2013
vt 0.63940712 0.65136719
vt 0.65429688 0.65136719
vt 0.63940712 0.66558749
f 386/2014 388/2015 370/2016
vt 0.52343750 0.66558749
vt 0.53833290 0.66558749
vt 0.53833290 0.65136719
f 371/2017 373/2018 389/2019
vt 0.66919227 0.65136719
vt 0.66919227 0.66558749
vt 0.65429688 0.66558749
f 390/2020 374/2021 372/2022
vt 0.52343750 0.66558749
vt 0.53833290 0.65136719
vt 0.52343750 0.65136719
f 371/2023 389/2024 387/2025
vt 0.65429688 0.65136719
vt 0.66919227 0.65136719
vt 0.65429688 0.66558749
f 388/2026 390/2027 372/2028
vt 0.53833290 0.66558749
vt 0.55322829 0.66558749
vt 0.55322829 0.65136719
f 373/2029 375/2030 391/2031
vt 0.68408767 0.65136719
vt 0.68408767 0.66558749
vt 0.66919227 0.66558749
f 392/2032 376/2033 374/2034
vt 0.53833290 0.66558749
vt 0.55322829 0.65136719
vt 0.53833290 0.65136719
f 373/2035 391/2036 389/2037
vt 0.66919227 0.65136719
vt 0.68408767 0.65136719
vt 0.66919227 0.66558749
f 390/2038 392/2039 374/2040
vt 0.55322829 0.66558749
vt 0.56811805 0.66558749
vt 0.56811805 0.65136719
f 375/2041 377/2042 393/2043
vt 0.69897743 0.65136719
vt 0.69897743 0.66558749
vt 0.68408767 0.66558749
f 394/2044 378/2045 376/2046
vt 0.55322829 0.66558749
vt 0.56811805 0.65136719
vt 0.55322829 0.65136719
f 375/2047 393/2048 391/2049
vt 0.68408767 0.65136719
vt 0.69897743 0.65136719
vt 0.68408767 0.66558749
f 392/2050 394/2051 376/2052
vt 0.56811805 0.66558749
vt 0.58300781 0.66558749
vt 0.58300781 0.65136719
f 377/2053 365/2054 381/2055
vt 0.71386719 0.65136719
vt 0.71386719 0.66558749
vt 0.69897743 0.66558749
f 382/2056 366/2057 378/2058
vt 0.56811805 0.66558749
vt 0.58300781 0.65136719
vt 0.56811805 0.65136719
f 377/2059 381/2060 393/2061
vt 0.69897743 0.65136719
vt 0.71386719 0.65136719
vt 0.69897743 0.66558749
f 394/2062 382/2063 378/2064
vt 0.72558594 0.71191406
vt 0.73339844 0.71191406
vt 0.72558594 0.70410156
f 300/2065 299/2066 304/2067
vt 0.72558594 0.71191406
vt 0.73339844 0.71191406
vt 0.72558594 0.70410156
f 300/2068 304/2069 303/2070
vt 0.72558594 0.71191406
vt 0.73339844 0.71191406
vt 0.72558594 0.70410156
f 307/2071 300/2072 303/2073
vt 0.72558594 0.71191406
vt 0.73339844 0.71191406
vt 0.72558594 0.70410156
f 307/2074 303/2075 310/2076
vt 0.72558594 0.71191406
vt 0.73339844 0.71191406
vt 0.72558594 0.70410156
f 311/2077 307/2078 310/2079
vt 0.72558594 0.71191406
vt 0.73339844 0.71191406
vt 0.72558594 0.70410156
f 311/2080 310/2081 314/2082
vt 0.72558594 0.71191406
vt 0.73339844 0.71191406
vt 0.72558594 0.70410156
f 315/2083 311/2084 314/2085
vt 0.72558594 0.71191406
vt 0.73339844 0.71191406
vt 0.72558594 0.70410156
f 315/2086 314/2087 318/2088
vt 0.72558594 0.71191406
vt 0.73339844 0.71191406
vt 0.72558594 0.70410156
f 319/2089 315/2090 318/2091
vt 0.72558594 0.71191406
vt 0.73339844 0.71191406
vt 0.72558594 0.70410156
f 319/2092 318/2093 322/2094
vt 0.72558594 0.71191406
vt 0.73339844 0.71191406
vt 0.72558594 0.70410156
f 323/2095 319/2096 322/2097
vt 0.72558594 0.71191406
vt 0.73339844 0.71191406
vt 0.72558594 0.70410156
f 323/2098 322/2099 326/2100
vt 0.72558594 0.71191406
vt 0.73339844 0.71191406
vt 0.72558594 0.70410156
f 327/2101 323/2102 326/2103
vt 0.72558594 0.71191406
vt 0.73339844 0.71191406
vt 0.72558594 0.70410156
f 327/2104 326/2105 330/2106
vt 0.72558594 0.71191406
vt 0.73339844 0.71191406
vt 0.72558594 0.70410156
f 299/2107 327/2108 330/2109
vt 0.72558594 0.71191406
vt 0.73339844 0.71191406
vt 0.72558594 0.70410156
f 299/2110 330/2111 304/2112
vt 0.72558594 0.71191406
vt 0.73339844 0.71191406
vt 0.72558594 0.70410156
f 381/2113 379/2114 380/2115
vt 0.72558594 0.71191406
vt 0.73339844 0.71191406
vt 0.72558594 0.70410156
f 381/2116 380/2117 382/2118
vt 0.72558594 0.71191406
vt 0.73339844 0.71191406
vt 0.72558594 0.70410156
f 379/2119 383/2120 384/2121
vt 0.72558594 0.71191406
vt 0.73339844 0.71191406
vt 0.72558594 0.70410156
f 379/2122 384/2123 380/2124
vt 0.72558594 0.71191406
vt 0.73339844 0.71191406
vt 0.72558594 0.70410156
f 383/2125 385/2126 386/2127
vt 0.72558594 0.71191406
vt 0.73339844 0.71191406
vt 0.72558594 0.70410156
f 383/2128 386/2129 384/2130
vt 0.72558594 0.71191406
vt 0.73339844 0.71191406
vt 0.72558594 0.70410156
f 385/2131 387/2132 388/2133
vt 0.72558594 0.71191406
vt 0.73339844 0.71191406
vt 0.72558594 0.70410156
f 385/2134 388/2135 386/2136
vt 0.72558594 0.71191406
vt 0.73339844 0.71191406
vt 0.72558594 0.70410156
f 387/2137 389/2138 390/2139
vt 0.72558594 0.71191406
vt 0.73339844 0.71191406
vt 0.72558594 0.70410156
f 387/2140 390/2141 388/2142
vt 0.72558594 0.71191406
vt 0.73339844 0.71191406
vt 0.72558594 0.70410156
f 389/2143 391/2144 392/2145
vt 0.72558594 0.71191406
vt 0.73339844 0.71191406
vt 0.72558594 0.70410156
f 389/2146 392/2147 390/2148
vt 0.72558594 0.71191406
vt 0.73339844 0.71191406
vt 0.72558594 0.70410156
f 391/2149 393/2150 394/2151
vt 0.72558594 0.71191406
vt 0.73339844 0.71191406
vt 0.72558594 0.70410156
f 391/2152 394/2153 392/2154
vt 0.72558594 0.71191406
vt 0.73339844 0.71191406
vt 0.72558594 0.70410156
f 393/2155 381/2156 382/2157
vt 0.72558594 0.71191406
vt 0.73339844 0.71191406
vt 0.72558594 0.70410156
f 393/2158 382/2159 394/2160
vt 0.75831934 0.69628906
vt 0.74511719 0.69628906
vt 0.74511719 0.68108259
f 395/2161 396/2162 397/2163
vt 0.79752738 0.69628906
vt 0.78432523 0.68108259
vt 0.78432523 0.69628906
f 398/2164 399/2165 400/2166
vt 0.78417969 0.68108259
vt 0.78417969 0.69628906
vt 0.78432523 0.69628906
f 397/2167 396/2168 400/2169
vt 0.78417969 0.68108259
vt 0.78432523 0.69628906
vt 0.78432523 0.68108259
f 397/2170 400/2171 399/2172
vt 0.75831934 0.69628906
vt 0.74511719 0.68108259
vt 0.75691017 0.68066406
f 395/2173 397/2174 401/2175
vt 0.79752738 0.69628906
vt 0.79611821 0.68066406
vt 0.78432523 0.68108259
f 398/2176 402/2177 399/2178
vt 0.79597267 0.68066406
vt 0.78417969 0.68108259
vt 0.78432523 0.68108259
f 401/2179 397/2180 399/2181
vt 0.79597267 0.68066406
vt 0.78432523 0.68108259
vt 0.79611821 0.68066406
f 401/2182 399/2183 402/2184
vt 0.75831934 0.69628906
vt 0.75691017 0.68066406
vt 0.77246094 0.68108259
f 395/2185 401/2186 403/2187
vt 0.79752738 0.69628906
vt 0.81166898 0.68108259
vt 0.79611821 0.68066406
f 398/2188 404/2189 402/2190
vt 0.81152344 0.68108259
vt 0.79597267 0.68066406
vt 0.79611821 0.68066406
f 403/2191 401/2192 402/2193
vt 0.81152344 0.68108259
vt 0.79611821 0.68066406
vt 0.81166898 0.68108259
f 403/2194 402/2195 404/2196
vt 0.75831934 0.69628906
vt 0.77246094 0.68108259
vt 0.77246094 0.69628906
f 395/2197 403/2198 405/2199
vt 0.79752738 0.69628906
vt 0.81166898 0.69628906
vt 0.81166898 0.68108259
f 398/2200 406/2201 404/2202
vt 0.81152344 0.69628906
vt 0.81152344 0.68108259
vt 0.81166898 0.68108259
f 405/2203 403/2204 404/2205
vt 0.81152344 0.69628906
vt 0.81166898 0.68108259
vt 0.81166898 0.69628906
f 405/2206 404/2207 406/2208
vt 0.75831934 0.69628906
vt 0.77246094 0.69628906
vt 0.77246094 0.71149554
f 395/2209 405/2210 407/2211
vt 0.79752738 0.69628906
vt 0.81166898 0.71149554
vt 0.81166898 0.69628906
f 398/2212 408/2213 406/2214
vt 0.81152344 0.71149554
vt 0.81152344 0.69628906
vt 0.81166898 0.69628906
f 407/2215 405/2216 406/2217
vt 0.81152344 0.71149554
vt 0.81166898 0.69628906
vt 0.81166898 0.71149554
f 407/2218 406/2219 408/2220
vt 0.75831934 0.69628906
vt 0.77246094 0.71149554
vt 0.75691017 0.71191406
f 395/2221 407/2222 409/2223
vt 0.79752738 0.69628906
vt 0.79611821 0.71191406
vt 0.81166898 0.71149554
f 398/2224 410/2225 408/2226
vt 0.79597267 0.71191406
vt 0.81152344 0.71149554
vt 0.81166898 0.71149554
f 409/2227 407/2228 408/2229
vt 0.79597267 0.71191406
vt 0.81166898 0.71149554
vt 0.79611821 0.71191406
f 409/2230 408/2231 410/2232
vt 0.75831934 0.69628906
vt 0.75691017 0.71191406
vt 0.74511719 0.71149554
f 395/2233 409/2234 411/2235
vt 0.79752738 0.69628906
vt 0.78432523 0.71149554
vt 0.79611821 0.71191406
f 398/2236 412/2237 410/2238
vt 0.78417969 0.71149554
vt 0.79597267 0.71191406
vt 0.79611821 0.71191406
f 411/2239 409/2240 410/2241
vt 0.78417969 0.71149554
vt 0.79611821 0.71191406
vt 0.78432523 0.71149554
f 411/2242 410/2243 412/2244
vt 0.75831934 0.69628906
vt 0.74511719 0.71149554
vt 0.74511719 0.69628906
f 395/2245 411/2246 396/2247
vt 0.79752738 0.69628906
vt 0.78432523 0.69628906
vt 0.78432523 0.71149554
f 398/2248 400/2249 412/2250
vt 0.78417969 0.69628906
vt 0.78417969 0.71149554
vt 0.78432523 0.71149554
f 396/2251 411/2252 412/2253
vt 0.78417969 0.69628906
vt 0.78432523 0.71149554
vt 0.78432523 0.69628906
f 396/2254 412/2255 400/2256
vt 0.82324219 0.71191406
vt 0.83756872 0.71191406
vt 0.83756872 0.70345052
f 413/2257 414/2258 415/2259
vt 0.89225622 0.70345052
vt 0.89225622 0.71191406
vt 0.87792969 0.71191406
f 416/2260 417/2261 418/2262
vt 0.82324219 0.71191406
vt 0.83756872 0.70345052
vt 0.82324219 0.70345052
f 413/2263 415/2264 419/2265
vt 0.87792969 0.70345052
vt 0.89225622 0.70345052
vt 0.87792969 0.71191406
f 420/2266 416/2267 418/2268
vt 0.83756872 0.71191406
vt 0.85188983 0.71191406
vt 0.85188983 0.70345052
f 414/2269 421/2270 422/2271
vt 0.90657733 0.70345052
vt 0.90657733 0.71191406
vt 0.89225622 0.71191406
f 423/2272 424/2273 417/2274
vt 0.83756872 0.71191406
vt 0.85188983 0.70345052
vt 0.83756872 0.70345052
f 414/2275 422/2276 415/2277
vt 0.89225622 0.70345052
vt 0.90657733 0.70345052
vt 0.89225622 0.71191406
f 416/2278 423/2279 417/2280
vt 0.85188983 0.71191406
vt 0.86621094 0.71191406
vt 0.86621094 0.70345052
f 421/2281 425/2282 426/2283
vt 0.92089844 0.70345052
vt 0.92089844 0.71191406
vt 0.90657733 0.71191406
f 427/2284 428/2285 424/2286
vt 0.85188983 0.71191406
vt 0.86621094 0.70345052
vt 0.85188983 0.70345052
f 421/2287 426/2288 422/2289
vt 0.90657733 0.70345052
vt 0.92089844 0.70345052
vt 0.90657733 0.71191406
f 423/2290 427/2291 424/2292
vt 0.82324219 0.70345052
vt 0.83756872 0.70345052
vt 0.83756871 0.69824219
f 419/2293 415/2294 429/2295
vt 0.89225621 0.69824219
vt 0.89225622 0.70345052
vt 0.87792969 0.70345052
f 430/2296 416/2297 420/2298
vt 0.82324219 0.70345052
vt 0.83756871 0.69824219
vt 0.82324219 0.69824219
f 419/2299 429/2300 431/2301
vt 0.87792969 0.69824219
vt 0.89225621 0.69824219
vt 0.87792969 0.70345052
f 432/2302 430/2303 420/2304
vt 0.83756872 0.70345052
vt 0.85188983 0.70345052
vt 0.85188983 0.69824219
f 415/2305 422/2306 433/2307
vt 0.90657733 0.69824219
vt 0.90657733 0.70345052
vt 0.89225622 0.70345052
f 434/2308 423/2309 416/2310
vt 0.83756872 0.70345052
vt 0.85188983 0.69824219
vt 0.83756871 0.69824219
f 415/2311 433/2312 429/2313
vt 0.89225621 0.69824219
vt 0.90657733 0.69824219
vt 0.89225622 0.70345052
f 430/2314 434/2315 416/2316
vt 0.85188983 0.70345052
vt 0.86621094 0.70345052
vt 0.86621094 0.69824219
f 422/2317 426/2318 435/2319
vt 0.92089844 0.69824219
vt 0.92089844 0.70345052
vt 0.90657733 0.70345052
f 436/2320 427/2321 423/2322
vt 0.85188983 0.70345052
vt 0.86621094 0.69824219
vt 0.85188983 0.69824219
f 422/2323 435/2324 433/2325
vt 0.90657733 0.69824219
vt 0.92089844 0.69824219
vt 0.90657733 0.70345052
f 434/2326 436/2327 423/2328
vt 0.93261719 0.71191406
vt 0.94042969 0.71191406
vt 0.93261719 0.70410156
f 414/2329 413/2330 418/2331
vt 0.93261719 0.71191406
vt 0.94042969 0.71191406
vt 0.93261719 0.70410156
f 414/2332 418/2333 417/2334
vt 0.93261719 0.71191406
vt 0.94042969 0.71191406
vt 0.93261719 0.70410156
f 413/2335 419/2336 420/2337
vt 0.93261719 0.71191406
vt 0.94042969 0.71191406
vt 0.93261719 0.70410156
f 413/2338 420/2339 418/2340
vt 0.93261719 0.71191406
vt 0.94042969 0.71191406
vt 0.93261719 0.70410156
f 421/2341 414/2342 417/2343
vt 0.93261719 0.71191406
vt 0.94042969 0.71191406
vt 0.93261719 0.70410156
f 421/2344 417/2345 424/2346
vt 0.93261719 0.71191406
vt 0.94042969 0.71191406
vt 0.93261719 0.70410156
f 425/2347 421/2348 424/2349
vt 0.93261719 0.71191406
vt 0.94042969 0.71191406
vt 0.93261719 0.70410156
f 425/2350 424/2351 428/2352
vt 0.93261719 0.71191406
vt 0.94042969 0.71191406
vt 0.93261719 0.70410156
f 426/2353 425/2354 428/2355
vt 0.93261719 0.71191406
vt 0.94042969 0.71191406
vt 0.93261719 0.70410156
f 426/2356 428/2357 427/2358
vt 0.93261719 0.71191406
vt 0.94042969 0.71191406
vt 0.93261719 0.70410156
f 431/2359 429/2360 430/2361
vt 0.93261719 0.71191406
vt 0.94042969 0.71191406
vt 0.93261719 0.70410156
f 431/2362 430/2363 432/2364
vt 0.93261719 0.71191406
vt 0.94042969 0.71191406
vt 0.93261719 0.70410156
f 419/2365 431/2366 432/2367
vt 0.93261719 0.71191406
vt 0.94042969 0.71191406
vt 0.93261719 0.70410156
f 419/2368 432/2369 420/2370
vt 0.93261719 0.71191406
vt 0.94042969 0.71191406
vt 0.93261719 0.70410156
f 429/2371 433/2372 434/2373
vt 0.93261719 0.71191406
vt 0.94042969 0.71191406
vt 0.93261719 0.70410156
f 429/2374 434/2375 430/2376
vt 0.93261719 0.71191406
vt 0.94042969 0.71191406
vt 0.93261719 0.70410156
f 435/2377 426/2378 427/2379
vt 0.93261719 0.71191406
vt 0.94042969 0.71191406
vt 0.93261719 0.70410156
f 435/2380 427/2381 436/2382
vt 0.93261719 0.71191406
vt 0.94042969 0.71191406
vt 0.93261719 0.70410156
f 433/2383 435/2384 436/2385
vt 0.93261719 0.71191406
vt 0.94042969 0.71191406
vt 0.93261719 0.70410156
f 433/2386 436/2387 434/2388
vt 0.00292969 0.63964844
vt 0.01725621 0.63964844
vt 0.01725621 0.63183594
f 437/2389 438/2390 439/2391
vt 0.07194371 0.63183594
vt 0.07194371 0.63964844
vt 0.05761719 0.63964844
f 440/2392 441/2393 442/2394
vt 0.00292969 0.63964844
vt 0.01725621 0.63183594
vt 0.00292969 0.63183594
f 437/2395 439/2396 443/2397
vt 0.05761719 0.63183594
vt 0.07194371 0.63183594
vt 0.05761719 0.63964844
f 444/2398 440/2399 442/2400
vt 0.01725621 0.63964844
vt 0.03157733 0.63964844
vt 0.03157733 0.63183594
f 438/2401 445/2402 446/2403
vt 0.08626483 0.63183594
vt 0.08626483 0.63964844
vt 0.07194371 0.63964844
f 447/2404 448/2405 441/2406
vt 0.01725621 0.63964844
vt 0.03157733 0.63183594
vt 0.01725621 0.63183594
f 438/2407 446/2408 439/2409
vt 0.07194371 0.63183594
vt 0.08626483 0.63183594
vt 0.07194371 0.63964844
f 440/2410 447/2411 441/2412
vt 0.03157733 0.63964844
vt 0.04589844 0.63964844
vt 0.04589844 0.63183594
f 445/2413 449/2414 450/2415
vt 0.10058594 0.63183594
vt 0.10058594 0.63964844
vt 0.08626483 0.63964844
f 451/2416 452/2417 448/2418
vt 0.03157733 0.63964844
vt 0.04589844 0.63183594
vt 0.03157733 0.63183594
f 445/2419 450/2420 446/2421
vt 0.08626483 0.63183594
vt 0.10058594 0.63183594
vt 0.08626483 0.63964844
f 447/2422 451/2423 448/2424
vt 0.11230469 0.63964844
vt 0.12011719 0.63964844
vt 0.11230469 0.63183594
f 438/2425 437/2426 442/2427
vt 0.11230469 0.63964844
vt 0.12011719 0.63964844
vt 0.11230469 0.63183594
f 438/2428 442/2429 441/2430
vt 0.11230469 0.63964844
vt 0.12011719 0.63964844
vt 0.11230469 0.63183594
f 443/2431 439/2432 440/2433
vt 0.11230469 0.63964844
vt 0.12011719 0.63964844
vt 0.11230469 0.63183594
f 443/2434 440/2435 444/2436
vt 0.11230469 0.63964844
vt 0.12011719 0.63964844
vt 0.11230469 0.63183594
f 437/2437 443/2438 444/2439
vt 0.11230469 0.63964844
vt 0.12011719 0.63964844
vt 0.11230469 0.63183594
f 437/2440 444/2441 442/2442
vt 0.11230469 0.63964844
vt 0.12011719 0.63964844
vt 0.11230469 0.63183594
f 445/2443 438/2444 441/2445
vt 0.11230469 0.63964844
vt 0.12011719 0.63964844
vt 0.11230469 0.63183594
f 445/2446 441/2447 448/2448
vt 0.11230469 0.63964844
vt 0.12011719 0.63964844
vt 0.11230469 0.63183594
f 439/2449 446/2450 447/2451
vt 0.11230469 0.63964844
vt 0.12011719 0.63964844
vt 0.11230469 0.63183594
f 439/2452 447/2453 440/2454
vt 0.11230469 0.63964844
vt 0.12011719 0.63964844
vt 0.11230469 0.63183594
f 449/2455 445/2456 448/2457
vt 0.11230469 0.63964844
vt 0.12011719 0.63964844
vt 0.11230469 0.63183594
f 449/2458 448/2459 452/2460
vt 0.11230469 0.63964844
vt 0.12011719 0.63964844
vt 0.11230469 0.63183594
f 450/2461 449/2462 452/2463
vt 0.11230469 0.63964844
vt 0.12011719 0.63964844
vt 0.11230469 0.63183594
f 450/2464 452/2465 451/2466
vt 0.11230469 0.63964844
vt 0.12011719 0.63964844
vt 0.11230469 0.63183594
f 446/2467 450/2468 451/2469
vt 0.11230469 0.63964844
vt 0.12011719 0.63964844
vt 0.11230469 0.63183594
f 446/2470 451/2471 447/2472
vt 0.13183594 0.63964844
vt 0.14526621 0.63964844
vt 0.14526621 0.63183594
f 453/2473 454/2474 455/2475
vt 0.26440684 0.63183594
vt 0.26440684 0.63964844
vt 0.25097656 0.63964844
f 456/2476 457/2477 458/2478
vt 0.13183594 0.63964844
vt 0.14526621 0.63183594
vt 0.13183594 0.63183594
f 453/2479 455/2480 459/2481
vt 0.25097656 0.63183594
vt 0.26440684 0.63183594
vt 0.25097656 0.63964844
f 460/2482 456/2483 458/2484
vt 0.14526621 0.63964844
vt 0.15869649 0.63964844
vt 0.15869649 0.63183594
f 454/2485 461/2486 462/2487
vt 0.27783712 0.63183594
vt 0.27783712 0.63964844
vt 0.26440684 0.63964844
f 463/2488 464/2489 457/2490
vt 0.14526621 0.63964844
vt 0.15869649 0.63183594
vt 0.14526621 0.63183594
f 454/2491 462/2492 455/2493
vt 0.26440684 0.63183594
vt 0.27783712 0.63183594
vt 0.26440684 0.63964844
f 456/2494 463/2495 457/2496
vt 0.15869649 0.63964844
vt 0.17212168 0.63964844
vt 0.17212168 0.63183594
f 461/2497 465/2498 466/2499
vt 0.29126231 0.63183594
vt 0.29126231 0.63964844
vt 0.27783712 0.63964844
f 467/2500 468/2501 464/2502
vt 0.15869649 0.63964844
vt 0.17212168 0.63183594
vt 0.15869649 0.63183594
f 461/2503 466/2504 462/2505
vt 0.27783712 0.63183594
vt 0.29126231 0.63183594
vt 0.27783712 0.63964844
f 463/2506 467/2507 464/2508
vt 0.17212168 0.63964844
vt 0.18554688 0.63964844
vt 0.18554688 0.63183594
f 465/2509 469/2510 470/2511
vt 0.30468750 0.63183594
vt 0.30468750 0.63964844
vt 0.29126231 0.63964844
f 471/2512 472/2513 468/2514
vt 0.17212168 0.63964844
vt 0.18554688 0.63183594
vt 0.17212168 0.63183594
f 465/2515 470/2516 466/2517
vt 0.29126231 0.63183594
vt 0.30468750 0.63183594
vt 0.29126231 0.63964844
f 467/2518 471/2519 468/2520
vt 0.18554688 0.63964844
vt 0.19897715 0.63964844
vt 0.19897715 0.63183594
f 469/2521 473/2522 474/2523
vt 0.31811778 0.63183594
vt 0.31811778 0.63964844
vt 0.30468750 0.63964844
f 475/2524 476/2525 472/2526
vt 0.18554688 0.63964844
vt 0.19897715 0.63183594
vt 0.18554688 0.63183594
f 469/2527 474/2528 470/2529
vt 0.30468750 0.63183594
vt 0.31811778 0.63183594
vt 0.30468750 0.63964844
f 471/2530 475/2531 472/2532
vt 0.19897715 0.63964844
vt 0.21240743 0.63964844
vt 0.21240743 0.63183594
f 473/2533 477/2534 478/2535
vt 0.33154805 0.63183594
vt 0.33154805 0.63964844
vt 0.31811778 0.63964844
f 479/2536 480/2537 476/2538
vt 0.19897715 0.63964844
vt 0.21240743 0.63183594
vt 0.19897715 0.63183594
f 473/2539 478/2540 474/2541
vt 0.31811778 0.63183594
vt 0.33154805 0.63183594
vt 0.31811778 0.63964844
f 475/2542 479/2543 476/2544
vt 0.21240743 0.63964844
vt 0.22583262 0.63964844
vt 0.22583262 0.63183594
f 477/2545 481/2546 482/2547
vt 0.34497325 0.63183594
vt 0.34497325 0.63964844
vt 0.33154805 0.63964844
f 483/2548 484/2549 480/2550
vt 0.21240743 0.63964844
vt 0.22583262 0.63183594
vt 0.21240743 0.63183594
f 477/2551 482/2552 478/2553
vt 0.33154805 0.63183594
vt 0.34497325 0.63183594
vt 0.33154805 0.63964844
f 479/2554 483/2555 480/2556
vt 0.22583262 0.63964844
vt 0.23925781 0.63964844
vt 0.23925781 0.63183594
f 481/2557 453/2558 459/2559
vt 0.35839844 0.63183594
vt 0.35839844 0.63964844
vt 0.34497325 0.63964844
f 460/2560 458/2561 484/2562
vt 0.22583262 0.63964844
vt 0.23925781 0.63183594
vt 0.22583262 0.63183594
f 481/2563 459/2564 482/2565
vt 0.34497325 0.63183594
vt 0.35839844 0.63183594
vt 0.34497325 0.63964844
f 483/2566 460/2567 484/2568
vt 0.37011719 0.63964844
vt 0.37792969 0.63964844
vt 0.37011719 0.63183594
f 454/2569 453/2570 458/2571
vt 0.37011719 0.63964844
vt 0.37792969 0.63964844
vt 0.37011719 0.63183594
f 454/2572 458/2573 457/2574
vt 0.37011719 0.63964844
vt 0.37792969 0.63964844
vt 0.37011719 0.63183594
f 459/2575 455/2576 456/2577
vt 0.37011719 0.63964844
vt 0.37792969 0.63964844
vt 0.37011719 0.63183594
f 459/2578 456/2579 460/2580
vt 0.37011719 0.63964844
vt 0.37792969 0.63964844
vt 0.37011719 0.63183594
f 461/2581 454/2582 457/2583
vt 0.37011719 0.63964844
vt 0.37792969 0.63964844
vt 0.37011719 0.63183594
f 461/2584 457/2585 464/2586
vt 0.37011719 0.63964844
vt 0.37792969 0.63964844
vt 0.37011719 0.63183594
f 455/2587 462/2588 463/2589
vt 0.37011719 0.63964844
vt 0.37792969 0.63964844
vt 0.37011719 0.63183594
f 455/2590 463/2591 456/2592
vt 0.37011719 0.63964844
vt 0.37792969 0.63964844
vt 0.37011719 0.63183594
f 465/2593 461/2594 464/2595
vt 0.37011719 0.63964844
vt 0.37792969 0.63964844
vt 0.37011719 0.63183594
f 465/2596 464/2597 468/2598
vt 0.37011719 0.63964844
vt 0.37792969 0.63964844
vt 0.37011719 0.63183594
f 462/2599 466/2600 467/2601
vt 0.37011719 0.63964844
vt 0.37792969 0.63964844
vt 0.37011719 0.63183594
f 462/2602 467/2603 463/2604
vt 0.37011719 0.63964844
vt 0.37792969 0.63964844
vt 0.37011719 0.63183594
f 469/2605 465/2606 468/2607
vt 0.37011719 0.63964844
vt 0.37792969 0.63964844
vt 0.37011719 0.63183594
f 469/2608 468/2609 472/2610
vt 0.37011719 0.63964844
vt 0.37792969 0.63964844
vt 0.37011719 0.63183594
f 466/2611 470/2612 471/2613
vt 0.37011719 0.63964844
vt 0.37792969 0.63964844
vt 0.37011719 0.63183594
f 466/2614 471/2615 467/2616
vt 0.37011719 0.63964844
vt 0.37792969 0.63964844
vt 0.37011719 0.63183594
f 473/2617 469/2618 472/2619
vt 0.37011719 0.63964844
vt 0.37792969 0.63964844
vt 0.37011719 0.63183594
f 473/2620 472/2621 476/2622
vt 0.37011719 0.63964844
vt 0.37792969 0.63964844
vt 0.37011719 0.63183594
f 470/2623 474/2624 475/2625
vt 0.37011719 0.63964844
vt 0.37792969 0.63964844
vt 0.37011719 0.63183594
f 470/2626 475/2627 471/2628
vt 0.37011719 0.63964844
vt 0.37792969 0.63964844
vt 0.37011719 0.63183594
f 477/2629 473/2630 476/2631
vt 0.37011719 0.63964844
vt 0.37792969 0.63964844
vt 0.37011719 0.63183594
f 477/2632 476/2633 480/2634
vt 0.37011719 0.63964844
vt 0.37792969 0.63964844
vt 0.37011719 0.63183594
f 474/2635 478/2636 479/2637
vt 0.37011719 0.63964844
vt 0.37792969 0.63964844
vt 0.37011719 0.63183594
f 474/2638 479/2639 475/2640
vt 0.37011719 0.63964844
vt 0.37792969 0.63964844
vt 0.37011719 0.63183594
f 481/2641 477/2642 480/2643
vt 0.37011719 0.63964844
vt 0.37792969 0.63964844
vt 0.37011719 0.63183594
f 481/2644 480/2645 484/2646
vt 0.37011719 0.63964844
vt 0.37792969 0.63964844
vt 0.37011719 0.63183594
f 478/2647 482/2648 483/2649
vt 0.37011719 0.63964844
vt 0.37792969 0.63964844
vt 0.37011719 0.63183594
f 478/2650 483/2651 479/2652
vt 0.37011719 0.63964844
vt 0.37792969 0.63964844
vt 0.37011719 0.63183594
f 453/2653 481/2654 484/2655
vt 0.37011719 0.63964844
vt 0.37792969 0.63964844
vt 0.37011719 0.63183594
f 453/2656 484/2657 458/2658
vt 0.37011719 0.63964844
vt 0.37792969 0.63964844
vt 0.37011719 0.63183594
f 482/2659 459/2660 460/2661
vt 0.37011719 0.63964844
vt 0.37792969 0.63964844
vt 0.37011719 0.63183594
f 482/2662 460/2663 483/2664
vt 0.38964844 0.63964844
vt 0.40192079 0.63964844
vt 0.40185547 0.62924670
f 485/2665 486/2666 487/2667
vt 0.46240234 0.62924670
vt 0.46246766 0.63964844
vt 0.45019531 0.63964844
f 488/2668 489/2669 490/2670
vt 0.38964844 0.63964844
vt 0.40185547 0.62924670
vt 0.38964844 0.62924670
f 485/2671 487/2672 491/2673
vt 0.45019531 0.62924670
vt 0.46240234 0.62924670
vt 0.45019531 0.63964844
f 492/2674 488/2675 490/2676
vt 0.40192079 0.63964844
vt 0.41406250 0.63964844
vt 0.41406250 0.62924670
f 486/2677 493/2678 494/2679
vt 0.47460938 0.62924670
vt 0.47460938 0.63964844
vt 0.46246766 0.63964844
f 495/2680 496/2681 489/2682
vt 0.40192079 0.63964844
vt 0.41406250 0.62924670
vt 0.40185547 0.62924670
f 486/2683 494/2684 487/2685
vt 0.46240234 0.62924670
vt 0.47460938 0.62924670
vt 0.46246766 0.63964844
f 488/2686 495/2687 489/2688
vt 0.41406250 0.63964844
vt 0.42620421 0.63964844
vt 0.42626953 0.62924670
f 493/2689 497/2690 498/2691
vt 0.48681641 0.62924670
vt 0.48675109 0.63964844
vt 0.47460938 0.63964844
f 499/2692 500/2693 496/2694
vt 0.41406250 0.63964844
vt 0.42626953 0.62924670
vt 0.41406250 0.62924670
f 493/2695 498/2696 494/2697
vt 0.47460938 0.62924670
vt 0.48681641 0.62924670
vt 0.47460938 0.63964844
f 495/2698 499/2699 496/2700
vt 0.42620421 0.63964844
vt 0.43847656 0.63964844
vt 0.43847656 0.62924670
f 497/2701 501/2702 502/2703
vt 0.49902344 0.62924670
vt 0.49902344 0.63964844
vt 0.48675109 0.63964844
f 503/2704 504/2705 500/2706
vt 0.42620421 0.63964844
vt 0.43847656 0.62924670
vt 0.42626953 0.62924670
f 497/2707 502/2708 498/2709
vt 0.48681641 0.62924670
vt 0.49902344 0.62924670
vt 0.48675109 0.63964844
f 499/2710 503/2711 500/2712
vt 0.38964844 0.62924670
vt 0.40185547 0.62924670
vt 0.40185547 0.61110414
f 491/2713 487/2714 505/2715
vt 0.46240234 0.61110414
vt 0.46240234 0.62924670
vt 0.45019531 0.62924670
f 506/2716 488/2717 492/2718
vt 0.38964844 0.62924670
vt 0.40185547 0.61110414
vt 0.38964844 0.61110414
f 491/2719 505/2720 507/2721
vt 0.45019531 0.61110414
vt 0.46240234 0.61110414
vt 0.45019531 0.62924670
f 508/2722 506/2723 492/2724
vt 0.40185547 0.62924670
vt 0.41406250 0.62924670
vt 0.41406250 0.61110414
f 487/2725 494/2726 509/2727
vt 0.47460938 0.61110414
vt 0.47460938 0.62924670
vt 0.46240234 0.62924670
f 510/2728 495/2729 488/2730
vt 0.40185547 0.62924670
vt 0.41406250 0.61110414
vt 0.40185547 0.61110414
f 487/2731 509/2732 505/2733
vt 0.46240234 0.61110414
vt 0.47460938 0.61110414
vt 0.46240234 0.62924670
f 506/2734 510/2735 488/2736
vt 0.41406250 0.62924670
vt 0.42626953 0.62924670
vt 0.42626953 0.61110414
f 494/2737 498/2738 511/2739
vt 0.48681641 0.61110414
vt 0.48681641 0.62924670
vt 0.47460938 0.62924670
f 512/2740 499/2741 495/2742
vt 0.41406250 0.62924670
vt 0.42626953 0.61110414
vt 0.41406250 0.61110414
f 494/2743 511/2744 509/2745
vt 0.47460938 0.61110414
vt 0.48681641 0.61110414
vt 0.47460938 0.62924670
f 510/2746 512/2747 495/2748
vt 0.42626953 0.62924670
vt 0.43847656 0.62924670
vt 0.43847656 0.61110414
f 498/2749 502/2750 513/2751
vt 0.49902344 0.61110414
vt 0.49902344 0.62924670
vt 0.48681641 0.62924670
f 514/2752 503/2753 499/2754
vt 0.42626953 0.62924670
vt 0.43847656 0.61110414
vt 0.42626953 0.61110414
f 498/2755 513/2756 511/2757
vt 0.48681641 0.61110414
vt 0.49902344 0.61110414
vt 0.48681641 0.62924670
f 512/2758 514/2759 499/2760
vt 0.38964844 0.61110414
vt 0.40185547 0.61110414
vt 0.40185547 0.58691406
f 507/2761 505/2762 515/2763
vt 0.46240234 0.58691406
vt 0.46240234 0.61110414
vt 0.45019531 0.61110414
f 516/2764 506/2765 508/2766
vt 0.38964844 0.61110414
vt 0.40185547 0.58691406
vt 0.38964844 0.58691406
f 507/2767 515/2768 517/2769
vt 0.45019531 0.58691406
vt 0.46240234 0.58691406
vt 0.45019531 0.61110414
f 518/2770 516/2771 508/2772
vt 0.40185547 0.61110414
vt 0.41406250 0.61110414
vt 0.41406250 0.58691406
f 505/2773 509/2774 519/2775
vt 0.47460938 0.58691406
vt 0.47460938 0.61110414
vt 0.46240234 0.61110414
f 520/2776 510/2777 506/2778
vt 0.40185547 0.61110414
vt 0.41406250 0.58691406
vt 0.40185547 0.58691406
f 505/2779 519/2780 515/2781
vt 0.46240234 0.58691406
vt 0.47460938 0.58691406
vt 0.46240234 0.61110414
f 516/2782 520/2783 506/2784
vt 0.41406250 0.61110414
vt 0.42626953 0.61110414
vt 0.42626953 0.58691406
f 509/2785 511/2786 521/2787
vt 0.48681641 0.58691406
vt 0.48681641 0.61110414
vt 0.47460938 0.61110414
f 522/2788 512/2789 510/2790
vt 0.41406250 0.61110414
vt 0.42626953 0.58691406
vt 0.41406250 0.58691406
f 509/2791 521/2792 519/2793
vt 0.47460938 0.58691406
vt 0.48681641 0.58691406
vt 0.47460938 0.61110414
f 520/2794 522/2795 510/2796
vt 0.42626953 0.61110414
vt 0.43847656 0.61110414
vt 0.43847656 0.58691406
f 511/2797 513/2798 523/2799
vt 0.49902344 0.58691406
vt 0.49902344 0.61110414
vt 0.48681641 0.61110414
f 524/2800 514/2801 512/2802
vt 0.42626953 0.61110414
vt 0.43847656 0.58691406
vt 0.42626953 0.58691406
f 511/2803 523/2804 521/2805
vt 0.48681641 0.58691406
vt 0.49902344 0.58691406
vt 0.48681641 0.61110414
f 522/2806 524/2807 512/2808
vt 0.51074219 0.63964844
vt 0.51855469 0.63964844
vt 0.51074219 0.63183594
f 486/2809 485/2810 490/2811
vt 0.51074219 0.63964844
vt 0.51855469 0.63964844
vt 0.51074219 0.63183594
f 486/2812 490/2813 489/2814
vt 0.51074219 0.63964844
vt 0.51855469 0.63964844
vt 0.51074219 0.63183594
f 485/2815 491/2816 492/2817
vt 0.51074219 0.63964844
vt 0.51855469 0.63964844
vt 0.51074219 0.63183594
f 485/2818 492/2819 490/2820
vt 0.51074219 0.63964844
vt 0.51855469 0.63964844
vt 0.51074219 0.63183594
f 493/2821 486/2822 489/2823
vt 0.51074219 0.63964844
vt 0.51855469 0.63964844
vt 0.51074219 0.63183594
f 493/2824 489/2825 496/2826
vt 0.51074219 0.63964844
vt 0.51855469 0.63964844
vt 0.51074219 0.63183594
f 497/2827 493/2828 496/2829
vt 0.51074219 0.63964844
vt 0.51855469 0.63964844
vt 0.51074219 0.63183594
f 497/2830 496/2831 500/2832
vt 0.51074219 0.63964844
vt 0.51855469 0.63964844
vt 0.51074219 0.63183594
f 501/2833 497/2834 500/2835
vt 0.51074219 0.63964844
vt 0.51855469 0.63964844
vt 0.51074219 0.63183594
f 501/2836 500/2837 504/2838
vt 0.51074219 0.63964844
vt 0.51855469 0.63964844
vt 0.51074219 0.63183594
f 502/2839 501/2840 504/2841
vt 0.51074219 0.63964844
vt 0.51855469 0.63964844
vt 0.51074219 0.63183594
f 502/2842 504/2843 503/2844
vt 0.51074219 0.63964844
vt 0.51855469 0.63964844
vt 0.51074219 0.63183594
f 491/2845 507/2846 508/2847
vt 0.51074219 0.63964844
vt 0.51855469 0.63964844
vt 0.51074219 0.63183594
f 491/2848 508/2849 492/2850
vt 0.51074219 0.63964844
vt 0.51855469 0.63964844
vt 0.51074219 0.63183594
f 513/2851 502/2852 503/2853
vt 0.51074219 0.63964844
vt 0.51855469 0.63964844
vt 0.51074219 0.63183594
f 513/2854 503/2855 514/2856
vt 0.51074219 0.63964844
vt 0.51855469 0.63964844
vt 0.51074219 0.63183594
f 517/2857 515/2858 516/2859
vt 0.51074219 0.63964844
vt 0.51855469 0.63964844
vt 0.51074219 0.63183594
f 517/2860 516/2861 518/2862
vt 0.51074219 0.63964844
vt 0.51855469 0.63964844
vt 0.51074219 0.63183594
f 507/2863 517/2864 518/2865
vt 0.51074219 0.63964844
vt 0.51855469 0.63964844
vt 0.51074219 0.63183594
f 507/2866 518/2867 508/2868
vt 0.51074219 0.63964844
vt 0.51855469 0.63964844
vt 0.51074219 0.63183594
f 515/2869 519/2870 520/2871
vt 0.51074219 0.63964844
vt 0.51855469 0.63964844
vt 0.51074219 0.63183594
f 515/2872 520/2873 516/2874
vt 0.51074219 0.63964844
vt 0.51855469 0.63964844
vt 0.51074219 0.63183594
f 519/2875 521/2876 522/2877
vt 0.51074219 0.63964844
vt 0.51855469 0.63964844
vt 0.51074219 0.63183594
f 519/2878 522/2879 520/2880
vt 0.51074219 0.63964844
vt 0.51855469 0.63964844
vt 0.51074219 0.63183594
f 523/2881 513/2882 514/2883
vt 0.51074219 0.63964844
vt 0.51855469 0.63964844
vt 0.51074219 0.63183594
f 523/2884 514/2885 524/2886
vt 0.51074219 0.63964844
vt 0.51855469 0.63964844
vt 0.51074219 0.63183594
f 521/2887 523/2888 524/2889
vt 0.51074219 0.63964844
vt 0.51855469 0.63964844
vt 0.51074219 0.63183594
f 521/2890 524/2891 522/2892
vt 0.53027344 0.63964844
vt 0.54254579 0.63964844
vt 0.54248047 0.62924670
f 525/2893 526/2894 527/2895
vt 0.60302734 0.62924670
vt 0.60309266 0.63964844
vt 0.59082031 0.63964844
f 528/2896 529/2897 530/2898
vt 0.53027344 0.63964844
vt 0.54248047 0.62924670
vt 0.53027344 0.62924670
f 525/2899 527/2900 531/2901
vt 0.59082031 0.62924670
vt 0.60302734 0.62924670
vt 0.59082031 0.63964844
f 532/2902 528/2903 530/2904
vt 0.54254579 0.63964844
vt 0.55468750 0.63964844
vt 0.55468750 0.62924670
f 526/2905 533/2906 534/2907
vt 0.61523438 0.62924670
vt 0.61523438 0.63964844
vt 0.60309266 0.63964844
f 535/2908 536/2909 529/2910
vt 0.54254579 0.63964844
vt 0.55468750 0.62924670
vt 0.54248047 0.62924670
f 526/2911 534/2912 527/2913
vt 0.60302734 0.62924670
vt 0.61523438 0.62924670
vt 0.60309266 0.63964844
f 528/2914 535/2915 529/2916
vt 0.55468750 0.63964844
vt 0.56682921 0.63964844
vt 0.56689453 0.62924670
f 533/2917 537/2918 538/2919
vt 0.62744141 0.62924670
vt 0.62737609 0.63964844
vt 0.61523438 0.63964844
f 539/2920 540/2921 536/2922
vt 0.55468750 0.63964844
vt 0.56689453 0.62924670
vt 0.55468750 0.62924670
f 533/2923 538/2924 534/2925
vt 0.61523438 0.62924670
vt 0.62744141 0.62924670
vt 0.61523438 0.63964844
f 535/2926 539/2927 536/2928
vt 0.56682921 0.63964844
vt 0.57910156 0.63964844
vt 0.57910156 0.62924670
f 537/2929 541/2930 542/2931
vt 0.63964844 0.62924670
vt 0.63964844 0.63964844
vt 0.62737609 0.63964844
f 543/2932 544/2933 540/2934
vt 0.56682921 0.63964844
vt 0.57910156 0.62924670
vt 0.56689453 0.62924670
f 537/2935 542/2936 538/2937
vt 0.62744141 0.62924670
vt 0.63964844 0.62924670
vt 0.62737609 0.63964844
f 539/2938 543/2939 540/2940
vt 0.53027344 0.62924670
vt 0.54248047 0.62924670
vt 0.54248047 0.61110414
f 531/2941 527/2942 545/2943
vt 0.60302734 0.61110414
vt 0.60302734 0.62924670
vt 0.59082031 0.62924670
f 546/2944 528/2945 532/2946
vt 0.53027344 0.62924670
vt 0.54248047 0.61110414
vt 0.53027344 0.61110414
f 531/2947 545/2948 547/2949
vt 0.59082031 0.61110414
vt 0.60302734 0.61110414
vt 0.59082031 0.62924670
f 548/2950 546/2951 532/2952
vt 0.54248047 0.62924670
vt 0.55468750 0.62924670
vt 0.55468750 0.61110414
f 527/2953 534/2954 549/2955
vt 0.61523438 0.61110414
vt 0.61523438 0.62924670
vt 0.60302734 0.62924670
f 550/2956 535/2957 528/2958
vt 0.54248047 0.62924670
vt 0.55468750 0.61110414
vt 0.54248047 0.61110414
f 527/2959 549/2960 545/2961
vt 0.60302734 0.61110414
vt 0.61523438 0.61110414
vt 0.60302734 0.62924670
f 546/2962 550/2963 528/2964
vt 0.55468750 0.62924670
vt 0.56689453 0.62924670
vt 0.56689453 0.61110414
f 534/2965 538/2966 551/2967
vt 0.62744141 0.61110414
vt 0.62744141 0.62924670
vt 0.61523438 0.62924670
f 552/2968 539/2969 535/2970
vt 0.55468750 0.62924670
vt 0.56689453 0.61110414
vt 0.55468750 0.61110414
f 534/2971 551/2972 549/2973
vt 0.61523438 0.61110414
vt 0.62744141 0.61110414
vt 0.61523438 0.62924670
f 550/2974 552/2975 535/2976
vt 0.56689453 0.62924670
vt 0.57910156 0.62924670
vt 0.57910156 0.61110414
f 538/2977 542/2978 553/2979
vt 0.63964844 0.61110414
vt 0.63964844 0.62924670
vt 0.62744141 0.62924670
f 554/2980 543/2981 539/2982
vt 0.56689453 0.62924670
vt 0.57910156 0.61110414
vt 0.56689453 0.61110414
f 538/2983 553/2984 551/2985
vt 0.62744141 0.61110414
vt 0.63964844 0.61110414
vt 0.62744141 0.62924670
f 552/2986 554/2987 539/2988
vt 0.53027344 0.61110414
vt 0.54248047 0.61110414
vt 0.54248047 0.58691406
f 547/2989 545/2990 555/2991
vt 0.60302734 0.58691406
vt 0.60302734 0.61110414
vt 0.59082031 0.61110414
f 556/2992 546/2993 548/2994
vt 0.53027344 0.61110414
vt 0.54248047 0.58691406
vt 0.53027344 0.58691406
f 547/2995 555/2996 557/2997
vt 0.59082031 0.58691406
vt 0.60302734 0.58691406
vt 0.59082031 0.61110414
f 558/2998 556/2999 548/3000
vt 0.54248047 0.61110414
vt 0.55468750 0.61110414
vt 0.55468750 0.58691406
f 545/3001 549/3002 559/3003
vt 0.61523438 0.58691406
vt 0.61523438 0.61110414
vt 0.60302734 0.61110414
f 560/3004 550/3005 546/3006
vt 0.54248047 0.61110414
vt 0.55468750 0.58691406
vt 0.54248047 0.58691406
f 545/3007 559/3008 555/3009
vt 0.60302734 0.58691406
vt 0.61523438 0.58691406
vt 0.60302734 0.61110414
f 556/3010 560/3011 546/3012
vt 0.55468750 0.61110414
vt 0.56689453 0.61110414
vt 0.56689453 0.58691406
f 549/3013 551/3014 561/3015
vt 0.62744141 0.58691406
vt 0.62744141 0.61110414
vt 0.61523438 0.61110414
f 562/3016 552/3017 550/3018
vt 0.55468750 0.61110414
vt 0.56689453 0.58691406
vt 0.55468750 0.58691406
f 549/3019 561/3020 559/3021
vt 0.61523438 0.58691406
vt 0.62744141 0.58691406
vt 0.61523438 0.61110414
f 560/3022 562/3023 550/3024
vt 0.56689453 0.61110414
vt 0.57910156 0.61110414
vt 0.57910156 0.58691406
f 551/3025 553/3026 563/3027
vt 0.63964844 0.58691406
vt 0.63964844 0.61110414
vt 0.62744141 0.61110414
f 564/3028 554/3029 552/3030
vt 0.56689453 0.61110414
vt 0.57910156 0.58691406
vt 0.56689453 0.58691406
f 551/3031 563/3032 561/3033
vt 0.62744141 0.58691406
vt 0.63964844 0.58691406
vt 0.62744141 0.61110414
f 562/3034 564/3035 552/3036
vt 0.65136719 0.63964844
vt 0.65917969 0.63964844
vt 0.65136719 0.63183594
f 526/3037 525/3038 530/3039
vt 0.65136719 0.63964844
vt 0.65917969 0.63964844
vt 0.65136719 0.63183594
f 526/3040 530/3041 529/3042
vt 0.65136719 0.63964844
vt 0.65917969 0.63964844
vt 0.65136719 0.63183594
f 525/3043 531/3044 532/3045
vt 0.65136719 0.63964844
vt 0.65917969 0.63964844
vt 0.65136719 0.63183594
f 525/3046 532/3047 530/3048
vt 0.65136719 0.63964844
vt 0.65917969 0.63964844
vt 0.65136719 0.63183594
f 533/3049 526/3050 529/3051
vt 0.65136719 0.63964844
vt 0.65917969 0.63964844
vt 0.65136719 0.63183594
f 533/3052 529/3053 536/3054
vt 0.65136719 0.63964844
vt 0.65917969 0.63964844
vt 0.65136719 0.63183594
f 537/3055 533/3056 536/3057
vt 0.65136719 0.63964844
vt 0.65917969 0.63964844
vt 0.65136719 0.63183594
f 537/3058 536/3059 540/3060
vt 0.65136719 0.63964844
vt 0.65917969 0.63964844
vt 0.65136719 0.63183594
f 541/3061 537/3062 540/3063
vt 0.65136719 0.63964844
vt 0.65917969 0.63964844
vt 0.65136719 0.63183594
f 541/3064 540/3065 544/3066
vt 0.65136719 0.63964844
vt 0.65917969 0.63964844
vt 0.65136719 0.63183594
f 542/3067 541/3068 544/3069
vt 0.65136719 0.63964844
vt 0.65917969 0.63964844
vt 0.65136719 0.63183594
f 542/3070 544/3071 543/3072
vt 0.65136719 0.63964844
vt 0.65917969 0.63964844
vt 0.65136719 0.63183594
f 531/3073 547/3074 548/3075
vt 0.65136719 0.63964844
vt 0.65917969 0.63964844
vt 0.65136719 0.63183594
f 531/3076 548/3077 532/3078
vt 0.65136719 0.63964844
vt 0.65917969 0.63964844
vt 0.65136719 0.63183594
f 553/3079 542/3080 543/3081
vt 0.65136719 0.63964844
vt 0.65917969 0.63964844
vt 0.65136719 0.63183594
f 553/3082 543/3083 554/3084
vt 0.65136719 0.63964844
vt 0.65917969 0.63964844
vt 0.65136719 0.63183594
f 557/3085 555/3086 556/3087
vt 0.65136719 0.63964844
vt 0.65917969 0.63964844
vt 0.65136719 0.63183594
f 557/3088 556/3089 558/3090
vt 0.65136719 0.63964844
vt 0.65917969 0.63964844
vt 0.65136719 0.63183594
f 547/3091 557/3092 558/3093
vt 0.65136719 0.63964844
vt 0.65917969 0.63964844
vt 0.65136719 0.63183594
f 547/3094 558/3095 548/3096
vt 0.65136719 0.63964844
vt 0.65917969 0.63964844
vt 0.65136719 0.63183594
f 555/3097 559/3098 560/3099
vt 0.65136719 0.63964844
vt 0.65917969 0.63964844
vt 0.65136719 0.63183594
f 555/3100 560/3101 556/3102
vt 0.65136719 0.63964844
vt 0.65917969 0.63964844
vt 0.65136719 0.63183594
f 559/3103 561/3104 562/3105
vt 0.65136719 0.63964844
vt 0.65917969 0.63964844
vt 0.65136719 0.63183594
f 559/3106 562/3107 560/3108
vt 0.65136719 0.63964844
vt 0.65917969 0.63964844
vt 0.65136719 0.63183594
f 563/3109 553/3110 554/3111
vt 0.65136719 0.63964844
vt 0.65917969 0.63964844
vt 0.65136719 0.63183594
f 563/3112 554/3113 564/3114
vt 0.65136719 0.63964844
vt 0.65917969 0.63964844
vt 0.65136719 0.63183594
f 561/3115 563/3116 564/3117
vt 0.65136719 0.63964844
vt 0.65917969 0.63964844
vt 0.65136719 0.63183594
f 561/3118 564/3119 562/3120
vt 0.67089844 0.63964844
vt 0.69494037 0.63964844
vt 0.69494037 0.62792969
f 565/3121 566/3122 567/3123
vt 0.85900287 0.62792969
vt 0.85900287 0.63964844
vt 0.83496094 0.63964844
f 568/3124 569/3125 570/3126
vt 0.67089844 0.63964844
vt 0.69494037 0.62792969
vt 0.67089844 0.62792969
f 565/3127 567/3128 571/3129
vt 0.83496094 0.62792969
vt 0.85900287 0.62792969
vt 0.83496094 0.63964844
f 572/3130 568/3131 570/3132
vt 0.69494037 0.63964844
vt 0.71898230 0.63964844
vt 0.71898230 0.62792969
f 566/3133 573/3134 574/3135
vt 0.88304480 0.62792969
vt 0.88304480 0.63964844
vt 0.85900287 0.63964844
f 575/3136 576/3137 569/3138
vt 0.69494037 0.63964844
vt 0.71898230 0.62792969
vt 0.69494037 0.62792969
f 566/3139 574/3140 567/3141
vt 0.85900287 0.62792969
vt 0.88304480 0.62792969
vt 0.85900287 0.63964844
f 568/3142 575/3143 569/3144
vt 0.71898230 0.63964844
vt 0.73270379 0.63964844
vt 0.73270379 0.62792969
f 573/3145 577/3146 578/3147
vt 0.89676629 0.62792969
vt 0.89676629 0.63964844
vt 0.88304480 0.63964844
f 579/3148 580/3149 576/3150
vt 0.71898230 0.63964844
vt 0.73270379 0.62792969
vt 0.71898230 0.62792969
f 573/3151 578/3152 574/3153
vt 0.88304480 0.62792969
vt 0.89676629 0.62792969
vt 0.88304480 0.63964844
f 575/3154 579/3155 576/3156
vt 0.73270379 0.63964844
vt 0.74707031 0.63964844
vt 0.74707031 0.62792969
f 577/3157 581/3158 582/3159
vt 0.91113281 0.62792969
vt 0.91113281 0.63964844
vt 0.89676629 0.63964844
f 583/3160 584/3161 580/3162
vt 0.73270379 0.63964844
vt 0.74707031 0.62792969
vt 0.73270379 0.62792969
f 577/3163 582/3164 578/3165
vt 0.89676629 0.62792969
vt 0.91113281 0.62792969
vt 0.89676629 0.63964844
f 579/3166 583/3167 580/3168
vt 0.74707031 0.63964844
vt 0.77111224 0.63964844
vt 0.77111224 0.62792969
f 581/3169 585/3170 586/3171
vt 0.93517474 0.62792969
vt 0.93517474 0.63964844
vt 0.91113281 0.63964844
f 587/3172 588/3173 584/3174
vt 0.74707031 0.63964844
vt 0.77111224 0.62792969
vt 0.74707031 0.62792969
f 581/3175 586/3176 582/3177
vt 0.91113281 0.62792969
vt 0.93517474 0.62792969
vt 0.91113281 0.63964844
f 583/3178 587/3179 584/3180
vt 0.77111224 0.63964844
vt 0.79515418 0.63964844
vt 0.79515418 0.62792969
f 585/3181 589/3182 590/3183
vt 0.95921668 0.62792969
vt 0.95921668 0.63964844
vt 0.93517474 0.63964844
f 591/3184 592/3185 588/3186
vt 0.77111224 0.63964844
vt 0.79515418 0.62792969
vt 0.77111224 0.62792969
f 585/3187 590/3188 586/3189
vt 0.93517474 0.62792969
vt 0.95921668 0.62792969
vt 0.93517474 0.63964844
f 587/3190 591/3191 588/3192
vt 0.79515418 0.63964844
vt 0.80952070 0.63964844
vt 0.80952070 0.62792969
f 589/3193 593/3194 594/3195
vt 0.97358320 0.62792969
vt 0.97358320 0.63964844
vt 0.95921668 0.63964844
f 595/3196 596/3197 592/3198
vt 0.79515418 0.63964844
vt 0.80952070 0.62792969
vt 0.79515418 0.62792969
f 589/3199 594/3200 590/3201
vt 0.95921668 0.62792969
vt 0.97358320 0.62792969
vt 0.95921668 0.63964844
f 591/3202 595/3203 592/3204
vt 0.80952070 0.63964844
vt 0.82324219 0.63964844
vt 0.82324219 0.62792969
f 593/3205 565/3206 571/3207
vt 0.98730469 0.62792969
vt 0.98730469 0.63964844
vt 0.97358320 0.63964844
f 572/3208 570/3209 596/3210
vt 0.80952070 0.63964844
vt 0.82324219 0.62792969
vt 0.80952070 0.62792969
f 593/3211 571/3212 594/3213
vt 0.97358320 0.62792969
vt 0.98730469 0.62792969
vt 0.97358320 0.63964844
f 595/3214 572/3215 596/3216
vt 0.00292969 0.57519531
vt 0.01074219 0.57519531
vt 0.00292969 0.56738281
f 566/3217 565/3218 570/3219
vt 0.00292969 0.57519531
vt 0.01074219 0.57519531
vt 0.00292969 0.56738281
f 566/3220 570/3221 569/3222
vt 0.00292969 0.57519531
vt 0.01074219 0.57519531
vt 0.00292969 0.56738281
f 571/3223 567/3224 568/3225
vt 0.00292969 0.57519531
vt 0.01074219 0.57519531
vt 0.00292969 0.56738281
f 571/3226 568/3227 572/3228
vt 0.00292969 0.57519531
vt 0.01074219 0.57519531
vt 0.00292969 0.56738281
f 573/3229 566/3230 569/3231
vt 0.00292969 0.57519531
vt 0.01074219 0.57519531
vt 0.00292969 0.56738281
f 573/3232 569/3233 576/3234
vt 0.00292969 0.57519531
vt 0.01074219 0.57519531
vt 0.00292969 0.56738281
f 567/3235 574/3236 575/3237
vt 0.00292969 0.57519531
vt 0.01074219 0.57519531
vt 0.00292969 0.56738281
f 567/3238 575/3239 568/3240
vt 0.00292969 0.57519531
vt 0.01074219 0.57519531
vt 0.00292969 0.56738281
f 577/3241 573/3242 576/3243
vt 0.00292969 0.57519531
vt 0.01074219 0.57519531
vt 0.00292969 0.56738281
f 577/3244 576/3245 580/3246
vt 0.00292969 0.57519531
vt 0.01074219 0.57519531
vt 0.00292969 0.56738281
f 574/3247 578/3248 579/3249
vt 0.00292969 0.57519531
vt 0.01074219 0.57519531
vt 0.00292969 0.56738281
f 574/3250 579/3251 575/3252
vt 0.00292969 0.57519531
vt 0.01074219 0.57519531
vt 0.00292969 0.56738281
f 581/3253 577/3254 580/3255
vt 0.00292969 0.57519531
vt 0.01074219 0.57519531
vt 0.00292969 0.56738281
f 581/3256 580/3257 584/3258
vt 0.00292969 0.57519531
vt 0.01074219 0.57519531
vt 0.00292969 0.56738281
f 578/3259 582/3260 583/3261
vt 0.00292969 0.57519531
vt 0.01074219 0.57519531
vt 0.00292969 0.56738281
f 578/3262 583/3263 579/3264
vt 0.00292969 0.57519531
vt 0.01074219 0.57519531
vt 0.00292969 0.56738281
f 585/3265 581/3266 584/3267
vt 0.00292969 0.57519531
vt 0.01074219 0.57519531
vt 0.00292969 0.56738281
f 585/3268 584/3269 588/3270
vt 0.00292969 0.57519531
vt 0.01074219 0.57519531
vt 0.00292969 0.56738281
f 582/3271 586/3272 587/3273
vt 0.00292969 0.57519531
vt 0.01074219 0.57519531
vt 0.00292969 0.56738281
f 582/3274 587/3275 583/3276
vt 0.00292969 0.57519531
vt 0.01074219 0.57519531
vt 0.00292969 0.56738281
f 589/3277 585/3278 588/3279
vt 0.00292969 0.57519531
vt 0.01074219 0.57519531
vt 0.00292969 0.56738281
f 589/3280 588/3281 592/3282
vt 0.00292969 0.57519531
vt 0.01074219 0.57519531
vt 0.00292969 0.56738281
f 586/3283 590/3284 591/3285
vt 0.00292969 0.57519531
vt 0.01074219 0.57519531
vt 0.00292969 0.56738281
f 586/3286 591/3287 587/3288
vt 0.00292969 0.57519531
vt 0.01074219 0.57519531
vt 0.00292969 0.56738281
f 593/3289 589/3290 592/3291
vt 0.00292969 0.57519531
vt 0.01074219 0.57519531
vt 0.00292969 0.56738281
f 593/3292 592/3293 596/3294
vt 0.00292969 0.57519531
vt 0.01074219 0.57519531
vt 0.00292969 0.56738281
f 590/3295 594/3296 595/3297
vt 0.00292969 0.57519531
vt 0.01074219 0.57519531
vt 0.00292969 0.56738281
f 590/3298 595/3299 591/3300
vt 0.00292969 0.57519531
vt 0.01074219 0.57519531
vt 0.00292969 0.56738281
f 565/3301 593/3302 596/3303
vt 0.00292969 0.57519531
vt 0.01074219 0.57519531
vt 0.00292969 0.56738281
f 565/3304 596/3305 570/3306
vt 0.00292969 0.57519531
vt 0.01074219 0.57519531
vt 0.00292969 0.56738281
f 594/3307 571/3308 572/3309
vt 0.00292969 0.57519531
vt 0.01074219 0.57519531
vt 0.00292969 0.56738281
f 594/3310 572/3311 595/3312
vt 0.45214844 0.57519531
vt 0.46863727 0.57519531
vt 0.46870269 0.56810195
f 597/3313 598/3314 599/3315
vt 0.51362457 0.56810195
vt 0.51355915 0.57519531
vt 0.49707031 0.57519531
f 600/3316 601/3317 602/3318
vt 0.45214844 0.57519531
vt 0.46870269 0.56810195
vt 0.45214844 0.56810195
f 597/3319 599/3320 603/3321
vt 0.49707031 0.56810195
vt 0.51362457 0.56810195
vt 0.49707031 0.57519531
f 604/3322 600/3323 602/3324
vt 0.46863727 0.57519531
vt 0.48535156 0.57519531
vt 0.48535156 0.56810195
f 598/3325 605/3326 606/3327
vt 0.53027344 0.56810195
vt 0.53027344 0.57519531
vt 0.51355915 0.57519531
f 607/3328 608/3329 601/3330
vt 0.46863727 0.57519531
vt 0.48535156 0.56810195
vt 0.46870269 0.56810195
f 598/3331 606/3332 599/3333
vt 0.51362457 0.56810195
vt 0.53027344 0.56810195
vt 0.51355915 0.57519531
f 600/3334 607/3335 601/3336
vt 0.45214844 0.56810195
vt 0.46870269 0.56810195
vt 0.46875000 0.56738281
f 603/3337 599/3338 609/3339
vt 0.51367188 0.56738281
vt 0.51362457 0.56810195
vt 0.49707031 0.56810195
f 610/3340 600/3341 604/3342
vt 0.45214844 0.56810195
vt 0.46875000 0.56738281
vt 0.45214844 0.56738281
f 603/3343 609/3344 611/3345
vt 0.49707031 0.56738281
vt 0.51367188 0.56738281
vt 0.49707031 0.56810195
f 612/3346 610/3347 604/3348
vt 0.46870269 0.56810195
vt 0.48535156 0.56810195
vt 0.48535156 0.56738281
f 599/3349 606/3350 613/3351
vt 0.53027344 0.56738281
vt 0.53027344 0.56810195
vt 0.51362457 0.56810195
f 614/3352 607/3353 600/3354
vt 0.46870269 0.56810195
vt 0.48535156 0.56738281
vt 0.46875000 0.56738281
f 599/3355 613/3356 609/3357
vt 0.51367188 0.56738281
vt 0.53027344 0.56738281
vt 0.51362457 0.56810195
f 610/3358 614/3359 600/3360
vt 0.54199219 0.57519531
vt 0.54980469 0.57519531
vt 0.54199219 0.56738281
f 598/3361 597/3362 602/3363
vt 0.54199219 0.57519531
vt 0.54980469 0.57519531
vt 0.54199219 0.56738281
f 598/3364 602/3365 601/3366
vt 0.54199219 0.57519531
vt 0.54980469 0.57519531
vt 0.54199219 0.56738281
f 597/3367 603/3368 604/3369
vt 0.54199219 0.57519531
vt 0.54980469 0.57519531
vt 0.54199219 0.56738281
f 597/3370 604/3371 602/3372
vt 0.54199219 0.57519531
vt 0.54980469 0.57519531
vt 0.54199219 0.56738281
f 605/3373 598/3374 601/3375
vt 0.54199219 0.57519531
vt 0.54980469 0.57519531
vt 0.54199219 0.56738281
f 605/3376 601/3377 608/3378
vt 0.54199219 0.57519531
vt 0.54980469 0.57519531
vt 0.54199219 0.56738281
f 606/3379 605/3380 608/3381
vt 0.54199219 0.57519531
vt 0.54980469 0.57519531
vt 0.54199219 0.56738281
f 606/3382 608/3383 607/3384
vt 0.54199219 0.57519531
vt 0.54980469 0.57519531
vt 0.54199219 0.56738281
f 611/3385 609/3386 610/3387
vt 0.54199219 0.57519531
vt 0.54980469 0.57519531
vt 0.54199219 0.56738281
f 611/3388 610/3389 612/3390
vt 0.54199219 0.57519531
vt 0.54980469 0.57519531
vt 0.54199219 0.56738281
f 603/3391 611/3392 612/3393
vt 0.54199219 0.57519531
vt 0.54980469 0.57519531
vt 0.54199219 0.56738281
f 603/3394 612/3395 604/3396
vt 0.54199219 0.57519531
vt 0.54980469 0.57519531
vt 0.54199219 0.56738281
f 613/3397 606/3398 607/3399
vt 0.54199219 0.57519531
vt 0.54980469 0.57519531
vt 0.54199219 0.56738281
f 613/3400 607/3401 614/3402
vt 0.54199219 0.57519531
vt 0.54980469 0.57519531
vt 0.54199219 0.56738281
f 609/3403 613/3404 614/3405
vt 0.54199219 0.57519531
vt 0.54980469 0.57519531
vt 0.54199219 0.56738281
f 609/3406 614/3407 610/3408
vt 0.67089844 0.57519531
vt 0.68773545 0.57519531
vt 0.68761081 0.56810532
f 615/3409 616/3410 617/3411
vt 0.73253268 0.56810532
vt 0.73265732 0.57519531
vt 0.71582031 0.57519531
f 618/3412 619/3413 620/3414
vt 0.67089844 0.57519531
vt 0.68761081 0.56810532
vt 0.67089844 0.56810532
f 615/3415 617/3416 621/3417
vt 0.71582031 0.56810532
vt 0.73253268 0.56810532
vt 0.71582031 0.57519531
f 622/3418 618/3419 620/3420
vt 0.68773545 0.57519531
vt 0.70410156 0.57519531
vt 0.70410156 0.56810532
f 616/3421 623/3422 624/3423
vt 0.74902344 0.56810532
vt 0.74902344 0.57519531
vt 0.73265732 0.57519531
f 625/3424 626/3425 619/3426
vt 0.68773545 0.57519531
vt 0.70410156 0.56810532
vt 0.68761081 0.56810532
f 616/3427 624/3428 617/3429
vt 0.73253268 0.56810532
vt 0.74902344 0.56810532
vt 0.73265732 0.57519531
f 618/3430 625/3431 619/3432
vt 0.67089844 0.56810532
vt 0.68761081 0.56810532
vt 0.68750000 0.56738281
f 621/3433 617/3434 627/3435
vt 0.73242188 0.56738281
vt 0.73253268 0.56810532
vt 0.71582031 0.56810532
f 628/3436 618/3437 622/3438
vt 0.67089844 0.56810532
vt 0.68750000 0.56738281
vt 0.67089844 0.56738281
f 621/3439 627/3440 629/3441
vt 0.71582031 0.56738281
vt 0.73242188 0.56738281
vt 0.71582031 0.56810532
f 630/3442 628/3443 622/3444
vt 0.68761081 0.56810532
vt 0.70410156 0.56810532
vt 0.70410156 0.56738281
f 617/3445 624/3446 631/3447
vt 0.74902344 0.56738281
vt 0.74902344 0.56810532
vt 0.73253268 0.56810532
f 632/3448 625/3449 618/3450
vt 0.68761081 0.56810532
vt 0.70410156 0.56738281
vt 0.68750000 0.56738281
f 617/3451 631/3452 627/3453
vt 0.73242188 0.56738281
vt 0.74902344 0.56738281
vt 0.73253268 0.56810532
f 628/3454 632/3455 618/3456
vt 0.76074219 0.57519531
vt 0.76855469 0.57519531
vt 0.76074219 0.56738281
f 616/3457 615/3458 620/3459
vt 0.76074219 0.57519531
vt 0.76855469 0.57519531
vt 0.76074219 0.56738281
f 616/3460 620/3461 619/3462
vt 0.76074219 0.57519531
vt 0.76855469 0.57519531
vt 0.76074219 0.56738281
f 615/3463 621/3464 622/3465
vt 0.76074219 0.57519531
vt 0.76855469 0.57519531
vt 0.76074219 0.56738281
f 615/3466 622/3467 620/3468
vt 0.76074219 0.57519531
vt 0.76855469 0.57519531
vt 0.76074219 0.56738281
f 623/3469 616/3470 619/3471
vt 0.76074219 0.57519531
vt 0.76855469 0.57519531
vt 0.76074219 0.56738281
f 623/3472 619/3473 626/3474
vt 0.76074219 0.57519531
vt 0.76855469 0.57519531
vt 0.76074219 0.56738281
f 624/3475 623/3476 626/3477
vt 0.76074219 0.57519531
vt 0.76855469 0.57519531
vt 0.76074219 0.56738281
f 624/3478 626/3479 625/3480
vt 0.76074219 0.57519531
vt 0.76855469 0.57519531
vt 0.76074219 0.56738281
f 629/3481 627/3482 628/3483
vt 0.76074219 0.57519531
vt 0.76855469 0.57519531
vt 0.76074219 0.56738281
f 629/3484 628/3485 630/3486
vt 0.76074219 0.57519531
vt 0.76855469 0.57519531
vt 0.76074219 0.56738281
f 621/3487 629/3488 630/3489
vt 0.76074219 0.57519531
vt 0.76855469 0.57519531
vt 0.76074219 0.56738281
f 621/3490 630/3491 622/3492
vt 0.76074219 0.57519531
vt 0.76855469 0.57519531
vt 0.76074219 0.56738281
f 631/3493 624/3494 625/3495
vt 0.76074219 0.57519531
vt 0.76855469 0.57519531
vt 0.76074219 0.56738281
f 631/3496 625/3497 632/3498
vt 0.76074219 0.57519531
vt 0.76855469 0.57519531
vt 0.76074219 0.56738281
f 627/3499 631/3500 632/3501
vt 0.76074219 0.57519531
vt 0.76855469 0.57519531
vt 0.76074219 0.56738281
f 627/3502 632/3503 628/3504
vt 0.78027344 0.57519531
vt 0.80644800 0.57519531
vt 0.80644800 0.56738281
f 633/3505 634/3506 635/3507
vt 0.02910425 0.50292969
vt 0.02910425 0.51074219
vt 0.00292969 0.51074219
f 636/3508 637/3509 638/3510
vt 0.78027344 0.57519531
vt 0.80644800 0.56738281
vt 0.78027344 0.56738281
f 633/3511 635/3512 639/3513
vt 0.00292969 0.50292969
vt 0.02910425 0.50292969
vt 0.00292969 0.51074219
f 640/3514 636/3515 638/3516
vt 0.80644800 0.57519531
vt 0.83262257 0.57519531
vt 0.83262257 0.56738281
f 634/3517 641/3518 642/3519
vt 0.05527882 0.50292969
vt 0.05527882 0.51074219
vt 0.02910425 0.51074219
f 643/3520 644/3521 637/3522
vt 0.80644800 0.57519531
vt 0.83262257 0.56738281
vt 0.80644800 0.56738281
f 634/3523 642/3524 635/3525
vt 0.02910425 0.50292969
vt 0.05527882 0.50292969
vt 0.02910425 0.51074219
f 636/3526 643/3527 637/3528
vt 0.83262257 0.57519531
vt 0.84933554 0.57519531
vt 0.84933554 0.56738281
f 641/3529 645/3530 646/3531
vt 0.07199179 0.50292969
vt 0.07199179 0.51074219
vt 0.05527882 0.51074219
f 647/3532 648/3533 644/3534
vt 0.83262257 0.57519531
vt 0.84933554 0.56738281
vt 0.83262257 0.56738281
f 641/3535 646/3536 642/3537
vt 0.05527882 0.50292969
vt 0.07199179 0.50292969
vt 0.05527882 0.51074219
f 643/3538 647/3539 644/3540
vt 0.84933554 0.57519531
vt 0.86816406 0.57519531
vt 0.86816406 0.56738281
f 645/3541 649/3542 650/3543
vt 0.09082031 0.50292969
vt 0.09082031 0.51074219
vt 0.07199179 0.51074219
f 651/3544 652/3545 648/3546
vt 0.84933554 0.57519531
vt 0.86816406 0.56738281
vt 0.84933554 0.56738281
f 645/3547 650/3548 646/3549
vt 0.07199179 0.50292969
vt 0.09082031 0.50292969
vt 0.07199179 0.51074219
f 647/3550 651/3551 648/3552
vt 0.86816406 0.57519531
vt 0.89433863 0.57519531
vt 0.89433863 0.56738281
f 649/3553 653/3554 654/3555
vt 0.11699488 0.50292969
vt 0.11699488 0.51074219
vt 0.09082031 0.51074219
f 655/3556 656/3557 652/3558
vt 0.86816406 0.57519531
vt 0.89433863 0.56738281
vt 0.86816406 0.56738281
f 649/3559 654/3560 650/3561
vt 0.09082031 0.50292969
vt 0.11699488 0.50292969
vt 0.09082031 0.51074219
f 651/3562 655/3563 652/3564
vt 0.89433863 0.57519531
vt 0.92051319 0.57519531
vt 0.92051319 0.56738281
f 653/3565 657/3566 658/3567
vt 0.14316944 0.50292969
vt 0.14316944 0.51074219
vt 0.11699488 0.51074219
f 659/3568 660/3569 656/3570
vt 0.89433863 0.57519531
vt 0.92051319 0.56738281
vt 0.89433863 0.56738281
f 653/3571 658/3572 654/3573
vt 0.11699488 0.50292969
vt 0.14316944 0.50292969
vt 0.11699488 0.51074219
f 655/3574 659/3575 656/3576
vt 0.92051319 0.57519531
vt 0.93934172 0.57519531
vt 0.93934172 0.56738281
f 657/3577 661/3578 662/3579
vt 0.16199797 0.50292969
vt 0.16199797 0.51074219
vt 0.14316944 0.51074219
f 663/3580 664/3581 660/3582
vt 0.92051319 0.57519531
vt 0.93934172 0.56738281
vt 0.92051319 0.56738281
f 657/3583 662/3584 658/3585
vt 0.14316944 0.50292969
vt 0.16199797 0.50292969
vt 0.14316944 0.51074219
f 659/3586 663/3587 660/3588
vt 0.93934172 0.57519531
vt 0.95605469 0.57519531
vt 0.95605469 0.56738281
f 661/3589 633/3590 639/3591
vt 0.17871094 0.50292969
vt 0.17871094 0.51074219
vt 0.16199797 0.51074219
f 640/3592 638/3593 664/3594
vt 0.93934172 0.57519531
vt 0.95605469 0.56738281
vt 0.93934172 0.56738281
f 661/3595 639/3596 662/3597
vt 0.16199797 0.50292969
vt 0.17871094 0.50292969
vt 0.16199797 0.51074219
f 663/3598 640/3599 664/3600
vt 0.19042969 0.51074219
vt 0.19824219 0.51074219
vt 0.19042969 0.50292969
f 634/3601 633/3602 638/3603
vt 0.19042969 0.51074219
vt 0.19824219 0.51074219
vt 0.19042969 0.50292969
f 634/3604 638/3605 637/3606
vt 0.19042969 0.51074219
vt 0.19824219 0.51074219
vt 0.19042969 0.50292969
f 639/3607 635/3608 636/3609
vt 0.19042969 0.51074219
vt 0.19824219 0.51074219
vt 0.19042969 0.50292969
f 639/3610 636/3611 640/3612
vt 0.19042969 0.51074219
vt 0.19824219 0.51074219
vt 0.19042969 0.50292969
f 641/3613 634/3614 637/3615
vt 0.19042969 0.51074219
vt 0.19824219 0.51074219
vt 0.19042969 0.50292969
f 641/3616 637/3617 644/3618
vt 0.19042969 0.51074219
vt 0.19824219 0.51074219
vt 0.19042969 0.50292969
f 635/3619 642/3620 643/3621
vt 0.19042969 0.51074219
vt 0.19824219 0.51074219
vt 0.19042969 0.50292969
f 635/3622 643/3623 636/3624
vt 0.19042969 0.51074219
vt 0.19824219 0.51074219
vt 0.19042969 0.50292969
f 645/3625 641/3626 644/3627
vt 0.19042969 0.51074219
vt 0.19824219 0.51074219
vt 0.19042969 0.50292969
f 645/3628 644/3629 648/3630
vt 0.19042969 0.51074219
vt 0.19824219 0.51074219
vt 0.19042969 0.50292969
f 642/3631 646/3632 647/3633
vt 0.19042969 0.51074219
vt 0.19824219 0.51074219
vt 0.19042969 0.50292969
f 642/3634 647/3635 643/3636
vt 0.19042969 0.51074219
vt 0.19824219 0.51074219
vt 0.19042969 0.50292969
f 649/3637 645/3638 648/3639
vt 0.19042969 0.51074219
vt 0.19824219 0.51074219
vt 0.19042969 0.50292969
f 649/3640 648/3641 652/3642
vt 0.19042969 0.51074219
vt 0.19824219 0.51074219
vt 0.19042969 0.50292969
f 646/3643 650/3644 651/3645
vt 0.19042969 0.51074219
vt 0.19824219 0.51074219
vt 0.19042969 0.50292969
f 646/3646 651/3647 647/3648
vt 0.19042969 0.51074219
vt 0.19824219 0.51074219
vt 0.19042969 0.50292969
f 653/3649 649/3650 652/3651
vt 0.19042969 0.51074219
vt 0.19824219 0.51074219
vt 0.19042969 0.50292969
f 653/3652 652/3653 656/3654
vt 0.19042969 0.51074219
vt 0.19824219 0.51074219
vt 0.19042969 0.50292969
f 650/3655 654/3656 655/3657
vt 0.19042969 0.51074219
vt 0.19824219 0.51074219
vt 0.19042969 0.50292969
f 650/3658 655/3659 651/3660
vt 0.19042969 0.51074219
vt 0.19824219 0.51074219
vt 0.19042969 0.50292969
f 657/3661 653/3662 656/3663
vt 0.19042969 0.51074219
vt 0.19824219 0.51074219
vt 0.19042969 0.50292969
f 657/3664 656/3665 660/3666
vt 0.19042969 0.51074219
vt 0.19824219 0.51074219
vt 0.19042969 0.50292969
f 654/3667 658/3668 659/3669
vt 0.19042969 0.51074219
vt 0.19824219 0.51074219
vt 0.19042969 0.50292969
f 654/3670 659/3671 655/3672
vt 0.19042969 0.51074219
vt 0.19824219 0.51074219
vt 0.19042969 0.50292969
f 661/3673 657/3674 660/3675
vt 0.19042969 0.51074219
vt 0.19824219 0.51074219
vt 0.19042969 0.50292969
f 661/3676 660/3677 664/3678
vt 0.19042969 0.51074219
vt 0.19824219 0.51074219
vt 0.19042969 0.50292969
f 658/3679 662/3680 663/3681
vt 0.19042969 0.51074219
vt 0.19824219 0.51074219
vt 0.19042969 0.50292969
f 658/3682 663/3683 659/3684
vt 0.19042969 0.51074219
vt 0.19824219 0.51074219
vt 0.19042969 0.50292969
f 633/3685 661/3686 664/3687
vt 0.19042969 0.51074219
vt 0.19824219 0.51074219
vt 0.19042969 0.50292969
f 633/3688 664/3689 638/3690
vt 0.19042969 0.51074219
vt 0.19824219 0.51074219
vt 0.19042969 0.50292969
f 662/3691 639/3692 640/3693
vt 0.19042969 0.51074219
vt 0.19824219 0.51074219
vt 0.19042969 0.50292969
f 662/3694 640/3695 663/3696
vt 0.20996094 0.50683594
vt 0.20996094 0.51074219
vt 0.21386719 0.51074219
f 665/3697 666/3698 667/3699
vt 0.20996094 0.50683594
vt 0.21386719 0.51074219
vt 0.21386719 0.50683594
f 665/3700 667/3701 668/3702
vt 0.22558594 0.50683594
vt 0.22949219 0.50683594
vt 0.22949219 0.51074219
f 669/3703 670/3704 671/3705
vt 0.22558594 0.50683594
vt 0.22949219 0.51074219
vt 0.22558594 0.51074219
f 669/3706 671/3707 672/3708
vt 0.24121094 0.50683594
vt 0.24511719 0.50683594
vt 0.24511719 0.51074219
f 665/3709 669/3710 672/3711
vt 0.24121094 0.50683594
vt 0.24511719 0.51074219
vt 0.24121094 0.51074219
f 665/3712 672/3713 666/3714
vt 0.25683594 0.50683594
vt 0.25683594 0.51074219
vt 0.26074219 0.51074219
f 668/3715 667/3716 671/3717
vt 0.25683594 0.50683594
vt 0.26074219 0.51074219
vt 0.26074219 0.50683594
f 668/3718 671/3719 670/3720
vt 0.27246094 0.51074219
vt 0.27636719 0.51074219
vt 0.27636719 0.50683594
f 665/3721 668/3722 670/3723
vt 0.27246094 0.51074219
vt 0.27636719 0.50683594
vt 0.27246094 0.50683594
f 665/3724 670/3725 669/3726
vt 0.28808594 0.51074219
vt 0.28808594 0.50683594
vt 0.29199219 0.50683594
f 666/3727 672/3728 671/3729
vt 0.28808594 0.51074219
vt 0.29199219 0.50683594
vt 0.29199219 0.51074219
f 666/3730 671/3731 667/3732
vt 0.16308594 0.41308594
vt 0.16308594 0.42089844
vt 0.17089844 0.42089844
f 673/3733 674/3734 675/3735
vt 0.16308594 0.41308594
vt 0.17089844 0.42089844
vt 0.17089844 0.41308594
f 673/3736 675/3737 676/3738
vt 0.18261719 0.41308594
vt 0.19042969 0.41308594
vt 0.19042969 0.42089844
f 677/3739 678/3740 679/3741
vt 0.18261719 0.41308594
vt 0.19042969 0.42089844
vt 0.18261719 0.42089844
f 677/3742 679/3743 680/3744
vt 0.20214844 0.41308594
vt 0.20996094 0.41308594
vt 0.20996094 0.42089844
f 673/3745 677/3746 680/3747
vt 0.20214844 0.41308594
vt 0.20996094 0.42089844
vt 0.20214844 0.42089844
f 673/3748 680/3749 674/3750
vt 0.22167969 0.41308594
vt 0.22167969 0.42089844
vt 0.22949219 0.42089844
f 676/3751 675/3752 679/3753
vt 0.22167969 0.41308594
vt 0.22949219 0.42089844
vt 0.22949219 0.41308594
f 676/3754 679/3755 678/3756
vt 0.24121094 0.42089844
vt 0.24902344 0.42089844
vt 0.24902344 0.41308594
f 673/3757 676/3758 678/3759
vt 0.24121094 0.42089844
vt 0.24902344 0.41308594
vt 0.24121094 0.41308594
f 673/3760 678/3761 677/3762
vt 0.26074219 0.42089844
vt 0.26074219 0.41308594
vt 0.26855469 0.41308594
f 674/3763 680/3764 679/3765
vt 0.26074219 0.42089844
vt 0.26855469 0.41308594
vt 0.26855469 0.42089844
f 674/3766 679/3767 675/3768
vt 0.28027344 0.42089844
vt 0.28664708 0.42089844
vt 0.28664219 0.40666349
f 681/3769 682/3770 683/3771
vt 0.32375157 0.40666349
vt 0.32375646 0.42089844
vt 0.31738281 0.42089844
f 684/3772 685/3773 686/3774
vt 0.28027344 0.42089844
vt 0.28664219 0.40666349
vt 0.28027344 0.40666349
f 681/3775 683/3776 687/3777
vt 0.31738281 0.40666349
vt 0.32375157 0.40666349
vt 0.31738281 0.42089844
f 688/3778 684/3779 686/3780
vt 0.28664708 0.42089844
vt 0.29296875 0.42089844
vt 0.29296875 0.40666349
f 682/3781 689/3782 690/3783
vt 0.33007812 0.40666349
vt 0.33007812 0.42089844
vt 0.32375646 0.42089844
f 691/3784 692/3785 685/3786
vt 0.28664708 0.42089844
vt 0.29296875 0.40666349
vt 0.28664219 0.40666349
f 682/3787 690/3788 683/3789
vt 0.32375157 0.40666349
vt 0.33007812 0.40666349
vt 0.32375646 0.42089844
f 684/3790 691/3791 685/3792
vt 0.29296875 0.42089844
vt 0.29929042 0.42089844
vt 0.29929531 0.40666349
f 689/3793 693/3794 694/3795
vt 0.33640468 0.40666349
vt 0.33639979 0.42089844
vt 0.33007812 0.42089844
f 695/3796 696/3797 692/3798
vt 0.29296875 0.42089844
vt 0.29929531 0.40666349
vt 0.29296875 0.40666349
f 689/3799 694/3800 690/3801
vt 0.33007812 0.40666349
vt 0.33640468 0.40666349
vt 0.33007812 0.42089844
f 691/3802 695/3803 692/3804
vt 0.29929042 0.42089844
vt 0.30566406 0.42089844
vt 0.30566406 0.40666349
f 693/3805 697/3806 698/3807
vt 0.34277344 0.40666349
vt 0.34277344 0.42089844
vt 0.33639979 0.42089844
f 699/3808 700/3809 696/3810
vt 0.29929042 0.42089844
vt 0.30566406 0.40666349
vt 0.29929531 0.40666349
f 693/3811 698/3812 694/3813
vt 0.33640468 0.40666349
vt 0.34277344 0.40666349
vt 0.33639979 0.42089844
f 695/3814 699/3815 696/3816
vt 0.28027344 0.40666349
vt 0.28664219 0.40666349
vt 0.28664207 0.39355469
f 687/3817 683/3818 701/3819
vt 0.32375145 0.39355469
vt 0.32375157 0.40666349
vt 0.31738281 0.40666349
f 702/3820 684/3821 688/3822
vt 0.28027344 0.40666349
vt 0.28664207 0.39355469
vt 0.28027344 0.39355469
f 687/3823 701/3824 703/3825
vt 0.31738281 0.39355469
vt 0.32375145 0.39355469
vt 0.31738281 0.40666349
f 704/3826 702/3827 688/3828
vt 0.28664219 0.40666349
vt 0.29296875 0.40666349
vt 0.29296875 0.39355469
f 683/3829 690/3830 705/3831
vt 0.33007812 0.39355469
vt 0.33007812 0.40666349
vt 0.32375157 0.40666349
f 706/3832 691/3833 684/3834
vt 0.28664219 0.40666349
vt 0.29296875 0.39355469
vt 0.28664207 0.39355469
f 683/3835 705/3836 701/3837
vt 0.32375145 0.39355469
vt 0.33007812 0.39355469
vt 0.32375157 0.40666349
f 702/3838 706/3839 684/3840
vt 0.29296875 0.40666349
vt 0.29929531 0.40666349
vt 0.29929543 0.39355469
f 690/3841 694/3842 707/3843
vt 0.33640480 0.39355469
vt 0.33640468 0.40666349
vt 0.33007812 0.40666349
f 708/3844 695/3845 691/3846
vt 0.29296875 0.40666349
vt 0.29929543 0.39355469
vt 0.29296875 0.39355469
f 690/3847 707/3848 705/3849
vt 0.33007812 0.39355469
vt 0.33640480 0.39355469
vt 0.33007812 0.40666349
f 706/3850 708/3851 691/3852
vt 0.29929531 0.40666349
vt 0.30566406 0.40666349
vt 0.30566406 0.39355469
f 694/3853 698/3854 709/3855
vt 0.34277344 0.39355469
vt 0.34277344 0.40666349
vt 0.33640468 0.40666349
f 710/3856 699/3857 695/3858
vt 0.29929531 0.40666349
vt 0.30566406 0.39355469
vt 0.29929543 0.39355469
f 694/3859 709/3860 707/3861
vt 0.33640480 0.39355469
vt 0.34277344 0.39355469
vt 0.33640468 0.40666349
f 708/3862 710/3863 695/3864
vt 0.35449219 0.42089844
vt 0.36230469 0.42089844
vt 0.35449219 0.41308594
f 682/3865 681/3866 686/3867
vt 0.35449219 0.42089844
vt 0.36230469 0.42089844
vt 0.35449219 0.41308594
f 682/3868 686/3869 685/3870
vt 0.35449219 0.42089844
vt 0.36230469 0.42089844
vt 0.35449219 0.41308594
f 681/3871 687/3872 688/3873
vt 0.35449219 0.42089844
vt 0.36230469 0.42089844
vt 0.35449219 0.41308594
f 681/3874 688/3875 686/3876
vt 0.35449219 0.42089844
vt 0.36230469 0.42089844
vt 0.35449219 0.41308594
f 689/3877 682/3878 685/3879
vt 0.35449219 0.42089844
vt 0.36230469 0.42089844
vt 0.35449219 0.41308594
f 689/3880 685/3881 692/3882
vt 0.35449219 0.42089844
vt 0.36230469 0.42089844
vt 0.35449219 0.41308594
f 693/3883 689/3884 692/3885
vt 0.35449219 0.42089844
vt 0.36230469 0.42089844
vt 0.35449219 0.41308594
f 693/3886 692/3887 696/3888
vt 0.35449219 0.42089844
vt 0.36230469 0.42089844
vt 0.35449219 0.41308594
f 697/3889 693/3890 696/3891
vt 0.35449219 0.42089844
vt 0.36230469 0.42089844
vt 0.35449219 0.41308594
f 697/3892 696/3893 700/3894
vt 0.35449219 0.42089844
vt 0.36230469 0.42089844
vt 0.35449219 0.41308594
f 698/3895 697/3896 700/3897
vt 0.35449219 0.42089844
vt 0.36230469 0.42089844
vt 0.35449219 0.41308594
f 698/3898 700/3899 699/3900
vt 0.35449219 0.42089844
vt 0.36230469 0.42089844
vt 0.35449219 0.41308594
f 703/3901 701/3902 702/3903
vt 0.35449219 0.42089844
vt 0.36230469 0.42089844
vt 0.35449219 0.41308594
f 703/3904 702/3905 704/3906
vt 0.35449219 0.42089844
vt 0.36230469 0.42089844
vt 0.35449219 0.41308594
f 687/3907 703/3908 704/3909
vt 0.35449219 0.42089844
vt 0.36230469 0.42089844
vt 0.35449219 0.41308594
f 687/3910 704/3911 688/3912
vt 0.35449219 0.42089844
vt 0.36230469 0.42089844
vt 0.35449219 0.41308594
f 701/3913 705/3914 706/3915
vt 0.35449219 0.42089844
vt 0.36230469 0.42089844
vt 0.35449219 0.41308594
f 701/3916 706/3917 702/3918
vt 0.35449219 0.42089844
vt 0.36230469 0.42089844
vt 0.35449219 0.41308594
f 705/3919 707/3920 708/3921
vt 0.35449219 0.42089844
vt 0.36230469 0.42089844
vt 0.35449219 0.41308594
f 705/3922 708/3923 706/3924
vt 0.35449219 0.42089844
vt 0.36230469 0.42089844
vt 0.35449219 0.41308594
f 709/3925 698/3926 699/3927
vt 0.35449219 0.42089844
vt 0.36230469 0.42089844
vt 0.35449219 0.41308594
f 709/3928 699/3929 710/3930
vt 0.35449219 0.42089844
vt 0.36230469 0.42089844
vt 0.35449219 0.41308594
f 707/3931 709/3932 710/3933
vt 0.35449219 0.42089844
vt 0.36230469 0.42089844
vt 0.35449219 0.41308594
f 707/3934 710/3935 708/3936
vt 0.37402344 0.42089844
vt 0.38039526 0.42089844
vt 0.38039362 0.40601616
f 711/3937 712/3938 713/3939
vt 0.41750299 0.40601616
vt 0.41750463 0.42089844
vt 0.41113281 0.42089844
f 714/3940 715/3941 716/3942
vt 0.37402344 0.42089844
vt 0.38039362 0.40601616
vt 0.37402344 0.40601616
f 711/3943 713/3944 717/3945
vt 0.41113281 0.40601616
vt 0.41750299 0.40601616
vt 0.41113281 0.42089844
f 718/3946 714/3947 716/3948
vt 0.38039526 0.42089844
vt 0.38671875 0.42089844
vt 0.38671875 0.40601616
f 712/3949 719/3950 720/3951
vt 0.42382812 0.40601616
vt 0.42382812 0.42089844
vt 0.41750463 0.42089844
f 721/3952 722/3953 715/3954
vt 0.38039526 0.42089844
vt 0.38671875 0.40601616
vt 0.38039362 0.40601616
f 712/3955 720/3956 713/3957
vt 0.41750299 0.40601616
vt 0.42382812 0.40601616
vt 0.41750463 0.42089844
f 714/3958 721/3959 715/3960
vt 0.38671875 0.42089844
vt 0.39304224 0.42089844
vt 0.39304388 0.40601616
f 719/3961 723/3962 724/3963
vt 0.43015326 0.40601616
vt 0.43015162 0.42089844
vt 0.42382812 0.42089844
f 725/3964 726/3965 722/3966
vt 0.38671875 0.42089844
vt 0.39304388 0.40601616
vt 0.38671875 0.40601616
f 719/3967 724/3968 720/3969
vt 0.42382812 0.40601616
vt 0.43015326 0.40601616
vt 0.42382812 0.42089844
f 721/3970 725/3971 722/3972
vt 0.39304224 0.42089844
vt 0.39941406 0.42089844
vt 0.39941406 0.40601616
f 723/3973 727/3974 728/3975
vt 0.43652344 0.40601616
vt 0.43652344 0.42089844
vt 0.43015162 0.42089844
f 729/3976 730/3977 726/3978
vt 0.39304224 0.42089844
vt 0.39941406 0.40601616
vt 0.39304388 0.40601616
f 723/3979 728/3980 724/3981
vt 0.43015326 0.40601616
vt 0.43652344 0.40601616
vt 0.43015162 0.42089844
f 725/3982 729/3983 726/3984
vt 0.37402344 0.40601616
vt 0.38039362 0.40601616
vt 0.38039644 0.38574219
f 717/3985 713/3986 731/3987
vt 0.41750581 0.38574219
vt 0.41750299 0.40601616
vt 0.41113281 0.40601616
f 732/3988 714/3989 718/3990
vt 0.37402344 0.40601616
vt 0.38039644 0.38574219
vt 0.37402344 0.38574219
f 717/3991 731/3992 733/3993
vt 0.41113281 0.38574219
vt 0.41750581 0.38574219
vt 0.41113281 0.40601616
f 734/3994 732/3995 718/3996
vt 0.38039362 0.40601616
vt 0.38671875 0.40601616
vt 0.38671875 0.38574219
f 713/3997 720/3998 735/3999
vt 0.42382812 0.38574219
vt 0.42382812 0.40601616
vt 0.41750299 0.40601616
f 736/4000 721/4001 714/4002
vt 0.38039362 0.40601616
vt 0.38671875 0.38574219
vt 0.38039644 0.38574219
f 713/4003 735/4004 731/4005
vt 0.41750581 0.38574219
vt 0.42382812 0.38574219
vt 0.41750299 0.40601616
f 732/4006 736/4007 714/4008
vt 0.38671875 0.40601616
vt 0.39304388 0.40601616
vt 0.39304106 0.38574219
f 720/4009 724/4010 737/4011
vt 0.43015044 0.38574219
vt 0.43015326 0.40601616
vt 0.42382812 0.40601616
f 738/4012 725/4013 721/4014
vt 0.38671875 0.40601616
vt 0.39304106 0.38574219
vt 0.38671875 0.38574219
f 720/4015 737/4016 735/4017
vt 0.42382812 0.38574219
vt 0.43015044 0.38574219
vt 0.42382812 0.40601616
f 736/4018 738/4019 721/4020
vt 0.39304388 0.40601616
vt 0.39941406 0.40601616
vt 0.39941406 0.38574219
f 724/4021 728/4022 739/4023
vt 0.43652344 0.38574219
vt 0.43652344 0.40601616
vt 0.43015326 0.40601616
f 740/4024 729/4025 725/4026
vt 0.39304388 0.40601616
vt 0.39941406 0.38574219
vt 0.39304106 0.38574219
f 724/4027 739/4028 737/4029
vt 0.43015044 0.38574219
vt 0.43652344 0.38574219
vt 0.43015326 0.40601616
f 738/4030 740/4031 725/4032
vt 0.44824219 0.42089844
vt 0.45605469 0.42089844
vt 0.44824219 0.41308594
f 712/4033 711/4034 716/4035
vt 0.44824219 0.42089844
vt 0.45605469 0.42089844
vt 0.44824219 0.41308594
f 712/4036 716/4037 715/4038
vt 0.44824219 0.42089844
vt 0.45605469 0.42089844
vt 0.44824219 0.41308594
f 711/4039 717/4040 718/4041
vt 0.44824219 0.42089844
vt 0.45605469 0.42089844
vt 0.44824219 0.41308594
f 711/4042 718/4043 716/4044
vt 0.44824219 0.42089844
vt 0.45605469 0.42089844
vt 0.44824219 0.41308594
f 719/4045 712/4046 715/4047
vt 0.44824219 0.42089844
vt 0.45605469 0.42089844
vt 0.44824219 0.41308594
f 719/4048 715/4049 722/4050
vt 0.44824219 0.42089844
vt 0.45605469 0.42089844
vt 0.44824219 0.41308594
f 723/4051 719/4052 722/4053
vt 0.44824219 0.42089844
vt 0.45605469 0.42089844
vt 0.44824219 0.41308594
f 723/4054 722/4055 726/4056
vt 0.44824219 0.42089844
vt 0.45605469 0.42089844
vt 0.44824219 0.41308594
f 727/4057 723/4058 726/4059
vt 0.44824219 0.42089844
vt 0.45605469 0.42089844
vt 0.44824219 0.41308594
f 727/4060 726/4061 730/4062
vt 0.44824219 0.42089844
vt 0.45605469 0.42089844
vt 0.44824219 0.41308594
f 728/4063 727/4064 730/4065
vt 0.44824219 0.42089844
vt 0.45605469 0.42089844
vt 0.44824219 0.41308594
f 728/4066 730/4067 729/4068
vt 0.44824219 0.42089844
vt 0.45605469 0.42089844
vt 0.44824219 0.41308594
f 733/4069 731/4070 732/4071
vt 0.44824219 0.42089844
vt 0.45605469 0.42089844
vt 0.44824219 0.41308594
f 733/4072 732/4073 734/4074
vt 0.44824219 0.42089844
vt 0.45605469 0.42089844
vt 0.44824219 0.41308594
f 717/4075 733/4076 734/4077
vt 0.44824219 0.42089844
vt 0.45605469 0.42089844
vt 0.44824219 0.41308594
f 717/4078 734/4079 718/4080
vt 0.44824219 0.42089844
vt 0.45605469 0.42089844
vt 0.44824219 0.41308594
f 731/4081 735/4082 736/4083
vt 0.44824219 0.42089844
vt 0.45605469 0.42089844
vt 0.44824219 0.41308594
f 731/4084 736/4085 732/4086
vt 0.44824219 0.42089844
vt 0.45605469 0.42089844
vt 0.44824219 0.41308594
f 735/4087 737/4088 738/4089
vt 0.44824219 0.42089844
vt 0.45605469 0.42089844
vt 0.44824219 0.41308594
f 735/4090 738/4091 736/4092
vt 0.44824219 0.42089844
vt 0.45605469 0.42089844
vt 0.44824219 0.41308594
f 739/4093 728/4094 729/4095
vt 0.44824219 0.42089844
vt 0.45605469 0.42089844
vt 0.44824219 0.41308594
f 739/4096 729/4097 740/4098
vt 0.44824219 0.42089844
vt 0.45605469 0.42089844
vt 0.44824219 0.41308594
f 737/4099 739/4100 740/4101
vt 0.44824219 0.42089844
vt 0.45605469 0.42089844
vt 0.44824219 0.41308594
f 737/4102 740/4103 738/4104
vt 0.46777344 0.42089844
vt 0.47451191 0.42089844
vt 0.47453806 0.40592766
f 741/4105 742/4106 743/4107
vt 0.53117869 0.40592766
vt 0.53115254 0.42089844
vt 0.52441406 0.42089844
f 744/4108 745/4109 746/4110
vt 0.46777344 0.42089844
vt 0.47453806 0.40592766
vt 0.46777344 0.40592766
f 741/4111 743/4112 747/4113
vt 0.52441406 0.40592766
vt 0.53117869 0.40592766
vt 0.52441406 0.42089844
f 748/4114 744/4115 746/4116
vt 0.47451191 0.42089844
vt 0.49023438 0.42089844
vt 0.49026221 0.40592766
f 742/4117 749/4118 750/4119
vt 0.54690283 0.40592766
vt 0.54687500 0.42089844
vt 0.53115254 0.42089844
f 751/4120 752/4121 745/4122
vt 0.47451191 0.42089844
vt 0.49026221 0.40592766
vt 0.47453806 0.40592766
f 742/4123 750/4124 743/4125
vt 0.53117869 0.40592766
vt 0.54690283 0.40592766
vt 0.53115254 0.42089844
f 744/4126 751/4127 745/4128
vt 0.49023438 0.42089844
vt 0.50595684 0.42089844
vt 0.50595291 0.40592766
f 749/4129 753/4130 754/4131
vt 0.56259354 0.40592766
vt 0.56259746 0.42089844
vt 0.54687500 0.42089844
f 755/4132 756/4133 752/4134
vt 0.49023438 0.42089844
vt 0.50595291 0.40592766
vt 0.49026221 0.40592766
f 749/4135 754/4136 750/4137
vt 0.54690283 0.40592766
vt 0.56259354 0.40592766
vt 0.54687500 0.42089844
f 751/4138 755/4139 752/4140
vt 0.50595684 0.42089844
vt 0.51269531 0.42089844
vt 0.51269531 0.40592766
f 753/4141 757/4142 758/4143
vt 0.56933594 0.40592766
vt 0.56933594 0.42089844
vt 0.56259746 0.42089844
f 759/4144 760/4145 756/4146
vt 0.50595684 0.42089844
vt 0.51269531 0.40592766
vt 0.50595291 0.40592766
f 753/4147 758/4148 754/4149
vt 0.56259354 0.40592766
vt 0.56933594 0.40592766
vt 0.56259746 0.42089844
f 755/4150 759/4151 756/4152
vt 0.46777344 0.40592766
vt 0.47453806 0.40592766
vt 0.47453448 0.38964844
f 747/4153 743/4154 761/4155
vt 0.53117510 0.38964844
vt 0.53117869 0.40592766
vt 0.52441406 0.40592766
f 762/4156 744/4157 748/4158
vt 0.46777344 0.40592766
vt 0.47453448 0.38964844
vt 0.46777344 0.38964844
f 747/4159 761/4160 763/4161
vt 0.52441406 0.38964844
vt 0.53117510 0.38964844
vt 0.52441406 0.40592766
f 764/4162 762/4163 748/4164
vt 0.47453806 0.40592766
vt 0.49026221 0.40592766
vt 0.49026415 0.38964844
f 743/4165 750/4166 765/4167
vt 0.54690478 0.38964844
vt 0.54690283 0.40592766
vt 0.53117869 0.40592766
f 766/4168 751/4169 744/4170
vt 0.47453806 0.40592766
vt 0.49026415 0.38964844
vt 0.47453448 0.38964844
f 743/4171 765/4172 761/4173
vt 0.53117510 0.38964844
vt 0.54690478 0.38964844
vt 0.53117869 0.40592766
f 762/4174 766/4175 744/4176
vt 0.49026221 0.40592766
vt 0.50595291 0.40592766
vt 0.50595806 0.38964844
f 750/4177 754/4178 767/4179
vt 0.56259869 0.38964844
vt 0.56259354 0.40592766
vt 0.54690283 0.40592766
f 768/4180 755/4181 751/4182
vt 0.49026221 0.40592766
vt 0.50595806 0.38964844
vt 0.49026415 0.38964844
f 750/4183 767/4184 765/4185
vt 0.54690478 0.38964844
vt 0.56259869 0.38964844
vt 0.54690283 0.40592766
f 766/4186 768/4187 751/4188
vt 0.50595291 0.40592766
vt 0.51269531 0.40592766
vt 0.51269531 0.38964844
f 754/4189 758/4190 769/4191
vt 0.56933594 0.38964844
vt 0.56933594 0.40592766
vt 0.56259354 0.40592766
f 770/4192 759/4193 755/4194
vt 0.50595291 0.40592766
vt 0.51269531 0.38964844
vt 0.50595806 0.38964844
f 754/4195 769/4196 767/4197
vt 0.56259869 0.38964844
vt 0.56933594 0.38964844
vt 0.56259354 0.40592766
f 768/4198 770/4199 755/4200
vt 0.58105469 0.42089844
vt 0.58886719 0.42089844
vt 0.58105469 0.41308594
f 742/4201 741/4202 746/4203
vt 0.58105469 0.42089844
vt 0.58886719 0.42089844
vt 0.58105469 0.41308594
f 742/4204 746/4205 745/4206
vt 0.58105469 0.42089844
vt 0.58886719 0.42089844
vt 0.58105469 0.41308594
f 741/4207 747/4208 748/4209
vt 0.58105469 0.42089844
vt 0.58886719 0.42089844
vt 0.58105469 0.41308594
f 741/4210 748/4211 746/4212
vt 0.58105469 0.42089844
vt 0.58886719 0.42089844
vt 0.58105469 0.41308594
f 749/4213 742/4214 745/4215
vt 0.58105469 0.42089844
vt 0.58886719 0.42089844
vt 0.58105469 0.41308594
f 749/4216 745/4217 752/4218
vt 0.58105469 0.42089844
vt 0.58886719 0.42089844
vt 0.58105469 0.41308594
f 753/4219 749/4220 752/4221
vt 0.58105469 0.42089844
vt 0.58886719 0.42089844
vt 0.58105469 0.41308594
f 753/4222 752/4223 756/4224
vt 0.58105469 0.42089844
vt 0.58886719 0.42089844
vt 0.58105469 0.41308594
f 757/4225 753/4226 756/4227
vt 0.58105469 0.42089844
vt 0.58886719 0.42089844
vt 0.58105469 0.41308594
f 757/4228 756/4229 760/4230
vt 0.58105469 0.42089844
vt 0.58886719 0.42089844
vt 0.58105469 0.41308594
f 758/4231 757/4232 760/4233
vt 0.58105469 0.42089844
vt 0.58886719 0.42089844
vt 0.58105469 0.41308594
f 758/4234 760/4235 759/4236
vt 0.58105469 0.42089844
vt 0.58886719 0.42089844
vt 0.58105469 0.41308594
f 763/4237 761/4238 762/4239
vt 0.58105469 0.42089844
vt 0.58886719 0.42089844
vt 0.58105469 0.41308594
f 763/4240 762/4241 764/4242
vt 0.58105469 0.42089844
vt 0.58886719 0.42089844
vt 0.58105469 0.41308594
f 747/4243 763/4244 764/4245
vt 0.58105469 0.42089844
vt 0.58886719 0.42089844
vt 0.58105469 0.41308594
f 747/4246 764/4247 748/4248
vt 0.58105469 0.42089844
vt 0.58886719 0.42089844
vt 0.58105469 0.41308594
f 761/4249 765/4250 766/4251
vt 0.58105469 0.42089844
vt 0.58886719 0.42089844
vt 0.58105469 0.41308594
f 761/4252 766/4253 762/4254
vt 0.58105469 0.42089844
vt 0.58886719 0.42089844
vt 0.58105469 0.41308594
f 765/4255 767/4256 768/4257
vt 0.58105469 0.42089844
vt 0.58886719 0.42089844
vt 0.58105469 0.41308594
f 765/4258 768/4259 766/4260
vt 0.58105469 0.42089844
vt 0.58886719 0.42089844
vt 0.58105469 0.41308594
f 769/4261 758/4262 759/4263
vt 0.58105469 0.42089844
vt 0.58886719 0.42089844
vt 0.58105469 0.41308594
f 769/4264 759/4265 770/4266
vt 0.58105469 0.42089844
vt 0.58886719 0.42089844
vt 0.58105469 0.41308594
f 767/4267 769/4268 770/4269
vt 0.58105469 0.42089844
vt 0.58886719 0.42089844
vt 0.58105469 0.41308594
f 767/4270 770/4271 768/4272
vt 0.60058594 0.42089844
vt 0.60695457 0.42089844
vt 0.60695457 0.41308594
f 771/4273 772/4274 773/4275
vt 0.64406395 0.41308594
vt 0.64406395 0.42089844
vt 0.63769531 0.42089844
f 774/4276 775/4277 776/4278
vt 0.60058594 0.42089844
vt 0.60695457 0.41308594
vt 0.60058594 0.41308594
f 771/4279 773/4280 777/4281
vt 0.63769531 0.41308594
vt 0.64406395 0.41308594
vt 0.63769531 0.42089844
f 778/4282 774/4283 776/4284
vt 0.60695457 0.42089844
vt 0.61328125 0.42089844
vt 0.61328125 0.41308594
f 772/4285 779/4286 780/4287
vt 0.65039062 0.41308594
vt 0.65039062 0.42089844
vt 0.64406395 0.42089844
f 781/4288 782/4289 775/4290
vt 0.60695457 0.42089844
vt 0.61328125 0.41308594
vt 0.60695457 0.41308594
f 772/4291 780/4292 773/4293
vt 0.64406395 0.41308594
vt 0.65039062 0.41308594
vt 0.64406395 0.42089844
f 774/4294 781/4295 775/4296
vt 0.61328125 0.42089844
vt 0.61960793 0.42089844
vt 0.61960793 0.41308594
f 779/4297 783/4298 784/4299
vt 0.65671730 0.41308594
vt 0.65671730 0.42089844
vt 0.65039062 0.42089844
f 785/4300 786/4301 782/4302
vt 0.61328125 0.42089844
vt 0.61960793 0.41308594
vt 0.61328125 0.41308594
f 779/4303 784/4304 780/4305
vt 0.65039062 0.41308594
vt 0.65671730 0.41308594
vt 0.65039062 0.42089844
f 781/4306 785/4307 782/4308
vt 0.61960793 0.42089844
vt 0.62597656 0.42089844
vt 0.62597656 0.41308594
f 783/4309 787/4310 788/4311
vt 0.66308594 0.41308594
vt 0.66308594 0.42089844
vt 0.65671730 0.42089844
f 789/4312 790/4313 786/4314
vt 0.61960793 0.42089844
vt 0.62597656 0.41308594
vt 0.61960793 0.41308594
f 783/4315 788/4316 784/4317
vt 0.65671730 0.41308594
vt 0.66308594 0.41308594
vt 0.65671730 0.42089844
f 785/4318 789/4319 786/4320
vt 0.67480469 0.42089844
vt 0.68261719 0.42089844
vt 0.67480469 0.41308594
f 772/4321 771/4322 776/4323
vt 0.67480469 0.42089844
vt 0.68261719 0.42089844
vt 0.67480469 0.41308594
f 772/4324 776/4325 775/4326
vt 0.67480469 0.42089844
vt 0.68261719 0.42089844
vt 0.67480469 0.41308594
f 777/4327 773/4328 774/4329
vt 0.67480469 0.42089844
vt 0.68261719 0.42089844
vt 0.67480469 0.41308594
f 777/4330 774/4331 778/4332
vt 0.67480469 0.42089844
vt 0.68261719 0.42089844
vt 0.67480469 0.41308594
f 771/4333 777/4334 778/4335
vt 0.67480469 0.42089844
vt 0.68261719 0.42089844
vt 0.67480469 0.41308594
f 771/4336 778/4337 776/4338
vt 0.67480469 0.42089844
vt 0.68261719 0.42089844
vt 0.67480469 0.41308594
f 779/4339 772/4340 775/4341
vt 0.67480469 0.42089844
vt 0.68261719 0.42089844
vt 0.67480469 0.41308594
f 779/4342 775/4343 782/4344
vt 0.67480469 0.42089844
vt 0.68261719 0.42089844
vt 0.67480469 0.41308594
f 773/4345 780/4346 781/4347
vt 0.67480469 0.42089844
vt 0.68261719 0.42089844
vt 0.67480469 0.41308594
f 773/4348 781/4349 774/4350
vt 0.67480469 0.42089844
vt 0.68261719 0.42089844
vt 0.67480469 0.41308594
f 783/4351 779/4352 782/4353
vt 0.67480469 0.42089844
vt 0.68261719 0.42089844
vt 0.67480469 0.41308594
f 783/4354 782/4355 786/4356
vt 0.67480469 0.42089844
vt 0.68261719 0.42089844
vt 0.67480469 0.41308594
f 780/4357 784/4358 785/4359
vt 0.67480469 0.42089844
vt 0.68261719 0.42089844
vt 0.67480469 0.41308594
f 780/4360 785/4361 781/4362
vt 0.67480469 0.42089844
vt 0.68261719 0.42089844
vt 0.67480469 0.41308594
f 787/4363 783/4364 786/4365
vt 0.67480469 0.42089844
vt 0.68261719 0.42089844
vt 0.67480469 0.41308594
f 787/4366 786/4367 790/4368
vt 0.67480469 0.42089844
vt 0.68261719 0.42089844
vt 0.67480469 0.41308594
f 788/4369 787/4370 790/4371
vt 0.67480469 0.42089844
vt 0.68261719 0.42089844
vt 0.67480469 0.41308594
f 788/4372 790/4373 789/4374
vt 0.67480469 0.42089844
vt 0.68261719 0.42089844
vt 0.67480469 0.41308594
f 784/4375 788/4376 789/4377
vt 0.67480469 0.42089844
vt 0.68261719 0.42089844
vt 0.67480469 0.41308594
f 784/4378 789/4379 785/4380
vt 0.69433594 0.42089844
vt 0.70070894 0.42089844
vt 0.70070894 0.41308594
f 791/4381 792/4382 793/4383
vt 0.73781831 0.41308594
vt 0.73781831 0.42089844
vt 0.73144531 0.42089844
f 794/4384 795/4385 796/4386
vt 0.69433594 0.42089844
vt 0.70070894 0.41308594
vt 0.69433594 0.41308594
f 791/4387 793/4388 797/4389
vt 0.73144531 0.41308594
vt 0.73781831 0.41308594
vt 0.73144531 0.42089844
f 798/4390 794/4391 796/4392
vt 0.70070894 0.42089844
vt 0.70703125 0.42089844
vt 0.70703125 0.41308594
f 792/4393 799/4394 800/4395
vt 0.74414062 0.41308594
vt 0.74414062 0.42089844
vt 0.73781831 0.42089844
f 801/4396 802/4397 795/4398
vt 0.70070894 0.42089844
vt 0.70703125 0.41308594
vt 0.70070894 0.41308594
f 792/4399 800/4400 793/4401
vt 0.73781831 0.41308594
vt 0.74414062 0.41308594
vt 0.73781831 0.42089844
f 794/4402 801/4403 795/4404
vt 0.70703125 0.42089844
vt 0.71335356 0.42089844
vt 0.71335356 0.41308594
f 799/4405 803/4406 804/4407
vt 0.75046294 0.41308594
vt 0.75046294 0.42089844
vt 0.74414062 0.42089844
f 805/4408 806/4409 802/4410
vt 0.70703125 0.42089844
vt 0.71335356 0.41308594
vt 0.70703125 0.41308594
f 799/4411 804/4412 800/4413
vt 0.74414062 0.41308594
vt 0.75046294 0.41308594
vt 0.74414062 0.42089844
f 801/4414 805/4415 802/4416
vt 0.71335356 0.42089844
vt 0.71972656 0.42089844
vt 0.71972656 0.41308594
f 803/4417 807/4418 808/4419
vt 0.75683594 0.41308594
vt 0.75683594 0.42089844
vt 0.75046294 0.42089844
f 809/4420 810/4421 806/4422
vt 0.71335356 0.42089844
vt 0.71972656 0.41308594
vt 0.71335356 0.41308594
f 803/4423 808/4424 804/4425
vt 0.75046294 0.41308594
vt 0.75683594 0.41308594
vt 0.75046294 0.42089844
f 805/4426 809/4427 806/4428
vt 0.76855469 0.42089844
vt 0.77636719 0.42089844
vt 0.76855469 0.41308594
f 792/4429 791/4430 796/4431
vt 0.76855469 0.42089844
vt 0.77636719 0.42089844
vt 0.76855469 0.41308594
f 792/4432 796/4433 795/4434
vt 0.76855469 0.42089844
vt 0.77636719 0.42089844
vt 0.76855469 0.41308594
f 797/4435 793/4436 794/4437
vt 0.76855469 0.42089844
vt 0.77636719 0.42089844
vt 0.76855469 0.41308594
f 797/4438 794/4439 798/4440
vt 0.76855469 0.42089844
vt 0.77636719 0.42089844
vt 0.76855469 0.41308594
f 791/4441 797/4442 798/4443
vt 0.76855469 0.42089844
vt 0.77636719 0.42089844
vt 0.76855469 0.41308594
f 791/4444 798/4445 796/4446
vt 0.76855469 0.42089844
vt 0.77636719 0.42089844
vt 0.76855469 0.41308594
f 799/4447 792/4448 795/4449
vt 0.76855469 0.42089844
vt 0.77636719 0.42089844
vt 0.76855469 0.41308594
f 799/4450 795/4451 802/4452
vt 0.76855469 0.42089844
vt 0.77636719 0.42089844
vt 0.76855469 0.41308594
f 793/4453 800/4454 801/4455
vt 0.76855469 0.42089844
vt 0.77636719 0.42089844
vt 0.76855469 0.41308594
f 793/4456 801/4457 794/4458
vt 0.76855469 0.42089844
vt 0.77636719 0.42089844
vt 0.76855469 0.41308594
f 803/4459 799/4460 802/4461
vt 0.76855469 0.42089844
vt 0.77636719 0.42089844
vt 0.76855469 0.41308594
f 803/4462 802/4463 806/4464
vt 0.76855469 0.42089844
vt 0.77636719 0.42089844
vt 0.76855469 0.41308594
f 800/4465 804/4466 805/4467
vt 0.76855469 0.42089844
vt 0.77636719 0.42089844
vt 0.76855469 0.41308594
f 800/4468 805/4469 801/4470
vt 0.76855469 0.42089844
vt 0.77636719 0.42089844
vt 0.76855469 0.41308594
f 807/4471 803/4472 806/4473
vt 0.76855469 0.42089844
vt 0.77636719 0.42089844
vt 0.76855469 0.41308594
f 807/4474 806/4475 810/4476
vt 0.76855469 0.42089844
vt 0.77636719 0.42089844
vt 0.76855469 0.41308594
f 808/4477 807/4478 810/4479
vt 0.76855469 0.42089844
vt 0.77636719 0.42089844
vt 0.76855469 0.41308594
f 808/4480 810/4481 809/4482
vt 0.76855469 0.42089844
vt 0.77636719 0.42089844
vt 0.76855469 0.41308594
f 804/4483 808/4484 809/4485
vt 0.76855469 0.42089844
vt 0.77636719 0.42089844
vt 0.76855469 0.41308594
f 804/4486 809/4487 805/4488
vt 0.78808594 0.42089844
vt 0.79445958 0.42089844
vt 0.79445469 0.40666349
f 811/4489 812/4490 813/4491
vt 0.83156407 0.40666349
vt 0.83156896 0.42089844
vt 0.82519531 0.42089844
f 814/4492 815/4493 816/4494
vt 0.78808594 0.42089844
vt 0.79445469 0.40666349
vt 0.78808594 0.40666349
f 811/4495 813/4496 817/4497
vt 0.82519531 0.40666349
vt 0.83156407 0.40666349
vt 0.82519531 0.42089844
f 818/4498 814/4499 816/4500
vt 0.79445958 0.42089844
vt 0.80078125 0.42089844
vt 0.80078125 0.40666349
f 812/4501 819/4502 820/4503
vt 0.83789062 0.40666349
vt 0.83789062 0.42089844
vt 0.83156896 0.42089844
f 821/4504 822/4505 815/4506
vt 0.79445958 0.42089844
vt 0.80078125 0.40666349
vt 0.79445469 0.40666349
f 812/4507 820/4508 813/4509
vt 0.83156407 0.40666349
vt 0.83789062 0.40666349
vt 0.83156896 0.42089844
f 814/4510 821/4511 815/4512
vt 0.80078125 0.42089844
vt 0.80710292 0.42089844
vt 0.80710781 0.40666349
f 819/4513 823/4514 824/4515
vt 0.84421718 0.40666349
vt 0.84421229 0.42089844
vt 0.83789062 0.42089844
f 825/4516 826/4517 822/4518
vt 0.80078125 0.42089844
vt 0.80710781 0.40666349
vt 0.80078125 0.40666349
f 819/4519 824/4520 820/4521
vt 0.83789062 0.40666349
vt 0.84421718 0.40666349
vt 0.83789062 0.42089844
f 821/4522 825/4523 822/4524
vt 0.80710292 0.42089844
vt 0.81347656 0.42089844
vt 0.81347656 0.40666349
f 823/4525 827/4526 828/4527
vt 0.85058594 0.40666349
vt 0.85058594 0.42089844
vt 0.84421229 0.42089844
f 829/4528 830/4529 826/4530
vt 0.80710292 0.42089844
vt 0.81347656 0.40666349
vt 0.80710781 0.40666349
f 823/4531 828/4532 824/4533
vt 0.84421718 0.40666349
vt 0.85058594 0.40666349
vt 0.84421229 0.42089844
f 825/4534 829/4535 826/4536
vt 0.78808594 0.40666349
vt 0.79445469 0.40666349
vt 0.79445457 0.39355469
f 817/4537 813/4538 831/4539
vt 0.83156395 0.39355469
vt 0.83156407 0.40666349
vt 0.82519531 0.40666349
f 832/4540 814/4541 818/4542
vt 0.78808594 0.40666349
vt 0.79445457 0.39355469
vt 0.78808594 0.39355469
f 817/4543 831/4544 833/4545
vt 0.82519531 0.39355469
vt 0.83156395 0.39355469
vt 0.82519531 0.40666349
f 834/4546 832/4547 818/4548
vt 0.79445469 0.40666349
vt 0.80078125 0.40666349
vt 0.80078125 0.39355469
f 813/4549 820/4550 835/4551
vt 0.83789062 0.39355469
vt 0.83789062 0.40666349
vt 0.83156407 0.40666349
f 836/4552 821/4553 814/4554
vt 0.79445469 0.40666349
vt 0.80078125 0.39355469
vt 0.79445457 0.39355469
f 813/4555 835/4556 831/4557
vt 0.83156395 0.39355469
vt 0.83789062 0.39355469
vt 0.83156407 0.40666349
f 832/4558 836/4559 814/4560
vt 0.80078125 0.40666349
vt 0.80710781 0.40666349
vt 0.80710793 0.39355469
f 820/4561 824/4562 837/4563
vt 0.84421730 0.39355469
vt 0.84421718 0.40666349
vt 0.83789062 0.40666349
f 838/4564 825/4565 821/4566
vt 0.80078125 0.40666349
vt 0.80710793 0.39355469
vt 0.80078125 0.39355469
f 820/4567 837/4568 835/4569
vt 0.83789062 0.39355469
vt 0.84421730 0.39355469
vt 0.83789062 0.40666349
f 836/4570 838/4571 821/4572
vt 0.80710781 0.40666349
vt 0.81347656 0.40666349
vt 0.81347656 0.39355469
f 824/4573 828/4574 839/4575
vt 0.85058594 0.39355469
vt 0.85058594 0.40666349
vt 0.84421718 0.40666349
f 840/4576 829/4577 825/4578
vt 0.80710781 0.40666349
vt 0.81347656 0.39355469
vt 0.80710793 0.39355469
f 824/4579 839/4580 837/4581
vt 0.84421730 0.39355469
vt 0.85058594 0.39355469
vt 0.84421718 0.40666349
f 838/4582 840/4583 825/4584
vt 0.86230469 0.42089844
vt 0.87011719 0.42089844
vt 0.86230469 0.41308594
f 812/4585 811/4586 816/4587
vt 0.86230469 0.42089844
vt 0.87011719 0.42089844
vt 0.86230469 0.41308594
f 812/4588 816/4589 815/4590
vt 0.86230469 0.42089844
vt 0.87011719 0.42089844
vt 0.86230469 0.41308594
f 811/4591 817/4592 818/4593
vt 0.86230469 0.42089844
vt 0.87011719 0.42089844
vt 0.86230469 0.41308594
f 811/4594 818/4595 816/4596
vt 0.86230469 0.42089844
vt 0.87011719 0.42089844
vt 0.86230469 0.41308594
f 819/4597 812/4598 815/4599
vt 0.86230469 0.42089844
vt 0.87011719 0.42089844
vt 0.86230469 0.41308594
f 819/4600 815/4601 822/4602
vt 0.86230469 0.42089844
vt 0.87011719 0.42089844
vt 0.86230469 0.41308594
f 823/4603 819/4604 822/4605
vt 0.86230469 0.42089844
vt 0.87011719 0.42089844
vt 0.86230469 0.41308594
f 823/4606 822/4607 826/4608
vt 0.86230469 0.42089844
vt 0.87011719 0.42089844
vt 0.86230469 0.41308594
f 827/4609 823/4610 826/4611
vt 0.86230469 0.42089844
vt 0.87011719 0.42089844
vt 0.86230469 0.41308594
f 827/4612 826/4613 830/4614
vt 0.86230469 0.42089844
vt 0.87011719 0.42089844
vt 0.86230469 0.41308594
f 828/4615 827/4616 830/4617
vt 0.86230469 0.42089844
vt 0.87011719 0.42089844
vt 0.86230469 0.41308594
f 828/4618 830/4619 829/4620
vt 0.86230469 0.42089844
vt 0.87011719 0.42089844
vt 0.86230469 0.41308594
f 833/4621 831/4622 832/4623
vt 0.86230469 0.42089844
vt 0.87011719 0.42089844
vt 0.86230469 0.41308594
f 833/4624 832/4625 834/4626
vt 0.86230469 0.42089844
vt 0.87011719 0.42089844
vt 0.86230469 0.41308594
f 817/4627 833/4628 834/4629
vt 0.86230469 0.42089844
vt 0.87011719 0.42089844
vt 0.86230469 0.41308594
f 817/4630 834/4631 818/4632
vt 0.86230469 0.42089844
vt 0.87011719 0.42089844
vt 0.86230469 0.41308594
f 831/4633 835/4634 836/4635
vt 0.86230469 0.42089844
vt 0.87011719 0.42089844
vt 0.86230469 0.41308594
f 831/4636 836/4637 832/4638
vt 0.86230469 0.42089844
vt 0.87011719 0.42089844
vt 0.86230469 0.41308594
f 835/4639 837/4640 838/4641
vt 0.86230469 0.42089844
vt 0.87011719 0.42089844
vt 0.86230469 0.41308594
f 835/4642 838/4643 836/4644
vt 0.86230469 0.42089844
vt 0.87011719 0.42089844
vt 0.86230469 0.41308594
f 839/4645 828/4646 829/4647
vt 0.86230469 0.42089844
vt 0.87011719 0.42089844
vt 0.86230469 0.41308594
f 839/4648 829/4649 840/4650
vt 0.86230469 0.42089844
vt 0.87011719 0.42089844
vt 0.86230469 0.41308594
f 837/4651 839/4652 840/4653
vt 0.86230469 0.42089844
vt 0.87011719 0.42089844
vt 0.86230469 0.41308594
f 837/4654 840/4655 838/4656
vt 0.88183594 0.42089844
vt 0.88820776 0.42089844
vt 0.88820612 0.40601616
f 841/4657 842/4658 843/4659
vt 0.92531549 0.40601616
vt 0.92531713 0.42089844
vt 0.91894531 0.42089844
f 844/4660 845/4661 846/4662
vt 0.88183594 0.42089844
vt 0.88820612 0.40601616
vt 0.88183594 0.40601616
f 841/4663 843/4664 847/4665
vt 0.91894531 0.40601616
vt 0.92531549 0.40601616
vt 0.91894531 0.42089844
f 848/4666 844/4667 846/4668
vt 0.88820776 0.42089844
vt 0.89453125 0.42089844
vt 0.89453125 0.40601616
f 842/4669 849/4670 850/4671
vt 0.93164062 0.40601616
vt 0.93164062 0.42089844
vt 0.92531713 0.42089844
f 851/4672 852/4673 845/4674
vt 0.88820776 0.42089844
vt 0.89453125 0.40601616
vt 0.88820612 0.40601616
f 842/4675 850/4676 843/4677
vt 0.92531549 0.40601616
vt 0.93164062 0.40601616
vt 0.92531713 0.42089844
f 844/4678 851/4679 845/4680
vt 0.89453125 0.42089844
vt 0.90085474 0.42089844
vt 0.90085638 0.40601616
f 849/4681 853/4682 854/4683
vt 0.93796576 0.40601616
vt 0.93796412 0.42089844
vt 0.93164062 0.42089844
f 855/4684 856/4685 852/4686
vt 0.89453125 0.42089844
vt 0.90085638 0.40601616
vt 0.89453125 0.40601616
f 849/4687 854/4688 850/4689
vt 0.93164062 0.40601616
vt 0.93796576 0.40601616
vt 0.93164062 0.42089844
f 851/4690 855/4691 852/4692
vt 0.90085474 0.42089844
vt 0.90722656 0.42089844
vt 0.90722656 0.40601616
f 853/4693 857/4694 858/4695
vt 0.94433594 0.40601616
vt 0.94433594 0.42089844
vt 0.93796412 0.42089844
f 859/4696 860/4697 856/4698
vt 0.90085474 0.42089844
vt 0.90722656 0.40601616
vt 0.90085638 0.40601616
f 853/4699 858/4700 854/4701
vt 0.93796576 0.40601616
vt 0.94433594 0.40601616
vt 0.93796412 0.42089844
f 855/4702 859/4703 856/4704
vt 0.88183594 0.40601616
vt 0.88820612 0.40601616
vt 0.88820894 0.38574219
f 847/4705 843/4706 861/4707
vt 0.92531831 0.38574219
vt 0.92531549 0.40601616
vt 0.91894531 0.40601616
f 862/4708 844/4709 848/4710
vt 0.88183594 0.40601616
vt 0.88820894 0.38574219
vt 0.88183594 0.38574219
f 847/4711 861/4712 863/4713
vt 0.91894531 0.38574219
vt 0.92531831 0.38574219
vt 0.91894531 0.40601616
f 864/4714 862/4715 848/4716
vt 0.88820612 0.40601616
vt 0.89453125 0.40601616
vt 0.89453125 0.38574219
f 843/4717 850/4718 865/4719
vt 0.93164062 0.38574219
vt 0.93164062 0.40601616
vt 0.92531549 0.40601616
f 866/4720 851/4721 844/4722
vt 0.88820612 0.40601616
vt 0.89453125 0.38574219
vt 0.88820894 0.38574219
f 843/4723 865/4724 861/4725
vt 0.92531831 0.38574219
vt 0.93164062 0.38574219
vt 0.92531549 0.40601616
f 862/4726 866/4727 844/4728
vt 0.89453125 0.40601616
vt 0.90085638 0.40601616
vt 0.90085356 0.38574219
f 850/4729 854/4730 867/4731
vt 0.93796294 0.38574219
vt 0.93796576 0.40601616
vt 0.93164062 0.40601616
f 868/4732 855/4733 851/4734
vt 0.89453125 0.40601616
vt 0.90085356 0.38574219
vt 0.89453125 0.38574219
f 850/4735 867/4736 865/4737
vt 0.93164062 0.38574219
vt 0.93796294 0.38574219
vt 0.93164062 0.40601616
f 866/4738 868/4739 851/4740
vt 0.90085638 0.40601616
vt 0.90722656 0.40601616
vt 0.90722656 0.38574219
f 854/4741 858/4742 869/4743
vt 0.94433594 0.38574219
vt 0.94433594 0.40601616
vt 0.93796576 0.40601616
f 870/4744 859/4745 855/4746
vt 0.90085638 0.40601616
vt 0.90722656 0.38574219
vt 0.90085356 0.38574219
f 854/4747 869/4748 867/4749
vt 0.93796294 0.38574219
vt 0.94433594 0.38574219
vt 0.93796576 0.40601616
f 868/4750 870/4751 855/4752
vt 0.95605469 0.42089844
vt 0.96386719 0.42089844
vt 0.95605469 0.41308594
f 842/4753 841/4754 846/4755
vt 0.95605469 0.42089844
vt 0.96386719 0.42089844
vt 0.95605469 0.41308594
f 842/4756 846/4757 845/4758
vt 0.95605469 0.42089844
vt 0.96386719 0.42089844
vt 0.95605469 0.41308594
f 841/4759 847/4760 848/4761
vt 0.95605469 0.42089844
vt 0.96386719 0.42089844
vt 0.95605469 0.41308594
f 841/4762 848/4763 846/4764
vt 0.95605469 0.42089844
vt 0.96386719 0.42089844
vt 0.95605469 0.41308594
f 849/4765 842/4766 845/4767
vt 0.95605469 0.42089844
vt 0.96386719 0.42089844
vt 0.95605469 0.41308594
f 849/4768 845/4769 852/4770
vt 0.95605469 0.42089844
vt 0.96386719 0.42089844
vt 0.95605469 0.41308594
f 853/4771 849/4772 852/4773
vt 0.95605469 0.42089844
vt 0.96386719 0.42089844
vt 0.95605469 0.41308594
f 853/4774 852/4775 856/4776
vt 0.95605469 0.42089844
vt 0.96386719 0.42089844
vt 0.95605469 0.41308594
f 857/4777 853/4778 856/4779
vt 0.95605469 0.42089844
vt 0.96386719 0.42089844
vt 0.95605469 0.41308594
f 857/4780 856/4781 860/4782
vt 0.95605469 0.42089844
vt 0.96386719 0.42089844
vt 0.95605469 0.41308594
f 858/4783 857/4784 860/4785
vt 0.95605469 0.42089844
vt 0.96386719 0.42089844
vt 0.95605469 0.41308594
f 858/4786 860/4787 859/4788
vt 0.95605469 0.42089844
vt 0.96386719 0.42089844
vt 0.95605469 0.41308594
f 863/4789 861/4790 862/4791
vt 0.95605469 0.42089844
vt 0.96386719 0.42089844
vt 0.95605469 0.41308594
f 863/4792 862/4793 864/4794
vt 0.95605469 0.42089844
vt 0.96386719 0.42089844
vt 0.95605469 0.41308594
f 847/4795 863/4796 864/4797
vt 0.95605469 0.42089844
vt 0.96386719 0.42089844
vt 0.95605469 0.41308594
f 847/4798 864/4799 848/4800
vt 0.95605469 0.42089844
vt 0.96386719 0.42089844
vt 0.95605469 0.41308594
f 861/4801 865/4802 866/4803
vt 0.95605469 0.42089844
vt 0.96386719 0.42089844
vt 0.95605469 0.41308594
f 861/4804 866/4805 862/4806
vt 0.95605469 0.42089844
vt 0.96386719 0.42089844
vt 0.95605469 0.41308594
f 865/4807 867/4808 868/4809
vt 0.95605469 0.42089844
vt 0.96386719 0.42089844
vt 0.95605469 0.41308594
f 865/4810 868/4811 866/4812
vt 0.95605469 0.42089844
vt 0.96386719 0.42089844
vt 0.95605469 0.41308594
f 869/4813 858/4814 859/4815
vt 0.95605469 0.42089844
vt 0.96386719 0.42089844
vt 0.95605469 0.41308594
f 869/4816 859/4817 870/4818
vt 0.95605469 0.42089844
vt 0.96386719 0.42089844
vt 0.95605469 0.41308594
f 867/4819 869/4820 870/4821
vt 0.95605469 0.42089844
vt 0.96386719 0.42089844
vt 0.95605469 0.41308594
f 867/4822 870/4823 868/4824
vt 0.00292969 0.37402344
vt 0.00966816 0.37402344
vt 0.00967209 0.35905266
f 871/4825 872/4826 873/4827
vt 0.06631271 0.35905266
vt 0.06630879 0.37402344
vt 0.05957031 0.37402344
f 874/4828 875/4829 876/4830
vt 0.00292969 0.37402344
vt 0.00967209 0.35905266
vt 0.00292969 0.35905266
f 871/4831 873/4832 877/4833
vt 0.05957031 0.35905266
vt 0.06631271 0.35905266
vt 0.05957031 0.37402344
f 878/4834 874/4835 876/4836
vt 0.00966816 0.37402344
vt 0.02539063 0.37402344
vt 0.02536279 0.35905266
f 872/4837 879/4838 880/4839
vt 0.08200342 0.35905266
vt 0.08203125 0.37402344
vt 0.06630879 0.37402344
f 881/4840 882/4841 875/4842
vt 0.00966816 0.37402344
vt 0.02536279 0.35905266
vt 0.00967209 0.35905266
f 872/4843 880/4844 873/4845
vt 0.06631271 0.35905266
vt 0.08200342 0.35905266
vt 0.06630879 0.37402344
f 874/4846 881/4847 875/4848
vt 0.02539063 0.37402344
vt 0.04111309 0.37402344
vt 0.04108694 0.35905266
f 879/4849 883/4850 884/4851
vt 0.09772756 0.35905266
vt 0.09775371 0.37402344
vt 0.08203125 0.37402344
f 885/4852 886/4853 882/4854
vt 0.02539063 0.37402344
vt 0.04108694 0.35905266
vt 0.02536279 0.35905266
f 879/4855 884/4856 880/4857
vt 0.08200342 0.35905266
vt 0.09772756 0.35905266
vt 0.08203125 0.37402344
f 881/4858 885/4859 882/4860
vt 0.04111309 0.37402344
vt 0.04785156 0.37402344
vt 0.04785156 0.35905266
f 883/4861 887/4862 888/4863
vt 0.10449219 0.35905266
vt 0.10449219 0.37402344
vt 0.09775371 0.37402344
f 889/4864 890/4865 886/4866
vt 0.04111309 0.37402344
vt 0.04785156 0.35905266
vt 0.04108694 0.35905266
f 883/4867 888/4868 884/4869
vt 0.09772756 0.35905266
vt 0.10449219 0.35905266
vt 0.09775371 0.37402344
f 885/4870 889/4871 886/4872
vt 0.00292969 0.35905266
vt 0.00967209 0.35905266
vt 0.00966694 0.34277344
f 877/4873 873/4874 891/4875
vt 0.06630756 0.34277344
vt 0.06631271 0.35905266
vt 0.05957031 0.35905266
f 892/4876 874/4877 878/4878
vt 0.00292969 0.35905266
vt 0.00966694 0.34277344
vt 0.00292969 0.34277344
f 877/4879 891/4880 893/4881
vt 0.05957031 0.34277344
vt 0.06630756 0.34277344
vt 0.05957031 0.35905266
f 894/4882 892/4883 878/4884
vt 0.00967209 0.35905266
vt 0.02536279 0.35905266
vt 0.02536085 0.34277344
f 873/4885 880/4886 895/4887
vt 0.08200147 0.34277344
vt 0.08200342 0.35905266
vt 0.06631271 0.35905266
f 896/4888 881/4889 874/4890
vt 0.00967209 0.35905266
vt 0.02536085 0.34277344
vt 0.00966694 0.34277344
f 873/4891 895/4892 891/4893
vt 0.06630756 0.34277344
vt 0.08200147 0.34277344
vt 0.06631271 0.35905266
f 892/4894 896/4895 874/4896
vt 0.02536279 0.35905266
vt 0.04108694 0.35905266
vt 0.04109052 0.34277344
f 880/4897 884/4898 897/4899
vt 0.09773115 0.34277344
vt 0.09772756 0.35905266
vt 0.08200342 0.35905266
f 898/4900 885/4901 881/4902
vt 0.02536279 0.35905266
vt 0.04109052 0.34277344
vt 0.02536085 0.34277344
f 880/4903 897/4904 895/4905
vt 0.08200147 0.34277344
vt 0.09773115 0.34277344
vt 0.08200342 0.35905266
f 896/4906 898/4907 881/4908
vt 0.04108694 0.35905266
vt 0.04785156 0.35905266
vt 0.04785156 0.34277344
f 884/4909 888/4910 899/4911
vt 0.10449219 0.34277344
vt 0.10449219 0.35905266
vt 0.09772756 0.35905266
f 900/4912 889/4913 885/4914
vt 0.04108694 0.35905266
vt 0.04785156 0.34277344
vt 0.04109052 0.34277344
f 884/4915 899/4916 897/4917
vt 0.09773115 0.34277344
vt 0.10449219 0.34277344
vt 0.09772756 0.35905266
f 898/4918 900/4919 885/4920
vt 0.11621094 0.37402344
vt 0.12402344 0.37402344
vt 0.11621094 0.36621094
f 872/4921 871/4922 876/4923
vt 0.11621094 0.37402344
vt 0.12402344 0.37402344
vt 0.11621094 0.36621094
f 872/4924 876/4925 875/4926
vt 0.11621094 0.37402344
vt 0.12402344 0.37402344
vt 0.11621094 0.36621094
f 871/4927 877/4928 878/4929
vt 0.11621094 0.37402344
vt 0.12402344 0.37402344
vt 0.11621094 0.36621094
f 871/4930 878/4931 876/4932
vt 0.11621094 0.37402344
vt 0.12402344 0.37402344
vt 0.11621094 0.36621094
f 879/4933 872/4934 875/4935
vt 0.11621094 0.37402344
vt 0.12402344 0.37402344
vt 0.11621094 0.36621094
f 879/4936 875/4937 882/4938
vt 0.11621094 0.37402344
vt 0.12402344 0.37402344
vt 0.11621094 0.36621094
f 883/4939 879/4940 882/4941
vt 0.11621094 0.37402344
vt 0.12402344 0.37402344
vt 0.11621094 0.36621094
f 883/4942 882/4943 886/4944
vt 0.11621094 0.37402344
vt 0.12402344 0.37402344
vt 0.11621094 0.36621094
f 887/4945 883/4946 886/4947
vt 0.11621094 0.37402344
vt 0.12402344 0.37402344
vt 0.11621094 0.36621094
f 887/4948 886/4949 890/4950
vt 0.11621094 0.37402344
vt 0.12402344 0.37402344
vt 0.11621094 0.36621094
f 888/4951 887/4952 890/4953
vt 0.11621094 0.37402344
vt 0.12402344 0.37402344
vt 0.11621094 0.36621094
f 888/4954 890/4955 889/4956
vt 0.11621094 0.37402344
vt 0.12402344 0.37402344
vt 0.11621094 0.36621094
f 893/4957 891/4958 892/4959
vt 0.11621094 0.37402344
vt 0.12402344 0.37402344
vt 0.11621094 0.36621094
f 893/4960 892/4961 894/4962
vt 0.11621094 0.37402344
vt 0.12402344 0.37402344
vt 0.11621094 0.36621094
f 877/4963 893/4964 894/4965
vt 0.11621094 0.37402344
vt 0.12402344 0.37402344
vt 0.11621094 0.36621094
f 877/4966 894/4967 878/4968
vt 0.11621094 0.37402344
vt 0.12402344 0.37402344
vt 0.11621094 0.36621094
f 891/4969 895/4970 896/4971
vt 0.11621094 0.37402344
vt 0.12402344 0.37402344
vt 0.11621094 0.36621094
f 891/4972 896/4973 892/4974
vt 0.11621094 0.37402344
vt 0.12402344 0.37402344
vt 0.11621094 0.36621094
f 895/4975 897/4976 898/4977
vt 0.11621094 0.37402344
vt 0.12402344 0.37402344
vt 0.11621094 0.36621094
f 895/4978 898/4979 896/4980
vt 0.11621094 0.37402344
vt 0.12402344 0.37402344
vt 0.11621094 0.36621094
f 899/4981 888/4982 889/4983
vt 0.11621094 0.37402344
vt 0.12402344 0.37402344
vt 0.11621094 0.36621094
f 899/4984 889/4985 900/4986
vt 0.11621094 0.37402344
vt 0.12402344 0.37402344
vt 0.11621094 0.36621094
f 897/4987 899/4988 900/4989
vt 0.11621094 0.37402344
vt 0.12402344 0.37402344
vt 0.11621094 0.36621094
f 897/4990 900/4991 898/4992
vt 0.13574219 0.37402344
vt 0.14211082 0.37402344
vt 0.14211082 0.36621094
f 901/4993 902/4994 903/4995
vt 0.17922020 0.36621094
vt 0.17922020 0.37402344
vt 0.17285156 0.37402344
f 904/4996 905/4997 906/4998
vt 0.13574219 0.37402344
vt 0.14211082 0.36621094
vt 0.13574219 0.36621094
f 901/4999 903/5000 907/5001
vt 0.17285156 0.36621094
vt 0.17922020 0.36621094
vt 0.17285156 0.37402344
f 908/5002 904/5003 906/5004
vt 0.14211082 0.37402344
vt 0.14843750 0.37402344
vt 0.14843750 0.36621094
f 902/5005 909/5006 910/5007
vt 0.18554688 0.36621094
vt 0.18554688 0.37402344
vt 0.17922020 0.37402344
f 911/5008 912/5009 905/5010
vt 0.14211082 0.37402344
vt 0.14843750 0.36621094
vt 0.14211082 0.36621094
f 902/5011 910/5012 903/5013
vt 0.17922020 0.36621094
vt 0.18554688 0.36621094
vt 0.17922020 0.37402344
f 904/5014 911/5015 905/5016
vt 0.14843750 0.37402344
vt 0.15476418 0.37402344
vt 0.15476418 0.36621094
f 909/5017 913/5018 914/5019
vt 0.19187355 0.36621094
vt 0.19187355 0.37402344
vt 0.18554688 0.37402344
f 915/5020 916/5021 912/5022
vt 0.14843750 0.37402344
vt 0.15476418 0.36621094
vt 0.14843750 0.36621094
f 909/5023 914/5024 910/5025
vt 0.18554688 0.36621094
vt 0.19187355 0.36621094
vt 0.18554688 0.37402344
f 911/5026 915/5027 912/5028
vt 0.15476418 0.37402344
vt 0.16113281 0.37402344
vt 0.16113281 0.36621094
f 913/5029 917/5030 918/5031
vt 0.19824219 0.36621094
vt 0.19824219 0.37402344
vt 0.19187355 0.37402344
f 919/5032 920/5033 916/5034
vt 0.15476418 0.37402344
vt 0.16113281 0.36621094
vt 0.15476418 0.36621094
f 913/5035 918/5036 914/5037
vt 0.19187355 0.36621094
vt 0.19824219 0.36621094
vt 0.19187355 0.37402344
f 915/5038 919/5039 916/5040
vt 0.20996094 0.37402344
vt 0.21777344 0.37402344
vt 0.20996094 0.36621094
f 902/5041 901/5042 906/5043
vt 0.20996094 0.37402344
vt 0.21777344 0.37402344
vt 0.20996094 0.36621094
f 902/5044 906/5045 905/5046
vt 0.20996094 0.37402344
vt 0.21777344 0.37402344
vt 0.20996094 0.36621094
f 907/5047 903/5048 904/5049
vt 0.20996094 0.37402344
vt 0.21777344 0.37402344
vt 0.20996094 0.36621094
f 907/5050 904/5051 908/5052
vt 0.20996094 0.37402344
vt 0.21777344 0.37402344
vt 0.20996094 0.36621094
f 901/5053 907/5054 908/5055
vt 0.20996094 0.37402344
vt 0.21777344 0.37402344
vt 0.20996094 0.36621094
f 901/5056 908/5057 906/5058
vt 0.20996094 0.37402344
vt 0.21777344 0.37402344
vt 0.20996094 0.36621094
f 909/5059 902/5060 905/5061
vt 0.20996094 0.37402344
vt 0.21777344 0.37402344
vt 0.20996094 0.36621094
f 909/5062 905/5063 912/5064
vt 0.20996094 0.37402344
vt 0.21777344 0.37402344
vt 0.20996094 0.36621094
f 903/5065 910/5066 911/5067
vt 0.20996094 0.37402344
vt 0.21777344 0.37402344
vt 0.20996094 0.36621094
f 903/5068 911/5069 904/5070
vt 0.20996094 0.37402344
vt 0.21777344 0.37402344
vt 0.20996094 0.36621094
f 913/5071 909/5072 912/5073
vt 0.20996094 0.37402344
vt 0.21777344 0.37402344
vt 0.20996094 0.36621094
f 913/5074 912/5075 916/5076
vt 0.20996094 0.37402344
vt 0.21777344 0.37402344
vt 0.20996094 0.36621094
f 910/5077 914/5078 915/5079
vt 0.20996094 0.37402344
vt 0.21777344 0.37402344
vt 0.20996094 0.36621094
f 910/5080 915/5081 911/5082
vt 0.20996094 0.37402344
vt 0.21777344 0.37402344
vt 0.20996094 0.36621094
f 917/5083 913/5084 916/5085
vt 0.20996094 0.37402344
vt 0.21777344 0.37402344
vt 0.20996094 0.36621094
f 917/5086 916/5087 920/5088
vt 0.20996094 0.37402344
vt 0.21777344 0.37402344
vt 0.20996094 0.36621094
f 918/5089 917/5090 920/5091
vt 0.20996094 0.37402344
vt 0.21777344 0.37402344
vt 0.20996094 0.36621094
f 918/5092 920/5093 919/5094
vt 0.20996094 0.37402344
vt 0.21777344 0.37402344
vt 0.20996094 0.36621094
f 914/5095 918/5096 919/5097
vt 0.20996094 0.37402344
vt 0.21777344 0.37402344
vt 0.20996094 0.36621094
f 914/5098 919/5099 915/5100
vt 0.22949219 0.37402344
vt 0.23586519 0.37402344
vt 0.23586519 0.36621094
f 921/5101 922/5102 923/5103
vt 0.27297456 0.36621094
vt 0.27297456 0.37402344
vt 0.26660156 0.37402344
f 924/5104 925/5105 926/5106
vt 0.22949219 0.37402344
vt 0.23586519 0.36621094
vt 0.22949219 0.36621094
f 921/5107 923/5108 927/5109
vt 0.26660156 0.36621094
vt 0.27297456 0.36621094
vt 0.26660156 0.37402344
f 928/5110 924/5111 926/5112
vt 0.23586519 0.37402344
vt 0.24218750 0.37402344
vt 0.24218750 0.36621094
f 922/5113 929/5114 930/5115
vt 0.27929688 0.36621094
vt 0.27929688 0.37402344
vt 0.27297456 0.37402344
f 931/5116 932/5117 925/5118
vt 0.23586519 0.37402344
vt 0.24218750 0.36621094
vt 0.23586519 0.36621094
f 922/5119 930/5120 923/5121
vt 0.27297456 0.36621094
vt 0.27929688 0.36621094
vt 0.27297456 0.37402344
f 924/5122 931/5123 925/5124
vt 0.24218750 0.37402344
vt 0.24850981 0.37402344
vt 0.24850981 0.36621094
f 929/5125 933/5126 934/5127
vt 0.28561919 0.36621094
vt 0.28561919 0.37402344
vt 0.27929688 0.37402344
f 935/5128 936/5129 932/5130
vt 0.24218750 0.37402344
vt 0.24850981 0.36621094
vt 0.24218750 0.36621094
f 929/5131 934/5132 930/5133
vt 0.27929688 0.36621094
vt 0.28561919 0.36621094
vt 0.27929688 0.37402344
f 931/5134 935/5135 932/5136
vt 0.24850981 0.37402344
vt 0.25488281 0.37402344
vt 0.25488281 0.36621094
f 933/5137 937/5138 938/5139
vt 0.29199219 0.36621094
vt 0.29199219 0.37402344
vt 0.28561919 0.37402344
f 939/5140 940/5141 936/5142
vt 0.24850981 0.37402344
vt 0.25488281 0.36621094
vt 0.24850981 0.36621094
f 933/5143 938/5144 934/5145
vt 0.28561919 0.36621094
vt 0.29199219 0.36621094
vt 0.28561919 0.37402344
f 935/5146 939/5147 936/5148
vt 0.30371094 0.37402344
vt 0.31152344 0.37402344
vt 0.30371094 0.36621094
f 922/5149 921/5150 926/5151
vt 0.30371094 0.37402344
vt 0.31152344 0.37402344
vt 0.30371094 0.36621094
f 922/5152 926/5153 925/5154
vt 0.30371094 0.37402344
vt 0.31152344 0.37402344
vt 0.30371094 0.36621094
f 927/5155 923/5156 924/5157
vt 0.30371094 0.37402344
vt 0.31152344 0.37402344
vt 0.30371094 0.36621094
f 927/5158 924/5159 928/5160
vt 0.30371094 0.37402344
vt 0.31152344 0.37402344
vt 0.30371094 0.36621094
f 921/5161 927/5162 928/5163
vt 0.30371094 0.37402344
vt 0.31152344 0.37402344
vt 0.30371094 0.36621094
f 921/5164 928/5165 926/5166
vt 0.30371094 0.37402344
vt 0.31152344 0.37402344
vt 0.30371094 0.36621094
f 929/5167 922/5168 925/5169
vt 0.30371094 0.37402344
vt 0.31152344 0.37402344
vt 0.30371094 0.36621094
f 929/5170 925/5171 932/5172
vt 0.30371094 0.37402344
vt 0.31152344 0.37402344
vt 0.30371094 0.36621094
f 923/5173 930/5174 931/5175
vt 0.30371094 0.37402344
vt 0.31152344 0.37402344
vt 0.30371094 0.36621094
f 923/5176 931/5177 924/5178
vt 0.30371094 0.37402344
vt 0.31152344 0.37402344
vt 0.30371094 0.36621094
f 933/5179 929/5180 932/5181
vt 0.30371094 0.37402344
vt 0.31152344 0.37402344
vt 0.30371094 0.36621094
f 933/5182 932/5183 936/5184
vt 0.30371094 0.37402344
vt 0.31152344 0.37402344
vt 0.30371094 0.36621094
f 930/5185 934/5186 935/5187
vt 0.30371094 0.37402344
vt 0.31152344 0.37402344
vt 0.30371094 0.36621094
f 930/5188 935/5189 931/5190
vt 0.30371094 0.37402344
vt 0.31152344 0.37402344
vt 0.30371094 0.36621094
f 937/5191 933/5192 936/5193
vt 0.30371094 0.37402344
vt 0.31152344 0.37402344
vt 0.30371094 0.36621094
f 937/5194 936/5195 940/5196
vt 0.30371094 0.37402344
vt 0.31152344 0.37402344
vt 0.30371094 0.36621094
f 938/5197 937/5198 940/5199
vt 0.30371094 0.37402344
vt 0.31152344 0.37402344
vt 0.30371094 0.36621094
f 938/5200 940/5201 939/5202
vt 0.30371094 0.37402344
vt 0.31152344 0.37402344
vt 0.30371094 0.36621094
f 934/5203 938/5204 939/5205
vt 0.30371094 0.37402344
vt 0.31152344 0.37402344
vt 0.30371094 0.36621094
f 934/5206 939/5207 935/5208
vt 0.32324219 0.37402344
vt 0.33105469 0.37402344
vt 0.33105469 0.35738460
f 941/5209 942/5210 943/5211
vt 0.35058594 0.35738460
vt 0.35058594 0.37402344
vt 0.34277344 0.37402344
f 944/5212 945/5213 946/5214
vt 0.32324219 0.37402344
vt 0.33105469 0.35738460
vt 0.32324219 0.35738460
f 941/5215 943/5216 947/5217
vt 0.34277344 0.35738460
vt 0.35058594 0.35738460
vt 0.34277344 0.37402344
f 948/5218 944/5219 946/5220
vt 0.32324219 0.35738460
vt 0.33105469 0.35738460
vt 0.33105469 0.35058594
f 947/5221 943/5222 949/5223
vt 0.35058594 0.35058594
vt 0.35058594 0.35738460
vt 0.34277344 0.35738460
f 950/5224 944/5225 948/5226
vt 0.32324219 0.35738460
vt 0.33105469 0.35058594
vt 0.32324219 0.35058594
f 947/5227 949/5228 951/5229
vt 0.34277344 0.35058594
vt 0.35058594 0.35058594
vt 0.34277344 0.35738460
f 952/5230 950/5231 948/5232
vt 0.36230469 0.37402344
vt 0.37011719 0.37402344
vt 0.36230469 0.36621094
f 942/5233 941/5234 946/5235
vt 0.36230469 0.37402344
vt 0.37011719 0.37402344
vt 0.36230469 0.36621094
f 942/5236 946/5237 945/5238
vt 0.36230469 0.37402344
vt 0.37011719 0.37402344
vt 0.36230469 0.36621094
f 943/5239 942/5240 945/5241
vt 0.36230469 0.37402344
vt 0.37011719 0.37402344
vt 0.36230469 0.36621094
f 943/5242 945/5243 944/5244
vt 0.36230469 0.37402344
vt 0.37011719 0.37402344
vt 0.36230469 0.36621094
f 941/5245 947/5246 948/5247
vt 0.36230469 0.37402344
vt 0.37011719 0.37402344
vt 0.36230469 0.36621094
f 941/5248 948/5249 946/5250
vt 0.36230469 0.37402344
vt 0.37011719 0.37402344
vt 0.36230469 0.36621094
f 949/5251 943/5252 944/5253
vt 0.36230469 0.37402344
vt 0.37011719 0.37402344
vt 0.36230469 0.36621094
f 949/5254 944/5255 950/5256
vt 0.36230469 0.37402344
vt 0.37011719 0.37402344
vt 0.36230469 0.36621094
f 951/5257 949/5258 950/5259
vt 0.36230469 0.37402344
vt 0.37011719 0.37402344
vt 0.36230469 0.36621094
f 951/5260 950/5261 952/5262
vt 0.36230469 0.37402344
vt 0.37011719 0.37402344
vt 0.36230469 0.36621094
f 947/5263 951/5264 952/5265
vt 0.36230469 0.37402344
vt 0.37011719 0.37402344
vt 0.36230469 0.36621094
f 947/5266 952/5267 948/5268
vt 0.38183594 0.37402344
vt 0.39435190 0.37402344
vt 0.39423441 0.35699851
f 953/5269 954/5270 955/5271
vt 0.50751566 0.35699851
vt 0.50763315 0.37402344
vt 0.49511719 0.37402344
f 956/5272 957/5273 958/5274
vt 0.38183594 0.37402344
vt 0.39423441 0.35699851
vt 0.38183594 0.35699851
f 953/5275 955/5276 959/5277
vt 0.49511719 0.35699851
vt 0.50751566 0.35699851
vt 0.49511719 0.37402344
f 960/5278 956/5279 958/5280
vt 0.39435190 0.37402344
vt 0.40638666 0.37402344
vt 0.40663288 0.35699851
f 954/5281 961/5282 962/5283
vt 0.51991413 0.35699851
vt 0.51966791 0.37402344
vt 0.50763315 0.37402344
f 963/5284 964/5285 957/5286
vt 0.39435190 0.37402344
vt 0.40663288 0.35699851
vt 0.39423441 0.35699851
f 954/5287 962/5288 955/5289
vt 0.50751566 0.35699851
vt 0.51991413 0.35699851
vt 0.50763315 0.37402344
f 956/5290 963/5291 957/5292
vt 0.40638666 0.37402344
vt 0.41950192 0.37402344
vt 0.41962504 0.35699851
f 961/5293 965/5294 966/5295
vt 0.53290629 0.35699851
vt 0.53278317 0.37402344
vt 0.51966791 0.37402344
f 967/5296 968/5297 964/5298
vt 0.40638666 0.37402344
vt 0.41962504 0.35699851
vt 0.40663288 0.35699851
f 961/5299 966/5300 962/5301
vt 0.51991413 0.35699851
vt 0.53290629 0.35699851
vt 0.51966791 0.37402344
f 963/5302 967/5303 964/5304
vt 0.41950192 0.37402344
vt 0.43261719 0.37402344
vt 0.43261719 0.35699851
f 965/5305 969/5306 970/5307
vt 0.54589844 0.35699851
vt 0.54589844 0.37402344
vt 0.53278317 0.37402344
f 971/5308 972/5309 968/5310
vt 0.41950192 0.37402344
vt 0.43261719 0.35699851
vt 0.41962504 0.35699851
f 965/5311 970/5312 966/5313
vt 0.53290629 0.35699851
vt 0.54589844 0.35699851
vt 0.53278317 0.37402344
f 967/5314 971/5315 968/5316
vt 0.43261719 0.37402344
vt 0.44465195 0.37402344
vt 0.44501566 0.35699851
f 969/5317 973/5318 974/5319
vt 0.55829691 0.35699851
vt 0.55793320 0.37402344
vt 0.54589844 0.37402344
f 975/5320 976/5321 972/5322
vt 0.43261719 0.37402344
vt 0.44501566 0.35699851
vt 0.43261719 0.35699851
f 969/5323 974/5324 970/5325
vt 0.54589844 0.35699851
vt 0.55829691 0.35699851
vt 0.54589844 0.37402344
f 971/5326 975/5327 972/5328
vt 0.44465195 0.37402344
vt 0.45716791 0.37402344
vt 0.45741413 0.35699851
f 973/5329 977/5330 978/5331
vt 0.57069538 0.35699851
vt 0.57044916 0.37402344
vt 0.55793320 0.37402344
f 979/5332 980/5333 976/5334
vt 0.44465195 0.37402344
vt 0.45741413 0.35699851
vt 0.44501566 0.35699851
f 973/5335 978/5336 974/5337
vt 0.55829691 0.35699851
vt 0.57069538 0.35699851
vt 0.55793320 0.37402344
f 975/5338 979/5339 976/5340
vt 0.45716791 0.37402344
vt 0.47028317 0.37402344
vt 0.47040629 0.35699851
f 977/5341 981/5342 982/5343
vt 0.58368754 0.35699851
vt 0.58356442 0.37402344
vt 0.57044916 0.37402344
f 983/5344 984/5345 980/5346
vt 0.45716791 0.37402344
vt 0.47040629 0.35699851
vt 0.45741413 0.35699851
f 977/5347 982/5348 978/5349
vt 0.57069538 0.35699851
vt 0.58368754 0.35699851
vt 0.57044916 0.37402344
f 979/5350 983/5351 980/5352
vt 0.47028317 0.37402344
vt 0.48339844 0.37402344
vt 0.48339844 0.35699851
f 981/5353 953/5354 959/5355
vt 0.59667969 0.35699851
vt 0.59667969 0.37402344
vt 0.58356442 0.37402344
f 960/5356 958/5357 984/5358
vt 0.47028317 0.37402344
vt 0.48339844 0.35699851
vt 0.47040629 0.35699851
f 981/5359 959/5360 982/5361
vt 0.58368754 0.35699851
vt 0.59667969 0.35699851
vt 0.58356442 0.37402344
f 983/5362 960/5363 984/5364
vt 0.38183594 0.35699851
vt 0.39423441 0.35699851
vt 0.39423441 0.33938652
f 959/5365 955/5366 985/5367
vt 0.50751566 0.33938652
vt 0.50751566 0.35699851
vt 0.49511719 0.35699851
f 986/5368 956/5369 960/5370
vt 0.38183594 0.35699851
vt 0.39423441 0.33938652
vt 0.38183594 0.33938652
f 959/5371 985/5372 987/5373
vt 0.49511719 0.33938652
vt 0.50751566 0.33938652
vt 0.49511719 0.35699851
f 988/5374 986/5375 960/5376
vt 0.39423441 0.35699851
vt 0.40663288 0.35699851
vt 0.40663288 0.33938652
f 955/5377 962/5378 989/5379
vt 0.51991413 0.33938652
vt 0.51991413 0.35699851
vt 0.50751566 0.35699851
f 990/5380 963/5381 956/5382
vt 0.39423441 0.35699851
vt 0.40663288 0.33938652
vt 0.39423441 0.33938652
f 955/5383 989/5384 985/5385
vt 0.50751566 0.33938652
vt 0.51991413 0.33938652
vt 0.50751566 0.35699851
f 986/5386 990/5387 956/5388
vt 0.40663288 0.35699851
vt 0.41962504 0.35699851
vt 0.41962504 0.33938652
f 962/5389 966/5390 991/5391
vt 0.53290629 0.33938652
vt 0.53290629 0.35699851
vt 0.51991413 0.35699851
f 992/5392 967/5393 963/5394
vt 0.40663288 0.35699851
vt 0.41962504 0.33938652
vt 0.40663288 0.33938652
f 962/5395 991/5396 989/5397
vt 0.51991413 0.33938652
vt 0.53290629 0.33938652
vt 0.51991413 0.35699851
f 990/5398 992/5399 963/5400
vt 0.41962504 0.35699851
vt 0.43261719 0.35699851
vt 0.43261719 0.33938652
f 966/5401 970/5402 993/5403
vt 0.54589844 0.33938652
vt 0.54589844 0.35699851
vt 0.53290629 0.35699851
f 994/5404 971/5405 967/5406
vt 0.41962504 0.35699851
vt 0.43261719 0.33938652
vt 0.41962504 0.33938652
f 966/5407 993/5408 991/5409
vt 0.53290629 0.33938652
vt 0.54589844 0.33938652
vt 0.53290629 0.35699851
f 992/5410 994/5411 967/5412
vt 0.43261719 0.35699851
vt 0.44501566 0.35699851
vt 0.44501566 0.33938652
f 970/5413 974/5414 995/5415
vt 0.55829691 0.33938652
vt 0.55829691 0.35699851
vt 0.54589844 0.35699851
f 996/5416 975/5417 971/5418
vt 0.43261719 0.35699851
vt 0.44501566 0.33938652
vt 0.43261719 0.33938652
f 970/5419 995/5420 993/5421
vt 0.54589844 0.33938652
vt 0.55829691 0.33938652
vt 0.54589844 0.35699851
f 994/5422 996/5423 971/5424
vt 0.44501566 0.35699851
vt 0.45741413 0.35699851
vt 0.45741413 0.33938652
f 974/5425 978/5426 997/5427
vt 0.57069538 0.33938652
vt 0.57069538 0.35699851
vt 0.55829691 0.35699851
f 998/5428 979/5429 975/5430
vt 0.44501566 0.35699851
vt 0.45741413 0.33938652
vt 0.44501566 0.33938652
f 974/5431 997/5432 995/5433
vt 0.55829691 0.33938652
vt 0.57069538 0.33938652
vt 0.55829691 0.35699851
f 996/5434 998/5435 975/5436
vt 0.45741413 0.35699851
vt 0.47040629 0.35699851
vt 0.47040629 0.33938652
f 978/5437 982/5438 999/5439
vt 0.58368754 0.33938652
vt 0.58368754 0.35699851
vt 0.57069538 0.35699851
f 1000/5440 983/5441 979/5442
vt 0.45741413 0.35699851
vt 0.47040629 0.33938652
vt 0.45741413 0.33938652
f 978/5443 999/5444 997/5445
vt 0.57069538 0.33938652
vt 0.58368754 0.33938652
vt 0.57069538 0.35699851
f 998/5446 1000/5447 979/5448
vt 0.47040629 0.35699851
vt 0.48339844 0.35699851
vt 0.48339844 0.33938652
f 982/5449 959/5450 987/5451
vt 0.59667969 0.33938652
vt 0.59667969 0.35699851
vt 0.58368754 0.35699851
f 988/5452 960/5453 983/5454
vt 0.47040629 0.35699851
vt 0.48339844 0.33938652
vt 0.47040629 0.33938652
f 982/5455 987/5456 999/5457
vt 0.58368754 0.33938652
vt 0.59667969 0.33938652
vt 0.58368754 0.35699851
f 1000/5458 988/5459 983/5460
vt 0.38183594 0.33938652
vt 0.39423441 0.33938652
vt 0.39423441 0.32705812
f 987/5461 985/5462 1001/5463
vt 0.50751566 0.32705812
vt 0.50751566 0.33938652
vt 0.49511719 0.33938652
f 1002/5464 986/5465 988/5466
vt 0.38183594 0.33938652
vt 0.39423441 0.32705812
vt 0.38183594 0.32705812
f 987/5467 1001/5468 1003/5469
vt 0.49511719 0.32705812
vt 0.50751566 0.32705812
vt 0.49511719 0.33938652
f 1004/5470 1002/5471 988/5472
vt 0.39423441 0.33938652
vt 0.40663288 0.33938652
vt 0.40663288 0.32705812
f 985/5473 989/5474 1005/5475
vt 0.51991413 0.32705812
vt 0.51991413 0.33938652
vt 0.50751566 0.33938652
f 1006/5476 990/5477 986/5478
vt 0.39423441 0.33938652
vt 0.40663288 0.32705812
vt 0.39423441 0.32705812
f 985/5479 1005/5480 1001/5481
vt 0.50751566 0.32705812
vt 0.51991413 0.32705812
vt 0.50751566 0.33938652
f 1002/5482 1006/5483 986/5484
vt 0.40663288 0.33938652
vt 0.41962504 0.33938652
vt 0.41962504 0.32705812
f 989/5485 991/5486 1007/5487
vt 0.53290629 0.32705812
vt 0.53290629 0.33938652
vt 0.51991413 0.33938652
f 1008/5488 992/5489 990/5490
vt 0.40663288 0.33938652
vt 0.41962504 0.32705812
vt 0.40663288 0.32705812
f 989/5491 1007/5492 1005/5493
vt 0.51991413 0.32705812
vt 0.53290629 0.32705812
vt 0.51991413 0.33938652
f 1006/5494 1008/5495 990/5496
vt 0.41962504 0.33938652
vt 0.43261719 0.33938652
vt 0.43261719 0.32705812
f 991/5497 993/5498 1009/5499
vt 0.54589844 0.32705812
vt 0.54589844 0.33938652
vt 0.53290629 0.33938652
f 1010/5500 994/5501 992/5502
vt 0.41962504 0.33938652
vt 0.43261719 0.32705812
vt 0.41962504 0.32705812
f 991/5503 1009/5504 1007/5505
vt 0.53290629 0.32705812
vt 0.54589844 0.32705812
vt 0.53290629 0.33938652
f 1008/5506 1010/5507 992/5508
vt 0.43261719 0.33938652
vt 0.44501566 0.33938652
vt 0.44501566 0.32705812
f 993/5509 995/5510 1011/5511
vt 0.55829691 0.32705812
vt 0.55829691 0.33938652
vt 0.54589844 0.33938652
f 1012/5512 996/5513 994/5514
vt 0.43261719 0.33938652
vt 0.44501566 0.32705812
vt 0.43261719 0.32705812
f 993/5515 1011/5516 1009/5517
vt 0.54589844 0.32705812
vt 0.55829691 0.32705812
vt 0.54589844 0.33938652
f 1010/5518 1012/5519 994/5520
vt 0.44501566 0.33938652
vt 0.45741413 0.33938652
vt 0.45741413 0.32705812
f 995/5521 997/5522 1013/5523
vt 0.57069538 0.32705812
vt 0.57069538 0.33938652
vt 0.55829691 0.33938652
f 1014/5524 998/5525 996/5526
vt 0.44501566 0.33938652
vt 0.45741413 0.32705812
vt 0.44501566 0.32705812
f 995/5527 1013/5528 1011/5529
vt 0.55829691 0.32705812
vt 0.57069538 0.32705812
vt 0.55829691 0.33938652
f 1012/5530 1014/5531 996/5532
vt 0.45741413 0.33938652
vt 0.47040629 0.33938652
vt 0.47040629 0.32705812
f 997/5533 999/5534 1015/5535
vt 0.58368754 0.32705812
vt 0.58368754 0.33938652
vt 0.57069538 0.33938652
f 1016/5536 1000/5537 998/5538
vt 0.45741413 0.33938652
vt 0.47040629 0.32705812
vt 0.45741413 0.32705812
f 997/5539 1015/5540 1013/5541
vt 0.57069538 0.32705812
vt 0.58368754 0.32705812
vt 0.57069538 0.33938652
f 1014/5542 1016/5543 998/5544
vt 0.47040629 0.33938652
vt 0.48339844 0.33938652
vt 0.48339844 0.32705812
f 999/5545 987/5546 1003/5547
vt 0.59667969 0.32705812
vt 0.59667969 0.33938652
vt 0.58368754 0.33938652
f 1004/5548 988/5549 1000/5550
vt 0.47040629 0.33938652
vt 0.48339844 0.32705812
vt 0.47040629 0.32705812
f 999/5551 1003/5552 1015/5553
vt 0.58368754 0.32705812
vt 0.59667969 0.32705812
vt 0.58368754 0.33938652
f 1016/5554 1004/5555 1000/5556
vt 0.38183594 0.32705812
vt 0.39423441 0.32705812
vt 0.39458697 0.32324219
f 1003/5557 1001/5558 1017/5559
vt 0.50786822 0.32324219
vt 0.50751566 0.32705812
vt 0.49511719 0.32705812
f 1018/5560 1002/5561 1004/5562
vt 0.38183594 0.32705812
vt 0.39458697 0.32324219
vt 0.38183594 0.32324219
f 1003/5563 1017/5564 1019/5565
vt 0.49511719 0.32324219
vt 0.50786822 0.32324219
vt 0.49511719 0.32705812
f 1020/5566 1018/5567 1004/5568
vt 0.39423441 0.32705812
vt 0.40663288 0.32705812
vt 0.40733801 0.32324219
f 1001/5569 1005/5570 1021/5571
vt 0.52061926 0.32324219
vt 0.51991413 0.32705812
vt 0.50751566 0.32705812
f 1022/5572 1006/5573 1002/5574
vt 0.39423441 0.32705812
vt 0.40733801 0.32324219
vt 0.39458697 0.32324219
f 1001/5575 1021/5576 1017/5577
vt 0.50786822 0.32324219
vt 0.52061926 0.32324219
vt 0.50751566 0.32705812
f 1018/5578 1022/5579 1002/5580
vt 0.40663288 0.32705812
vt 0.41962504 0.32705812
vt 0.41997760 0.32324219
f 1005/5581 1007/5582 1023/5583
vt 0.53325885 0.32324219
vt 0.53290629 0.32705812
vt 0.51991413 0.32705812
f 1024/5584 1008/5585 1006/5586
vt 0.40663288 0.32705812
vt 0.41997760 0.32324219
vt 0.40733801 0.32324219
f 1005/5587 1023/5588 1021/5589
vt 0.52061926 0.32324219
vt 0.53325885 0.32324219
vt 0.51991413 0.32705812
f 1022/5590 1024/5591 1006/5592
vt 0.41962504 0.32705812
vt 0.43261719 0.32705812
vt 0.43261719 0.32324219
f 1007/5593 1009/5594 1025/5595
vt 0.54589844 0.32324219
vt 0.54589844 0.32705812
vt 0.53290629 0.32705812
f 1026/5596 1010/5597 1008/5598
vt 0.41962504 0.32705812
vt 0.43261719 0.32324219
vt 0.41997760 0.32324219
f 1007/5599 1025/5600 1023/5601
vt 0.53325885 0.32324219
vt 0.54589844 0.32324219
vt 0.53290629 0.32705812
f 1024/5602 1026/5603 1008/5604
vt 0.43261719 0.32705812
vt 0.44501566 0.32705812
vt 0.44536822 0.32324219
f 1009/5605 1011/5606 1027/5607
vt 0.55864947 0.32324219
vt 0.55829691 0.32705812
vt 0.54589844 0.32705812
f 1028/5608 1012/5609 1010/5610
vt 0.43261719 0.32705812
vt 0.44536822 0.32324219
vt 0.43261719 0.32324219
f 1009/5611 1027/5612 1025/5613
vt 0.54589844 0.32324219
vt 0.55864947 0.32324219
vt 0.54589844 0.32705812
f 1026/5614 1028/5615 1010/5616
vt 0.44501566 0.32705812
vt 0.45741413 0.32705812
vt 0.45811926 0.32324219
f 1011/5617 1013/5618 1029/5619
vt 0.57140051 0.32324219
vt 0.57069538 0.32705812
vt 0.55829691 0.32705812
f 1030/5620 1014/5621 1012/5622
vt 0.44501566 0.32705812
vt 0.45811926 0.32324219
vt 0.44536822 0.32324219
f 1011/5623 1029/5624 1027/5625
vt 0.55864947 0.32324219
vt 0.57140051 0.32324219
vt 0.55829691 0.32705812
f 1028/5626 1030/5627 1012/5628
vt 0.45741413 0.32705812
vt 0.47040629 0.32705812
vt 0.47075885 0.32324219
f 1013/5629 1015/5630 1031/5631
vt 0.58404010 0.32324219
vt 0.58368754 0.32705812
vt 0.57069538 0.32705812
f 1032/5632 1016/5633 1014/5634
vt 0.45741413 0.32705812
vt 0.47075885 0.32324219
vt 0.45811926 0.32324219
f 1013/5635 1031/5636 1029/5637
vt 0.57140051 0.32324219
vt 0.58404010 0.32324219
vt 0.57069538 0.32705812
f 1030/5638 1032/5639 1014/5640
vt 0.47040629 0.32705812
vt 0.48339844 0.32705812
vt 0.48339844 0.32324219
f 1015/5641 1003/5642 1019/5643
vt 0.59667969 0.32324219
vt 0.59667969 0.32705812
vt 0.58368754 0.32705812
f 1020/5644 1004/5645 1016/5646
vt 0.47040629 0.32705812
vt 0.48339844 0.32324219
vt 0.47075885 0.32324219
f 1015/5647 1019/5648 1031/5649
vt 0.58404010 0.32324219
vt 0.59667969 0.32324219
vt 0.58368754 0.32705812
f 1032/5650 1020/5651 1016/5652
vt 0.60839844 0.37402344
vt 0.61621094 0.37402344
vt 0.60839844 0.36621094
f 954/5653 953/5654 958/5655
vt 0.60839844 0.37402344
vt 0.61621094 0.37402344
vt 0.60839844 0.36621094
f 954/5656 958/5657 957/5658
vt 0.60839844 0.37402344
vt 0.61621094 0.37402344
vt 0.60839844 0.36621094
f 961/5659 954/5660 957/5661
vt 0.60839844 0.37402344
vt 0.61621094 0.37402344
vt 0.60839844 0.36621094
f 961/5662 957/5663 964/5664
vt 0.60839844 0.37402344
vt 0.61621094 0.37402344
vt 0.60839844 0.36621094
f 965/5665 961/5666 964/5667
vt 0.60839844 0.37402344
vt 0.61621094 0.37402344
vt 0.60839844 0.36621094
f 965/5668 964/5669 968/5670
vt 0.60839844 0.37402344
vt 0.61621094 0.37402344
vt 0.60839844 0.36621094
f 969/5671 965/5672 968/5673
vt 0.60839844 0.37402344
vt 0.61621094 0.37402344
vt 0.60839844 0.36621094
f 969/5674 968/5675 972/5676
vt 0.60839844 0.37402344
vt 0.61621094 0.37402344
vt 0.60839844 0.36621094
f 973/5677 969/5678 972/5679
vt 0.60839844 0.37402344
vt 0.61621094 0.37402344
vt 0.60839844 0.36621094
f 973/5680 972/5681 976/5682
vt 0.60839844 0.37402344
vt 0.61621094 0.37402344
vt 0.60839844 0.36621094
f 977/5683 973/5684 976/5685
vt 0.60839844 0.37402344
vt 0.61621094 0.37402344
vt 0.60839844 0.36621094
f 977/5686 976/5687 980/5688
vt 0.60839844 0.37402344
vt 0.61621094 0.37402344
vt 0.60839844 0.36621094
f 981/5689 977/5690 980/5691
vt 0.60839844 0.37402344
vt 0.61621094 0.37402344
vt 0.60839844 0.36621094
f 981/5692 980/5693 984/5694
vt 0.60839844 0.37402344
vt 0.61621094 0.37402344
vt 0.60839844 0.36621094
f 953/5695 981/5696 984/5697
vt 0.60839844 0.37402344
vt 0.61621094 0.37402344
vt 0.60839844 0.36621094
f 953/5698 984/5699 958/5700
vt 0.60839844 0.37402344
vt 0.61621094 0.37402344
vt 0.60839844 0.36621094
f 1019/5701 1017/5702 1018/5703
vt 0.60839844 0.37402344
vt 0.61621094 0.37402344
vt 0.60839844 0.36621094
f 1019/5704 1018/5705 1020/5706
vt 0.60839844 0.37402344
vt 0.61621094 0.37402344
vt 0.60839844 0.36621094
f 1017/5707 1021/5708 1022/5709
vt 0.60839844 0.37402344
vt 0.61621094 0.37402344
vt 0.60839844 0.36621094
f 1017/5710 1022/5711 1018/5712
vt 0.60839844 0.37402344
vt 0.61621094 0.37402344
vt 0.60839844 0.36621094
f 1021/5713 1023/5714 1024/5715
vt 0.60839844 0.37402344
vt 0.61621094 0.37402344
vt 0.60839844 0.36621094
f 1021/5716 1024/5717 1022/5718
vt 0.60839844 0.37402344
vt 0.61621094 0.37402344
vt 0.60839844 0.36621094
f 1023/5719 1025/5720 1026/5721
vt 0.60839844 0.37402344
vt 0.61621094 0.37402344
vt 0.60839844 0.36621094
f 1023/5722 1026/5723 1024/5724
vt 0.60839844 0.37402344
vt 0.61621094 0.37402344
vt 0.60839844 0.36621094
f 1025/5725 1027/5726 1028/5727
vt 0.60839844 0.37402344
vt 0.61621094 0.37402344
vt 0.60839844 0.36621094
f 1025/5728 1028/5729 1026/5730
vt 0.60839844 0.37402344
vt 0.61621094 0.37402344
vt 0.60839844 0.36621094
f 1027/5731 1029/5732 1030/5733
vt 0.60839844 0.37402344
vt 0.61621094 0.37402344
vt 0.60839844 0.36621094
f 1027/5734 1030/5735 1028/5736
vt 0.60839844 0.37402344
vt 0.61621094 0.37402344
vt 0.60839844 0.36621094
f 1029/5737 1031/5738 1032/5739
vt 0.60839844 0.37402344
vt 0.61621094 0.37402344
vt 0.60839844 0.36621094
f 1029/5740 1032/5741 1030/5742
vt 0.60839844 0.37402344
vt 0.61621094 0.37402344
vt 0.60839844 0.36621094
f 1031/5743 1019/5744 1020/5745
vt 0.60839844 0.37402344
vt 0.61621094 0.37402344
vt 0.60839844 0.36621094
f 1031/5746 1020/5747 1032/5748
vt 0.62792969 0.37402344
vt 0.63996445 0.37402344
vt 0.64032816 0.35699851
f 1033/5749 1034/5750 1035/5751
vt 0.75360941 0.35699851
vt 0.75324570 0.37402344
vt 0.74121094 0.37402344
f 1036/5752 1037/5753 1038/5754
vt 0.62792969 0.37402344
vt 0.64032816 0.35699851
vt 0.62792969 0.35699851
f 1033/5755 1035/5756 1039/5757
vt 0.74121094 0.35699851
vt 0.75360941 0.35699851
vt 0.74121094 0.37402344
f 1040/5758 1036/5759 1038/5760
vt 0.63996445 0.37402344
vt 0.65248041 0.37402344
vt 0.65272663 0.35699851
f 1034/5761 1041/5762 1042/5763
vt 0.76600788 0.35699851
vt 0.76576166 0.37402344
vt 0.75324570 0.37402344
f 1043/5764 1044/5765 1037/5766
vt 0.63996445 0.37402344
vt 0.65272663 0.35699851
vt 0.64032816 0.35699851
f 1034/5767 1042/5768 1035/5769
vt 0.75360941 0.35699851
vt 0.76600788 0.35699851
vt 0.75324570 0.37402344
f 1036/5770 1043/5771 1037/5772
vt 0.65248041 0.37402344
vt 0.66559567 0.37402344
vt 0.66571879 0.35699851
f 1041/5773 1045/5774 1046/5775
vt 0.77900004 0.35699851
vt 0.77887692 0.37402344
vt 0.76576166 0.37402344
f 1047/5776 1048/5777 1044/5778
vt 0.65248041 0.37402344
vt 0.66571879 0.35699851
vt 0.65272663 0.35699851
f 1041/5779 1046/5780 1042/5781
vt 0.76600788 0.35699851
vt 0.77900004 0.35699851
vt 0.76576166 0.37402344
f 1043/5782 1047/5783 1044/5784
vt 0.66559567 0.37402344
vt 0.67871094 0.37402344
vt 0.67871094 0.35699851
f 1045/5785 1049/5786 1050/5787
vt 0.79199219 0.35699851
vt 0.79199219 0.37402344
vt 0.77887692 0.37402344
f 1051/5788 1052/5789 1048/5790
vt 0.66559567 0.37402344
vt 0.67871094 0.35699851
vt 0.66571879 0.35699851
f 1045/5791 1050/5792 1046/5793
vt 0.77900004 0.35699851
vt 0.79199219 0.35699851
vt 0.77887692 0.37402344
f 1047/5794 1051/5795 1048/5796
vt 0.67871094 0.37402344
vt 0.69122690 0.37402344
vt 0.69110941 0.35699851
f 1049/5797 1053/5798 1054/5799
vt 0.80439066 0.35699851
vt 0.80450815 0.37402344
vt 0.79199219 0.37402344
f 1055/5800 1056/5801 1052/5802
vt 0.67871094 0.37402344
vt 0.69110941 0.35699851
vt 0.67871094 0.35699851
f 1049/5803 1054/5804 1050/5805
vt 0.79199219 0.35699851
vt 0.80439066 0.35699851
vt 0.79199219 0.37402344
f 1051/5806 1055/5807 1052/5808
vt 0.69122690 0.37402344
vt 0.70326166 0.37402344
vt 0.70350788 0.35699851
f 1053/5809 1057/5810 1058/5811
vt 0.81678913 0.35699851
vt 0.81654291 0.37402344
vt 0.80450815 0.37402344
f 1059/5812 1060/5813 1056/5814
vt 0.69122690 0.37402344
vt 0.70350788 0.35699851
vt 0.69110941 0.35699851
f 1053/5815 1058/5816 1054/5817
vt 0.80439066 0.35699851
vt 0.81678913 0.35699851
vt 0.80450815 0.37402344
f 1055/5818 1059/5819 1056/5820
vt 0.70326166 0.37402344
vt 0.71637692 0.37402344
vt 0.71650004 0.35699851
f 1057/5821 1061/5822 1062/5823
vt 0.82978129 0.35699851
vt 0.82965817 0.37402344
vt 0.81654291 0.37402344
f 1063/5824 1064/5825 1060/5826
vt 0.70326166 0.37402344
vt 0.71650004 0.35699851
vt 0.70350788 0.35699851
f 1057/5827 1062/5828 1058/5829
vt 0.81678913 0.35699851
vt 0.82978129 0.35699851
vt 0.81654291 0.37402344
f 1059/5830 1063/5831 1060/5832
vt 0.71637692 0.37402344
vt 0.72949219 0.37402344
vt 0.72949219 0.35699851
f 1061/5833 1033/5834 1039/5835
vt 0.84277344 0.35699851
vt 0.84277344 0.37402344
vt 0.82965817 0.37402344
f 1040/5836 1038/5837 1064/5838
vt 0.71637692 0.37402344
vt 0.72949219 0.35699851
vt 0.71650004 0.35699851
f 1061/5839 1039/5840 1062/5841
vt 0.82978129 0.35699851
vt 0.84277344 0.35699851
vt 0.82965817 0.37402344
f 1063/5842 1040/5843 1064/5844
vt 0.62792969 0.35699851
vt 0.64032816 0.35699851
vt 0.64032816 0.33938652
f 1039/5845 1035/5846 1065/5847
vt 0.75360941 0.33938652
vt 0.75360941 0.35699851
vt 0.74121094 0.35699851
f 1066/5848 1036/5849 1040/5850
vt 0.62792969 0.35699851
vt 0.64032816 0.33938652
vt 0.62792969 0.33938652
f 1039/5851 1065/5852 1067/5853
vt 0.74121094 0.33938652
vt 0.75360941 0.33938652
vt 0.74121094 0.35699851
f 1068/5854 1066/5855 1040/5856
vt 0.64032816 0.35699851
vt 0.65272663 0.35699851
vt 0.65272663 0.33938652
f 1035/5857 1042/5858 1069/5859
vt 0.76600788 0.33938652
vt 0.76600788 0.35699851
vt 0.75360941 0.35699851
f 1070/5860 1043/5861 1036/5862
vt 0.64032816 0.35699851
vt 0.65272663 0.33938652
vt 0.64032816 0.33938652
f 1035/5863 1069/5864 1065/5865
vt 0.75360941 0.33938652
vt 0.76600788 0.33938652
vt 0.75360941 0.35699851
f 1066/5866 1070/5867 1036/5868
vt 0.65272663 0.35699851
vt 0.66571879 0.35699851
vt 0.66571879 0.33938652
f 1042/5869 1046/5870 1071/5871
vt 0.77900004 0.33938652
vt 0.77900004 0.35699851
vt 0.76600788 0.35699851
f 1072/5872 1047/5873 1043/5874
vt 0.65272663 0.35699851
vt 0.66571879 0.33938652
vt 0.65272663 0.33938652
f 1042/5875 1071/5876 1069/5877
vt 0.76600788 0.33938652
vt 0.77900004 0.33938652
vt 0.76600788 0.35699851
f 1070/5878 1072/5879 1043/5880
vt 0.66571879 0.35699851
vt 0.67871094 0.35699851
vt 0.67871094 0.33938652
f 1046/5881 1050/5882 1073/5883
vt 0.79199219 0.33938652
vt 0.79199219 0.35699851
vt 0.77900004 0.35699851
f 1074/5884 1051/5885 1047/5886
vt 0.66571879 0.35699851
vt 0.67871094 0.33938652
vt 0.66571879 0.33938652
f 1046/5887 1073/5888 1071/5889
vt 0.77900004 0.33938652
vt 0.79199219 0.33938652
vt 0.77900004 0.35699851
f 1072/5890 1074/5891 1047/5892
vt 0.67871094 0.35699851
vt 0.69110941 0.35699851
vt 0.69110941 0.33938652
f 1050/5893 1054/5894 1075/5895
vt 0.80439066 0.33938652
vt 0.80439066 0.35699851
vt 0.79199219 0.35699851
f 1076/5896 1055/5897 1051/5898
vt 0.67871094 0.35699851
vt 0.69110941 0.33938652
vt 0.67871094 0.33938652
f 1050/5899 1075/5900 1073/5901
vt 0.79199219 0.33938652
vt 0.80439066 0.33938652
vt 0.79199219 0.35699851
f 1074/5902 1076/5903 1051/5904
vt 0.69110941 0.35699851
vt 0.70350788 0.35699851
vt 0.70350788 0.33938652
f 1054/5905 1058/5906 1077/5907
vt 0.81678913 0.33938652
vt 0.81678913 0.35699851
vt 0.80439066 0.35699851
f 1078/5908 1059/5909 1055/5910
vt 0.69110941 0.35699851
vt 0.70350788 0.33938652
vt 0.69110941 0.33938652
f 1054/5911 1077/5912 1075/5913
vt 0.80439066 0.33938652
vt 0.81678913 0.33938652
vt 0.80439066 0.35699851
f 1076/5914 1078/5915 1055/5916
vt 0.70350788 0.35699851
vt 0.71650004 0.35699851
vt 0.71650004 0.33938652
f 1058/5917 1062/5918 1079/5919
vt 0.82978129 0.33938652
vt 0.82978129 0.35699851
vt 0.81678913 0.35699851
f 1080/5920 1063/5921 1059/5922
vt 0.70350788 0.35699851
vt 0.71650004 0.33938652
vt 0.70350788 0.33938652
f 1058/5923 1079/5924 1077/5925
vt 0.81678913 0.33938652
vt 0.82978129 0.33938652
vt 0.81678913 0.35699851
f 1078/5926 1080/5927 1059/5928
vt 0.71650004 0.35699851
vt 0.72949219 0.35699851
vt 0.72949219 0.33938652
f 1062/5929 1039/5930 1067/5931
vt 0.84277344 0.33938652
vt 0.84277344 0.35699851
vt 0.82978129 0.35699851
f 1068/5932 1040/5933 1063/5934
vt 0.71650004 0.35699851
vt 0.72949219 0.33938652
vt 0.71650004 0.33938652
f 1062/5935 1067/5936 1079/5937
vt 0.82978129 0.33938652
vt 0.84277344 0.33938652
vt 0.82978129 0.35699851
f 1080/5938 1068/5939 1063/5940
vt 0.62792969 0.33938652
vt 0.64032816 0.33938652
vt 0.64032816 0.32705812
f 1067/5941 1065/5942 1081/5943
vt 0.75360941 0.32705812
vt 0.75360941 0.33938652
vt 0.74121094 0.33938652
f 1082/5944 1066/5945 1068/5946
vt 0.62792969 0.33938652
vt 0.64032816 0.32705812
vt 0.62792969 0.32705812
f 1067/5947 1081/5948 1083/5949
vt 0.74121094 0.32705812
vt 0.75360941 0.32705812
vt 0.74121094 0.33938652
f 1084/5950 1082/5951 1068/5952
vt 0.64032816 0.33938652
vt 0.65272663 0.33938652
vt 0.65272663 0.32705812
f 1065/5953 1069/5954 1085/5955
vt 0.76600788 0.32705812
vt 0.76600788 0.33938652
vt 0.75360941 0.33938652
f 1086/5956 1070/5957 1066/5958
vt 0.64032816 0.33938652
vt 0.65272663 0.32705812
vt 0.64032816 0.32705812
f 1065/5959 1085/5960 1081/5961
vt 0.75360941 0.32705812
vt 0.76600788 0.32705812
vt 0.75360941 0.33938652
f 1082/5962 1086/5963 1066/5964
vt 0.65272663 0.33938652
vt 0.66571879 0.33938652
vt 0.66571879 0.32705812
f 1069/5965 1071/5966 1087/5967
vt 0.77900004 0.32705812
vt 0.77900004 0.33938652
vt 0.76600788 0.33938652
f 1088/5968 1072/5969 1070/5970
vt 0.65272663 0.33938652
vt 0.66571879 0.32705812
vt 0.65272663 0.32705812
f 1069/5971 1087/5972 1085/5973
vt 0.76600788 0.32705812
vt 0.77900004 0.32705812
vt 0.76600788 0.33938652
f 1086/5974 1088/5975 1070/5976
vt 0.66571879 0.33938652
vt 0.67871094 0.33938652
vt 0.67871094 0.32705812
f 1071/5977 1073/5978 1089/5979
vt 0.79199219 0.32705812
vt 0.79199219 0.33938652
vt 0.77900004 0.33938652
f 1090/5980 1074/5981 1072/5982
vt 0.66571879 0.33938652
vt 0.67871094 0.32705812
vt 0.66571879 0.32705812
f 1071/5983 1089/5984 1087/5985
vt 0.77900004 0.32705812
vt 0.79199219 0.32705812
vt 0.77900004 0.33938652
f 1088/5986 1090/5987 1072/5988
vt 0.67871094 0.33938652
vt 0.69110941 0.33938652
vt 0.69110941 0.32705812
f 1073/5989 1075/5990 1091/5991
vt 0.80439066 0.32705812
vt 0.80439066 0.33938652
vt 0.79199219 0.33938652
f 1092/5992 1076/5993 1074/5994
vt 0.67871094 0.33938652
vt 0.69110941 0.32705812
vt 0.67871094 0.32705812
f 1073/5995 1091/5996 1089/5997
vt 0.79199219 0.32705812
vt 0.80439066 0.32705812
vt 0.79199219 0.33938652
f 1090/5998 1092/5999 1074/6000
vt 0.69110941 0.33938652
vt 0.70350788 0.33938652
vt 0.70350788 0.32705812
f 1075/6001 1077/6002 1093/6003
vt 0.81678913 0.32705812
vt 0.81678913 0.33938652
vt 0.80439066 0.33938652
f 1094/6004 1078/6005 1076/6006
vt 0.69110941 0.33938652
vt 0.70350788 0.32705812
vt 0.69110941 0.32705812
f 1075/6007 1093/6008 1091/6009
vt 0.80439066 0.32705812
vt 0.81678913 0.32705812
vt 0.80439066 0.33938652
f 1092/6010 1094/6011 1076/6012
vt 0.70350788 0.33938652
vt 0.71650004 0.33938652
vt 0.71650004 0.32705812
f 1077/6013 1079/6014 1095/6015
vt 0.82978129 0.32705812
vt 0.82978129 0.33938652
vt 0.81678913 0.33938652
f 1096/6016 1080/6017 1078/6018
vt 0.70350788 0.33938652
vt 0.71650004 0.32705812
vt 0.70350788 0.32705812
f 1077/6019 1095/6020 1093/6021
vt 0.81678913 0.32705812
vt 0.82978129 0.32705812
vt 0.81678913 0.33938652
f 1094/6022 1096/6023 1078/6024
vt 0.71650004 0.33938652
vt 0.72949219 0.33938652
vt 0.72949219 0.32705812
f 1079/6025 1067/6026 1083/6027
vt 0.84277344 0.32705812
vt 0.84277344 0.33938652
vt 0.82978129 0.33938652
f 1084/6028 1068/6029 1080/6030
vt 0.71650004 0.33938652
vt 0.72949219 0.32705812
vt 0.71650004 0.32705812
f 1079/6031 1083/6032 1095/6033
vt 0.82978129 0.32705812
vt 0.84277344 0.32705812
vt 0.82978129 0.33938652
f 1096/6034 1084/6035 1080/6036
vt 0.62792969 0.32705812
vt 0.64032816 0.32705812
vt 0.64068072 0.32324219
f 1083/6037 1081/6038 1097/6039
vt 0.75396197 0.32324219
vt 0.75360941 0.32705812
vt 0.74121094 0.32705812
f 1098/6040 1082/6041 1084/6042
vt 0.62792969 0.32705812
vt 0.64068072 0.32324219
vt 0.62792969 0.32324219
f 1083/6043 1097/6044 1099/6045
vt 0.74121094 0.32324219
vt 0.75396197 0.32324219
vt 0.74121094 0.32705812
f 1100/6046 1098/6047 1084/6048
vt 0.64032816 0.32705812
vt 0.65272663 0.32705812
vt 0.65343176 0.32324219
f 1081/6049 1085/6050 1101/6051
vt 0.76671301 0.32324219
vt 0.76600788 0.32705812
vt 0.75360941 0.32705812
f 1102/6052 1086/6053 1082/6054
vt 0.64032816 0.32705812
vt 0.65343176 0.32324219
vt 0.64068072 0.32324219
f 1081/6055 1101/6056 1097/6057
vt 0.75396197 0.32324219
vt 0.76671301 0.32324219
vt 0.75360941 0.32705812
f 1098/6058 1102/6059 1082/6060
vt 0.65272663 0.32705812
vt 0.66571879 0.32705812
vt 0.66607135 0.32324219
f 1085/6061 1087/6062 1103/6063
vt 0.77935260 0.32324219
vt 0.77900004 0.32705812
vt 0.76600788 0.32705812
f 1104/6064 1088/6065 1086/6066
vt 0.65272663 0.32705812
vt 0.66607135 0.32324219
vt 0.65343176 0.32324219
f 1085/6067 1103/6068 1101/6069
vt 0.76671301 0.32324219
vt 0.77935260 0.32324219
vt 0.76600788 0.32705812
f 1102/6070 1104/6071 1086/6072
vt 0.66571879 0.32705812
vt 0.67871094 0.32705812
vt 0.67871094 0.32324219
f 1087/6073 1089/6074 1105/6075
vt 0.79199219 0.32324219
vt 0.79199219 0.32705812
vt 0.77900004 0.32705812
f 1106/6076 1090/6077 1088/6078
vt 0.66571879 0.32705812
vt 0.67871094 0.32324219
vt 0.66607135 0.32324219
f 1087/6079 1105/6080 1103/6081
vt 0.77935260 0.32324219
vt 0.79199219 0.32324219
vt 0.77900004 0.32705812
f 1104/6082 1106/6083 1088/6084
vt 0.67871094 0.32705812
vt 0.69110941 0.32705812
vt 0.69146197 0.32324219
f 1089/6085 1091/6086 1107/6087
vt 0.80474322 0.32324219
vt 0.80439066 0.32705812
vt 0.79199219 0.32705812
f 1108/6088 1092/6089 1090/6090
vt 0.67871094 0.32705812
vt 0.69146197 0.32324219
vt 0.67871094 0.32324219
f 1089/6091 1107/6092 1105/6093
vt 0.79199219 0.32324219
vt 0.80474322 0.32324219
vt 0.79199219 0.32705812
f 1106/6094 1108/6095 1090/6096
vt 0.69110941 0.32705812
vt 0.70350788 0.32705812
vt 0.70421301 0.32324219
f 1091/6097 1093/6098 1109/6099
vt 0.81749426 0.32324219
vt 0.81678913 0.32705812
vt 0.80439066 0.32705812
f 1110/6100 1094/6101 1092/6102
vt 0.69110941 0.32705812
vt 0.70421301 0.32324219
vt 0.69146197 0.32324219
f 1091/6103 1109/6104 1107/6105
vt 0.80474322 0.32324219
vt 0.81749426 0.32324219
vt 0.80439066 0.32705812
f 1108/6106 1110/6107 1092/6108
vt 0.70350788 0.32705812
vt 0.71650004 0.32705812
vt 0.71685260 0.32324219
f 1093/6109 1095/6110 1111/6111
vt 0.83013385 0.32324219
vt 0.82978129 0.32705812
vt 0.81678913 0.32705812
f 1112/6112 1096/6113 1094/6114
vt 0.70350788 0.32705812
vt 0.71685260 0.32324219
vt 0.70421301 0.32324219
f 1093/6115 1111/6116 1109/6117
vt 0.81749426 0.32324219
vt 0.83013385 0.32324219
vt 0.81678913 0.32705812
f 1110/6118 1112/6119 1094/6120
vt 0.71650004 0.32705812
vt 0.72949219 0.32705812
vt 0.72949219 0.32324219
f 1095/6121 1083/6122 1099/6123
vt 0.84277344 0.32324219
vt 0.84277344 0.32705812
vt 0.82978129 0.32705812
f 1100/6124 1084/6125 1096/6126
vt 0.71650004 0.32705812
vt 0.72949219 0.32324219
vt 0.71685260 0.32324219
f 1095/6127 1099/6128 1111/6129
vt 0.83013385 0.32324219
vt 0.84277344 0.32324219
vt 0.82978129 0.32705812
f 1112/6130 1100/6131 1096/6132
vt 0.85449219 0.37402344
vt 0.86230469 0.37402344
vt 0.85449219 0.36621094
f 1034/6133 1033/6134 1038/6135
vt 0.85449219 0.37402344
vt 0.86230469 0.37402344
vt 0.85449219 0.36621094
f 1034/6136 1038/6137 1037/6138
vt 0.85449219 0.37402344
vt 0.86230469 0.37402344
vt 0.85449219 0.36621094
f 1041/6139 1034/6140 1037/6141
vt 0.85449219 0.37402344
vt 0.86230469 0.37402344
vt 0.85449219 0.36621094
f 1041/6142 1037/6143 1044/6144
vt 0.85449219 0.37402344
vt 0.86230469 0.37402344
vt 0.85449219 0.36621094
f 1045/6145 1041/6146 1044/6147
vt 0.85449219 0.37402344
vt 0.86230469 0.37402344
vt 0.85449219 0.36621094
f 1045/6148 1044/6149 1048/6150
vt 0.85449219 0.37402344
vt 0.86230469 0.37402344
vt 0.85449219 0.36621094
f 1049/6151 1045/6152 1048/6153
vt 0.85449219 0.37402344
vt 0.86230469 0.37402344
vt 0.85449219 0.36621094
f 1049/6154 1048/6155 1052/6156
vt 0.85449219 0.37402344
vt 0.86230469 0.37402344
vt 0.85449219 0.36621094
f 1053/6157 1049/6158 1052/6159
vt 0.85449219 0.37402344
vt 0.86230469 0.37402344
vt 0.85449219 0.36621094
f 1053/6160 1052/6161 1056/6162
vt 0.85449219 0.37402344
vt 0.86230469 0.37402344
vt 0.85449219 0.36621094
f 1057/6163 1053/6164 1056/6165
vt 0.85449219 0.37402344
vt 0.86230469 0.37402344
vt 0.85449219 0.36621094
f 1057/6166 1056/6167 1060/6168
vt 0.85449219 0.37402344
vt 0.86230469 0.37402344
vt 0.85449219 0.36621094
f 1061/6169 1057/6170 1060/6171
vt 0.85449219 0.37402344
vt 0.86230469 0.37402344
vt 0.85449219 0.36621094
f 1061/6172 1060/6173 1064/6174
vt 0.85449219 0.37402344
vt 0.86230469 0.37402344
vt 0.85449219 0.36621094
f 1033/6175 1061/6176 1064/6177
vt 0.85449219 0.37402344
vt 0.86230469 0.37402344
vt 0.85449219 0.36621094
f 1033/6178 1064/6179 1038/6180
vt 0.85449219 0.37402344
vt 0.86230469 0.37402344
vt 0.85449219 0.36621094
f 1099/6181 1097/6182 1098/6183
vt 0.85449219 0.37402344
vt 0.86230469 0.37402344
vt 0.85449219 0.36621094
f 1099/6184 1098/6185 1100/6186
vt 0.85449219 0.37402344
vt 0.86230469 0.37402344
vt 0.85449219 0.36621094
f 1097/6187 1101/6188 1102/6189
vt 0.85449219 0.37402344
vt 0.86230469 0.37402344
vt 0.85449219 0.36621094
f 1097/6190 1102/6191 1098/6192
vt 0.85449219 0.37402344
vt 0.86230469 0.37402344
vt 0.85449219 0.36621094
f 1101/6193 1103/6194 1104/6195
vt 0.85449219 0.37402344
vt 0.86230469 0.37402344
vt 0.85449219 0.36621094
f 1101/6196 1104/6197 1102/6198
vt 0.85449219 0.37402344
vt 0.86230469 0.37402344
vt 0.85449219 0.36621094
f 1103/6199 1105/6200 1106/6201
vt 0.85449219 0.37402344
vt 0.86230469 0.37402344
vt 0.85449219 0.36621094
f 1103/6202 1106/6203 1104/6204
vt 0.85449219 0.37402344
vt 0.86230469 0.37402344
vt 0.85449219 0.36621094
f 1105/6205 1107/6206 1108/6207
vt 0.85449219 0.37402344
vt 0.86230469 0.37402344
vt 0.85449219 0.36621094
f 1105/6208 1108/6209 1106/6210
vt 0.85449219 0.37402344
vt 0.86230469 0.37402344
vt 0.85449219 0.36621094
f 1107/6211 1109/6212 1110/6213
vt 0.85449219 0.37402344
vt 0.86230469 0.37402344
vt 0.85449219 0.36621094
f 1107/6214 1110/6215 1108/6216
vt 0.85449219 0.37402344
vt 0.86230469 0.37402344
vt 0.85449219 0.36621094
f 1109/6217 1111/6218 1112/6219
vt 0.85449219 0.37402344
vt 0.86230469 0.37402344
vt 0.85449219 0.36621094
f 1109/6220 1112/6221 1110/6222
vt 0.85449219 0.37402344
vt 0.86230469 0.37402344
vt 0.85449219 0.36621094
f 1111/6223 1099/6224 1100/6225
vt 0.85449219 0.37402344
vt 0.86230469 0.37402344
vt 0.85449219 0.36621094
f 1111/6226 1100/6227 1112/6228
vt 0.00292969 0.31152344
vt 0.02781506 0.31152344
vt 0.02781506 0.29589844
f 1113/6229 1114/6230 1115/6231
vt 0.19383069 0.29589844
vt 0.19383069 0.31152344
vt 0.16894531 0.31152344
f 1116/6232 1117/6233 1118/6234
vt 0.00292969 0.31152344
vt 0.02781506 0.29589844
vt 0.00292969 0.29589844
f 1113/6235 1115/6236 1119/6237
vt 0.16894531 0.29589844
vt 0.19383069 0.29589844
vt 0.16894531 0.31152344
f 1120/6238 1116/6239 1118/6240
vt 0.02781506 0.31152344
vt 0.05270044 0.31152344
vt 0.05270044 0.29589844
f 1114/6241 1121/6242 1122/6243
vt 0.21871606 0.29589844
vt 0.21871606 0.31152344
vt 0.19383069 0.31152344
f 1123/6244 1124/6245 1117/6246
vt 0.02781506 0.31152344
vt 0.05270044 0.29589844
vt 0.02781506 0.29589844
f 1114/6247 1122/6248 1115/6249
vt 0.19383069 0.29589844
vt 0.21871606 0.29589844
vt 0.19383069 0.31152344
f 1116/6250 1123/6251 1117/6252
vt 0.05270044 0.31152344
vt 0.06638928 0.31152344
vt 0.06638928 0.29589844
f 1121/6253 1125/6254 1126/6255
vt 0.23240491 0.29589844
vt 0.23240491 0.31152344
vt 0.21871606 0.31152344
f 1127/6256 1128/6257 1124/6258
vt 0.05270044 0.31152344
vt 0.06638928 0.29589844
vt 0.05270044 0.29589844
f 1121/6259 1126/6260 1122/6261
vt 0.21871606 0.29589844
vt 0.23240491 0.29589844
vt 0.21871606 0.31152344
f 1123/6262 1127/6263 1124/6264
vt 0.06638928 0.31152344
vt 0.08007812 0.31152344
vt 0.08007812 0.29589844
f 1125/6265 1129/6266 1130/6267
vt 0.24609375 0.29589844
vt 0.24609375 0.31152344
vt 0.23240491 0.31152344
f 1131/6268 1132/6269 1128/6270
vt 0.06638928 0.31152344
vt 0.08007812 0.29589844
vt 0.06638928 0.29589844
f 1125/6271 1130/6272 1126/6273
vt 0.23240491 0.29589844
vt 0.24609375 0.29589844
vt 0.23240491 0.31152344
f 1127/6274 1131/6275 1128/6276
vt 0.08007812 0.31152344
vt 0.10496350 0.31152344
vt 0.10496350 0.29589844
f 1129/6277 1133/6278 1134/6279
vt 0.27097912 0.29589844
vt 0.27097912 0.31152344
vt 0.24609375 0.31152344
f 1135/6280 1136/6281 1132/6282
vt 0.08007812 0.31152344
vt 0.10496350 0.29589844
vt 0.08007812 0.29589844
f 1129/6283 1134/6284 1130/6285
vt 0.24609375 0.29589844
vt 0.27097912 0.29589844
vt 0.24609375 0.31152344
f 1131/6286 1135/6287 1132/6288
vt 0.10496350 0.31152344
vt 0.12984887 0.31152344
vt 0.12984887 0.29589844
f 1133/6289 1137/6290 1138/6291
vt 0.29586450 0.29589844
vt 0.29586450 0.31152344
vt 0.27097912 0.31152344
f 1139/6292 1140/6293 1136/6294
vt 0.10496350 0.31152344
vt 0.12984887 0.29589844
vt 0.10496350 0.29589844
f 1133/6295 1138/6296 1134/6297
vt 0.27097912 0.29589844
vt 0.29586450 0.29589844
vt 0.27097912 0.31152344
f 1135/6298 1139/6299 1136/6300
vt 0.12984887 0.31152344
vt 0.14353772 0.31152344
vt 0.14353772 0.29589844
f 1137/6301 1141/6302 1142/6303
vt 0.30955334 0.29589844
vt 0.30955334 0.31152344
vt 0.29586450 0.31152344
f 1143/6304 1144/6305 1140/6306
vt 0.12984887 0.31152344
vt 0.14353772 0.29589844
vt 0.12984887 0.29589844
f 1137/6307 1142/6308 1138/6309
vt 0.29586450 0.29589844
vt 0.30955334 0.29589844
vt 0.29586450 0.31152344
f 1139/6310 1143/6311 1140/6312
vt 0.14353772 0.31152344
vt 0.15722656 0.31152344
vt 0.15722656 0.29589844
f 1141/6313 1113/6314 1119/6315
vt 0.32324219 0.29589844
vt 0.32324219 0.31152344
vt 0.30955334 0.31152344
f 1120/6316 1118/6317 1144/6318
vt 0.14353772 0.31152344
vt 0.15722656 0.29589844
vt 0.14353772 0.29589844
f 1141/6319 1119/6320 1142/6321
vt 0.30955334 0.29589844
vt 0.32324219 0.29589844
vt 0.30955334 0.31152344
f 1143/6322 1120/6323 1144/6324
vt 0.33496094 0.31152344
vt 0.34277344 0.31152344
vt 0.33496094 0.30371094
f 1114/6325 1113/6326 1118/6327
vt 0.33496094 0.31152344
vt 0.34277344 0.31152344
vt 0.33496094 0.30371094
f 1114/6328 1118/6329 1117/6330
vt 0.33496094 0.31152344
vt 0.34277344 0.31152344
vt 0.33496094 0.30371094
f 1119/6331 1115/6332 1116/6333
vt 0.33496094 0.31152344
vt 0.34277344 0.31152344
vt 0.33496094 0.30371094
f 1119/6334 1116/6335 1120/6336
vt 0.33496094 0.31152344
vt 0.34277344 0.31152344
vt 0.33496094 0.30371094
f 1121/6337 1114/6338 1117/6339
vt 0.33496094 0.31152344
vt 0.34277344 0.31152344
vt 0.33496094 0.30371094
f 1121/6340 1117/6341 1124/6342
vt 0.33496094 0.31152344
vt 0.34277344 0.31152344
vt 0.33496094 0.30371094
f 1115/6343 1122/6344 1123/6345
vt 0.33496094 0.31152344
vt 0.34277344 0.31152344
vt 0.33496094 0.30371094
f 1115/6346 1123/6347 1116/6348
vt 0.33496094 0.31152344
vt 0.34277344 0.31152344
vt 0.33496094 0.30371094
f 1125/6349 1121/6350 1124/6351
vt 0.33496094 0.31152344
vt 0.34277344 0.31152344
vt 0.33496094 0.30371094
f 1125/6352 1124/6353 1128/6354
vt 0.33496094 0.31152344
vt 0.34277344 0.31152344
vt 0.33496094 0.30371094
f 1122/6355 1126/6356 1127/6357
vt 0.33496094 0.31152344
vt 0.34277344 0.31152344
vt 0.33496094 0.30371094
f 1122/6358 1127/6359 1123/6360
vt 0.33496094 0.31152344
vt 0.34277344 0.31152344
vt 0.33496094 0.30371094
f 1129/6361 1125/6362 1128/6363
vt 0.33496094 0.31152344
vt 0.34277344 0.31152344
vt 0.33496094 0.30371094
f 1129/6364 1128/6365 1132/6366
vt 0.33496094 0.31152344
vt 0.34277344 0.31152344
vt 0.33496094 0.30371094
f 1126/6367 1130/6368 1131/6369
vt 0.33496094 0.31152344
vt 0.34277344 0.31152344
vt 0.33496094 0.30371094
f 1126/6370 1131/6371 1127/6372
vt 0.33496094 0.31152344
vt 0.34277344 0.31152344
vt 0.33496094 0.30371094
f 1133/6373 1129/6374 1132/6375
vt 0.33496094 0.31152344
vt 0.34277344 0.31152344
vt 0.33496094 0.30371094
f 1133/6376 1132/6377 1136/6378
vt 0.33496094 0.31152344
vt 0.34277344 0.31152344
vt 0.33496094 0.30371094
f 1130/6379 1134/6380 1135/6381
vt 0.33496094 0.31152344
vt 0.34277344 0.31152344
vt 0.33496094 0.30371094
f 1130/6382 1135/6383 1131/6384
vt 0.33496094 0.31152344
vt 0.34277344 0.31152344
vt 0.33496094 0.30371094
f 1137/6385 1133/6386 1136/6387
vt 0.33496094 0.31152344
vt 0.34277344 0.31152344
vt 0.33496094 0.30371094
f 1137/6388 1136/6389 1140/6390
vt 0.33496094 0.31152344
vt 0.34277344 0.31152344
vt 0.33496094 0.30371094
f 1134/6391 1138/6392 1139/6393
vt 0.33496094 0.31152344
vt 0.34277344 0.31152344
vt 0.33496094 0.30371094
f 1134/6394 1139/6395 1135/6396
vt 0.33496094 0.31152344
vt 0.34277344 0.31152344
vt 0.33496094 0.30371094
f 1141/6397 1137/6398 1140/6399
vt 0.33496094 0.31152344
vt 0.34277344 0.31152344
vt 0.33496094 0.30371094
f 1141/6400 1140/6401 1144/6402
vt 0.33496094 0.31152344
vt 0.34277344 0.31152344
vt 0.33496094 0.30371094
f 1138/6403 1142/6404 1143/6405
vt 0.33496094 0.31152344
vt 0.34277344 0.31152344
vt 0.33496094 0.30371094
f 1138/6406 1143/6407 1139/6408
vt 0.33496094 0.31152344
vt 0.34277344 0.31152344
vt 0.33496094 0.30371094
f 1113/6409 1141/6410 1144/6411
vt 0.33496094 0.31152344
vt 0.34277344 0.31152344
vt 0.33496094 0.30371094
f 1113/6412 1144/6413 1118/6414
vt 0.33496094 0.31152344
vt 0.34277344 0.31152344
vt 0.33496094 0.30371094
f 1142/6415 1119/6416 1120/6417
vt 0.33496094 0.31152344
vt 0.34277344 0.31152344
vt 0.33496094 0.30371094
f 1142/6418 1120/6419 1143/6420
vt 0.35449219 0.31152344
vt 0.36774246 0.31152344
vt 0.36774246 0.30371094
f 1145/6421 1146/6422 1147/6423
vt 0.48688309 0.30371094
vt 0.48688309 0.31152344
vt 0.47363281 0.31152344
f 1148/6424 1149/6425 1150/6426
vt 0.35449219 0.31152344
vt 0.36774246 0.30371094
vt 0.35449219 0.30371094
f 1145/6427 1147/6428 1151/6429
vt 0.47363281 0.30371094
vt 0.48688309 0.30371094
vt 0.47363281 0.31152344
f 1152/6430 1148/6431 1150/6432
vt 0.36774246 0.31152344
vt 0.38099274 0.31152344
vt 0.38099274 0.30371094
f 1146/6433 1153/6434 1154/6435
vt 0.50013336 0.30371094
vt 0.50013336 0.31152344
vt 0.48688309 0.31152344
f 1155/6436 1156/6437 1149/6438
vt 0.36774246 0.31152344
vt 0.38099274 0.30371094
vt 0.36774246 0.30371094
f 1146/6439 1154/6440 1147/6441
vt 0.48688309 0.30371094
vt 0.50013336 0.30371094
vt 0.48688309 0.31152344
f 1148/6442 1155/6443 1149/6444
vt 0.38099274 0.31152344
vt 0.39459793 0.31152344
vt 0.39459793 0.30371094
f 1153/6445 1157/6446 1158/6447
vt 0.51373856 0.30371094
vt 0.51373856 0.31152344
vt 0.50013336 0.31152344
f 1159/6448 1160/6449 1156/6450
vt 0.38099274 0.31152344
vt 0.39459793 0.30371094
vt 0.38099274 0.30371094
f 1153/6451 1158/6452 1154/6453
vt 0.50013336 0.30371094
vt 0.51373856 0.30371094
vt 0.50013336 0.31152344
f 1155/6454 1159/6455 1156/6456
vt 0.39459793 0.31152344
vt 0.40820312 0.31152344
vt 0.40820312 0.30371094
f 1157/6457 1161/6458 1162/6459
vt 0.52734375 0.30371094
vt 0.52734375 0.31152344
vt 0.51373856 0.31152344
f 1163/6460 1164/6461 1160/6462
vt 0.39459793 0.31152344
vt 0.40820312 0.30371094
vt 0.39459793 0.30371094
f 1157/6463 1162/6464 1158/6465
vt 0.51373856 0.30371094
vt 0.52734375 0.30371094
vt 0.51373856 0.31152344
f 1159/6466 1163/6467 1160/6468
vt 0.40820312 0.31152344
vt 0.42145340 0.31152344
vt 0.42145340 0.30371094
f 1161/6469 1165/6470 1166/6471
vt 0.54059403 0.30371094
vt 0.54059403 0.31152344
vt 0.52734375 0.31152344
f 1167/6472 1168/6473 1164/6474
vt 0.40820312 0.31152344
vt 0.42145340 0.30371094
vt 0.40820312 0.30371094
f 1161/6475 1166/6476 1162/6477
vt 0.52734375 0.30371094
vt 0.54059403 0.30371094
vt 0.52734375 0.31152344
f 1163/6478 1167/6479 1164/6480
vt 0.42145340 0.31152344
vt 0.43470368 0.31152344
vt 0.43470368 0.30371094
f 1165/6481 1169/6482 1170/6483
vt 0.55384430 0.30371094
vt 0.55384430 0.31152344
vt 0.54059403 0.31152344
f 1171/6484 1172/6485 1168/6486
vt 0.42145340 0.31152344
vt 0.43470368 0.30371094
vt 0.42145340 0.30371094
f 1165/6487 1170/6488 1166/6489
vt 0.54059403 0.30371094
vt 0.55384430 0.30371094
vt 0.54059403 0.31152344
f 1167/6490 1171/6491 1168/6492
vt 0.43470368 0.31152344
vt 0.44830887 0.31152344
vt 0.44830887 0.30371094
f 1169/6493 1173/6494 1174/6495
vt 0.56744949 0.30371094
vt 0.56744949 0.31152344
vt 0.55384430 0.31152344
f 1175/6496 1176/6497 1172/6498
vt 0.43470368 0.31152344
vt 0.44830887 0.30371094
vt 0.43470368 0.30371094
f 1169/6499 1174/6500 1170/6501
vt 0.55384430 0.30371094
vt 0.56744949 0.30371094
vt 0.55384430 0.31152344
f 1171/6502 1175/6503 1172/6504
vt 0.44830887 0.31152344
vt 0.46191406 0.31152344
vt 0.46191406 0.30371094
f 1173/6505 1145/6506 1151/6507
vt 0.58105469 0.30371094
vt 0.58105469 0.31152344
vt 0.56744949 0.31152344
f 1152/6508 1150/6509 1176/6510
vt 0.44830887 0.31152344
vt 0.46191406 0.30371094
vt 0.44830887 0.30371094
f 1173/6511 1151/6512 1174/6513
vt 0.56744949 0.30371094
vt 0.58105469 0.30371094
vt 0.56744949 0.31152344
f 1175/6514 1152/6515 1176/6516
vt 0.59277344 0.31152344
vt 0.60058594 0.31152344
vt 0.59277344 0.30371094
f 1146/6517 1145/6518 1150/6519
vt 0.59277344 0.31152344
vt 0.60058594 0.31152344
vt 0.59277344 0.30371094
f 1146/6520 1150/6521 1149/6522
vt 0.59277344 0.31152344
vt 0.60058594 0.31152344
vt 0.59277344 0.30371094
f 1151/6523 1147/6524 1148/6525
vt 0.59277344 0.31152344
vt 0.60058594 0.31152344
vt 0.59277344 0.30371094
f 1151/6526 1148/6527 1152/6528
vt 0.59277344 0.31152344
vt 0.60058594 0.31152344
vt 0.59277344 0.30371094
f 1153/6529 1146/6530 1149/6531
vt 0.59277344 0.31152344
vt 0.60058594 0.31152344
vt 0.59277344 0.30371094
f 1153/6532 1149/6533 1156/6534
vt 0.59277344 0.31152344
vt 0.60058594 0.31152344
vt 0.59277344 0.30371094
f 1147/6535 1154/6536 1155/6537
vt 0.59277344 0.31152344
vt 0.60058594 0.31152344
vt 0.59277344 0.30371094
f 1147/6538 1155/6539 1148/6540
vt 0.59277344 0.31152344
vt 0.60058594 0.31152344
vt 0.59277344 0.30371094
f 1157/6541 1153/6542 1156/6543
vt 0.59277344 0.31152344
vt 0.60058594 0.31152344
vt 0.59277344 0.30371094
f 1157/6544 1156/6545 1160/6546
vt 0.59277344 0.31152344
vt 0.60058594 0.31152344
vt 0.59277344 0.30371094
f 1154/6547 1158/6548 1159/6549
vt 0.59277344 0.31152344
vt 0.60058594 0.31152344
vt 0.59277344 0.30371094
f 1154/6550 1159/6551 1155/6552
vt 0.59277344 0.31152344
vt 0.60058594 0.31152344
vt 0.59277344 0.30371094
f 1161/6553 1157/6554 1160/6555
vt 0.59277344 0.31152344
vt 0.60058594 0.31152344
vt 0.59277344 0.30371094
f 1161/6556 1160/6557 1164/6558
vt 0.59277344 0.31152344
vt 0.60058594 0.31152344
vt 0.59277344 0.30371094
f 1158/6559 1162/6560 1163/6561
vt 0.59277344 0.31152344
vt 0.60058594 0.31152344
vt 0.59277344 0.30371094
f 1158/6562 1163/6563 1159/6564
vt 0.59277344 0.31152344
vt 0.60058594 0.31152344
vt 0.59277344 0.30371094
f 1165/6565 1161/6566 1164/6567
vt 0.59277344 0.31152344
vt 0.60058594 0.31152344
vt 0.59277344 0.30371094
f 1165/6568 1164/6569 1168/6570
vt 0.59277344 0.31152344
vt 0.60058594 0.31152344
vt 0.59277344 0.30371094
f 1162/6571 1166/6572 1167/6573
vt 0.59277344 0.31152344
vt 0.60058594 0.31152344
vt 0.59277344 0.30371094
f 1162/6574 1167/6575 1163/6576
vt 0.59277344 0.31152344
vt 0.60058594 0.31152344
vt 0.59277344 0.30371094
f 1169/6577 1165/6578 1168/6579
vt 0.59277344 0.31152344
vt 0.60058594 0.31152344
vt 0.59277344 0.30371094
f 1169/6580 1168/6581 1172/6582
vt 0.59277344 0.31152344
vt 0.60058594 0.31152344
vt 0.59277344 0.30371094
f 1166/6583 1170/6584 1171/6585
vt 0.59277344 0.31152344
vt 0.60058594 0.31152344
vt 0.59277344 0.30371094
f 1166/6586 1171/6587 1167/6588
vt 0.59277344 0.31152344
vt 0.60058594 0.31152344
vt 0.59277344 0.30371094
f 1173/6589 1169/6590 1172/6591
vt 0.59277344 0.31152344
vt 0.60058594 0.31152344
vt 0.59277344 0.30371094
f 1173/6592 1172/6593 1176/6594
vt 0.59277344 0.31152344
vt 0.60058594 0.31152344
vt 0.59277344 0.30371094
f 1170/6595 1174/6596 1175/6597
vt 0.59277344 0.31152344
vt 0.60058594 0.31152344
vt 0.59277344 0.30371094
f 1170/6598 1175/6599 1171/6600
vt 0.59277344 0.31152344
vt 0.60058594 0.31152344
vt 0.59277344 0.30371094
f 1145/6601 1173/6602 1176/6603
vt 0.59277344 0.31152344
vt 0.60058594 0.31152344
vt 0.59277344 0.30371094
f 1145/6604 1176/6605 1150/6606
vt 0.59277344 0.31152344
vt 0.60058594 0.31152344
vt 0.59277344 0.30371094
f 1174/6607 1151/6608 1152/6609
vt 0.59277344 0.31152344
vt 0.60058594 0.31152344
vt 0.59277344 0.30371094
f 1174/6610 1152/6611 1175/6612
vt 0.61230469 0.31152344
vt 0.62555496 0.31152344
vt 0.62555496 0.30371094
f 1177/6613 1178/6614 1179/6615
vt 0.74469559 0.30371094
vt 0.74469559 0.31152344
vt 0.73144531 0.31152344
f 1180/6616 1181/6617 1182/6618
vt 0.61230469 0.31152344
vt 0.62555496 0.30371094
vt 0.61230469 0.30371094
f 1177/6619 1179/6620 1183/6621
vt 0.73144531 0.30371094
vt 0.74469559 0.30371094
vt 0.73144531 0.31152344
f 1184/6622 1180/6623 1182/6624
vt 0.62555496 0.31152344
vt 0.63880524 0.31152344
vt 0.63880524 0.30371094
f 1178/6625 1185/6626 1186/6627
vt 0.75794586 0.30371094
vt 0.75794586 0.31152344
vt 0.74469559 0.31152344
f 1187/6628 1188/6629 1181/6630
vt 0.62555496 0.31152344
vt 0.63880524 0.30371094
vt 0.62555496 0.30371094
f 1178/6631 1186/6632 1179/6633
vt 0.74469559 0.30371094
vt 0.75794586 0.30371094
vt 0.74469559 0.31152344
f 1180/6634 1187/6635 1181/6636
vt 0.63880524 0.31152344
vt 0.65241043 0.31152344
vt 0.65241043 0.30371094
f 1185/6637 1189/6638 1190/6639
vt 0.77155106 0.30371094
vt 0.77155106 0.31152344
vt 0.75794586 0.31152344
f 1191/6640 1192/6641 1188/6642
vt 0.63880524 0.31152344
vt 0.65241043 0.30371094
vt 0.63880524 0.30371094
f 1185/6643 1190/6644 1186/6645
vt 0.75794586 0.30371094
vt 0.77155106 0.30371094
vt 0.75794586 0.31152344
f 1187/6646 1191/6647 1188/6648
vt 0.65241043 0.31152344
vt 0.66601562 0.31152344
vt 0.66601562 0.30371094
f 1189/6649 1193/6650 1194/6651
vt 0.78515625 0.30371094
vt 0.78515625 0.31152344
vt 0.77155106 0.31152344
f 1195/6652 1196/6653 1192/6654
vt 0.65241043 0.31152344
vt 0.66601562 0.30371094
vt 0.65241043 0.30371094
f 1189/6655 1194/6656 1190/6657
vt 0.77155106 0.30371094
vt 0.78515625 0.30371094
vt 0.77155106 0.31152344
f 1191/6658 1195/6659 1192/6660
vt 0.66601562 0.31152344
vt 0.67926590 0.31152344
vt 0.67926590 0.30371094
f 1193/6661 1197/6662 1198/6663
vt 0.79840653 0.30371094
vt 0.79840653 0.31152344
vt 0.78515625 0.31152344
f 1199/6664 1200/6665 1196/6666
vt 0.66601562 0.31152344
vt 0.67926590 0.30371094
vt 0.66601562 0.30371094
f 1193/6667 1198/6668 1194/6669
vt 0.78515625 0.30371094
vt 0.79840653 0.30371094
vt 0.78515625 0.31152344
f 1195/6670 1199/6671 1196/6672
vt 0.67926590 0.31152344
vt 0.69251618 0.31152344
vt 0.69251618 0.30371094
f 1197/6673 1201/6674 1202/6675
vt 0.81165680 0.30371094
vt 0.81165680 0.31152344
vt 0.79840653 0.31152344
f 1203/6676 1204/6677 1200/6678
vt 0.67926590 0.31152344
vt 0.69251618 0.30371094
vt 0.67926590 0.30371094
f 1197/6679 1202/6680 1198/6681
vt 0.79840653 0.30371094
vt 0.81165680 0.30371094
vt 0.79840653 0.31152344
f 1199/6682 1203/6683 1200/6684
vt 0.69251618 0.31152344
vt 0.70612137 0.31152344
vt 0.70612137 0.30371094
f 1201/6685 1205/6686 1206/6687
vt 0.82526199 0.30371094
vt 0.82526199 0.31152344
vt 0.81165680 0.31152344
f 1207/6688 1208/6689 1204/6690
vt 0.69251618 0.31152344
vt 0.70612137 0.30371094
vt 0.69251618 0.30371094
f 1201/6691 1206/6692 1202/6693
vt 0.81165680 0.30371094
vt 0.82526199 0.30371094
vt 0.81165680 0.31152344
f 1203/6694 1207/6695 1204/6696
vt 0.70612137 0.31152344
vt 0.71972656 0.31152344
vt 0.71972656 0.30371094
f 1205/6697 1177/6698 1183/6699
vt 0.83886719 0.30371094
vt 0.83886719 0.31152344
vt 0.82526199 0.31152344
f 1184/6700 1182/6701 1208/6702
vt 0.70612137 0.31152344
vt 0.71972656 0.30371094
vt 0.70612137 0.30371094
f 1205/6703 1183/6704 1206/6705
vt 0.82526199 0.30371094
vt 0.83886719 0.30371094
vt 0.82526199 0.31152344
f 1207/6706 1184/6707 1208/6708
vt 0.85058594 0.31152344
vt 0.85839844 0.31152344
vt 0.85058594 0.30371094
f 1178/6709 1177/6710 1182/6711
vt 0.85058594 0.31152344
vt 0.85839844 0.31152344
vt 0.85058594 0.30371094
f 1178/6712 1182/6713 1181/6714
vt 0.85058594 0.31152344
vt 0.85839844 0.31152344
vt 0.85058594 0.30371094
f 1183/6715 1179/6716 1180/6717
vt 0.85058594 0.31152344
vt 0.85839844 0.31152344
vt 0.85058594 0.30371094
f 1183/6718 1180/6719 1184/6720
vt 0.85058594 0.31152344
vt 0.85839844 0.31152344
vt 0.85058594 0.30371094
f 1185/6721 1178/6722 1181/6723
vt 0.85058594 0.31152344
vt 0.85839844 0.31152344
vt 0.85058594 0.30371094
f 1185/6724 1181/6725 1188/6726
vt 0.85058594 0.31152344
vt 0.85839844 0.31152344
vt 0.85058594 0.30371094
f 1179/6727 1186/6728 1187/6729
vt 0.85058594 0.31152344
vt 0.85839844 0.31152344
vt 0.85058594 0.30371094
f 1179/6730 1187/6731 1180/6732
vt 0.85058594 0.31152344
vt 0.85839844 0.31152344
vt 0.85058594 0.30371094
f 1189/6733 1185/6734 1188/6735
vt 0.85058594 0.31152344
vt 0.85839844 0.31152344
vt 0.85058594 0.30371094
f 1189/6736 1188/6737 1192/6738
vt 0.85058594 0.31152344
vt 0.85839844 0.31152344
vt 0.85058594 0.30371094
f 1186/6739 1190/6740 1191/6741
vt 0.85058594 0.31152344
vt 0.85839844 0.31152344
vt 0.85058594 0.30371094
f 1186/6742 1191/6743 1187/6744
vt 0.85058594 0.31152344
vt 0.85839844 0.31152344
vt 0.85058594 0.30371094
f 1193/6745 1189/6746 1192/6747
vt 0.85058594 0.31152344
vt 0.85839844 0.31152344
vt 0.85058594 0.30371094
f 1193/6748 1192/6749 1196/6750
vt 0.85058594 0.31152344
vt 0.85839844 0.31152344
vt 0.85058594 0.30371094
f 1190/6751 1194/6752 1195/6753
vt 0.85058594 0.31152344
vt 0.85839844 0.31152344
vt 0.85058594 0.30371094
f 1190/6754 1195/6755 1191/6756
vt 0.85058594 0.31152344
vt 0.85839844 0.31152344
vt 0.85058594 0.30371094
f 1197/6757 1193/6758 1196/6759
vt 0.85058594 0.31152344
vt 0.85839844 0.31152344
vt 0.85058594 0.30371094
f 1197/6760 1196/6761 1200/6762
vt 0.85058594 0.31152344
vt 0.85839844 0.31152344
vt 0.85058594 0.30371094
f 1194/6763 1198/6764 1199/6765
vt 0.85058594 0.31152344
vt 0.85839844 0.31152344
vt 0.85058594 0.30371094
f 1194/6766 1199/6767 1195/6768
vt 0.85058594 0.31152344
vt 0.85839844 0.31152344
vt 0.85058594 0.30371094
f 1201/6769 1197/6770 1200/6771
vt 0.85058594 0.31152344
vt 0.85839844 0.31152344
vt 0.85058594 0.30371094
f 1201/6772 1200/6773 1204/6774
vt 0.85058594 0.31152344
vt 0.85839844 0.31152344
vt 0.85058594 0.30371094
f 1198/6775 1202/6776 1203/6777
vt 0.85058594 0.31152344
vt 0.85839844 0.31152344
vt 0.85058594 0.30371094
f 1198/6778 1203/6779 1199/6780
vt 0.85058594 0.31152344
vt 0.85839844 0.31152344
vt 0.85058594 0.30371094
f 1205/6781 1201/6782 1204/6783
vt 0.85058594 0.31152344
vt 0.85839844 0.31152344
vt 0.85058594 0.30371094
f 1205/6784 1204/6785 1208/6786
vt 0.85058594 0.31152344
vt 0.85839844 0.31152344
vt 0.85058594 0.30371094
f 1202/6787 1206/6788 1207/6789
vt 0.85058594 0.31152344
vt 0.85839844 0.31152344
vt 0.85058594 0.30371094
f 1202/6790 1207/6791 1203/6792
vt 0.85058594 0.31152344
vt 0.85839844 0.31152344
vt 0.85058594 0.30371094
f 1177/6793 1205/6794 1208/6795
vt 0.85058594 0.31152344
vt 0.85839844 0.31152344
vt 0.85058594 0.30371094
f 1177/6796 1208/6797 1182/6798
vt 0.85058594 0.31152344
vt 0.85839844 0.31152344
vt 0.85058594 0.30371094
f 1206/6799 1183/6800 1184/6801
vt 0.85058594 0.31152344
vt 0.85839844 0.31152344
vt 0.85058594 0.30371094
f 1206/6802 1184/6803 1207/6804
usemtl material1
vt 0.00781250 0.91406250
vt 0.01615585 0.91406250
vt 0.01615585 0.90234375
f 1209/6805 1210/6806 1211/6807
vt 0.01615585 0.90234375
vt 0.01615585 0.91406250
vt 0.00781250 0.91406250
f 1212/6808 1213/6809 1214/6810
vt 0.00781250 0.91406250
vt 0.01615585 0.90234375
vt 0.00781250 0.90234375
f 1209/6811 1211/6812 1215/6813
vt 0.00781250 0.90234375
vt 0.01615585 0.90234375
vt 0.00781250 0.91406250
f 1216/6814 1212/6815 1214/6816
vt 0.01615585 0.91406250
vt 0.01716542 0.91406250
vt 0.01716542 0.90234375
f 1210/6817 1217/6818 1218/6819
vt 0.01716542 0.90234375
vt 0.01716542 0.91406250
vt 0.01615585 0.91406250
f 1219/6820 1220/6821 1213/6822
vt 0.01615585 0.91406250
vt 0.01716542 0.90234375
vt 0.01615585 0.90234375
f 1210/6823 1218/6824 1211/6825
vt 0.01615585 0.90234375
vt 0.01716542 0.90234375
vt 0.01615585 0.91406250
f 1212/6826 1219/6827 1213/6828
vt 0.01716542 0.91406250
vt 0.02633419 0.91406250
vt 0.02633419 0.90234375
f 1217/6829 1221/6830 1222/6831
vt 0.02633419 0.90234375
vt 0.02633419 0.91406250
vt 0.01716542 0.91406250
f 1223/6832 1224/6833 1220/6834
vt 0.01716542 0.91406250
vt 0.02633419 0.90234375
vt 0.01716542 0.90234375
f 1217/6835 1222/6836 1218/6837
vt 0.01716542 0.90234375
vt 0.02633419 0.90234375
vt 0.01716542 0.91406250
f 1219/6838 1223/6839 1220/6840
vt 0.02633419 0.91406250
vt 0.02734375 0.91406250
vt 0.02734375 0.90234375
f 1221/6841 1225/6842 1226/6843
vt 0.02734375 0.90234375
vt 0.02734375 0.91406250
vt 0.02633419 0.91406250
f 1227/6844 1228/6845 1224/6846
vt 0.02633419 0.91406250
vt 0.02734375 0.90234375
vt 0.02633419 0.90234375
f 1221/6847 1226/6848 1222/6849
vt 0.02633419 0.90234375
vt 0.02734375 0.90234375
vt 0.02633419 0.91406250
f 1223/6850 1227/6851 1224/6852
vt 0.02734375 0.91406250
vt 0.03568710 0.91406250
vt 0.03568710 0.90234375
f 1225/6853 1229/6854 1230/6855
vt 0.03568710 0.90234375
vt 0.03568710 0.91406250
vt 0.02734375 0.91406250
f 1231/6856 1232/6857 1228/6858
vt 0.02734375 0.91406250
vt 0.03568710 0.90234375
vt 0.02734375 0.90234375
f 1225/6859 1230/6860 1226/6861
vt 0.02734375 0.90234375
vt 0.03568710 0.90234375
vt 0.02734375 0.91406250
f 1227/6862 1231/6863 1228/6864
vt 0.03568710 0.91406250
vt 0.03669667 0.91406250
vt 0.03669667 0.90234375
f 1229/6865 1233/6866 1234/6867
vt 0.03669667 0.90234375
vt 0.03669667 0.91406250
vt 0.03568710 0.91406250
f 1235/6868 1236/6869 1232/6870
vt 0.03568710 0.91406250
vt 0.03669667 0.90234375
vt 0.03568710 0.90234375
f 1229/6871 1234/6872 1230/6873
vt 0.03568710 0.90234375
vt 0.03669667 0.90234375
vt 0.03568710 0.91406250
f 1231/6874 1235/6875 1232/6876
vt 0.03669667 0.91406250
vt 0.04586544 0.91406250
vt 0.04586544 0.90234375
f 1233/6877 1237/6878 1238/6879
vt 0.04586544 0.90234375
vt 0.04586544 0.91406250
vt 0.03669667 0.91406250
f 1239/6880 1240/6881 1236/6882
vt 0.03669667 0.91406250
vt 0.04586544 0.90234375
vt 0.03669667 0.90234375
f 1233/6883 1238/6884 1234/6885
vt 0.03669667 0.90234375
vt 0.04586544 0.90234375
vt 0.03669667 0.91406250
f 1235/6886 1239/6887 1236/6888
vt 0.04586544 0.91406250
vt 0.04687500 0.91406250
vt 0.04687500 0.90234375
f 1237/6889 1209/6890 1215/6891
vt 0.04687500 0.90234375
vt 0.04687500 0.91406250
vt 0.04586544 0.91406250
f 1216/6892 1214/6893 1240/6894
vt 0.04586544 0.91406250
vt 0.04687500 0.90234375
vt 0.04586544 0.90234375
f 1237/6895 1215/6896 1238/6897
vt 0.04586544 0.90234375
vt 0.04687500 0.90234375
vt 0.04586544 0.91406250
f 1239/6898 1216/6899 1240/6900
vt 0.00781250 0.90234375
vt 0.01615585 0.90234375
vt 0.01615585 0.89453125
f 1215/6901 1211/6902 1241/6903
vt 0.01615585 0.89453125
vt 0.01615585 0.90234375
vt 0.00781250 0.90234375
f 1242/6904 1212/6905 1216/6906
vt 0.00781250 0.90234375
vt 0.01615585 0.89453125
vt 0.00781250 0.89453125
f 1215/6907 1241/6908 1243/6909
vt 0.00781250 0.89453125
vt 0.01615585 0.89453125
vt 0.00781250 0.90234375
f 1244/6910 1242/6911 1216/6912
vt 0.01615585 0.90234375
vt 0.01716542 0.90234375
vt 0.01716542 0.89453125
f 1211/6913 1218/6914 1245/6915
vt 0.01716542 0.89453125
vt 0.01716542 0.90234375
vt 0.01615585 0.90234375
f 1246/6916 1219/6917 1212/6918
vt 0.01615585 0.90234375
vt 0.01716542 0.89453125
vt 0.01615585 0.89453125
f 1211/6919 1245/6920 1241/6921
vt 0.01615585 0.89453125
vt 0.01716542 0.89453125
vt 0.01615585 0.90234375
f 1242/6922 1246/6923 1212/6924
vt 0.01716542 0.90234375
vt 0.02633419 0.90234375
vt 0.02633419 0.89453125
f 1218/6925 1222/6926 1247/6927
vt 0.02633419 0.89453125
vt 0.02633419 0.90234375
vt 0.01716542 0.90234375
f 1248/6928 1223/6929 1219/6930
vt 0.01716542 0.90234375
vt 0.02633419 0.89453125
vt 0.01716542 0.89453125
f 1218/6931 1247/6932 1245/6933
vt 0.01716542 0.89453125
vt 0.02633419 0.89453125
vt 0.01716542 0.90234375
f 1246/6934 1248/6935 1219/6936
vt 0.02633419 0.90234375
vt 0.02734375 0.90234375
vt 0.02734375 0.89453125
f 1222/6937 1226/6938 1249/6939
vt 0.02734375 0.89453125
vt 0.02734375 0.90234375
vt 0.02633419 0.90234375
f 1250/6940 1227/6941 1223/6942
vt 0.02633419 0.90234375
vt 0.02734375 0.89453125
vt 0.02633419 0.89453125
f 1222/6943 1249/6944 1247/6945
vt 0.02633419 0.89453125
vt 0.02734375 0.89453125
vt 0.02633419 0.90234375
f 1248/6946 1250/6947 1223/6948
vt 0.02734375 0.90234375
vt 0.03568710 0.90234375
vt 0.03568710 0.89453125
f 1226/6949 1230/6950 1251/6951
vt 0.03568710 0.89453125
vt 0.03568710 0.90234375
vt 0.02734375 0.90234375
f 1252/6952 1231/6953 1227/6954
vt 0.02734375 0.90234375
vt 0.03568710 0.89453125
vt 0.02734375 0.89453125
f 1226/6955 1251/6956 1249/6957
vt 0.02734375 0.89453125
vt 0.03568710 0.89453125
vt 0.02734375 0.90234375
f 1250/6958 1252/6959 1227/6960
vt 0.03568710 0.90234375
vt 0.03669667 0.90234375
vt 0.03669667 0.89453125
f 1230/6961 1234/6962 1253/6963
vt 0.03669667 0.89453125
vt 0.03669667 0.90234375
vt 0.03568710 0.90234375
f 1254/6964 1235/6965 1231/6966
vt 0.03568710 0.90234375
vt 0.03669667 0.89453125
vt 0.03568710 0.89453125
f 1230/6967 1253/6968 1251/6969
vt 0.03568710 0.89453125
vt 0.03669667 0.89453125
vt 0.03568710 0.90234375
f 1252/6970 1254/6971 1231/6972
vt 0.03669667 0.90234375
vt 0.04586544 0.90234375
vt 0.04586544 0.89453125
f 1234/6973 1238/6974 1255/6975
vt 0.04586544 0.89453125
vt 0.04586544 0.90234375
vt 0.03669667 0.90234375
f 1256/6976 1239/6977 1235/6978
vt 0.03669667 0.90234375
vt 0.04586544 0.89453125
vt 0.03669667 0.89453125
f 1234/6979 1255/6980 1253/6981
vt 0.03669667 0.89453125
vt 0.04586544 0.89453125
vt 0.03669667 0.90234375
f 1254/6982 1256/6983 1235/6984
vt 0.04586544 0.90234375
vt 0.04687500 0.90234375
vt 0.04687500 0.89453125
f 1238/6985 1215/6986 1243/6987
vt 0.04687500 0.89453125
vt 0.04687500 0.90234375
vt 0.04586544 0.90234375
f 1244/6988 1216/6989 1239/6990
vt 0.04586544 0.90234375
vt 0.04687500 0.89453125
vt 0.04586544 0.89453125
f 1238/6991 1243/6992 1255/6993
vt 0.04586544 0.89453125
vt 0.04687500 0.89453125
vt 0.04586544 0.90234375
f 1256/6994 1244/6995 1239/6996
vt 0.00781250 0.89453125
vt 0.01615585 0.89453125
vt 0.01615585 0.88867188
f 1243/6997 1241/6998 1257/6999
vt 0.01615585 0.88867188
vt 0.01615585 0.89453125
vt 0.00781250 0.89453125
f 1258/7000 1242/7001 1244/7002
vt 0.00781250 0.89453125
vt 0.01615585 0.88867188
vt 0.00781250 0.88867188
f 1243/7003 1257/7004 1259/7005
vt 0.00781250 0.88867188
vt 0.01615585 0.88867188
vt 0.00781250 0.89453125
f 1260/7006 1258/7007 1244/7008
vt 0.01615585 0.89453125
vt 0.01716542 0.89453125
vt 0.01716542 0.88867188
f 1241/7009 1245/7010 1261/7011
vt 0.01716542 0.88867188
vt 0.01716542 0.89453125
vt 0.01615585 0.89453125
f 1262/7012 1246/7013 1242/7014
vt 0.01615585 0.89453125
vt 0.01716542 0.88867188
vt 0.01615585 0.88867188
f 1241/7015 1261/7016 1257/7017
vt 0.01615585 0.88867188
vt 0.01716542 0.88867188
vt 0.01615585 0.89453125
f 1258/7018 1262/7019 1242/7020
vt 0.01716542 0.89453125
vt 0.02633419 0.89453125
vt 0.02633419 0.88867188
f 1245/7021 1247/7022 1263/7023
vt 0.02633419 0.88867188
vt 0.02633419 0.89453125
vt 0.01716542 0.89453125
f 1264/7024 1248/7025 1246/7026
vt 0.01716542 0.89453125
vt 0.02633419 0.88867188
vt 0.01716542 0.88867188
f 1245/7027 1263/7028 1261/7029
vt 0.01716542 0.88867188
vt 0.02633419 0.88867188
vt 0.01716542 0.89453125
f 1262/7030 1264/7031 1246/7032
vt 0.02633419 0.89453125
vt 0.02734375 0.89453125
vt 0.02734375 0.88867188
f 1247/7033 1249/7034 1265/7035
vt 0.02734375 0.88867188
vt 0.02734375 0.89453125
vt 0.02633419 0.89453125
f 1266/7036 1250/7037 1248/7038
vt 0.02633419 0.89453125
vt 0.02734375 0.88867188
vt 0.02633419 0.88867188
f 1247/7039 1265/7040 1263/7041
vt 0.02633419 0.88867188
vt 0.02734375 0.88867188
vt 0.02633419 0.89453125
f 1264/7042 1266/7043 1248/7044
vt 0.02734375 0.89453125
vt 0.03568710 0.89453125
vt 0.03568710 0.88867188
f 1249/7045 1251/7046 1267/7047
vt 0.03568710 0.88867188
vt 0.03568710 0.89453125
vt 0.02734375 0.89453125
f 1268/7048 1252/7049 1250/7050
vt 0.02734375 0.89453125
vt 0.03568710 0.88867188
vt 0.02734375 0.88867188
f 1249/7051 1267/7052 1265/7053
vt 0.02734375 0.88867188
vt 0.03568710 0.88867188
vt 0.02734375 0.89453125
f 1266/7054 1268/7055 1250/7056
vt 0.03568710 0.89453125
vt 0.03669667 0.89453125
vt 0.03669667 0.88867188
f 1251/7057 1253/7058 1269/7059
vt 0.03669667 0.88867188
vt 0.03669667 0.89453125
vt 0.03568710 0.89453125
f 1270/7060 1254/7061 1252/7062
vt 0.03568710 0.89453125
vt 0.03669667 0.88867188
vt 0.03568710 0.88867188
f 1251/7063 1269/7064 1267/7065
vt 0.03568710 0.88867188
vt 0.03669667 0.88867188
vt 0.03568710 0.89453125
f 1268/7066 1270/7067 1252/7068
vt 0.03669667 0.89453125
vt 0.04586544 0.89453125
vt 0.04586544 0.88867188
f 1253/7069 1255/7070 1271/7071
vt 0.04586544 0.88867188
vt 0.04586544 0.89453125
vt 0.03669667 0.89453125
f 1272/7072 1256/7073 1254/7074
vt 0.03669667 0.89453125
vt 0.04586544 0.88867188
vt 0.03669667 0.88867188
f 1253/7075 1271/7076 1269/7077
vt 0.03669667 0.88867188
vt 0.04586544 0.88867188
vt 0.03669667 0.89453125
f 1270/7078 1272/7079 1254/7080
vt 0.04586544 0.89453125
vt 0.04687500 0.89453125
vt 0.04687500 0.88867188
f 1255/7081 1243/7082 1259/7083
vt 0.04687500 0.88867188
vt 0.04687500 0.89453125
vt 0.04586544 0.89453125
f 1260/7084 1244/7085 1256/7086
vt 0.04586544 0.89453125
vt 0.04687500 0.88867188
vt 0.04586544 0.88867188
f 1255/7087 1259/7088 1271/7089
vt 0.04586544 0.88867188
vt 0.04687500 0.88867188
vt 0.04586544 0.89453125
f 1272/7090 1260/7091 1256/7092
vt 0.06835938 0.91406250
vt 0.07226562 0.91406250
vt 0.06835938 0.91015625
f 1210/7093 1209/7094 1214/7095
vt 0.06835938 0.91406250
vt 0.07226562 0.91406250
vt 0.06835938 0.91015625
f 1210/7096 1214/7097 1213/7098
vt 0.06835938 0.91406250
vt 0.07226562 0.91406250
vt 0.06835938 0.91015625
f 1217/7099 1210/7100 1213/7101
vt 0.06835938 0.91406250
vt 0.07226562 0.91406250
vt 0.06835938 0.91015625
f 1217/7102 1213/7103 1220/7104
vt 0.06835938 0.91406250
vt 0.07226562 0.91406250
vt 0.06835938 0.91015625
f 1221/7105 1217/7106 1220/7107
vt 0.06835938 0.91406250
vt 0.07226562 0.91406250
vt 0.06835938 0.91015625
f 1221/7108 1220/7109 1224/7110
vt 0.06835938 0.91406250
vt 0.07226562 0.91406250
vt 0.06835938 0.91015625
f 1225/7111 1221/7112 1224/7113
vt 0.06835938 0.91406250
vt 0.07226562 0.91406250
vt 0.06835938 0.91015625
f 1225/7114 1224/7115 1228/7116
vt 0.06835938 0.91406250
vt 0.07226562 0.91406250
vt 0.06835938 0.91015625
f 1229/7117 1225/7118 1228/7119
vt 0.06835938 0.91406250
vt 0.07226562 0.91406250
vt 0.06835938 0.91015625
f 1229/7120 1228/7121 1232/7122
vt 0.06835938 0.91406250
vt 0.07226562 0.91406250
vt 0.06835938 0.91015625
f 1233/7123 1229/7124 1232/7125
vt 0.06835938 0.91406250
vt 0.07226562 0.91406250
vt 0.06835938 0.91015625
f 1233/7126 1232/7127 1236/7128
vt 0.06835938 0.91406250
vt 0.07226562 0.91406250
vt 0.06835938 0.91015625
f 1237/7129 1233/7130 1236/7131
vt 0.06835938 0.91406250
vt 0.07226562 0.91406250
vt 0.06835938 0.91015625
f 1237/7132 1236/7133 1240/7134
vt 0.06835938 0.91406250
vt 0.07226562 0.91406250
vt 0.06835938 0.91015625
f 1209/7135 1237/7136 1240/7137
vt 0.06835938 0.91406250
vt 0.07226562 0.91406250
vt 0.06835938 0.91015625
f 1209/7138 1240/7139 1214/7140
vt 0.06835938 0.91406250
vt 0.07226562 0.91406250
vt 0.06835938 0.91015625
f 1259/7141 1257/7142 1258/7143
vt 0.06835938 0.91406250
vt 0.07226562 0.91406250
vt 0.06835938 0.91015625
f 1259/7144 1258/7145 1260/7146
vt 0.06835938 0.91406250
vt 0.07226562 0.91406250
vt 0.06835938 0.91015625
f 1257/7147 1261/7148 1262/7149
vt 0.06835938 0.91406250
vt 0.07226562 0.91406250
vt 0.06835938 0.91015625
f 1257/7150 1262/7151 1258/7152
vt 0.06835938 0.91406250
vt 0.07226562 0.91406250
vt 0.06835938 0.91015625
f 1261/7153 1263/7154 1264/7155
vt 0.06835938 0.91406250
vt 0.07226562 0.91406250
vt 0.06835938 0.91015625
f 1261/7156 1264/7157 1262/7158
vt 0.06835938 0.91406250
vt 0.07226562 0.91406250
vt 0.06835938 0.91015625
f 1263/7159 1265/7160 1266/7161
vt 0.06835938 0.91406250
vt 0.07226562 0.91406250
vt 0.06835938 0.91015625
f 1263/7162 1266/7163 1264/7164
vt 0.06835938 0.91406250
vt 0.07226562 0.91406250
vt 0.06835938 0.91015625
f 1265/7165 1267/7166 1268/7167
vt 0.06835938 0.91406250
vt 0.07226562 0.91406250
vt 0.06835938 0.91015625
f 1265/7168 1268/7169 1266/7170
vt 0.06835938 0.91406250
vt 0.07226562 0.91406250
vt 0.06835938 0.91015625
f 1267/7171 1269/7172 1270/7173
vt 0.06835938 0.91406250
vt 0.07226562 0.91406250
vt 0.06835938 0.91015625
f 1267/7174 1270/7175 1268/7176
vt 0.06835938 0.91406250
vt 0.07226562 0.91406250
vt 0.06835938 0.91015625
f 1269/7177 1271/7178 1272/7179
vt 0.06835938 0.91406250
vt 0.07226562 0.91406250
vt 0.06835938 0.91015625
f 1269/7180 1272/7181 1270/7182
vt 0.06835938 0.91406250
vt 0.07226562 0.91406250
vt 0.06835938 0.91015625
f 1271/7183 1259/7184 1260/7185
vt 0.06835938 0.91406250
vt 0.07226562 0.91406250
vt 0.06835938 0.91015625
f 1271/7186 1260/7187 1272/7188
vt 0.00781250 0.86328125
vt 0.01615585 0.86328125
vt 0.01615585 0.85156250
f 1273/7189 1274/7190 1275/7191
vt 0.01615585 0.85156250
vt 0.01615585 0.86328125
vt 0.00781250 0.86328125
f 1276/7192 1277/7193 1278/7194
vt 0.00781250 0.86328125
vt 0.01615585 0.85156250
vt 0.00781250 0.85156250
f 1273/7195 1275/7196 1279/7197
vt 0.00781250 0.85156250
vt 0.01615585 0.85156250
vt 0.00781250 0.86328125
f 1280/7198 1276/7199 1278/7200
vt 0.01615585 0.86328125
vt 0.01716542 0.86328125
vt 0.01716542 0.85156250
f 1274/7201 1281/7202 1282/7203
vt 0.01716542 0.85156250
vt 0.01716542 0.86328125
vt 0.01615585 0.86328125
f 1283/7204 1284/7205 1277/7206
vt 0.01615585 0.86328125
vt 0.01716542 0.85156250
vt 0.01615585 0.85156250
f 1274/7207 1282/7208 1275/7209
vt 0.01615585 0.85156250
vt 0.01716542 0.85156250
vt 0.01615585 0.86328125
f 1276/7210 1283/7211 1277/7212
vt 0.01716542 0.86328125
vt 0.02633419 0.86328125
vt 0.02633419 0.85156250
f 1281/7213 1285/7214 1286/7215
vt 0.02633419 0.85156250
vt 0.02633419 0.86328125
vt 0.01716542 0.86328125
f 1287/7216 1288/7217 1284/7218
vt 0.01716542 0.86328125
vt 0.02633419 0.85156250
vt 0.01716542 0.85156250
f 1281/7219 1286/7220 1282/7221
vt 0.01716542 0.85156250
vt 0.02633419 0.85156250
vt 0.01716542 0.86328125
f 1283/7222 1287/7223 1284/7224
vt 0.02633419 0.86328125
vt 0.02734375 0.86328125
vt 0.02734375 0.85156250
f 1285/7225 1289/7226 1290/7227
vt 0.02734375 0.85156250
vt 0.02734375 0.86328125
vt 0.02633419 0.86328125
f 1291/7228 1292/7229 1288/7230
vt 0.02633419 0.86328125
vt 0.02734375 0.85156250
vt 0.02633419 0.85156250
f 1285/7231 1290/7232 1286/7233
vt 0.02633419 0.85156250
vt 0.02734375 0.85156250
vt 0.02633419 0.86328125
f 1287/7234 1291/7235 1288/7236
vt 0.02734375 0.86328125
vt 0.03568710 0.86328125
vt 0.03568710 0.85156250
f 1289/7237 1293/7238 1294/7239
vt 0.03568710 0.85156250
vt 0.03568710 0.86328125
vt 0.02734375 0.86328125
f 1295/7240 1296/7241 1292/7242
vt 0.02734375 0.86328125
vt 0.03568710 0.85156250
vt 0.02734375 0.85156250
f 1289/7243 1294/7244 1290/7245
vt 0.02734375 0.85156250
vt 0.03568710 0.85156250
vt 0.02734375 0.86328125
f 1291/7246 1295/7247 1292/7248
vt 0.03568710 0.86328125
vt 0.03669667 0.86328125
vt 0.03669667 0.85156250
f 1293/7249 1297/7250 1298/7251
vt 0.03669667 0.85156250
vt 0.03669667 0.86328125
vt 0.03568710 0.86328125
f 1299/7252 1300/7253 1296/7254
vt 0.03568710 0.86328125
vt 0.03669667 0.85156250
vt 0.03568710 0.85156250
f 1293/7255 1298/7256 1294/7257
vt 0.03568710 0.85156250
vt 0.03669667 0.85156250
vt 0.03568710 0.86328125
f 1295/7258 1299/7259 1296/7260
vt 0.03669667 0.86328125
vt 0.04586544 0.86328125
vt 0.04586544 0.85156250
f 1297/7261 1301/7262 1302/7263
vt 0.04586544 0.85156250
vt 0.04586544 0.86328125
vt 0.03669667 0.86328125
f 1303/7264 1304/7265 1300/7266
vt 0.03669667 0.86328125
vt 0.04586544 0.85156250
vt 0.03669667 0.85156250
f 1297/7267 1302/7268 1298/7269
vt 0.03669667 0.85156250
vt 0.04586544 0.85156250
vt 0.03669667 0.86328125
f 1299/7270 1303/7271 1300/7272
vt 0.04586544 0.86328125
vt 0.04687500 0.86328125
vt 0.04687500 0.85156250
f 1301/7273 1273/7274 1279/7275
vt 0.04687500 0.85156250
vt 0.04687500 0.86328125
vt 0.04586544 0.86328125
f 1280/7276 1278/7277 1304/7278
vt 0.04586544 0.86328125
vt 0.04687500 0.85156250
vt 0.04586544 0.85156250
f 1301/7279 1279/7280 1302/7281
vt 0.04586544 0.85156250
vt 0.04687500 0.85156250
vt 0.04586544 0.86328125
f 1303/7282 1280/7283 1304/7284
vt 0.00781250 0.85156250
vt 0.01615585 0.85156250
vt 0.01615585 0.84375000
f 1279/7285 1275/7286 1305/7287
vt 0.01615585 0.84375000
vt 0.01615585 0.85156250
vt 0.00781250 0.85156250
f 1306/7288 1276/7289 1280/7290
vt 0.00781250 0.85156250
vt 0.01615585 0.84375000
vt 0.00781250 0.84375000
f 1279/7291 1305/7292 1307/7293
vt 0.00781250 0.84375000
vt 0.01615585 0.84375000
vt 0.00781250 0.85156250
f 1308/7294 1306/7295 1280/7296
vt 0.01615585 0.85156250
vt 0.01716542 0.85156250
vt 0.01716542 0.84375000
f 1275/7297 1282/7298 1309/7299
vt 0.01716542 0.84375000
vt 0.01716542 0.85156250
vt 0.01615585 0.85156250
f 1310/7300 1283/7301 1276/7302
vt 0.01615585 0.85156250
vt 0.01716542 0.84375000
vt 0.01615585 0.84375000
f 1275/7303 1309/7304 1305/7305
vt 0.01615585 0.84375000
vt 0.01716542 0.84375000
vt 0.01615585 0.85156250
f 1306/7306 1310/7307 1276/7308
vt 0.01716542 0.85156250
vt 0.02633419 0.85156250
vt 0.02633419 0.84375000
f 1282/7309 1286/7310 1311/7311
vt 0.02633419 0.84375000
vt 0.02633419 0.85156250
vt 0.01716542 0.85156250
f 1312/7312 1287/7313 1283/7314
vt 0.01716542 0.85156250
vt 0.02633419 0.84375000
vt 0.01716542 0.84375000
f 1282/7315 1311/7316 1309/7317
vt 0.01716542 0.84375000
vt 0.02633419 0.84375000
vt 0.01716542 0.85156250
f 1310/7318 1312/7319 1283/7320
vt 0.02633419 0.85156250
vt 0.02734375 0.85156250
vt 0.02734375 0.84375000
f 1286/7321 1290/7322 1313/7323
vt 0.02734375 0.84375000
vt 0.02734375 0.85156250
vt 0.02633419 0.85156250
f 1314/7324 1291/7325 1287/7326
vt 0.02633419 0.85156250
vt 0.02734375 0.84375000
vt 0.02633419 0.84375000
f 1286/7327 1313/7328 1311/7329
vt 0.02633419 0.84375000
vt 0.02734375 0.84375000
vt 0.02633419 0.85156250
f 1312/7330 1314/7331 1287/7332
vt 0.02734375 0.85156250
vt 0.03568710 0.85156250
vt 0.03568710 0.84375000
f 1290/7333 1294/7334 1315/7335
vt 0.03568710 0.84375000
vt 0.03568710 0.85156250
vt 0.02734375 0.85156250
f 1316/7336 1295/7337 1291/7338
vt 0.02734375 0.85156250
vt 0.03568710 0.84375000
vt 0.02734375 0.84375000
f 1290/7339 1315/7340 1313/7341
vt 0.02734375 0.84375000
vt 0.03568710 0.84375000
vt 0.02734375 0.85156250
f 1314/7342 1316/7343 1291/7344
vt 0.03568710 0.85156250
vt 0.03669667 0.85156250
vt 0.03669667 0.84375000
f 1294/7345 1298/7346 1317/7347
vt 0.03669667 0.84375000
vt 0.03669667 0.85156250
vt 0.03568710 0.85156250
f 1318/7348 1299/7349 1295/7350
vt 0.03568710 0.85156250
vt 0.03669667 0.84375000
vt 0.03568710 0.84375000
f 1294/7351 1317/7352 1315/7353
vt 0.03568710 0.84375000
vt 0.03669667 0.84375000
vt 0.03568710 0.85156250
f 1316/7354 1318/7355 1295/7356
vt 0.03669667 0.85156250
vt 0.04586544 0.85156250
vt 0.04586544 0.84375000
f 1298/7357 1302/7358 1319/7359
vt 0.04586544 0.84375000
vt 0.04586544 0.85156250
vt 0.03669667 0.85156250
f 1320/7360 1303/7361 1299/7362
vt 0.03669667 0.85156250
vt 0.04586544 0.84375000
vt 0.03669667 0.84375000
f 1298/7363 1319/7364 1317/7365
vt 0.03669667 0.84375000
vt 0.04586544 0.84375000
vt 0.03669667 0.85156250
f 1318/7366 1320/7367 1299/7368
vt 0.04586544 0.85156250
vt 0.04687500 0.85156250
vt 0.04687500 0.84375000
f 1302/7369 1279/7370 1307/7371
vt 0.04687500 0.84375000
vt 0.04687500 0.85156250
vt 0.04586544 0.85156250
f 1308/7372 1280/7373 1303/7374
vt 0.04586544 0.85156250
vt 0.04687500 0.84375000
vt 0.04586544 0.84375000
f 1302/7375 1307/7376 1319/7377
vt 0.04586544 0.84375000
vt 0.04687500 0.84375000
vt 0.04586544 0.85156250
f 1320/7378 1308/7379 1303/7380
vt 0.00781250 0.84375000
vt 0.01615585 0.84375000
vt 0.01615585 0.83789062
f 1307/7381 1305/7382 1321/7383
vt 0.01615585 0.83789062
vt 0.01615585 0.84375000
vt 0.00781250 0.84375000
f 1322/7384 1306/7385 1308/7386
vt 0.00781250 0.84375000
vt 0.01615585 0.83789062
vt 0.00781250 0.83789062
f 1307/7387 1321/7388 1323/7389
vt 0.00781250 0.83789062
vt 0.01615585 0.83789062
vt 0.00781250 0.84375000
f 1324/7390 1322/7391 1308/7392
vt 0.01615585 0.84375000
vt 0.01716542 0.84375000
vt 0.01716542 0.83789062
f 1305/7393 1309/7394 1325/7395
vt 0.01716542 0.83789062
vt 0.01716542 0.84375000
vt 0.01615585 0.84375000
f 1326/7396 1310/7397 1306/7398
vt 0.01615585 0.84375000
vt 0.01716542 0.83789062
vt 0.01615585 0.83789062
f 1305/7399 1325/7400 1321/7401
vt 0.01615585 0.83789062
vt 0.01716542 0.83789062
vt 0.01615585 0.84375000
f 1322/7402 1326/7403 1306/7404
vt 0.01716542 0.84375000
vt 0.02633419 0.84375000
vt 0.02633419 0.83789062
f 1309/7405 1311/7406 1327/7407
vt 0.02633419 0.83789062
vt 0.02633419 0.84375000
vt 0.01716542 0.84375000
f 1328/7408 1312/7409 1310/7410
vt 0.01716542 0.84375000
vt 0.02633419 0.83789062
vt 0.01716542 0.83789062
f 1309/7411 1327/7412 1325/7413
vt 0.01716542 0.83789062
vt 0.02633419 0.83789062
vt 0.01716542 0.84375000
f 1326/7414 1328/7415 1310/7416
vt 0.02633419 0.84375000
vt 0.02734375 0.84375000
vt 0.02734375 0.83789062
f 1311/7417 1313/7418 1329/7419
vt 0.02734375 0.83789062
vt 0.02734375 0.84375000
vt 0.02633419 0.84375000
f 1330/7420 1314/7421 1312/7422
vt 0.02633419 0.84375000
vt 0.02734375 0.83789062
vt 0.02633419 0.83789062
f 1311/7423 1329/7424 1327/7425
vt 0.02633419 0.83789062
vt 0.02734375 0.83789062
vt 0.02633419 0.84375000
f 1328/7426 1330/7427 1312/7428
vt 0.02734375 0.84375000
vt 0.03568710 0.84375000
vt 0.03568710 0.83789062
f 1313/7429 1315/7430 1331/7431
vt 0.03568710 0.83789062
vt 0.03568710 0.84375000
vt 0.02734375 0.84375000
f 1332/7432 1316/7433 1314/7434
vt 0.02734375 0.84375000
vt 0.03568710 0.83789062
vt 0.02734375 0.83789062
f 1313/7435 1331/7436 1329/7437
vt 0.02734375 0.83789062
vt 0.03568710 0.83789062
vt 0.02734375 0.84375000
f 1330/7438 1332/7439 1314/7440
vt 0.03568710 0.84375000
vt 0.03669667 0.84375000
vt 0.03669667 0.83789062
f 1315/7441 1317/7442 1333/7443
vt 0.03669667 0.83789062
vt 0.03669667 0.84375000
vt 0.03568710 0.84375000
f 1334/7444 1318/7445 1316/7446
vt 0.03568710 0.84375000
vt 0.03669667 0.83789062
vt 0.03568710 0.83789062
f 1315/7447 1333/7448 1331/7449
vt 0.03568710 0.83789062
vt 0.03669667 0.83789062
vt 0.03568710 0.84375000
f 1332/7450 1334/7451 1316/7452
vt 0.03669667 0.84375000
vt 0.04586544 0.84375000
vt 0.04586544 0.83789062
f 1317/7453 1319/7454 1335/7455
vt 0.04586544 0.83789062
vt 0.04586544 0.84375000
vt 0.03669667 0.84375000
f 1336/7456 1320/7457 1318/7458
vt 0.03669667 0.84375000
vt 0.04586544 0.83789062
vt 0.03669667 0.83789062
f 1317/7459 1335/7460 1333/7461
vt 0.03669667 0.83789062
vt 0.04586544 0.83789062
vt 0.03669667 0.84375000
f 1334/7462 1336/7463 1318/7464
vt 0.04586544 0.84375000
vt 0.04687500 0.84375000
vt 0.04687500 0.83789062
f 1319/7465 1307/7466 1323/7467
vt 0.04687500 0.83789062
vt 0.04687500 0.84375000
vt 0.04586544 0.84375000
f 1324/7468 1308/7469 1320/7470
vt 0.04586544 0.84375000
vt 0.04687500 0.83789062
vt 0.04586544 0.83789062
f 1319/7471 1323/7472 1335/7473
vt 0.04586544 0.83789062
vt 0.04687500 0.83789062
vt 0.04586544 0.84375000
f 1336/7474 1324/7475 1320/7476
vt 0.06835938 0.86328125
vt 0.07226562 0.86328125
vt 0.06835938 0.85937500
f 1274/7477 1273/7478 1278/7479
vt 0.06835938 0.86328125
vt 0.07226562 0.86328125
vt 0.06835938 0.85937500
f 1274/7480 1278/7481 1277/7482
vt 0.06835938 0.86328125
vt 0.07226562 0.86328125
vt 0.06835938 0.85937500
f 1281/7483 1274/7484 1277/7485
vt 0.06835938 0.86328125
vt 0.07226562 0.86328125
vt 0.06835938 0.85937500
f 1281/7486 1277/7487 1284/7488
vt 0.06835938 0.86328125
vt 0.07226562 0.86328125
vt 0.06835938 0.85937500
f 1285/7489 1281/7490 1284/7491
vt 0.06835938 0.86328125
vt 0.07226562 0.86328125
vt 0.06835938 0.85937500
f 1285/7492 1284/7493 1288/7494
vt 0.06835938 0.86328125
vt 0.07226562 0.86328125
vt 0.06835938 0.85937500
f 1289/7495 1285/7496 1288/7497
vt 0.06835938 0.86328125
vt 0.07226562 0.86328125
vt 0.06835938 0.85937500
f 1289/7498 1288/7499 1292/7500
vt 0.06835938 0.86328125
vt 0.07226562 0.86328125
vt 0.06835938 0.85937500
f 1293/7501 1289/7502 1292/7503
vt 0.06835938 0.86328125
vt 0.07226562 0.86328125
vt 0.06835938 0.85937500
f 1293/7504 1292/7505 1296/7506
vt 0.06835938 0.86328125
vt 0.07226562 0.86328125
vt 0.06835938 0.85937500
f 1297/7507 1293/7508 1296/7509
vt 0.06835938 0.86328125
vt 0.07226562 0.86328125
vt 0.06835938 0.85937500
f 1297/7510 1296/7511 1300/7512
vt 0.06835938 0.86328125
vt 0.07226562 0.86328125
vt 0.06835938 0.85937500
f 1301/7513 1297/7514 1300/7515
vt 0.06835938 0.86328125
vt 0.07226562 0.86328125
vt 0.06835938 0.85937500
f 1301/7516 1300/7517 1304/7518
vt 0.06835938 0.86328125
vt 0.07226562 0.86328125
vt 0.06835938 0.85937500
f 1273/7519 1301/7520 1304/7521
vt 0.06835938 0.86328125
vt 0.07226562 0.86328125
vt 0.06835938 0.85937500
f 1273/7522 1304/7523 1278/7524
vt 0.06835938 0.86328125
vt 0.07226562 0.86328125
vt 0.06835938 0.85937500
f 1323/7525 1321/7526 1322/7527
vt 0.06835938 0.86328125
vt 0.07226562 0.86328125
vt 0.06835938 0.85937500
f 1323/7528 1322/7529 1324/7530
vt 0.06835938 0.86328125
vt 0.07226562 0.86328125
vt 0.06835938 0.85937500
f 1321/7531 1325/7532 1326/7533
vt 0.06835938 0.86328125
vt 0.07226562 0.86328125
vt 0.06835938 0.85937500
f 1321/7534 1326/7535 1322/7536
vt 0.06835938 0.86328125
vt 0.07226562 0.86328125
vt 0.06835938 0.85937500
f 1325/7537 1327/7538 1328/7539
vt 0.06835938 0.86328125
vt 0.07226562 0.86328125
vt 0.06835938 0.85937500
f 1325/7540 1328/7541 1326/7542
vt 0.06835938 0.86328125
vt 0.07226562 0.86328125
vt 0.06835938 0.85937500
f 1327/7543 1329/7544 1330/7545
vt 0.06835938 0.86328125
vt 0.07226562 0.86328125
vt 0.06835938 0.85937500
f 1327/7546 1330/7547 1328/7548
vt 0.06835938 0.86328125
vt 0.07226562 0.86328125
vt 0.06835938 0.85937500
f 1329/7549 1331/7550 1332/7551
vt 0.06835938 0.86328125
vt 0.07226562 0.86328125
vt 0.06835938 0.85937500
f 1329/7552 1332/7553 1330/7554
vt 0.06835938 0.86328125
vt 0.07226562 0.86328125
vt 0.06835938 0.85937500
f 1331/7555 1333/7556 1334/7557
vt 0.06835938 0.86328125
vt 0.07226562 0.86328125
vt 0.06835938 0.85937500
f 1331/7558 1334/7559 1332/7560
vt 0.06835938 0.86328125
vt 0.07226562 0.86328125
vt 0.06835938 0.85937500
f 1333/7561 1335/7562 1336/7563
vt 0.06835938 0.86328125
vt 0.07226562 0.86328125
vt 0.06835938 0.85937500
f 1333/7564 1336/7565 1334/7566
vt 0.06835938 0.86328125
vt 0.07226562 0.86328125
vt 0.06835938 0.85937500
f 1335/7567 1323/7568 1324/7569
vt 0.06835938 0.86328125
vt 0.07226562 0.86328125
vt 0.06835938 0.85937500
f 1335/7570 1324/7571 1336/7572
usemtl material2
vt 0.00781250 0.99218750
vt 0.01866739 0.99218750
vt 0.01866739 0.98925781
f 1337/7573 1338/7574 1339/7575
vt 0.08116739 0.98925781
vt 0.08116739 0.99218750
vt 0.07031250 0.99218750
f 1340/7576 1341/7577 1342/7578
vt 0.00781250 0.99218750
vt 0.01866739 0.98925781
vt 0.00781250 0.98925781
f 1337/7579 1339/7580 1343/7581
vt 0.07031250 0.98925781
vt 0.08116739 0.98925781
vt 0.07031250 0.99218750
f 1344/7582 1340/7583 1342/7584
vt 0.01866739 0.99218750
vt 0.02190305 0.99218750
vt 0.02190305 0.98925781
f 1338/7585 1345/7586 1346/7587
vt 0.08440305 0.98925781
vt 0.08440305 0.99218750
vt 0.08116739 0.99218750
f 1347/7588 1348/7589 1341/7590
vt 0.01866739 0.99218750
vt 0.02190305 0.98925781
vt 0.01866739 0.98925781
f 1338/7591 1346/7592 1339/7593
vt 0.08116739 0.98925781
vt 0.08440305 0.98925781
vt 0.08116739 0.99218750
f 1340/7594 1347/7595 1341/7596
vt 0.02190305 0.99218750
vt 0.02706271 0.99218750
vt 0.02706271 0.98925781
f 1345/7597 1349/7598 1350/7599
vt 0.08956271 0.98925781
vt 0.08956271 0.99218750
vt 0.08440305 0.99218750
f 1351/7600 1352/7601 1348/7602
vt 0.02190305 0.99218750
vt 0.02706271 0.98925781
vt 0.02190305 0.98925781
f 1345/7603 1350/7604 1346/7605
vt 0.08440305 0.98925781
vt 0.08956271 0.98925781
vt 0.08440305 0.99218750
f 1347/7606 1351/7607 1348/7608
vt 0.02706271 0.99218750
vt 0.03249877 0.99218750
vt 0.03249877 0.98925781
f 1349/7609 1353/7610 1354/7611
vt 0.09499877 0.98925781
vt 0.09499877 0.99218750
vt 0.08956271 0.99218750
f 1355/7612 1356/7613 1352/7614
vt 0.02706271 0.99218750
vt 0.03249877 0.98925781
vt 0.02706271 0.98925781
f 1349/7615 1354/7616 1350/7617
vt 0.08956271 0.98925781
vt 0.09499877 0.98925781
vt 0.08956271 0.99218750
f 1351/7618 1355/7619 1352/7620
vt 0.03249877 0.99218750
vt 0.03991102 0.99218750
vt 0.03991102 0.98925781
f 1353/7621 1357/7622 1358/7623
vt 0.10241102 0.98925781
vt 0.10241102 0.99218750
vt 0.09499877 0.99218750
f 1359/7624 1360/7625 1356/7626
vt 0.03249877 0.99218750
vt 0.03991102 0.98925781
vt 0.03249877 0.98925781
f 1353/7627 1358/7628 1354/7629
vt 0.09499877 0.98925781
vt 0.10241102 0.98925781
vt 0.09499877 0.99218750
f 1355/7630 1359/7631 1356/7632
vt 0.03991102 0.99218750
vt 0.04479212 0.99218750
vt 0.04479212 0.98925781
f 1357/7633 1361/7634 1362/7635
vt 0.10729212 0.98925781
vt 0.10729212 0.99218750
vt 0.10241102 0.99218750
f 1363/7636 1364/7637 1360/7638
vt 0.03991102 0.99218750
vt 0.04479212 0.98925781
vt 0.03991102 0.98925781
f 1357/7639 1362/7640 1358/7641
vt 0.10241102 0.98925781
vt 0.10729212 0.98925781
vt 0.10241102 0.99218750
f 1359/7642 1363/7643 1360/7644
vt 0.04479212 0.99218750
vt 0.04773886 0.99218750
vt 0.04773886 0.98925781
f 1361/7645 1365/7646 1366/7647
vt 0.11023886 0.98925781
vt 0.11023886 0.99218750
vt 0.10729212 0.99218750
f 1367/7648 1368/7649 1364/7650
vt 0.04479212 0.99218750
vt 0.04773886 0.98925781
vt 0.04479212 0.98925781
f 1361/7651 1366/7652 1362/7653
vt 0.10729212 0.98925781
vt 0.11023886 0.98925781
vt 0.10729212 0.99218750
f 1363/7654 1367/7655 1364/7656
vt 0.04773886 0.99218750
vt 0.05859375 0.99218750
vt 0.05859375 0.98925781
f 1365/7657 1369/7658 1370/7659
vt 0.12109375 0.98925781
vt 0.12109375 0.99218750
vt 0.11023886 0.99218750
f 1371/7660 1372/7661 1368/7662
vt 0.04773886 0.99218750
vt 0.05859375 0.98925781
vt 0.04773886 0.98925781
f 1365/7663 1370/7664 1366/7665
vt 0.11023886 0.98925781
vt 0.12109375 0.98925781
vt 0.11023886 0.99218750
f 1367/7666 1371/7667 1368/7668
vt 0.00781250 0.98925781
vt 0.01866739 0.98925781
vt 0.01866739 0.98574219
f 1343/7669 1339/7670 1373/7671
vt 0.08116739 0.98574219
vt 0.08116739 0.98925781
vt 0.07031250 0.98925781
f 1374/7672 1340/7673 1344/7674
vt 0.00781250 0.98925781
vt 0.01866739 0.98574219
vt 0.00781250 0.98574219
f 1343/7675 1373/7676 1375/7677
vt 0.07031250 0.98574219
vt 0.08116739 0.98574219
vt 0.07031250 0.98925781
f 1376/7678 1374/7679 1344/7680
vt 0.01866739 0.98925781
vt 0.02190305 0.98925781
vt 0.02190305 0.98574219
f 1339/7681 1346/7682 1377/7683
vt 0.08440305 0.98574219
vt 0.08440305 0.98925781
vt 0.08116739 0.98925781
f 1378/7684 1347/7685 1340/7686
vt 0.01866739 0.98925781
vt 0.02190305 0.98574219
vt 0.01866739 0.98574219
f 1339/7687 1377/7688 1373/7689
vt 0.08116739 0.98574219
vt 0.08440305 0.98574219
vt 0.08116739 0.98925781
f 1374/7690 1378/7691 1340/7692
vt 0.02190305 0.98925781
vt 0.02706271 0.98925781
vt 0.02706271 0.98574219
f 1346/7693 1350/7694 1379/7695
vt 0.08956271 0.98574219
vt 0.08956271 0.98925781
vt 0.08440305 0.98925781
f 1380/7696 1351/7697 1347/7698
vt 0.02190305 0.98925781
vt 0.02706271 0.98574219
vt 0.02190305 0.98574219
f 1346/7699 1379/7700 1377/7701
vt 0.08440305 0.98574219
vt 0.08956271 0.98574219
vt 0.08440305 0.98925781
f 1378/7702 1380/7703 1347/7704
vt 0.02706271 0.98925781
vt 0.03249877 0.98925781
vt 0.03249877 0.98574219
f 1350/7705 1354/7706 1381/7707
vt 0.09499877 0.98574219
vt 0.09499877 0.98925781
vt 0.08956271 0.98925781
f 1382/7708 1355/7709 1351/7710
vt 0.02706271 0.98925781
vt 0.03249877 0.98574219
vt 0.02706271 0.98574219
f 1350/7711 1381/7712 1379/7713
vt 0.08956271 0.98574219
vt 0.09499877 0.98574219
vt 0.08956271 0.98925781
f 1380/7714 1382/7715 1351/7716
vt 0.03249877 0.98925781
vt 0.03991102 0.98925781
vt 0.03991102 0.98574219
f 1354/7717 1358/7718 1383/7719
vt 0.10241102 0.98574219
vt 0.10241102 0.98925781
vt 0.09499877 0.98925781
f 1384/7720 1359/7721 1355/7722
vt 0.03249877 0.98925781
vt 0.03991102 0.98574219
vt 0.03249877 0.98574219
f 1354/7723 1383/7724 1381/7725
vt 0.09499877 0.98574219
vt 0.10241102 0.98574219
vt 0.09499877 0.98925781
f 1382/7726 1384/7727 1355/7728
vt 0.03991102 0.98925781
vt 0.04479212 0.98925781
vt 0.04479212 0.98574219
f 1358/7729 1362/7730 1385/7731
vt 0.10729212 0.98574219
vt 0.10729212 0.98925781
vt 0.10241102 0.98925781
f 1386/7732 1363/7733 1359/7734
vt 0.03991102 0.98925781
vt 0.04479212 0.98574219
vt 0.03991102 0.98574219
f 1358/7735 1385/7736 1383/7737
vt 0.10241102 0.98574219
vt 0.10729212 0.98574219
vt 0.10241102 0.98925781
f 1384/7738 1386/7739 1359/7740
vt 0.04479212 0.98925781
vt 0.04773886 0.98925781
vt 0.04773886 0.98574219
f 1362/7741 1366/7742 1387/7743
vt 0.11023886 0.98574219
vt 0.11023886 0.98925781
vt 0.10729212 0.98925781
f 1388/7744 1367/7745 1363/7746
vt 0.04479212 0.98925781
vt 0.04773886 0.98574219
vt 0.04479212 0.98574219
f 1362/7747 1387/7748 1385/7749
vt 0.10729212 0.98574219
vt 0.11023886 0.98574219
vt 0.10729212 0.98925781
f 1386/7750 1388/7751 1363/7752
vt 0.04773886 0.98925781
vt 0.05859375 0.98925781
vt 0.05859375 0.98574219
f 1366/7753 1370/7754 1389/7755
vt 0.12109375 0.98574219
vt 0.12109375 0.98925781
vt 0.11023886 0.98925781
f 1390/7756 1371/7757 1367/7758
vt 0.04773886 0.98925781
vt 0.05859375 0.98574219
vt 0.04773886 0.98574219
f 1366/7759 1389/7760 1387/7761
vt 0.11023886 0.98574219
vt 0.12109375 0.98574219
vt 0.11023886 0.98925781
f 1388/7762 1390/7763 1367/7764
vt 0.00781250 0.98574219
vt 0.01866739 0.98574219
vt 0.01866739 0.98437500
f 1375/7765 1373/7766 1391/7767
vt 0.08116739 0.98437500
vt 0.08116739 0.98574219
vt 0.07031250 0.98574219
f 1392/7768 1374/7769 1376/7770
vt 0.00781250 0.98574219
vt 0.01866739 0.98437500
vt 0.00781250 0.98437500
f 1375/7771 1391/7772 1393/7773
vt 0.07031250 0.98437500
vt 0.08116739 0.98437500
vt 0.07031250 0.98574219
f 1394/7774 1392/7775 1376/7776
vt 0.01866739 0.98574219
vt 0.02190305 0.98574219
vt 0.02190305 0.98437500
f 1373/7777 1377/7778 1395/7779
vt 0.08440305 0.98437500
vt 0.08440305 0.98574219
vt 0.08116739 0.98574219
f 1396/7780 1378/7781 1374/7782
vt 0.01866739 0.98574219
vt 0.02190305 0.98437500
vt 0.01866739 0.98437500
f 1373/7783 1395/7784 1391/7785
vt 0.08116739 0.98437500
vt 0.08440305 0.98437500
vt 0.08116739 0.98574219
f 1392/7786 1396/7787 1374/7788
vt 0.02190305 0.98574219
vt 0.02706271 0.98574219
vt 0.02706271 0.98437500
f 1377/7789 1379/7790 1397/7791
vt 0.08956271 0.98437500
vt 0.08956271 0.98574219
vt 0.08440305 0.98574219
f 1398/7792 1380/7793 1378/7794
vt 0.02190305 0.98574219
vt 0.02706271 0.98437500
vt 0.02190305 0.98437500
f 1377/7795 1397/7796 1395/7797
vt 0.08440305 0.98437500
vt 0.08956271 0.98437500
vt 0.08440305 0.98574219
f 1396/7798 1398/7799 1378/7800
vt 0.02706271 0.98574219
vt 0.03249877 0.98574219
vt 0.03249877 0.98437500
f 1379/7801 1381/7802 1399/7803
vt 0.09499877 0.98437500
vt 0.09499877 0.98574219
vt 0.08956271 0.98574219
f 1400/7804 1382/7805 1380/7806
vt 0.02706271 0.98574219
vt 0.03249877 0.98437500
vt 0.02706271 0.98437500
f 1379/7807 1399/7808 1397/7809
vt 0.08956271 0.98437500
vt 0.09499877 0.98437500
vt 0.08956271 0.98574219
f 1398/7810 1400/7811 1380/7812
vt 0.03249877 0.98574219
vt 0.03991102 0.98574219
vt 0.03991102 0.98437500
f 1381/7813 1383/7814 1401/7815
vt 0.10241102 0.98437500
vt 0.10241102 0.98574219
vt 0.09499877 0.98574219
f 1402/7816 1384/7817 1382/7818
vt 0.03249877 0.98574219
vt 0.03991102 0.98437500
vt 0.03249877 0.98437500
f 1381/7819 1401/7820 1399/7821
vt 0.09499877 0.98437500
vt 0.10241102 0.98437500
vt 0.09499877 0.98574219
f 1400/7822 1402/7823 1382/7824
vt 0.03991102 0.98574219
vt 0.04479212 0.98574219
vt 0.04479212 0.98437500
f 1383/7825 1385/7826 1403/7827
vt 0.10729212 0.98437500
vt 0.10729212 0.98574219
vt 0.10241102 0.98574219
f 1404/7828 1386/7829 1384/7830
vt 0.03991102 0.98574219
vt 0.04479212 0.98437500
vt 0.03991102 0.98437500
f 1383/7831 1403/7832 1401/7833
vt 0.10241102 0.98437500
vt 0.10729212 0.98437500
vt 0.10241102 0.98574219
f 1402/7834 1404/7835 1384/7836
vt 0.04479212 0.98574219
vt 0.04773886 0.98574219
vt 0.04773886 0.98437500
f 1385/7837 1387/7838 1405/7839
vt 0.11023886 0.98437500
vt 0.11023886 0.98574219
vt 0.10729212 0.98574219
f 1406/7840 1388/7841 1386/7842
vt 0.04479212 0.98574219
vt 0.04773886 0.98437500
vt 0.04479212 0.98437500
f 1385/7843 1405/7844 1403/7845
vt 0.10729212 0.98437500
vt 0.11023886 0.98437500
vt 0.10729212 0.98574219
f 1404/7846 1406/7847 1386/7848
vt 0.04773886 0.98574219
vt 0.05859375 0.98574219
vt 0.05859375 0.98437500
f 1387/7849 1389/7850 1407/7851
vt 0.12109375 0.98437500
vt 0.12109375 0.98574219
vt 0.11023886 0.98574219
f 1408/7852 1390/7853 1388/7854
vt 0.04773886 0.98574219
vt 0.05859375 0.98437500
vt 0.04773886 0.98437500
f 1387/7855 1407/7856 1405/7857
vt 0.11023886 0.98437500
vt 0.12109375 0.98437500
vt 0.11023886 0.98574219
f 1406/7858 1408/7859 1388/7860
vt 0.13281250 0.99218750
vt 0.13671875 0.99218750
vt 0.13281250 0.98828125
f 1338/7861 1337/7862 1342/7863
vt 0.13281250 0.99218750
vt 0.13671875 0.99218750
vt 0.13281250 0.98828125
f 1338/7864 1342/7865 1341/7866
vt 0.13281250 0.99218750
vt 0.13671875 0.99218750
vt 0.13281250 0.98828125
f 1337/7867 1343/7868 1344/7869
vt 0.13281250 0.99218750
vt 0.13671875 0.99218750
vt 0.13281250 0.98828125
f 1337/7870 1344/7871 1342/7872
vt 0.13281250 0.99218750
vt 0.13671875 0.99218750
vt 0.13281250 0.98828125
f 1345/7873 1338/7874 1341/7875
vt 0.13281250 0.99218750
vt 0.13671875 0.99218750
vt 0.13281250 0.98828125
f 1345/7876 1341/7877 1348/7878
vt 0.13281250 0.99218750
vt 0.13671875 0.99218750
vt 0.13281250 0.98828125
f 1349/7879 1345/7880 1348/7881
vt 0.13281250 0.99218750
vt 0.13671875 0.99218750
vt 0.13281250 0.98828125
f 1349/7882 1348/7883 1352/7884
vt 0.13281250 0.99218750
vt 0.13671875 0.99218750
vt 0.13281250 0.98828125
f 1353/7885 1349/7886 1352/7887
vt 0.13281250 0.99218750
vt 0.13671875 0.99218750
vt 0.13281250 0.98828125
f 1353/7888 1352/7889 1356/7890
vt 0.13281250 0.99218750
vt 0.13671875 0.99218750
vt 0.13281250 0.98828125
f 1357/7891 1353/7892 1356/7893
vt 0.13281250 0.99218750
vt 0.13671875 0.99218750
vt 0.13281250 0.98828125
f 1357/7894 1356/7895 1360/7896
vt 0.13281250 0.99218750
vt 0.13671875 0.99218750
vt 0.13281250 0.98828125
f 1361/7897 1357/7898 1360/7899
vt 0.13281250 0.99218750
vt 0.13671875 0.99218750
vt 0.13281250 0.98828125
f 1361/7900 1360/7901 1364/7902
vt 0.13281250 0.99218750
vt 0.13671875 0.99218750
vt 0.13281250 0.98828125
f 1365/7903 1361/7904 1364/7905
vt 0.13281250 0.99218750
vt 0.13671875 0.99218750
vt 0.13281250 0.98828125
f 1365/7906 1364/7907 1368/7908
vt 0.13281250 0.99218750
vt 0.13671875 0.99218750
vt 0.13281250 0.98828125
f 1369/7909 1365/7910 1368/7911
vt 0.13281250 0.99218750
vt 0.13671875 0.99218750
vt 0.13281250 0.98828125
f 1369/7912 1368/7913 1372/7914
vt 0.13281250 0.99218750
vt 0.13671875 0.99218750
vt 0.13281250 0.98828125
f 1370/7915 1369/7916 1372/7917
vt 0.13281250 0.99218750
vt 0.13671875 0.99218750
vt 0.13281250 0.98828125
f 1370/7918 1372/7919 1371/7920
vt 0.13281250 0.99218750
vt 0.13671875 0.99218750
vt 0.13281250 0.98828125
f 1343/7921 1375/7922 1376/7923
vt 0.13281250 0.99218750
vt 0.13671875 0.99218750
vt 0.13281250 0.98828125
f 1343/7924 1376/7925 1344/7926
vt 0.13281250 0.99218750
vt 0.13671875 0.99218750
vt 0.13281250 0.98828125
f 1389/7927 1370/7928 1371/7929
vt 0.13281250 0.99218750
vt 0.13671875 0.99218750
vt 0.13281250 0.98828125
f 1389/7930 1371/7931 1390/7932
vt 0.13281250 0.99218750
vt 0.13671875 0.99218750
vt 0.13281250 0.98828125
f 1393/7933 1391/7934 1392/7935
vt 0.13281250 0.99218750
vt 0.13671875 0.99218750
vt 0.13281250 0.98828125
f 1393/7936 1392/7937 1394/7938
vt 0.13281250 0.99218750
vt 0.13671875 0.99218750
vt 0.13281250 0.98828125
f 1375/7939 1393/7940 1394/7941
vt 0.13281250 0.99218750
vt 0.13671875 0.99218750
vt 0.13281250 0.98828125
f 1375/7942 1394/7943 1376/7944
vt 0.13281250 0.99218750
vt 0.13671875 0.99218750
vt 0.13281250 0.98828125
f 1391/7945 1395/7946 1396/7947
vt 0.13281250 0.99218750
vt 0.13671875 0.99218750
vt 0.13281250 0.98828125
f 1391/7948 1396/7949 1392/7950
vt 0.13281250 0.99218750
vt 0.13671875 0.99218750
vt 0.13281250 0.98828125
f 1395/7951 1397/7952 1398/7953
vt 0.13281250 0.99218750
vt 0.13671875 0.99218750
vt 0.13281250 0.98828125
f 1395/7954 1398/7955 1396/7956
vt 0.13281250 0.99218750
vt 0.13671875 0.99218750
vt 0.13281250 0.98828125
f 1397/7957 1399/7958 1400/7959
vt 0.13281250 0.99218750
vt 0.13671875 0.99218750
vt 0.13281250 0.98828125
f 1397/7960 1400/7961 1398/7962
vt 0.13281250 0.99218750
vt 0.13671875 0.99218750
vt 0.13281250 0.98828125
f 1399/7963 1401/7964 1402/7965
vt 0.13281250 0.99218750
vt 0.13671875 0.99218750
vt 0.13281250 0.98828125
f 1399/7966 1402/7967 1400/7968
vt 0.13281250 0.99218750
vt 0.13671875 0.99218750
vt 0.13281250 0.98828125
f 1401/7969 1403/7970 1404/7971
vt 0.13281250 0.99218750
vt 0.13671875 0.99218750
vt 0.13281250 0.98828125
f 1401/7972 1404/7973 1402/7974
vt 0.13281250 0.99218750
vt 0.13671875 0.99218750
vt 0.13281250 0.98828125
f 1403/7975 1405/7976 1406/7977
vt 0.13281250 0.99218750
vt 0.13671875 0.99218750
vt 0.13281250 0.98828125
f 1403/7978 1406/7979 1404/7980
vt 0.13281250 0.99218750
vt 0.13671875 0.99218750
vt 0.13281250 0.98828125
f 1407/7981 1389/7982 1390/7983
vt 0.13281250 0.99218750
vt 0.13671875 0.99218750
vt 0.13281250 0.98828125
f 1407/7984 1390/7985 1408/7986
vt 0.13281250 0.99218750
vt 0.13671875 0.99218750
vt 0.13281250 0.98828125
f 1405/7987 1407/7988 1408/7989
vt 0.13281250 0.99218750
vt 0.13671875 0.99218750
vt 0.13281250 0.98828125
f 1405/7990 1408/7991 1406/7992
vt 0.55468750 0.99218750
vt 0.55646481 0.99218750
vt 0.55646481 0.98828125
f 1409/7993 1410/7994 1411/7995
vt 0.57599606 0.98828125
vt 0.57599606 0.99218750
vt 0.57421875 0.99218750
f 1412/7996 1413/7997 1414/7998
vt 0.55468750 0.99218750
vt 0.55646481 0.98828125
vt 0.55468750 0.98828125
f 1409/7999 1411/8000 1415/8001
vt 0.57421875 0.98828125
vt 0.57599606 0.98828125
vt 0.57421875 0.99218750
f 1416/8002 1412/8003 1414/8004
vt 0.55646481 0.99218750
vt 0.55838667 0.99218750
vt 0.55838667 0.98828125
f 1410/8005 1417/8006 1418/8007
vt 0.57791792 0.98828125
vt 0.57791792 0.99218750
vt 0.57599606 0.99218750
f 1419/8008 1420/8009 1413/8010
vt 0.55646481 0.99218750
vt 0.55838667 0.98828125
vt 0.55646481 0.98828125
f 1410/8011 1418/8012 1411/8013
vt 0.57599606 0.98828125
vt 0.57791792 0.98828125
vt 0.57599606 0.99218750
f 1412/8014 1419/8015 1413/8016
vt 0.55838667 0.99218750
vt 0.56035834 0.99218750
vt 0.56035834 0.98828125
f 1417/8017 1421/8018 1422/8019
vt 0.57988959 0.98828125
vt 0.57988959 0.99218750
vt 0.57791792 0.99218750
f 1423/8020 1424/8021 1420/8022
vt 0.55838667 0.99218750
vt 0.56035834 0.98828125
vt 0.55838667 0.98828125
f 1417/8023 1422/8024 1418/8025
vt 0.57791792 0.98828125
vt 0.57988959 0.98828125
vt 0.57791792 0.99218750
f 1419/8026 1423/8027 1420/8028
vt 0.56035834 0.99218750
vt 0.56250000 0.99218750
vt 0.56250000 0.98828125
f 1421/8029 1425/8030 1426/8031
vt 0.58203125 0.98828125
vt 0.58203125 0.99218750
vt 0.57988959 0.99218750
f 1427/8032 1428/8033 1424/8034
vt 0.56035834 0.99218750
vt 0.56250000 0.98828125
vt 0.56035834 0.98828125
f 1421/8035 1426/8036 1422/8037
vt 0.57988959 0.98828125
vt 0.58203125 0.98828125
vt 0.57988959 0.99218750
f 1423/8038 1427/8039 1424/8040
vt 0.55468750 0.98828125
vt 0.55646481 0.98828125
vt 0.55646481 0.98242188
f 1415/8041 1411/8042 1429/8043
vt 0.57599606 0.98242188
vt 0.57599606 0.98828125
vt 0.57421875 0.98828125
f 1430/8044 1412/8045 1416/8046
vt 0.55468750 0.98828125
vt 0.55646481 0.98242188
vt 0.55468750 0.98242188
f 1415/8047 1429/8048 1431/8049
vt 0.57421875 0.98242188
vt 0.57599606 0.98242188
vt 0.57421875 0.98828125
f 1432/8050 1430/8051 1416/8052
vt 0.55646481 0.98828125
vt 0.55838667 0.98828125
vt 0.55838667 0.98242188
f 1411/8053 1418/8054 1433/8055
vt 0.57791792 0.98242188
vt 0.57791792 0.98828125
vt 0.57599606 0.98828125
f 1434/8056 1419/8057 1412/8058
vt 0.55646481 0.98828125
vt 0.55838667 0.98242188
vt 0.55646481 0.98242188
f 1411/8059 1433/8060 1429/8061
vt 0.57599606 0.98242188
vt 0.57791792 0.98242188
vt 0.57599606 0.98828125
f 1430/8062 1434/8063 1412/8064
vt 0.55838667 0.98828125
vt 0.56035834 0.98828125
vt 0.56035834 0.98242188
f 1418/8065 1422/8066 1435/8067
vt 0.57988959 0.98242188
vt 0.57988959 0.98828125
vt 0.57791792 0.98828125
f 1436/8068 1423/8069 1419/8070
vt 0.55838667 0.98828125
vt 0.56035834 0.98242188
vt 0.55838667 0.98242188
f 1418/8071 1435/8072 1433/8073
vt 0.57791792 0.98242188
vt 0.57988959 0.98242188
vt 0.57791792 0.98828125
f 1434/8074 1436/8075 1419/8076
vt 0.56035834 0.98828125
vt 0.56250000 0.98828125
vt 0.56250000 0.98242188
f 1422/8077 1426/8078 1437/8079
vt 0.58203125 0.98242188
vt 0.58203125 0.98828125
vt 0.57988959 0.98828125
f 1438/8080 1427/8081 1423/8082
vt 0.56035834 0.98828125
vt 0.56250000 0.98242188
vt 0.56035834 0.98242188
f 1422/8083 1437/8084 1435/8085
vt 0.57988959 0.98242188
vt 0.58203125 0.98242188
vt 0.57988959 0.98828125
f 1436/8086 1438/8087 1423/8088
vt 0.55468750 0.98242188
vt 0.55646481 0.98242188
vt 0.55646481 0.97460938
f 1431/8089 1429/8090 1439/8091
vt 0.57599606 0.97460938
vt 0.57599606 0.98242188
vt 0.57421875 0.98242188
f 1440/8092 1430/8093 1432/8094
vt 0.55468750 0.98242188
vt 0.55646481 0.97460938
vt 0.55468750 0.97460938
f 1431/8095 1439/8096 1441/8097
vt 0.57421875 0.97460938
vt 0.57599606 0.97460938
vt 0.57421875 0.98242188
f 1442/8098 1440/8099 1432/8100
vt 0.55646481 0.98242188
vt 0.55838667 0.98242188
vt 0.55838667 0.97460938
f 1429/8101 1433/8102 1443/8103
vt 0.57791792 0.97460938
vt 0.57791792 0.98242188
vt 0.57599606 0.98242188
f 1444/8104 1434/8105 1430/8106
vt 0.55646481 0.98242188
vt 0.55838667 0.97460938
vt 0.55646481 0.97460938
f 1429/8107 1443/8108 1439/8109
vt 0.57599606 0.97460938
vt 0.57791792 0.97460938
vt 0.57599606 0.98242188
f 1440/8110 1444/8111 1430/8112
vt 0.55838667 0.98242188
vt 0.56035834 0.98242188
vt 0.56035834 0.97460938
f 1433/8113 1435/8114 1445/8115
vt 0.57988959 0.97460938
vt 0.57988959 0.98242188
vt 0.57791792 0.98242188
f 1446/8116 1436/8117 1434/8118
vt 0.55838667 0.98242188
vt 0.56035834 0.97460938
vt 0.55838667 0.97460938
f 1433/8119 1445/8120 1443/8121
vt 0.57791792 0.97460938
vt 0.57988959 0.97460938
vt 0.57791792 0.98242188
f 1444/8122 1446/8123 1434/8124
vt 0.56035834 0.98242188
vt 0.56250000 0.98242188
vt 0.56250000 0.97460938
f 1435/8125 1437/8126 1447/8127
vt 0.58203125 0.97460938
vt 0.58203125 0.98242188
vt 0.57988959 0.98242188
f 1448/8128 1438/8129 1436/8130
vt 0.56035834 0.98242188
vt 0.56250000 0.97460938
vt 0.56035834 0.97460938
f 1435/8131 1447/8132 1445/8133
vt 0.57988959 0.97460938
vt 0.58203125 0.97460938
vt 0.57988959 0.98242188
f 1446/8134 1448/8135 1436/8136
vt 0.59375000 0.99218750
vt 0.59765625 0.99218750
vt 0.59375000 0.98828125
f 1410/8137 1409/8138 1414/8139
vt 0.59375000 0.99218750
vt 0.59765625 0.99218750
vt 0.59375000 0.98828125
f 1410/8140 1414/8141 1413/8142
vt 0.59375000 0.99218750
vt 0.59765625 0.99218750
vt 0.59375000 0.98828125
f 1409/8143 1415/8144 1416/8145
vt 0.59375000 0.99218750
vt 0.59765625 0.99218750
vt 0.59375000 0.98828125
f 1409/8146 1416/8147 1414/8148
vt 0.59375000 0.99218750
vt 0.59765625 0.99218750
vt 0.59375000 0.98828125
f 1417/8149 1410/8150 1413/8151
vt 0.59375000 0.99218750
vt 0.59765625 0.99218750
vt 0.59375000 0.98828125
f 1417/8152 1413/8153 1420/8154
vt 0.59375000 0.99218750
vt 0.59765625 0.99218750
vt 0.59375000 0.98828125
f 1421/8155 1417/8156 1420/8157
vt 0.59375000 0.99218750
vt 0.59765625 0.99218750
vt 0.59375000 0.98828125
f 1421/8158 1420/8159 1424/8160
vt 0.59375000 0.99218750
vt 0.59765625 0.99218750
vt 0.59375000 0.98828125
f 1425/8161 1421/8162 1424/8163
vt 0.59375000 0.99218750
vt 0.59765625 0.99218750
vt 0.59375000 0.98828125
f 1425/8164 1424/8165 1428/8166
vt 0.59375000 0.99218750
vt 0.59765625 0.99218750
vt 0.59375000 0.98828125
f 1426/8167 1425/8168 1428/8169
vt 0.59375000 0.99218750
vt 0.59765625 0.99218750
vt 0.59375000 0.98828125
f 1426/8170 1428/8171 1427/8172
vt 0.59375000 0.99218750
vt 0.59765625 0.99218750
vt 0.59375000 0.98828125
f 1415/8173 1431/8174 1432/8175
vt 0.59375000 0.99218750
vt 0.59765625 0.99218750
vt 0.59375000 0.98828125
f 1415/8176 1432/8177 1416/8178
vt 0.59375000 0.99218750
vt 0.59765625 0.99218750
vt 0.59375000 0.98828125
f 1437/8179 1426/8180 1427/8181
vt 0.59375000 0.99218750
vt 0.59765625 0.99218750
vt 0.59375000 0.98828125
f 1437/8182 1427/8183 1438/8184
vt 0.59375000 0.99218750
vt 0.59765625 0.99218750
vt 0.59375000 0.98828125
f 1441/8185 1439/8186 1440/8187
vt 0.59375000 0.99218750
vt 0.59765625 0.99218750
vt 0.59375000 0.98828125
f 1441/8188 1440/8189 1442/8190
vt 0.59375000 0.99218750
vt 0.59765625 0.99218750
vt 0.59375000 0.98828125
f 1431/8191 1441/8192 1442/8193
vt 0.59375000 0.99218750
vt 0.59765625 0.99218750
vt 0.59375000 0.98828125
f 1431/8194 1442/8195 1432/8196
vt 0.59375000 0.99218750
vt 0.59765625 0.99218750
vt 0.59375000 0.98828125
f 1439/8197 1443/8198 1444/8199
vt 0.59375000 0.99218750
vt 0.59765625 0.99218750
vt 0.59375000 0.98828125
f 1439/8200 1444/8201 1440/8202
vt 0.59375000 0.99218750
vt 0.59765625 0.99218750
vt 0.59375000 0.98828125
f 1443/8203 1445/8204 1446/8205
vt 0.59375000 0.99218750
vt 0.59765625 0.99218750
vt 0.59375000 0.98828125
f 1443/8206 1446/8207 1444/8208
vt 0.59375000 0.99218750
vt 0.59765625 0.99218750
vt 0.59375000 0.98828125
f 1447/8209 1437/8210 1438/8211
vt 0.59375000 0.99218750
vt 0.59765625 0.99218750
vt 0.59375000 0.98828125
f 1447/8212 1438/8213 1448/8214
vt 0.59375000 0.99218750
vt 0.59765625 0.99218750
vt 0.59375000 0.98828125
f 1445/8215 1447/8216 1448/8217
vt 0.59375000 0.99218750
vt 0.59765625 0.99218750
vt 0.59375000 0.98828125
f 1445/8218 1448/8219 1446/8220
vt 0.60937500 0.99218750
vt 0.61129171 0.99218750
vt 0.61129171 0.98828125
f 1449/8221 1450/8222 1451/8223
vt 0.63082296 0.98828125
vt 0.63082296 0.99218750
vt 0.62890625 0.99218750
f 1452/8224 1453/8225 1454/8226
vt 0.60937500 0.99218750
vt 0.61129171 0.98828125
vt 0.60937500 0.98828125
f 1449/8227 1451/8228 1455/8229
vt 0.62890625 0.98828125
vt 0.63082296 0.98828125
vt 0.62890625 0.99218750
f 1456/8230 1452/8231 1454/8232
vt 0.61129171 0.99218750
vt 0.61321926 0.99218750
vt 0.61321926 0.98828125
f 1450/8233 1457/8234 1458/8235
vt 0.63275051 0.98828125
vt 0.63275051 0.99218750
vt 0.63082296 0.99218750
f 1459/8236 1460/8237 1453/8238
vt 0.61129171 0.99218750
vt 0.61321926 0.98828125
vt 0.61129171 0.98828125
f 1450/8239 1458/8240 1451/8241
vt 0.63082296 0.98828125
vt 0.63275051 0.98828125
vt 0.63082296 0.99218750
f 1452/8242 1459/8243 1453/8244
vt 0.61321926 0.99218750
vt 0.61526493 0.99218750
vt 0.61526493 0.98828125
f 1457/8245 1461/8246 1462/8247
vt 0.63479618 0.98828125
vt 0.63479618 0.99218750
vt 0.63275051 0.99218750
f 1463/8248 1464/8249 1460/8250
vt 0.61321926 0.99218750
vt 0.61526493 0.98828125
vt 0.61321926 0.98828125
f 1457/8251 1462/8252 1458/8253
vt 0.63275051 0.98828125
vt 0.63479618 0.98828125
vt 0.63275051 0.99218750
f 1459/8254 1463/8255 1460/8256
vt 0.61526493 0.99218750
vt 0.61718750 0.99218750
vt 0.61718750 0.98828125
f 1461/8257 1465/8258 1466/8259
vt 0.63671875 0.98828125
vt 0.63671875 0.99218750
vt 0.63479618 0.99218750
f 1467/8260 1468/8261 1464/8262
vt 0.61526493 0.99218750
vt 0.61718750 0.98828125
vt 0.61526493 0.98828125
f 1461/8263 1466/8264 1462/8265
vt 0.63479618 0.98828125
vt 0.63671875 0.98828125
vt 0.63479618 0.99218750
f 1463/8266 1467/8267 1464/8268
vt 0.60937500 0.98828125
vt 0.61129171 0.98828125
vt 0.61129171 0.98242188
f 1455/8269 1451/8270 1469/8271
vt 0.63082296 0.98242188
vt 0.63082296 0.98828125
vt 0.62890625 0.98828125
f 1470/8272 1452/8273 1456/8274
vt 0.60937500 0.98828125
vt 0.61129171 0.98242188
vt 0.60937500 0.98242188
f 1455/8275 1469/8276 1471/8277
vt 0.62890625 0.98242188
vt 0.63082296 0.98242188
vt 0.62890625 0.98828125
f 1472/8278 1470/8279 1456/8280
vt 0.61129171 0.98828125
vt 0.61321926 0.98828125
vt 0.61321926 0.98242188
f 1451/8281 1458/8282 1473/8283
vt 0.63275051 0.98242188
vt 0.63275051 0.98828125
vt 0.63082296 0.98828125
f 1474/8284 1459/8285 1452/8286
vt 0.61129171 0.98828125
vt 0.61321926 0.98242188
vt 0.61129171 0.98242188
f 1451/8287 1473/8288 1469/8289
vt 0.63082296 0.98242188
vt 0.63275051 0.98242188
vt 0.63082296 0.98828125
f 1470/8290 1474/8291 1452/8292
vt 0.61321926 0.98828125
vt 0.61526493 0.98828125
vt 0.61526493 0.98242188
f 1458/8293 1462/8294 1475/8295
vt 0.63479618 0.98242188
vt 0.63479618 0.98828125
vt 0.63275051 0.98828125
f 1476/8296 1463/8297 1459/8298
vt 0.61321926 0.98828125
vt 0.61526493 0.98242188
vt 0.61321926 0.98242188
f 1458/8299 1475/8300 1473/8301
vt 0.63275051 0.98242188
vt 0.63479618 0.98242188
vt 0.63275051 0.98828125
f 1474/8302 1476/8303 1459/8304
vt 0.61526493 0.98828125
vt 0.61718750 0.98828125
vt 0.61718750 0.98242188
f 1462/8305 1466/8306 1477/8307
vt 0.63671875 0.98242188
vt 0.63671875 0.98828125
vt 0.63479618 0.98828125
f 1478/8308 1467/8309 1463/8310
vt 0.61526493 0.98828125
vt 0.61718750 0.98242188
vt 0.61526493 0.98242188
f 1462/8311 1477/8312 1475/8313
vt 0.63479618 0.98242188
vt 0.63671875 0.98242188
vt 0.63479618 0.98828125
f 1476/8314 1478/8315 1463/8316
vt 0.60937500 0.98242188
vt 0.61129171 0.98242188
vt 0.61129171 0.97460938
f 1471/8317 1469/8318 1479/8319
vt 0.63082296 0.97460938
vt 0.63082296 0.98242188
vt 0.62890625 0.98242188
f 1480/8320 1470/8321 1472/8322
vt 0.60937500 0.98242188
vt 0.61129171 0.97460938
vt 0.60937500 0.97460938
f 1471/8323 1479/8324 1481/8325
vt 0.62890625 0.97460938
vt 0.63082296 0.97460938
vt 0.62890625 0.98242188
f 1482/8326 1480/8327 1472/8328
vt 0.61129171 0.98242188
vt 0.61321926 0.98242188
vt 0.61321926 0.97460938
f 1469/8329 1473/8330 1483/8331
vt 0.63275051 0.97460938
vt 0.63275051 0.98242188
vt 0.63082296 0.98242188
f 1484/8332 1474/8333 1470/8334
vt 0.61129171 0.98242188
vt 0.61321926 0.97460938
vt 0.61129171 0.97460938
f 1469/8335 1483/8336 1479/8337
vt 0.63082296 0.97460938
vt 0.63275051 0.97460938
vt 0.63082296 0.98242188
f 1480/8338 1484/8339 1470/8340
vt 0.61321926 0.98242188
vt 0.61526493 0.98242188
vt 0.61526493 0.97460938
f 1473/8341 1475/8342 1485/8343
vt 0.63479618 0.97460938
vt 0.63479618 0.98242188
vt 0.63275051 0.98242188
f 1486/8344 1476/8345 1474/8346
vt 0.61321926 0.98242188
vt 0.61526493 0.97460938
vt 0.61321926 0.97460938
f 1473/8347 1485/8348 1483/8349
vt 0.63275051 0.97460938
vt 0.63479618 0.97460938
vt 0.63275051 0.98242188
f 1484/8350 1486/8351 1474/8352
vt 0.61526493 0.98242188
vt 0.61718750 0.98242188
vt 0.61718750 0.97460938
f 1475/8353 1477/8354 1487/8355
vt 0.63671875 0.97460938
vt 0.63671875 0.98242188
vt 0.63479618 0.98242188
f 1488/8356 1478/8357 1476/8358
vt 0.61526493 0.98242188
vt 0.61718750 0.97460938
vt 0.61526493 0.97460938
f 1475/8359 1487/8360 1485/8361
vt 0.63479618 0.97460938
vt 0.63671875 0.97460938
vt 0.63479618 0.98242188
f 1486/8362 1488/8363 1476/8364
vt 0.64843750 0.99218750
vt 0.65234375 0.99218750
vt 0.64843750 0.98828125
f 1450/8365 1449/8366 1454/8367
vt 0.64843750 0.99218750
vt 0.65234375 0.99218750
vt 0.64843750 0.98828125
f 1450/8368 1454/8369 1453/8370
vt 0.64843750 0.99218750
vt 0.65234375 0.99218750
vt 0.64843750 0.98828125
f 1449/8371 1455/8372 1456/8373
vt 0.64843750 0.99218750
vt 0.65234375 0.99218750
vt 0.64843750 0.98828125
f 1449/8374 1456/8375 1454/8376
vt 0.64843750 0.99218750
vt 0.65234375 0.99218750
vt 0.64843750 0.98828125
f 1457/8377 1450/8378 1453/8379
vt 0.64843750 0.99218750
vt 0.65234375 0.99218750
vt 0.64843750 0.98828125
f 1457/8380 1453/8381 1460/8382
vt 0.64843750 0.99218750
vt 0.65234375 0.99218750
vt 0.64843750 0.98828125
f 1461/8383 1457/8384 1460/8385
vt 0.64843750 0.99218750
vt 0.65234375 0.99218750
vt 0.64843750 0.98828125
f 1461/8386 1460/8387 1464/8388
vt 0.64843750 0.99218750
vt 0.65234375 0.99218750
vt 0.64843750 0.98828125
f 1465/8389 1461/8390 1464/8391
vt 0.64843750 0.99218750
vt 0.65234375 0.99218750
vt 0.64843750 0.98828125
f 1465/8392 1464/8393 1468/8394
vt 0.64843750 0.99218750
vt 0.65234375 0.99218750
vt 0.64843750 0.98828125
f 1466/8395 1465/8396 1468/8397
vt 0.64843750 0.99218750
vt 0.65234375 0.99218750
vt 0.64843750 0.98828125
f 1466/8398 1468/8399 1467/8400
vt 0.64843750 0.99218750
vt 0.65234375 0.99218750
vt 0.64843750 0.98828125
f 1455/8401 1471/8402 1472/8403
vt 0.64843750 0.99218750
vt 0.65234375 0.99218750
vt 0.64843750 0.98828125
f 1455/8404 1472/8405 1456/8406
vt 0.64843750 0.99218750
vt 0.65234375 0.99218750
vt 0.64843750 0.98828125
f 1477/8407 1466/8408 1467/8409
vt 0.64843750 0.99218750
vt 0.65234375 0.99218750
vt 0.64843750 0.98828125
f 1477/8410 1467/8411 1478/8412
vt 0.64843750 0.99218750
vt 0.65234375 0.99218750
vt 0.64843750 0.98828125
f 1481/8413 1479/8414 1480/8415
vt 0.64843750 0.99218750
vt 0.65234375 0.99218750
vt 0.64843750 0.98828125
f 1481/8416 1480/8417 1482/8418
vt 0.64843750 0.99218750
vt 0.65234375 0.99218750
vt 0.64843750 0.98828125
f 1471/8419 1481/8420 1482/8421
vt 0.64843750 0.99218750
vt 0.65234375 0.99218750
vt 0.64843750 0.98828125
f 1471/8422 1482/8423 1472/8424
vt 0.64843750 0.99218750
vt 0.65234375 0.99218750
vt 0.64843750 0.98828125
f 1479/8425 1483/8426 1484/8427
vt 0.64843750 0.99218750
vt 0.65234375 0.99218750
vt 0.64843750 0.98828125
f 1479/8428 1484/8429 1480/8430
vt 0.64843750 0.99218750
vt 0.65234375 0.99218750
vt 0.64843750 0.98828125
f 1483/8431 1485/8432 1486/8433
vt 0.64843750 0.99218750
vt 0.65234375 0.99218750
vt 0.64843750 0.98828125
f 1483/8434 1486/8435 1484/8436
vt 0.64843750 0.99218750
vt 0.65234375 0.99218750
vt 0.64843750 0.98828125
f 1487/8437 1477/8438 1478/8439
vt 0.64843750 0.99218750
vt 0.65234375 0.99218750
vt 0.64843750 0.98828125
f 1487/8440 1478/8441 1488/8442
vt 0.64843750 0.99218750
vt 0.65234375 0.99218750
vt 0.64843750 0.98828125
f 1485/8443 1487/8444 1488/8445
vt 0.64843750 0.99218750
vt 0.65234375 0.99218750
vt 0.64843750 0.98828125
f 1485/8446 1488/8447 1486/8448
vt 0.66406250 0.99218750
vt 0.66795980 0.99218750
vt 0.66795980 0.98828125
f 1489/8449 1490/8450 1491/8451
vt 0.69530355 0.98828125
vt 0.69530355 0.99218750
vt 0.69140625 0.99218750
f 1492/8452 1493/8453 1494/8454
vt 0.66406250 0.99218750
vt 0.66795980 0.98828125
vt 0.66406250 0.98828125
f 1489/8455 1491/8456 1495/8457
vt 0.69140625 0.98828125
vt 0.69530355 0.98828125
vt 0.69140625 0.99218750
f 1496/8458 1492/8459 1494/8460
vt 0.66795980 0.99218750
vt 0.67187631 0.99218750
vt 0.67187631 0.98828125
f 1490/8461 1497/8462 1498/8463
vt 0.69922006 0.98828125
vt 0.69922006 0.99218750
vt 0.69530355 0.99218750
f 1499/8464 1500/8465 1493/8466
vt 0.66795980 0.99218750
vt 0.67187631 0.98828125
vt 0.66795980 0.98828125
f 1490/8467 1498/8468 1491/8469
vt 0.69530355 0.98828125
vt 0.69922006 0.98828125
vt 0.69530355 0.99218750
f 1492/8470 1499/8471 1493/8472
vt 0.67187631 0.99218750
vt 0.67577928 0.99218750
vt 0.67577928 0.98828125
f 1497/8473 1501/8474 1502/8475
vt 0.70312303 0.98828125
vt 0.70312303 0.99218750
vt 0.69922006 0.99218750
f 1503/8476 1504/8477 1500/8478
vt 0.67187631 0.99218750
vt 0.67577928 0.98828125
vt 0.67187631 0.98828125
f 1497/8479 1502/8480 1498/8481
vt 0.69922006 0.98828125
vt 0.70312303 0.98828125
vt 0.69922006 0.99218750
f 1499/8482 1503/8483 1500/8484
vt 0.67577928 0.99218750
vt 0.67968750 0.99218750
vt 0.67968750 0.98828125
f 1501/8485 1505/8486 1506/8487
vt 0.70703125 0.98828125
vt 0.70703125 0.99218750
vt 0.70312303 0.99218750
f 1507/8488 1508/8489 1504/8490
vt 0.67577928 0.99218750
vt 0.67968750 0.98828125
vt 0.67577928 0.98828125
f 1501/8491 1506/8492 1502/8493
vt 0.70312303 0.98828125
vt 0.70703125 0.98828125
vt 0.70312303 0.99218750
f 1503/8494 1507/8495 1504/8496
vt 0.66406250 0.98828125
vt 0.66795980 0.98828125
vt 0.66795980 0.98242188
f 1495/8497 1491/8498 1509/8499
vt 0.69530355 0.98242188
vt 0.69530355 0.98828125
vt 0.69140625 0.98828125
f 1510/8500 1492/8501 1496/8502
vt 0.66406250 0.98828125
vt 0.66795980 0.98242188
vt 0.66406250 0.98242188
f 1495/8503 1509/8504 1511/8505
vt 0.69140625 0.98242188
vt 0.69530355 0.98242188
vt 0.69140625 0.98828125
f 1512/8506 1510/8507 1496/8508
vt 0.66795980 0.98828125
vt 0.67187631 0.98828125
vt 0.67187631 0.98242188
f 1491/8509 1498/8510 1513/8511
vt 0.69922006 0.98242188
vt 0.69922006 0.98828125
vt 0.69530355 0.98828125
f 1514/8512 1499/8513 1492/8514
vt 0.66795980 0.98828125
vt 0.67187631 0.98242188
vt 0.66795980 0.98242188
f 1491/8515 1513/8516 1509/8517
vt 0.69530355 0.98242188
vt 0.69922006 0.98242188
vt 0.69530355 0.98828125
f 1510/8518 1514/8519 1492/8520
vt 0.67187631 0.98828125
vt 0.67577928 0.98828125
vt 0.67577928 0.98242188
f 1498/8521 1502/8522 1515/8523
vt 0.70312303 0.98242188
vt 0.70312303 0.98828125
vt 0.69922006 0.98828125
f 1516/8524 1503/8525 1499/8526
vt 0.67187631 0.98828125
vt 0.67577928 0.98242188
vt 0.67187631 0.98242188
f 1498/8527 1515/8528 1513/8529
vt 0.69922006 0.98242188
vt 0.70312303 0.98242188
vt 0.69922006 0.98828125
f 1514/8530 1516/8531 1499/8532
vt 0.67577928 0.98828125
vt 0.67968750 0.98828125
vt 0.67968750 0.98242188
f 1502/8533 1506/8534 1517/8535
vt 0.70703125 0.98242188
vt 0.70703125 0.98828125
vt 0.70312303 0.98828125
f 1518/8536 1507/8537 1503/8538
vt 0.67577928 0.98828125
vt 0.67968750 0.98242188
vt 0.67577928 0.98242188
f 1502/8539 1517/8540 1515/8541
vt 0.70312303 0.98242188
vt 0.70703125 0.98242188
vt 0.70312303 0.98828125
f 1516/8542 1518/8543 1503/8544
vt 0.66406250 0.98242188
vt 0.66795980 0.98242188
vt 0.66795980 0.97460938
f 1511/8545 1509/8546 1519/8547
vt 0.69530355 0.97460938
vt 0.69530355 0.98242188
vt 0.69140625 0.98242188
f 1520/8548 1510/8549 1512/8550
vt 0.66406250 0.98242188
vt 0.66795980 0.97460938
vt 0.66406250 0.97460938
f 1511/8551 1519/8552 1521/8553
vt 0.69140625 0.97460938
vt 0.69530355 0.97460938
vt 0.69140625 0.98242188
f 1522/8554 1520/8555 1512/8556
vt 0.66795980 0.98242188
vt 0.67187631 0.98242188
vt 0.67187631 0.97460938
f 1509/8557 1513/8558 1523/8559
vt 0.69922006 0.97460938
vt 0.69922006 0.98242188
vt 0.69530355 0.98242188
f 1524/8560 1514/8561 1510/8562
vt 0.66795980 0.98242188
vt 0.67187631 0.97460938
vt 0.66795980 0.97460938
f 1509/8563 1523/8564 1519/8565
vt 0.69530355 0.97460938
vt 0.69922006 0.97460938
vt 0.69530355 0.98242188
f 1520/8566 1524/8567 1510/8568
vt 0.67187631 0.98242188
vt 0.67577928 0.98242188
vt 0.67577928 0.97460938
f 1513/8569 1515/8570 1525/8571
vt 0.70312303 0.97460938
vt 0.70312303 0.98242188
vt 0.69922006 0.98242188
f 1526/8572 1516/8573 1514/8574
vt 0.67187631 0.98242188
vt 0.67577928 0.97460938
vt 0.67187631 0.97460938
f 1513/8575 1525/8576 1523/8577
vt 0.69922006 0.97460938
vt 0.70312303 0.97460938
vt 0.69922006 0.98242188
f 1524/8578 1526/8579 1514/8580
vt 0.67577928 0.98242188
vt 0.67968750 0.98242188
vt 0.67968750 0.97460938
f 1515/8581 1517/8582 1527/8583
vt 0.70703125 0.97460938
vt 0.70703125 0.98242188
vt 0.70312303 0.98242188
f 1528/8584 1518/8585 1516/8586
vt 0.67577928 0.98242188
vt 0.67968750 0.97460938
vt 0.67577928 0.97460938
f 1515/8587 1527/8588 1525/8589
vt 0.70312303 0.97460938
vt 0.70703125 0.97460938
vt 0.70312303 0.98242188
f 1526/8590 1528/8591 1516/8592
vt 0.71875000 0.99218750
vt 0.72265625 0.99218750
vt 0.71875000 0.98828125
f 1490/8593 1489/8594 1494/8595
vt 0.71875000 0.99218750
vt 0.72265625 0.99218750
vt 0.71875000 0.98828125
f 1490/8596 1494/8597 1493/8598
vt 0.71875000 0.99218750
vt 0.72265625 0.99218750
vt 0.71875000 0.98828125
f 1489/8599 1495/8600 1496/8601
vt 0.71875000 0.99218750
vt 0.72265625 0.99218750
vt 0.71875000 0.98828125
f 1489/8602 1496/8603 1494/8604
vt 0.71875000 0.99218750
vt 0.72265625 0.99218750
vt 0.71875000 0.98828125
f 1497/8605 1490/8606 1493/8607
vt 0.71875000 0.99218750
vt 0.72265625 0.99218750
vt 0.71875000 0.98828125
f 1497/8608 1493/8609 1500/8610
vt 0.71875000 0.99218750
vt 0.72265625 0.99218750
vt 0.71875000 0.98828125
f 1501/8611 1497/8612 1500/8613
vt 0.71875000 0.99218750
vt 0.72265625 0.99218750
vt 0.71875000 0.98828125
f 1501/8614 1500/8615 1504/8616
vt 0.71875000 0.99218750
vt 0.72265625 0.99218750
vt 0.71875000 0.98828125
f 1505/8617 1501/8618 1504/8619
vt 0.71875000 0.99218750
vt 0.72265625 0.99218750
vt 0.71875000 0.98828125
f 1505/8620 1504/8621 1508/8622
vt 0.71875000 0.99218750
vt 0.72265625 0.99218750
vt 0.71875000 0.98828125
f 1506/8623 1505/8624 1508/8625
vt 0.71875000 0.99218750
vt 0.72265625 0.99218750
vt 0.71875000 0.98828125
f 1506/8626 1508/8627 1507/8628
vt 0.71875000 0.99218750
vt 0.72265625 0.99218750
vt 0.71875000 0.98828125
f 1495/8629 1511/8630 1512/8631
vt 0.71875000 0.99218750
vt 0.72265625 0.99218750
vt 0.71875000 0.98828125
f 1495/8632 1512/8633 1496/8634
vt 0.71875000 0.99218750
vt 0.72265625 0.99218750
vt 0.71875000 0.98828125
f 1517/8635 1506/8636 1507/8637
vt 0.71875000 0.99218750
vt 0.72265625 0.99218750
vt 0.71875000 0.98828125
f 1517/8638 1507/8639 1518/8640
vt 0.71875000 0.99218750
vt 0.72265625 0.99218750
vt 0.71875000 0.98828125
f 1521/8641 1519/8642 1520/8643
vt 0.71875000 0.99218750
vt 0.72265625 0.99218750
vt 0.71875000 0.98828125
f 1521/8644 1520/8645 1522/8646
vt 0.71875000 0.99218750
vt 0.72265625 0.99218750
vt 0.71875000 0.98828125
f 1511/8647 1521/8648 1522/8649
vt 0.71875000 0.99218750
vt 0.72265625 0.99218750
vt 0.71875000 0.98828125
f 1511/8650 1522/8651 1512/8652
vt 0.71875000 0.99218750
vt 0.72265625 0.99218750
vt 0.71875000 0.98828125
f 1519/8653 1523/8654 1524/8655
vt 0.71875000 0.99218750
vt 0.72265625 0.99218750
vt 0.71875000 0.98828125
f 1519/8656 1524/8657 1520/8658
vt 0.71875000 0.99218750
vt 0.72265625 0.99218750
vt 0.71875000 0.98828125
f 1523/8659 1525/8660 1526/8661
vt 0.71875000 0.99218750
vt 0.72265625 0.99218750
vt 0.71875000 0.98828125
f 1523/8662 1526/8663 1524/8664
vt 0.71875000 0.99218750
vt 0.72265625 0.99218750
vt 0.71875000 0.98828125
f 1527/8665 1517/8666 1518/8667
vt 0.71875000 0.99218750
vt 0.72265625 0.99218750
vt 0.71875000 0.98828125
f 1527/8668 1518/8669 1528/8670
vt 0.71875000 0.99218750
vt 0.72265625 0.99218750
vt 0.71875000 0.98828125
f 1525/8671 1527/8672 1528/8673
vt 0.71875000 0.99218750
vt 0.72265625 0.99218750
vt 0.71875000 0.98828125
f 1525/8674 1528/8675 1526/8676
vt 0.73437500 0.99218750
vt 0.73527742 0.99218750
vt 0.73527742 0.98828125
f 1529/8677 1530/8678 1531/8679
vt 0.75871492 0.98828125
vt 0.75871492 0.99218750
vt 0.75781250 0.99218750
f 1532/8680 1533/8681 1534/8682
vt 0.73437500 0.99218750
vt 0.73527742 0.98828125
vt 0.73437500 0.98828125
f 1529/8683 1531/8684 1535/8685
vt 0.75781250 0.98828125
vt 0.75871492 0.98828125
vt 0.75781250 0.99218750
f 1536/8686 1532/8687 1534/8688
vt 0.73527742 0.99218750
vt 0.74034722 0.99218750
vt 0.74034722 0.98828125
f 1530/8689 1537/8690 1538/8691
vt 0.76378472 0.98828125
vt 0.76378472 0.99218750
vt 0.75871492 0.99218750
f 1539/8692 1540/8693 1533/8694
vt 0.73527742 0.99218750
vt 0.74034722 0.98828125
vt 0.73527742 0.98828125
f 1530/8695 1538/8696 1531/8697
vt 0.75871492 0.98828125
vt 0.76378472 0.98828125
vt 0.75871492 0.99218750
f 1532/8698 1539/8699 1533/8700
vt 0.74034722 0.99218750
vt 0.74474105 0.99218750
vt 0.74474105 0.98828125
f 1537/8701 1541/8702 1542/8703
vt 0.76817855 0.98828125
vt 0.76817855 0.99218750
vt 0.76378472 0.99218750
f 1543/8704 1544/8705 1540/8706
vt 0.74034722 0.99218750
vt 0.74474105 0.98828125
vt 0.74034722 0.98828125
f 1537/8707 1542/8708 1538/8709
vt 0.76378472 0.98828125
vt 0.76817855 0.98828125
vt 0.76378472 0.99218750
f 1539/8710 1543/8711 1540/8712
vt 0.74474105 0.99218750
vt 0.74609375 0.99218750
vt 0.74609375 0.98828125
f 1541/8713 1545/8714 1546/8715
vt 0.76953125 0.98828125
vt 0.76953125 0.99218750
vt 0.76817855 0.99218750
f 1547/8716 1548/8717 1544/8718
vt 0.74474105 0.99218750
vt 0.74609375 0.98828125
vt 0.74474105 0.98828125
f 1541/8719 1546/8720 1542/8721
vt 0.76817855 0.98828125
vt 0.76953125 0.98828125
vt 0.76817855 0.99218750
f 1543/8722 1547/8723 1544/8724
vt 0.73437500 0.98828125
vt 0.73527742 0.98828125
vt 0.73527742 0.98242188
f 1535/8725 1531/8726 1549/8727
vt 0.75871492 0.98242188
vt 0.75871492 0.98828125
vt 0.75781250 0.98828125
f 1550/8728 1532/8729 1536/8730
vt 0.73437500 0.98828125
vt 0.73527742 0.98242188
vt 0.73437500 0.98242188
f 1535/8731 1549/8732 1551/8733
vt 0.75781250 0.98242188
vt 0.75871492 0.98242188
vt 0.75781250 0.98828125
f 1552/8734 1550/8735 1536/8736
vt 0.73527742 0.98828125
vt 0.74034722 0.98828125
vt 0.74034722 0.98242188
f 1531/8737 1538/8738 1553/8739
vt 0.76378472 0.98242188
vt 0.76378472 0.98828125
vt 0.75871492 0.98828125
f 1554/8740 1539/8741 1532/8742
vt 0.73527742 0.98828125
vt 0.74034722 0.98242188
vt 0.73527742 0.98242188
f 1531/8743 1553/8744 1549/8745
vt 0.75871492 0.98242188
vt 0.76378472 0.98242188
vt 0.75871492 0.98828125
f 1550/8746 1554/8747 1532/8748
vt 0.74034722 0.98828125
vt 0.74474105 0.98828125
vt 0.74474105 0.98242188
f 1538/8749 1542/8750 1555/8751
vt 0.76817855 0.98242188
vt 0.76817855 0.98828125
vt 0.76378472 0.98828125
f 1556/8752 1543/8753 1539/8754
vt 0.74034722 0.98828125
vt 0.74474105 0.98242188
vt 0.74034722 0.98242188
f 1538/8755 1555/8756 1553/8757
vt 0.76378472 0.98242188
vt 0.76817855 0.98242188
vt 0.76378472 0.98828125
f 1554/8758 1556/8759 1539/8760
vt 0.74474105 0.98828125
vt 0.74609375 0.98828125
vt 0.74609375 0.98242188
f 1542/8761 1546/8762 1557/8763
vt 0.76953125 0.98242188
vt 0.76953125 0.98828125
vt 0.76817855 0.98828125
f 1558/8764 1547/8765 1543/8766
vt 0.74474105 0.98828125
vt 0.74609375 0.98242188
vt 0.74474105 0.98242188
f 1542/8767 1557/8768 1555/8769
vt 0.76817855 0.98242188
vt 0.76953125 0.98242188
vt 0.76817855 0.98828125
f 1556/8770 1558/8771 1543/8772
vt 0.73437500 0.98242188
vt 0.73527742 0.98242188
vt 0.73527742 0.97460938
f 1551/8773 1549/8774 1559/8775
vt 0.75871492 0.97460938
vt 0.75871492 0.98242188
vt 0.75781250 0.98242188
f 1560/8776 1550/8777 1552/8778
vt 0.73437500 0.98242188
vt 0.73527742 0.97460938
vt 0.73437500 0.97460938
f 1551/8779 1559/8780 1561/8781
vt 0.75781250 0.97460938
vt 0.75871492 0.97460938
vt 0.75781250 0.98242188
f 1562/8782 1560/8783 1552/8784
vt 0.73527742 0.98242188
vt 0.74034722 0.98242188
vt 0.74034722 0.97460938
f 1549/8785 1553/8786 1563/8787
vt 0.76378472 0.97460938
vt 0.76378472 0.98242188
vt 0.75871492 0.98242188
f 1564/8788 1554/8789 1550/8790
vt 0.73527742 0.98242188
vt 0.74034722 0.97460938
vt 0.73527742 0.97460938
f 1549/8791 1563/8792 1559/8793
vt 0.75871492 0.97460938
vt 0.76378472 0.97460938
vt 0.75871492 0.98242188
f 1560/8794 1564/8795 1550/8796
vt 0.74034722 0.98242188
vt 0.74474105 0.98242188
vt 0.74474105 0.97460938
f 1553/8797 1555/8798 1565/8799
vt 0.76817855 0.97460938
vt 0.76817855 0.98242188
vt 0.76378472 0.98242188
f 1566/8800 1556/8801 1554/8802
vt 0.74034722 0.98242188
vt 0.74474105 0.97460938
vt 0.74034722 0.97460938
f 1553/8803 1565/8804 1563/8805
vt 0.76378472 0.97460938
vt 0.76817855 0.97460938
vt 0.76378472 0.98242188
f 1564/8806 1566/8807 1554/8808
vt 0.74474105 0.98242188
vt 0.74609375 0.98242188
vt 0.74609375 0.97460938
f 1555/8809 1557/8810 1567/8811
vt 0.76953125 0.97460938
vt 0.76953125 0.98242188
vt 0.76817855 0.98242188
f 1568/8812 1558/8813 1556/8814
vt 0.74474105 0.98242188
vt 0.74609375 0.97460938
vt 0.74474105 0.97460938
f 1555/8815 1567/8816 1565/8817
vt 0.76817855 0.97460938
vt 0.76953125 0.97460938
vt 0.76817855 0.98242188
f 1566/8818 1568/8819 1556/8820
vt 0.78125000 0.99218750
vt 0.78515625 0.99218750
vt 0.78125000 0.98828125
f 1530/8821 1529/8822 1534/8823
vt 0.78125000 0.99218750
vt 0.78515625 0.99218750
vt 0.78125000 0.98828125
f 1530/8824 1534/8825 1533/8826
vt 0.78125000 0.99218750
vt 0.78515625 0.99218750
vt 0.78125000 0.98828125
f 1529/8827 1535/8828 1536/8829
vt 0.78125000 0.99218750
vt 0.78515625 0.99218750
vt 0.78125000 0.98828125
f 1529/8830 1536/8831 1534/8832
vt 0.78125000 0.99218750
vt 0.78515625 0.99218750
vt 0.78125000 0.98828125
f 1537/8833 1530/8834 1533/8835
vt 0.78125000 0.99218750
vt 0.78515625 0.99218750
vt 0.78125000 0.98828125
f 1537/8836 1533/8837 1540/8838
vt 0.78125000 0.99218750
vt 0.78515625 0.99218750
vt 0.78125000 0.98828125
f 1541/8839 1537/8840 1540/8841
vt 0.78125000 0.99218750
vt 0.78515625 0.99218750
vt 0.78125000 0.98828125
f 1541/8842 1540/8843 1544/8844
vt 0.78125000 0.99218750
vt 0.78515625 0.99218750
vt 0.78125000 0.98828125
f 1545/8845 1541/8846 1544/8847
vt 0.78125000 0.99218750
vt 0.78515625 0.99218750
vt 0.78125000 0.98828125
f 1545/8848 1544/8849 1548/8850
vt 0.78125000 0.99218750
vt 0.78515625 0.99218750
vt 0.78125000 0.98828125
f 1546/8851 1545/8852 1548/8853
vt 0.78125000 0.99218750
vt 0.78515625 0.99218750
vt 0.78125000 0.98828125
f 1546/8854 1548/8855 1547/8856
vt 0.78125000 0.99218750
vt 0.78515625 0.99218750
vt 0.78125000 0.98828125
f 1535/8857 1551/8858 1552/8859
vt 0.78125000 0.99218750
vt 0.78515625 0.99218750
vt 0.78125000 0.98828125
f 1535/8860 1552/8861 1536/8862
vt 0.78125000 0.99218750
vt 0.78515625 0.99218750
vt 0.78125000 0.98828125
f 1557/8863 1546/8864 1547/8865
vt 0.78125000 0.99218750
vt 0.78515625 0.99218750
vt 0.78125000 0.98828125
f 1557/8866 1547/8867 1558/8868
vt 0.78125000 0.99218750
vt 0.78515625 0.99218750
vt 0.78125000 0.98828125
f 1561/8869 1559/8870 1560/8871
vt 0.78125000 0.99218750
vt 0.78515625 0.99218750
vt 0.78125000 0.98828125
f 1561/8872 1560/8873 1562/8874
vt 0.78125000 0.99218750
vt 0.78515625 0.99218750
vt 0.78125000 0.98828125
f 1551/8875 1561/8876 1562/8877
vt 0.78125000 0.99218750
vt 0.78515625 0.99218750
vt 0.78125000 0.98828125
f 1551/8878 1562/8879 1552/8880
vt 0.78125000 0.99218750
vt 0.78515625 0.99218750
vt 0.78125000 0.98828125
f 1559/8881 1563/8882 1564/8883
vt 0.78125000 0.99218750
vt 0.78515625 0.99218750
vt 0.78125000 0.98828125
f 1559/8884 1564/8885 1560/8886
vt 0.78125000 0.99218750
vt 0.78515625 0.99218750
vt 0.78125000 0.98828125
f 1563/8887 1565/8888 1566/8889
vt 0.78125000 0.99218750
vt 0.78515625 0.99218750
vt 0.78125000 0.98828125
f 1563/8890 1566/8891 1564/8892
vt 0.78125000 0.99218750
vt 0.78515625 0.99218750
vt 0.78125000 0.98828125
f 1567/8893 1557/8894 1558/8895
vt 0.78125000 0.99218750
vt 0.78515625 0.99218750
vt 0.78125000 0.98828125
f 1567/8896 1558/8897 1568/8898
vt 0.78125000 0.99218750
vt 0.78515625 0.99218750
vt 0.78125000 0.98828125
f 1565/8899 1567/8900 1568/8901
vt 0.78125000 0.99218750
vt 0.78515625 0.99218750
vt 0.78125000 0.98828125
f 1565/8902 1568/8903 1566/8904
vt 0.79687500 0.99218750
vt 0.79812713 0.99218750
vt 0.79812713 0.98828125
f 1569/8905 1570/8906 1571/8907
vt 0.82156463 0.98828125
vt 0.82156463 0.99218750
vt 0.82031250 0.99218750
f 1572/8908 1573/8909 1574/8910
vt 0.79687500 0.99218750
vt 0.79812713 0.98828125
vt 0.79687500 0.98828125
f 1569/8911 1571/8912 1575/8913
vt 0.82031250 0.98828125
vt 0.82156463 0.98828125
vt 0.82031250 0.99218750
f 1576/8914 1572/8915 1574/8916
vt 0.79812713 0.99218750
vt 0.80256359 0.99218750
vt 0.80256359 0.98828125
f 1570/8917 1577/8918 1578/8919
vt 0.82600109 0.98828125
vt 0.82600109 0.99218750
vt 0.82156463 0.99218750
f 1579/8920 1580/8921 1573/8922
vt 0.79812713 0.99218750
vt 0.80256359 0.98828125
vt 0.79812713 0.98828125
f 1570/8923 1578/8924 1571/8925
vt 0.82156463 0.98828125
vt 0.82600109 0.98828125
vt 0.82156463 0.99218750
f 1572/8926 1579/8927 1573/8928
vt 0.80256359 0.99218750
vt 0.80768257 0.99218750
vt 0.80768257 0.98828125
f 1577/8929 1581/8930 1582/8931
vt 0.83112007 0.98828125
vt 0.83112007 0.99218750
vt 0.82600109 0.99218750
f 1583/8932 1584/8933 1580/8934
vt 0.80256359 0.99218750
vt 0.80768257 0.98828125
vt 0.80256359 0.98828125
f 1577/8935 1582/8936 1578/8937
vt 0.82600109 0.98828125
vt 0.83112007 0.98828125
vt 0.82600109 0.99218750
f 1579/8938 1583/8939 1580/8940
vt 0.80768257 0.99218750
vt 0.80859375 0.99218750
vt 0.80859375 0.98828125
f 1581/8941 1585/8942 1586/8943
vt 0.83203125 0.98828125
vt 0.83203125 0.99218750
vt 0.83112007 0.99218750
f 1587/8944 1588/8945 1584/8946
vt 0.80768257 0.99218750
vt 0.80859375 0.98828125
vt 0.80768257 0.98828125
f 1581/8947 1586/8948 1582/8949
vt 0.83112007 0.98828125
vt 0.83203125 0.98828125
vt 0.83112007 0.99218750
f 1583/8950 1587/8951 1584/8952
vt 0.79687500 0.98828125
vt 0.79812713 0.98828125
vt 0.79812713 0.98242188
f 1575/8953 1571/8954 1589/8955
vt 0.82156463 0.98242188
vt 0.82156463 0.98828125
vt 0.82031250 0.98828125
f 1590/8956 1572/8957 1576/8958
vt 0.79687500 0.98828125
vt 0.79812713 0.98242188
vt 0.79687500 0.98242188
f 1575/8959 1589/8960 1591/8961
vt 0.82031250 0.98242188
vt 0.82156463 0.98242188
vt 0.82031250 0.98828125
f 1592/8962 1590/8963 1576/8964
vt 0.79812713 0.98828125
vt 0.80256359 0.98828125
vt 0.80256359 0.98242188
f 1571/8965 1578/8966 1593/8967
vt 0.82600109 0.98242188
vt 0.82600109 0.98828125
vt 0.82156463 0.98828125
f 1594/8968 1579/8969 1572/8970
vt 0.79812713 0.98828125
vt 0.80256359 0.98242188
vt 0.79812713 0.98242188
f 1571/8971 1593/8972 1589/8973
vt 0.82156463 0.98242188
vt 0.82600109 0.98242188
vt 0.82156463 0.98828125
f 1590/8974 1594/8975 1572/8976
vt 0.80256359 0.98828125
vt 0.80768257 0.98828125
vt 0.80768257 0.98242188
f 1578/8977 1582/8978 1595/8979
vt 0.83112007 0.98242188
vt 0.83112007 0.98828125
vt 0.82600109 0.98828125
f 1596/8980 1583/8981 1579/8982
vt 0.80256359 0.98828125
vt 0.80768257 0.98242188
vt 0.80256359 0.98242188
f 1578/8983 1595/8984 1593/8985
vt 0.82600109 0.98242188
vt 0.83112007 0.98242188
vt 0.82600109 0.98828125
f 1594/8986 1596/8987 1579/8988
vt 0.80768257 0.98828125
vt 0.80859375 0.98828125
vt 0.80859375 0.98242188
f 1582/8989 1586/8990 1597/8991
vt 0.83203125 0.98242188
vt 0.83203125 0.98828125
vt 0.83112007 0.98828125
f 1598/8992 1587/8993 1583/8994
vt 0.80768257 0.98828125
vt 0.80859375 0.98242188
vt 0.80768257 0.98242188
f 1582/8995 1597/8996 1595/8997
vt 0.83112007 0.98242188
vt 0.83203125 0.98242188
vt 0.83112007 0.98828125
f 1596/8998 1598/8999 1583/9000
vt 0.79687500 0.98242188
vt 0.79812713 0.98242188
vt 0.79812713 0.97460938
f 1591/9001 1589/9002 1599/9003
vt 0.82156463 0.97460938
vt 0.82156463 0.98242188
vt 0.82031250 0.98242188
f 1600/9004 1590/9005 1592/9006
vt 0.79687500 0.98242188
vt 0.79812713 0.97460938
vt 0.79687500 0.97460938
f 1591/9007 1599/9008 1601/9009
vt 0.82031250 0.97460938
vt 0.82156463 0.97460938
vt 0.82031250 0.98242188
f 1602/9010 1600/9011 1592/9012
vt 0.79812713 0.98242188
vt 0.80256359 0.98242188
vt 0.80256359 0.97460938
f 1589/9013 1593/9014 1603/9015
vt 0.82600109 0.97460938
vt 0.82600109 0.98242188
vt 0.82156463 0.98242188
f 1604/9016 1594/9017 1590/9018
vt 0.79812713 0.98242188
vt 0.80256359 0.97460938
vt 0.79812713 0.97460938
f 1589/9019 1603/9020 1599/9021
vt 0.82156463 0.97460938
vt 0.82600109 0.97460938
vt 0.82156463 0.98242188
f 1600/9022 1604/9023 1590/9024
vt 0.80256359 0.98242188
vt 0.80768257 0.98242188
vt 0.80768257 0.97460938
f 1593/9025 1595/9026 1605/9027
vt 0.83112007 0.97460938
vt 0.83112007 0.98242188
vt 0.82600109 0.98242188
f 1606/9028 1596/9029 1594/9030
vt 0.80256359 0.98242188
vt 0.80768257 0.97460938
vt 0.80256359 0.97460938
f 1593/9031 1605/9032 1603/9033
vt 0.82600109 0.97460938
vt 0.83112007 0.97460938
vt 0.82600109 0.98242188
f 1604/9034 1606/9035 1594/9036
vt 0.80768257 0.98242188
vt 0.80859375 0.98242188
vt 0.80859375 0.97460938
f 1595/9037 1597/9038 1607/9039
vt 0.83203125 0.97460938
vt 0.83203125 0.98242188
vt 0.83112007 0.98242188
f 1608/9040 1598/9041 1596/9042
vt 0.80768257 0.98242188
vt 0.80859375 0.97460938
vt 0.80768257 0.97460938
f 1595/9043 1607/9044 1605/9045
vt 0.83112007 0.97460938
vt 0.83203125 0.97460938
vt 0.83112007 0.98242188
f 1606/9046 1608/9047 1596/9048
vt 0.84375000 0.99218750
vt 0.84765625 0.99218750
vt 0.84375000 0.98828125
f 1570/9049 1569/9050 1574/9051
vt 0.84375000 0.99218750
vt 0.84765625 0.99218750
vt 0.84375000 0.98828125
f 1570/9052 1574/9053 1573/9054
vt 0.84375000 0.99218750
vt 0.84765625 0.99218750
vt 0.84375000 0.98828125
f 1569/9055 1575/9056 1576/9057
vt 0.84375000 0.99218750
vt 0.84765625 0.99218750
vt 0.84375000 0.98828125
f 1569/9058 1576/9059 1574/9060
vt 0.84375000 0.99218750
vt 0.84765625 0.99218750
vt 0.84375000 0.98828125
f 1577/9061 1570/9062 1573/9063
vt 0.84375000 0.99218750
vt 0.84765625 0.99218750
vt 0.84375000 0.98828125
f 1577/9064 1573/9065 1580/9066
vt 0.84375000 0.99218750
vt 0.84765625 0.99218750
vt 0.84375000 0.98828125
f 1581/9067 1577/9068 1580/9069
vt 0.84375000 0.99218750
vt 0.84765625 0.99218750
vt 0.84375000 0.98828125
f 1581/9070 1580/9071 1584/9072
vt 0.84375000 0.99218750
vt 0.84765625 0.99218750
vt 0.84375000 0.98828125
f 1585/9073 1581/9074 1584/9075
vt 0.84375000 0.99218750
vt 0.84765625 0.99218750
vt 0.84375000 0.98828125
f 1585/9076 1584/9077 1588/9078
vt 0.84375000 0.99218750
vt 0.84765625 0.99218750
vt 0.84375000 0.98828125
f 1586/9079 1585/9080 1588/9081
vt 0.84375000 0.99218750
vt 0.84765625 0.99218750
vt 0.84375000 0.98828125
f 1586/9082 1588/9083 1587/9084
vt 0.84375000 0.99218750
vt 0.84765625 0.99218750
vt 0.84375000 0.98828125
f 1575/9085 1591/9086 1592/9087
vt 0.84375000 0.99218750
vt 0.84765625 0.99218750
vt 0.84375000 0.98828125
f 1575/9088 1592/9089 1576/9090
vt 0.84375000 0.99218750
vt 0.84765625 0.99218750
vt 0.84375000 0.98828125
f 1597/9091 1586/9092 1587/9093
vt 0.84375000 0.99218750
vt 0.84765625 0.99218750
vt 0.84375000 0.98828125
f 1597/9094 1587/9095 1598/9096
vt 0.84375000 0.99218750
vt 0.84765625 0.99218750
vt 0.84375000 0.98828125
f 1601/9097 1599/9098 1600/9099
vt 0.84375000 0.99218750
vt 0.84765625 0.99218750
vt 0.84375000 0.98828125
f 1601/9100 1600/9101 1602/9102
vt 0.84375000 0.99218750
vt 0.84765625 0.99218750
vt 0.84375000 0.98828125
f 1591/9103 1601/9104 1602/9105
vt 0.84375000 0.99218750
vt 0.84765625 0.99218750
vt 0.84375000 0.98828125
f 1591/9106 1602/9107 1592/9108
vt 0.84375000 0.99218750
vt 0.84765625 0.99218750
vt 0.84375000 0.98828125
f 1599/9109 1603/9110 1604/9111
vt 0.84375000 0.99218750
vt 0.84765625 0.99218750
vt 0.84375000 0.98828125
f 1599/9112 1604/9113 1600/9114
vt 0.84375000 0.99218750
vt 0.84765625 0.99218750
vt 0.84375000 0.98828125
f 1603/9115 1605/9116 1606/9117
vt 0.84375000 0.99218750
vt 0.84765625 0.99218750
vt 0.84375000 0.98828125
f 1603/9118 1606/9119 1604/9120
vt 0.84375000 0.99218750
vt 0.84765625 0.99218750
vt 0.84375000 0.98828125
f 1607/9121 1597/9122 1598/9123
vt 0.84375000 0.99218750
vt 0.84765625 0.99218750
vt 0.84375000 0.98828125
f 1607/9124 1598/9125 1608/9126
vt 0.84375000 0.99218750
vt 0.84765625 0.99218750
vt 0.84375000 0.98828125
f 1605/9127 1607/9128 1608/9129
vt 0.84375000 0.99218750
vt 0.84765625 0.99218750
vt 0.84375000 0.98828125
f 1605/9130 1608/9131 1606/9132
usemtl material3
vt 0.00781250 0.99218750
vt 0.01665298 0.99218750
vt 0.01665298 0.98750000
f 1609/9133 1610/9134 1611/9135
vt 0.08696548 0.98750000
vt 0.08696548 0.99218750
vt 0.07812500 0.99218750
f 1612/9136 1613/9137 1614/9138
vt 0.00781250 0.99218750
vt 0.01665298 0.98750000
vt 0.00781250 0.98750000
f 1609/9139 1611/9140 1615/9141
vt 0.07812500 0.98750000
vt 0.08696548 0.98750000
vt 0.07812500 0.99218750
f 1616/9142 1612/9143 1614/9144
vt 0.01665298 0.99218750
vt 0.02199457 0.99218750
vt 0.02199457 0.98750000
f 1610/9145 1617/9146 1618/9147
vt 0.09230707 0.98750000
vt 0.09230707 0.99218750
vt 0.08696548 0.99218750
f 1619/9148 1620/9149 1613/9150
vt 0.01665298 0.99218750
vt 0.02199457 0.98750000
vt 0.01665298 0.98750000
f 1610/9151 1618/9152 1611/9153
vt 0.08696548 0.98750000
vt 0.09230707 0.98750000
vt 0.08696548 0.99218750
f 1612/9154 1619/9155 1613/9156
vt 0.02199457 0.99218750
vt 0.02545681 0.99218750
vt 0.02545681 0.98750000
f 1617/9157 1621/9158 1622/9159
vt 0.09576931 0.98750000
vt 0.09576931 0.99218750
vt 0.09230707 0.99218750
f 1623/9160 1624/9161 1620/9162
vt 0.02199457 0.99218750
vt 0.02545681 0.98750000
vt 0.02199457 0.98750000
f 1617/9163 1622/9164 1618/9165
vt 0.09230707 0.98750000
vt 0.09576931 0.98750000
vt 0.09230707 0.99218750
f 1619/9166 1623/9167 1620/9168
vt 0.02545681 0.99218750
vt 0.03073111 0.99218750
vt 0.03073111 0.98750000
f 1621/9169 1625/9170 1626/9171
vt 0.10104361 0.98750000
vt 0.10104361 0.99218750
vt 0.09576931 0.99218750
f 1627/9172 1628/9173 1624/9174
vt 0.02545681 0.99218750
vt 0.03073111 0.98750000
vt 0.02545681 0.98750000
f 1621/9175 1626/9176 1622/9177
vt 0.09576931 0.98750000
vt 0.10104361 0.98750000
vt 0.09576931 0.99218750
f 1623/9178 1627/9179 1624/9180
vt 0.03073111 0.99218750
vt 0.03829739 0.99218750
vt 0.03829739 0.98750000
f 1625/9181 1629/9182 1630/9183
vt 0.10860989 0.98750000
vt 0.10860989 0.99218750
vt 0.10104361 0.99218750
f 1631/9184 1632/9185 1628/9186
vt 0.03073111 0.99218750
vt 0.03829739 0.98750000
vt 0.03073111 0.98750000
f 1625/9187 1630/9188 1626/9189
vt 0.10104361 0.98750000
vt 0.10860989 0.98750000
vt 0.10104361 0.99218750
f 1627/9190 1631/9191 1628/9192
vt 0.03829739 0.99218750
vt 0.04289776 0.99218750
vt 0.04289776 0.98750000
f 1629/9193 1633/9194 1634/9195
vt 0.11321026 0.98750000
vt 0.11321026 0.99218750
vt 0.10860989 0.99218750
f 1635/9196 1636/9197 1632/9198
vt 0.03829739 0.99218750
vt 0.04289776 0.98750000
vt 0.03829739 0.98750000
f 1629/9199 1634/9200 1630/9201
vt 0.10860989 0.98750000
vt 0.11321026 0.98750000
vt 0.10860989 0.99218750
f 1631/9202 1635/9203 1632/9204
vt 0.04289776 0.99218750
vt 0.04824793 0.99218750
vt 0.04824793 0.98750000
f 1633/9205 1637/9206 1638/9207
vt 0.11856043 0.98750000
vt 0.11856043 0.99218750
vt 0.11321026 0.99218750
f 1639/9208 1640/9209 1636/9210
vt 0.04289776 0.99218750
vt 0.04824793 0.98750000
vt 0.04289776 0.98750000
f 1633/9211 1638/9212 1634/9213
vt 0.11321026 0.98750000
vt 0.11856043 0.98750000
vt 0.11321026 0.99218750
f 1635/9214 1639/9215 1636/9216
vt 0.04824793 0.99218750
vt 0.05222418 0.99218750
vt 0.05222418 0.98750000
f 1637/9217 1641/9218 1642/9219
vt 0.12253668 0.98750000
vt 0.12253668 0.99218750
vt 0.11856043 0.99218750
f 1643/9220 1644/9221 1640/9222
vt 0.04824793 0.99218750
vt 0.05222418 0.98750000
vt 0.04824793 0.98750000
f 1637/9223 1642/9224 1638/9225
vt 0.11856043 0.98750000
vt 0.12253668 0.98750000
vt 0.11856043 0.99218750
f 1639/9226 1643/9227 1640/9228
vt 0.05222418 0.99218750
vt 0.05756577 0.99218750
vt 0.05756577 0.98750000
f 1641/9229 1645/9230 1646/9231
vt 0.12787827 0.98750000
vt 0.12787827 0.99218750
vt 0.12253668 0.99218750
f 1647/9232 1648/9233 1644/9234
vt 0.05222418 0.99218750
vt 0.05756577 0.98750000
vt 0.05222418 0.98750000
f 1641/9235 1646/9236 1642/9237
vt 0.12253668 0.98750000
vt 0.12787827 0.98750000
vt 0.12253668 0.99218750
f 1643/9238 1647/9239 1644/9240
vt 0.05756577 0.99218750
vt 0.06640625 0.99218750
vt 0.06640625 0.98750000
f 1645/9241 1649/9242 1650/9243
vt 0.13671875 0.98750000
vt 0.13671875 0.99218750
vt 0.12787827 0.99218750
f 1651/9244 1652/9245 1648/9246
vt 0.05756577 0.99218750
vt 0.06640625 0.98750000
vt 0.05756577 0.98750000
f 1645/9247 1650/9248 1646/9249
vt 0.12787827 0.98750000
vt 0.13671875 0.98750000
vt 0.12787827 0.99218750
f 1647/9250 1651/9251 1648/9252
vt 0.00781250 0.98750000
vt 0.01665298 0.98750000
vt 0.01665298 0.98242188
f 1615/9253 1611/9254 1653/9255
vt 0.08696548 0.98242188
vt 0.08696548 0.98750000
vt 0.07812500 0.98750000
f 1654/9256 1612/9257 1616/9258
vt 0.00781250 0.98750000
vt 0.01665298 0.98242188
vt 0.00781250 0.98242188
f 1615/9259 1653/9260 1655/9261
vt 0.07812500 0.98242188
vt 0.08696548 0.98242188
vt 0.07812500 0.98750000
f 1656/9262 1654/9263 1616/9264
vt 0.01665298 0.98750000
vt 0.02199457 0.98750000
vt 0.02199457 0.98242188
f 1611/9265 1618/9266 1657/9267
vt 0.09230707 0.98242188
vt 0.09230707 0.98750000
vt 0.08696548 0.98750000
f 1658/9268 1619/9269 1612/9270
vt 0.01665298 0.98750000
vt 0.02199457 0.98242188
vt 0.01665298 0.98242188
f 1611/9271 1657/9272 1653/9273
vt 0.08696548 0.98242188
vt 0.09230707 0.98242188
vt 0.08696548 0.98750000
f 1654/9274 1658/9275 1612/9276
vt 0.02199457 0.98750000
vt 0.02545681 0.98750000
vt 0.02545681 0.98242188
f 1618/9277 1622/9278 1659/9279
vt 0.09576931 0.98242188
vt 0.09576931 0.98750000
vt 0.09230707 0.98750000
f 1660/9280 1623/9281 1619/9282
vt 0.02199457 0.98750000
vt 0.02545681 0.98242188
vt 0.02199457 0.98242188
f 1618/9283 1659/9284 1657/9285
vt 0.09230707 0.98242188
vt 0.09576931 0.98242188
vt 0.09230707 0.98750000
f 1658/9286 1660/9287 1619/9288
vt 0.02545681 0.98750000
vt 0.03073111 0.98750000
vt 0.03073111 0.98242188
f 1622/9289 1626/9290 1661/9291
vt 0.10104361 0.98242188
vt 0.10104361 0.98750000
vt 0.09576931 0.98750000
f 1662/9292 1627/9293 1623/9294
vt 0.02545681 0.98750000
vt 0.03073111 0.98242188
vt 0.02545681 0.98242188
f 1622/9295 1661/9296 1659/9297
vt 0.09576931 0.98242188
vt 0.10104361 0.98242188
vt 0.09576931 0.98750000
f 1660/9298 1662/9299 1623/9300
vt 0.03073111 0.98750000
vt 0.03829739 0.98750000
vt 0.03829739 0.98242188
f 1626/9301 1630/9302 1663/9303
vt 0.10860989 0.98242188
vt 0.10860989 0.98750000
vt 0.10104361 0.98750000
f 1664/9304 1631/9305 1627/9306
vt 0.03073111 0.98750000
vt 0.03829739 0.98242188
vt 0.03073111 0.98242188
f 1626/9307 1663/9308 1661/9309
vt 0.10104361 0.98242188
vt 0.10860989 0.98242188
vt 0.10104361 0.98750000
f 1662/9310 1664/9311 1627/9312
vt 0.03829739 0.98750000
vt 0.04289776 0.98750000
vt 0.04289776 0.98242188
f 1630/9313 1634/9314 1665/9315
vt 0.11321026 0.98242188
vt 0.11321026 0.98750000
vt 0.10860989 0.98750000
f 1666/9316 1635/9317 1631/9318
vt 0.03829739 0.98750000
vt 0.04289776 0.98242188
vt 0.03829739 0.98242188
f 1630/9319 1665/9320 1663/9321
vt 0.10860989 0.98242188
vt 0.11321026 0.98242188
vt 0.10860989 0.98750000
f 1664/9322 1666/9323 1631/9324
vt 0.04289776 0.98750000
vt 0.04824793 0.98750000
vt 0.04824793 0.98242188
f 1634/9325 1638/9326 1667/9327
vt 0.11856043 0.98242188
vt 0.11856043 0.98750000
vt 0.11321026 0.98750000
f 1668/9328 1639/9329 1635/9330
vt 0.04289776 0.98750000
vt 0.04824793 0.98242188
vt 0.04289776 0.98242188
f 1634/9331 1667/9332 1665/9333
vt 0.11321026 0.98242188
vt 0.11856043 0.98242188
vt 0.11321026 0.98750000
f 1666/9334 1668/9335 1635/9336
vt 0.04824793 0.98750000
vt 0.05222418 0.98750000
vt 0.05222418 0.98242188
f 1638/9337 1642/9338 1669/9339
vt 0.12253668 0.98242188
vt 0.12253668 0.98750000
vt 0.11856043 0.98750000
f 1670/9340 1643/9341 1639/9342
vt 0.04824793 0.98750000
vt 0.05222418 0.98242188
vt 0.04824793 0.98242188
f 1638/9343 1669/9344 1667/9345
vt 0.11856043 0.98242188
vt 0.12253668 0.98242188
vt 0.11856043 0.98750000
f 1668/9346 1670/9347 1639/9348
vt 0.05222418 0.98750000
vt 0.05756577 0.98750000
vt 0.05756577 0.98242188
f 1642/9349 1646/9350 1671/9351
vt 0.12787827 0.98242188
vt 0.12787827 0.98750000
vt 0.12253668 0.98750000
f 1672/9352 1647/9353 1643/9354
vt 0.05222418 0.98750000
vt 0.05756577 0.98242188
vt 0.05222418 0.98242188
f 1642/9355 1671/9356 1669/9357
vt 0.12253668 0.98242188
vt 0.12787827 0.98242188
vt 0.12253668 0.98750000
f 1670/9358 1672/9359 1643/9360
vt 0.05756577 0.98750000
vt 0.06640625 0.98750000
vt 0.06640625 0.98242188
f 1646/9361 1650/9362 1673/9363
vt 0.13671875 0.98242188
vt 0.13671875 0.98750000
vt 0.12787827 0.98750000
f 1674/9364 1651/9365 1647/9366
vt 0.05756577 0.98750000
vt 0.06640625 0.98242188
vt 0.05756577 0.98242188
f 1646/9367 1673/9368 1671/9369
vt 0.12787827 0.98242188
vt 0.13671875 0.98242188
vt 0.12787827 0.98750000
f 1672/9370 1674/9371 1647/9372
vt 0.00781250 0.98242188
vt 0.01665298 0.98242188
vt 0.01665298 0.97812500
f 1655/9373 1653/9374 1675/9375
vt 0.08696548 0.97812500
vt 0.08696548 0.98242188
vt 0.07812500 0.98242188
f 1676/9376 1654/9377 1656/9378
vt 0.00781250 0.98242188
vt 0.01665298 0.97812500
vt 0.00781250 0.97812500
f 1655/9379 1675/9380 1677/9381
vt 0.07812500 0.97812500
vt 0.08696548 0.97812500
vt 0.07812500 0.98242188
f 1678/9382 1676/9383 1656/9384
vt 0.01665298 0.98242188
vt 0.02199457 0.98242188
vt 0.02199457 0.97812500
f 1653/9385 1657/9386 1679/9387
vt 0.09230707 0.97812500
vt 0.09230707 0.98242188
vt 0.08696548 0.98242188
f 1680/9388 1658/9389 1654/9390
vt 0.01665298 0.98242188
vt 0.02199457 0.97812500
vt 0.01665298 0.97812500
f 1653/9391 1679/9392 1675/9393
vt 0.08696548 0.97812500
vt 0.09230707 0.97812500
vt 0.08696548 0.98242188
f 1676/9394 1680/9395 1654/9396
vt 0.02199457 0.98242188
vt 0.02545681 0.98242188
vt 0.02545681 0.97812500
f 1657/9397 1659/9398 1681/9399
vt 0.09576931 0.97812500
vt 0.09576931 0.98242188
vt 0.09230707 0.98242188
f 1682/9400 1660/9401 1658/9402
vt 0.02199457 0.98242188
vt 0.02545681 0.97812500
vt 0.02199457 0.97812500
f 1657/9403 1681/9404 1679/9405
vt 0.09230707 0.97812500
vt 0.09576931 0.97812500
vt 0.09230707 0.98242188
f 1680/9406 1682/9407 1658/9408
vt 0.02545681 0.98242188
vt 0.03073111 0.98242188
vt 0.03073111 0.97812500
f 1659/9409 1661/9410 1683/9411
vt 0.10104361 0.97812500
vt 0.10104361 0.98242188
vt 0.09576931 0.98242188
f 1684/9412 1662/9413 1660/9414
vt 0.02545681 0.98242188
vt 0.03073111 0.97812500
vt 0.02545681 0.97812500
f 1659/9415 1683/9416 1681/9417
vt 0.09576931 0.97812500
vt 0.10104361 0.97812500
vt 0.09576931 0.98242188
f 1682/9418 1684/9419 1660/9420
vt 0.03073111 0.98242188
vt 0.03829739 0.98242188
vt 0.03829739 0.97812500
f 1661/9421 1663/9422 1685/9423
vt 0.10860989 0.97812500
vt 0.10860989 0.98242188
vt 0.10104361 0.98242188
f 1686/9424 1664/9425 1662/9426
vt 0.03073111 0.98242188
vt 0.03829739 0.97812500
vt 0.03073111 0.97812500
f 1661/9427 1685/9428 1683/9429
vt 0.10104361 0.97812500
vt 0.10860989 0.97812500
vt 0.10104361 0.98242188
f 1684/9430 1686/9431 1662/9432
vt 0.03829739 0.98242188
vt 0.04289776 0.98242188
vt 0.04289776 0.97812500
f 1663/9433 1665/9434 1687/9435
vt 0.11321026 0.97812500
vt 0.11321026 0.98242188
vt 0.10860989 0.98242188
f 1688/9436 1666/9437 1664/9438
vt 0.03829739 0.98242188
vt 0.04289776 0.97812500
vt 0.03829739 0.97812500
f 1663/9439 1687/9440 1685/9441
vt 0.10860989 0.97812500
vt 0.11321026 0.97812500
vt 0.10860989 0.98242188
f 1686/9442 1688/9443 1664/9444
vt 0.04289776 0.98242188
vt 0.04824793 0.98242188
vt 0.04824793 0.97812500
f 1665/9445 1667/9446 1689/9447
vt 0.11856043 0.97812500
vt 0.11856043 0.98242188
vt 0.11321026 0.98242188
f 1690/9448 1668/9449 1666/9450
vt 0.04289776 0.98242188
vt 0.04824793 0.97812500
vt 0.04289776 0.97812500
f 1665/9451 1689/9452 1687/9453
vt 0.11321026 0.97812500
vt 0.11856043 0.97812500
vt 0.11321026 0.98242188
f 1688/9454 1690/9455 1666/9456
vt 0.04824793 0.98242188
vt 0.05222418 0.98242188
vt 0.05222418 0.97812500
f 1667/9457 1669/9458 1691/9459
vt 0.12253668 0.97812500
vt 0.12253668 0.98242188
vt 0.11856043 0.98242188
f 1692/9460 1670/9461 1668/9462
vt 0.04824793 0.98242188
vt 0.05222418 0.97812500
vt 0.04824793 0.97812500
f 1667/9463 1691/9464 1689/9465
vt 0.11856043 0.97812500
vt 0.12253668 0.97812500
vt 0.11856043 0.98242188
f 1690/9466 1692/9467 1668/9468
vt 0.05222418 0.98242188
vt 0.05756577 0.98242188
vt 0.05756577 0.97812500
f 1669/9469 1671/9470 1693/9471
vt 0.12787827 0.97812500
vt 0.12787827 0.98242188
vt 0.12253668 0.98242188
f 1694/9472 1672/9473 1670/9474
vt 0.05222418 0.98242188
vt 0.05756577 0.97812500
vt 0.05222418 0.97812500
f 1669/9475 1693/9476 1691/9477
vt 0.12253668 0.97812500
vt 0.12787827 0.97812500
vt 0.12253668 0.98242188
f 1692/9478 1694/9479 1670/9480
vt 0.05756577 0.98242188
vt 0.06640625 0.98242188
vt 0.06640625 0.97812500
f 1671/9481 1673/9482 1695/9483
vt 0.13671875 0.97812500
vt 0.13671875 0.98242188
vt 0.12787827 0.98242188
f 1696/9484 1674/9485 1672/9486
vt 0.05756577 0.98242188
vt 0.06640625 0.97812500
vt 0.05756577 0.97812500
f 1671/9487 1695/9488 1693/9489
vt 0.12787827 0.97812500
vt 0.13671875 0.97812500
vt 0.12787827 0.98242188
f 1694/9490 1696/9491 1672/9492
vt 0.00781250 0.97812500
vt 0.01665298 0.97812500
vt 0.01665298 0.97265625
f 1677/9493 1675/9494 1697/9495
vt 0.08696548 0.97265625
vt 0.08696548 0.97812500
vt 0.07812500 0.97812500
f 1698/9496 1676/9497 1678/9498
vt 0.00781250 0.97812500
vt 0.01665298 0.97265625
vt 0.00781250 0.97265625
f 1677/9499 1697/9500 1699/9501
vt 0.07812500 0.97265625
vt 0.08696548 0.97265625
vt 0.07812500 0.97812500
f 1700/9502 1698/9503 1678/9504
vt 0.01665298 0.97812500
vt 0.02199457 0.97812500
vt 0.02199457 0.97265625
f 1675/9505 1679/9506 1701/9507
vt 0.09230707 0.97265625
vt 0.09230707 0.97812500
vt 0.08696548 0.97812500
f 1702/9508 1680/9509 1676/9510
vt 0.01665298 0.97812500
vt 0.02199457 0.97265625
vt 0.01665298 0.97265625
f 1675/9511 1701/9512 1697/9513
vt 0.08696548 0.97265625
vt 0.09230707 0.97265625
vt 0.08696548 0.97812500
f 1698/9514 1702/9515 1676/9516
vt 0.02199457 0.97812500
vt 0.02545681 0.97812500
vt 0.02545681 0.97265625
f 1679/9517 1681/9518 1703/9519
vt 0.09576931 0.97265625
vt 0.09576931 0.97812500
vt 0.09230707 0.97812500
f 1704/9520 1682/9521 1680/9522
vt 0.02199457 0.97812500
vt 0.02545681 0.97265625
vt 0.02199457 0.97265625
f 1679/9523 1703/9524 1701/9525
vt 0.09230707 0.97265625
vt 0.09576931 0.97265625
vt 0.09230707 0.97812500
f 1702/9526 1704/9527 1680/9528
vt 0.02545681 0.97812500
vt 0.03073111 0.97812500
vt 0.03073111 0.97265625
f 1681/9529 1683/9530 1705/9531
vt 0.10104361 0.97265625
vt 0.10104361 0.97812500
vt 0.09576931 0.97812500
f 1706/9532 1684/9533 1682/9534
vt 0.02545681 0.97812500
vt 0.03073111 0.97265625
vt 0.02545681 0.97265625
f 1681/9535 1705/9536 1703/9537
vt 0.09576931 0.97265625
vt 0.10104361 0.97265625
vt 0.09576931 0.97812500
f 1704/9538 1706/9539 1682/9540
vt 0.03073111 0.97812500
vt 0.03829739 0.97812500
vt 0.03829739 0.97265625
f 1683/9541 1685/9542 1707/9543
vt 0.10860989 0.97265625
vt 0.10860989 0.97812500
vt 0.10104361 0.97812500
f 1708/9544 1686/9545 1684/9546
vt 0.03073111 0.97812500
vt 0.03829739 0.97265625
vt 0.03073111 0.97265625
f 1683/9547 1707/9548 1705/9549
vt 0.10104361 0.97265625
vt 0.10860989 0.97265625
vt 0.10104361 0.97812500
f 1706/9550 1708/9551 1684/9552
vt 0.03829739 0.97812500
vt 0.04289776 0.97812500
vt 0.04289776 0.97265625
f 1685/9553 1687/9554 1709/9555
vt 0.11321026 0.97265625
vt 0.11321026 0.97812500
vt 0.10860989 0.97812500
f 1710/9556 1688/9557 1686/9558
vt 0.03829739 0.97812500
vt 0.04289776 0.97265625
vt 0.03829739 0.97265625
f 1685/9559 1709/9560 1707/9561
vt 0.10860989 0.97265625
vt 0.11321026 0.97265625
vt 0.10860989 0.97812500
f 1708/9562 1710/9563 1686/9564
vt 0.04289776 0.97812500
vt 0.04824793 0.97812500
vt 0.04824793 0.97265625
f 1687/9565 1689/9566 1711/9567
vt 0.11856043 0.97265625
vt 0.11856043 0.97812500
vt 0.11321026 0.97812500
f 1712/9568 1690/9569 1688/9570
vt 0.04289776 0.97812500
vt 0.04824793 0.97265625
vt 0.04289776 0.97265625
f 1687/9571 1711/9572 1709/9573
vt 0.11321026 0.97265625
vt 0.11856043 0.97265625
vt 0.11321026 0.97812500
f 1710/9574 1712/9575 1688/9576
vt 0.04824793 0.97812500
vt 0.05222418 0.97812500
vt 0.05222418 0.97265625
f 1689/9577 1691/9578 1713/9579
vt 0.12253668 0.97265625
vt 0.12253668 0.97812500
vt 0.11856043 0.97812500
f 1714/9580 1692/9581 1690/9582
vt 0.04824793 0.97812500
vt 0.05222418 0.97265625
vt 0.04824793 0.97265625
f 1689/9583 1713/9584 1711/9585
vt 0.11856043 0.97265625
vt 0.12253668 0.97265625
vt 0.11856043 0.97812500
f 1712/9586 1714/9587 1690/9588
vt 0.05222418 0.97812500
vt 0.05756577 0.97812500
vt 0.05756577 0.97265625
f 1691/9589 1693/9590 1715/9591
vt 0.12787827 0.97265625
vt 0.12787827 0.97812500
vt 0.12253668 0.97812500
f 1716/9592 1694/9593 1692/9594
vt 0.05222418 0.97812500
vt 0.05756577 0.97265625
vt 0.05222418 0.97265625
f 1691/9595 1715/9596 1713/9597
vt 0.12253668 0.97265625
vt 0.12787827 0.97265625
vt 0.12253668 0.97812500
f 1714/9598 1716/9599 1692/9600
vt 0.05756577 0.97812500
vt 0.06640625 0.97812500
vt 0.06640625 0.97265625
f 1693/9601 1695/9602 1717/9603
vt 0.13671875 0.97265625
vt 0.13671875 0.97812500
vt 0.12787827 0.97812500
f 1718/9604 1696/9605 1694/9606
vt 0.05756577 0.97812500
vt 0.06640625 0.97265625
vt 0.05756577 0.97265625
f 1693/9607 1717/9608 1715/9609
vt 0.12787827 0.97265625
vt 0.13671875 0.97265625
vt 0.12787827 0.97812500
f 1716/9610 1718/9611 1694/9612
vt 0.14843750 0.99218750
vt 0.15234375 0.99218750
vt 0.14843750 0.98828125
f 1610/9613 1609/9614 1614/9615
vt 0.14843750 0.99218750
vt 0.15234375 0.99218750
vt 0.14843750 0.98828125
f 1610/9616 1614/9617 1613/9618
vt 0.14843750 0.99218750
vt 0.15234375 0.99218750
vt 0.14843750 0.98828125
f 1609/9619 1615/9620 1616/9621
vt 0.14843750 0.99218750
vt 0.15234375 0.99218750
vt 0.14843750 0.98828125
f 1609/9622 1616/9623 1614/9624
vt 0.14843750 0.99218750
vt 0.15234375 0.99218750
vt 0.14843750 0.98828125
f 1617/9625 1610/9626 1613/9627
vt 0.14843750 0.99218750
vt 0.15234375 0.99218750
vt 0.14843750 0.98828125
f 1617/9628 1613/9629 1620/9630
vt 0.14843750 0.99218750
vt 0.15234375 0.99218750
vt 0.14843750 0.98828125
f 1621/9631 1617/9632 1620/9633
vt 0.14843750 0.99218750
vt 0.15234375 0.99218750
vt 0.14843750 0.98828125
f 1621/9634 1620/9635 1624/9636
vt 0.14843750 0.99218750
vt 0.15234375 0.99218750
vt 0.14843750 0.98828125
f 1625/9637 1621/9638 1624/9639
vt 0.14843750 0.99218750
vt 0.15234375 0.99218750
vt 0.14843750 0.98828125
f 1625/9640 1624/9641 1628/9642
vt 0.14843750 0.99218750
vt 0.15234375 0.99218750
vt 0.14843750 0.98828125
f 1629/9643 1625/9644 1628/9645
vt 0.14843750 0.99218750
vt 0.15234375 0.99218750
vt 0.14843750 0.98828125
f 1629/9646 1628/9647 1632/9648
vt 0.14843750 0.99218750
vt 0.15234375 0.99218750
vt 0.14843750 0.98828125
f 1633/9649 1629/9650 1632/9651
vt 0.14843750 0.99218750
vt 0.15234375 0.99218750
vt 0.14843750 0.98828125
f 1633/9652 1632/9653 1636/9654
vt 0.14843750 0.99218750
vt 0.15234375 0.99218750
vt 0.14843750 0.98828125
f 1637/9655 1633/9656 1636/9657
vt 0.14843750 0.99218750
vt 0.15234375 0.99218750
vt 0.14843750 0.98828125
f 1637/9658 1636/9659 1640/9660
vt 0.14843750 0.99218750
vt 0.15234375 0.99218750
vt 0.14843750 0.98828125
f 1641/9661 1637/9662 1640/9663
vt 0.14843750 0.99218750
vt 0.15234375 0.99218750
vt 0.14843750 0.98828125
f 1641/9664 1640/9665 1644/9666
vt 0.14843750 0.99218750
vt 0.15234375 0.99218750
vt 0.14843750 0.98828125
f 1645/9667 1641/9668 1644/9669
vt 0.14843750 0.99218750
vt 0.15234375 0.99218750
vt 0.14843750 0.98828125
f 1645/9670 1644/9671 1648/9672
vt 0.14843750 0.99218750
vt 0.15234375 0.99218750
vt 0.14843750 0.98828125
f 1649/9673 1645/9674 1648/9675
vt 0.14843750 0.99218750
vt 0.15234375 0.99218750
vt 0.14843750 0.98828125
f 1649/9676 1648/9677 1652/9678
vt 0.14843750 0.99218750
vt 0.15234375 0.99218750
vt 0.14843750 0.98828125
f 1650/9679 1649/9680 1652/9681
vt 0.14843750 0.99218750
vt 0.15234375 0.99218750
vt 0.14843750 0.98828125
f 1650/9682 1652/9683 1651/9684
vt 0.14843750 0.99218750
vt 0.15234375 0.99218750
vt 0.14843750 0.98828125
f 1615/9685 1655/9686 1656/9687
vt 0.14843750 0.99218750
vt 0.15234375 0.99218750
vt 0.14843750 0.98828125
f 1615/9688 1656/9689 1616/9690
vt 0.14843750 0.99218750
vt 0.15234375 0.99218750
vt 0.14843750 0.98828125
f 1673/9691 1650/9692 1651/9693
vt 0.14843750 0.99218750
vt 0.15234375 0.99218750
vt 0.14843750 0.98828125
f 1673/9694 1651/9695 1674/9696
vt 0.14843750 0.99218750
vt 0.15234375 0.99218750
vt 0.14843750 0.98828125
f 1655/9697 1677/9698 1678/9699
vt 0.14843750 0.99218750
vt 0.15234375 0.99218750
vt 0.14843750 0.98828125
f 1655/9700 1678/9701 1656/9702
vt 0.14843750 0.99218750
vt 0.15234375 0.99218750
vt 0.14843750 0.98828125
f 1695/9703 1673/9704 1674/9705
vt 0.14843750 0.99218750
vt 0.15234375 0.99218750
vt 0.14843750 0.98828125
f 1695/9706 1674/9707 1696/9708
vt 0.14843750 0.99218750
vt 0.15234375 0.99218750
vt 0.14843750 0.98828125
f 1699/9709 1697/9710 1698/9711
vt 0.14843750 0.99218750
vt 0.15234375 0.99218750
vt 0.14843750 0.98828125
f 1699/9712 1698/9713 1700/9714
vt 0.14843750 0.99218750
vt 0.15234375 0.99218750
vt 0.14843750 0.98828125
f 1677/9715 1699/9716 1700/9717
vt 0.14843750 0.99218750
vt 0.15234375 0.99218750
vt 0.14843750 0.98828125
f 1677/9718 1700/9719 1678/9720
vt 0.14843750 0.99218750
vt 0.15234375 0.99218750
vt 0.14843750 0.98828125
f 1697/9721 1701/9722 1702/9723
vt 0.14843750 0.99218750
vt 0.15234375 0.99218750
vt 0.14843750 0.98828125
f 1697/9724 1702/9725 1698/9726
vt 0.14843750 0.99218750
vt 0.15234375 0.99218750
vt 0.14843750 0.98828125
f 1701/9727 1703/9728 1704/9729
vt 0.14843750 0.99218750
vt 0.15234375 0.99218750
vt 0.14843750 0.98828125
f 1701/9730 1704/9731 1702/9732
vt 0.14843750 0.99218750
vt 0.15234375 0.99218750
vt 0.14843750 0.98828125
f 1703/9733 1705/9734 1706/9735
vt 0.14843750 0.99218750
vt 0.15234375 0.99218750
vt 0.14843750 0.98828125
f 1703/9736 1706/9737 1704/9738
vt 0.14843750 0.99218750
vt 0.15234375 0.99218750
vt 0.14843750 0.98828125
f 1705/9739 1707/9740 1708/9741
vt 0.14843750 0.99218750
vt 0.15234375 0.99218750
vt 0.14843750 0.98828125
f 1705/9742 1708/9743 1706/9744
vt 0.14843750 0.99218750
vt 0.15234375 0.99218750
vt 0.14843750 0.98828125
f 1707/9745 1709/9746 1710/9747
vt 0.14843750 0.99218750
vt 0.15234375 0.99218750
vt 0.14843750 0.98828125
f 1707/9748 1710/9749 1708/9750
vt 0.14843750 0.99218750
vt 0.15234375 0.99218750
vt 0.14843750 0.98828125
f 1709/9751 1711/9752 1712/9753
vt 0.14843750 0.99218750
vt 0.15234375 0.99218750
vt 0.14843750 0.98828125
f 1709/9754 1712/9755 1710/9756
vt 0.14843750 0.99218750
vt 0.15234375 0.99218750
vt 0.14843750 0.98828125
f 1711/9757 1713/9758 1714/9759
vt 0.14843750 0.99218750
vt 0.15234375 0.99218750
vt 0.14843750 0.98828125
f 1711/9760 1714/9761 1712/9762
vt 0.14843750 0.99218750
vt 0.15234375 0.99218750
vt 0.14843750 0.98828125
f 1713/9763 1715/9764 1716/9765
vt 0.14843750 0.99218750
vt 0.15234375 0.99218750
vt 0.14843750 0.98828125
f 1713/9766 1716/9767 1714/9768
vt 0.14843750 0.99218750
vt 0.15234375 0.99218750
vt 0.14843750 0.98828125
f 1717/9769 1695/9770 1696/9771
vt 0.14843750 0.99218750
vt 0.15234375 0.99218750
vt 0.14843750 0.98828125
f 1717/9772 1696/9773 1718/9774
vt 0.14843750 0.99218750
vt 0.15234375 0.99218750
vt 0.14843750 0.98828125
f 1715/9775 1717/9776 1718/9777
vt 0.14843750 0.99218750
vt 0.15234375 0.99218750
vt 0.14843750 0.98828125
f 1715/9778 1718/9779 1716/9780
vt 0.16406250 0.99218750
vt 0.16589887 0.99218750
vt 0.16589887 0.98632812
f 1719/9781 1720/9782 1721/9783
vt 0.19714887 0.98632812
vt 0.19714887 0.99218750
vt 0.19531250 0.99218750
f 1722/9784 1723/9785 1724/9786
vt 0.16406250 0.99218750
vt 0.16589887 0.98632812
vt 0.16406250 0.98632812
f 1719/9787 1721/9788 1725/9789
vt 0.19531250 0.98632812
vt 0.19714887 0.98632812
vt 0.19531250 0.99218750
f 1726/9790 1722/9791 1724/9792
vt 0.16589887 0.99218750
vt 0.16956299 0.99218750
vt 0.16956299 0.98632812
f 1720/9793 1727/9794 1728/9795
vt 0.20081299 0.98632812
vt 0.20081299 0.99218750
vt 0.19714887 0.99218750
f 1729/9796 1730/9797 1723/9798
vt 0.16589887 0.99218750
vt 0.16956299 0.98632812
vt 0.16589887 0.98632812
f 1720/9799 1728/9800 1721/9801
vt 0.19714887 0.98632812
vt 0.20081299 0.98632812
vt 0.19714887 0.99218750
f 1722/9802 1729/9803 1723/9804
vt 0.16956299 0.99218750
vt 0.17491236 0.99218750
vt 0.17491236 0.98632812
f 1727/9805 1731/9806 1732/9807
vt 0.20616236 0.98632812
vt 0.20616236 0.99218750
vt 0.20081299 0.99218750
f 1733/9808 1734/9809 1730/9810
vt 0.16956299 0.99218750
vt 0.17491236 0.98632812
vt 0.16956299 0.98632812
f 1727/9811 1732/9812 1728/9813
vt 0.20081299 0.98632812
vt 0.20616236 0.98632812
vt 0.20081299 0.99218750
f 1729/9814 1733/9815 1730/9816
vt 0.17491236 0.99218750
vt 0.17802647 0.99218750
vt 0.17802647 0.98632812
f 1731/9817 1735/9818 1736/9819
vt 0.20927647 0.98632812
vt 0.20927647 0.99218750
vt 0.20616236 0.99218750
f 1737/9820 1738/9821 1734/9822
vt 0.17491236 0.99218750
vt 0.17802647 0.98632812
vt 0.17491236 0.98632812
f 1731/9823 1736/9824 1732/9825
vt 0.20616236 0.98632812
vt 0.20927647 0.98632812
vt 0.20616236 0.99218750
f 1733/9826 1737/9827 1734/9828
vt 0.17802647 0.99218750
vt 0.18167704 0.99218750
vt 0.18167704 0.98632812
f 1735/9829 1739/9830 1740/9831
vt 0.21292704 0.98632812
vt 0.21292704 0.99218750
vt 0.20927647 0.99218750
f 1741/9832 1742/9833 1738/9834
vt 0.17802647 0.99218750
vt 0.18167704 0.98632812
vt 0.17802647 0.98632812
f 1735/9835 1740/9836 1736/9837
vt 0.20927647 0.98632812
vt 0.21292704 0.98632812
vt 0.20927647 0.99218750
f 1737/9838 1741/9839 1738/9840
vt 0.18167704 0.99218750
vt 0.18359375 0.99218750
vt 0.18359375 0.98632812
f 1739/9841 1743/9842 1744/9843
vt 0.21484375 0.98632812
vt 0.21484375 0.99218750
vt 0.21292704 0.99218750
f 1745/9844 1746/9845 1742/9846
vt 0.18167704 0.99218750
vt 0.18359375 0.98632812
vt 0.18167704 0.98632812
f 1739/9847 1744/9848 1740/9849
vt 0.21292704 0.98632812
vt 0.21484375 0.98632812
vt 0.21292704 0.99218750
f 1741/9850 1745/9851 1742/9852
vt 0.16406250 0.98632812
vt 0.16589887 0.98632812
vt 0.16589887 0.98046875
f 1725/9853 1721/9854 1747/9855
vt 0.19714887 0.98046875
vt 0.19714887 0.98632812
vt 0.19531250 0.98632812
f 1748/9856 1722/9857 1726/9858
vt 0.16406250 0.98632812
vt 0.16589887 0.98046875
vt 0.16406250 0.98046875
f 1725/9859 1747/9860 1749/9861
vt 0.19531250 0.98046875
vt 0.19714887 0.98046875
vt 0.19531250 0.98632812
f 1750/9862 1748/9863 1726/9864
vt 0.16589887 0.98632812
vt 0.16956299 0.98632812
vt 0.16956299 0.98046875
f 1721/9865 1728/9866 1751/9867
vt 0.20081299 0.98046875
vt 0.20081299 0.98632812
vt 0.19714887 0.98632812
f 1752/9868 1729/9869 1722/9870
vt 0.16589887 0.98632812
vt 0.16956299 0.98046875
vt 0.16589887 0.98046875
f 1721/9871 1751/9872 1747/9873
vt 0.19714887 0.98046875
vt 0.20081299 0.98046875
vt 0.19714887 0.98632812
f 1748/9874 1752/9875 1722/9876
vt 0.16956299 0.98632812
vt 0.17491236 0.98632812
vt 0.17491236 0.98046875
f 1728/9877 1732/9878 1753/9879
vt 0.20616236 0.98046875
vt 0.20616236 0.98632812
vt 0.20081299 0.98632812
f 1754/9880 1733/9881 1729/9882
vt 0.16956299 0.98632812
vt 0.17491236 0.98046875
vt 0.16956299 0.98046875
f 1728/9883 1753/9884 1751/9885
vt 0.20081299 0.98046875
vt 0.20616236 0.98046875
vt 0.20081299 0.98632812
f 1752/9886 1754/9887 1729/9888
vt 0.17491236 0.98632812
vt 0.17802647 0.98632812
vt 0.17802647 0.98046875
f 1732/9889 1736/9890 1755/9891
vt 0.20927647 0.98046875
vt 0.20927647 0.98632812
vt 0.20616236 0.98632812
f 1756/9892 1737/9893 1733/9894
vt 0.17491236 0.98632812
vt 0.17802647 0.98046875
vt 0.17491236 0.98046875
f 1732/9895 1755/9896 1753/9897
vt 0.20616236 0.98046875
vt 0.20927647 0.98046875
vt 0.20616236 0.98632812
f 1754/9898 1756/9899 1733/9900
vt 0.17802647 0.98632812
vt 0.18167704 0.98632812
vt 0.18167704 0.98046875
f 1736/9901 1740/9902 1757/9903
vt 0.21292704 0.98046875
vt 0.21292704 0.98632812
vt 0.20927647 0.98632812
f 1758/9904 1741/9905 1737/9906
vt 0.17802647 0.98632812
vt 0.18167704 0.98046875
vt 0.17802647 0.98046875
f 1736/9907 1757/9908 1755/9909
vt 0.20927647 0.98046875
vt 0.21292704 0.98046875
vt 0.20927647 0.98632812
f 1756/9910 1758/9911 1737/9912
vt 0.18167704 0.98632812
vt 0.18359375 0.98632812
vt 0.18359375 0.98046875
f 1740/9913 1744/9914 1759/9915
vt 0.21484375 0.98046875
vt 0.21484375 0.98632812
vt 0.21292704 0.98632812
f 1760/9916 1745/9917 1741/9918
vt 0.18167704 0.98632812
vt 0.18359375 0.98046875
vt 0.18167704 0.98046875
f 1740/9919 1759/9920 1757/9921
vt 0.21292704 0.98046875
vt 0.21484375 0.98046875
vt 0.21292704 0.98632812
f 1758/9922 1760/9923 1741/9924
vt 0.16406250 0.98046875
vt 0.16589887 0.98046875
vt 0.16589887 0.97460938
f 1749/9925 1747/9926 1761/9927
vt 0.19714887 0.97460938
vt 0.19714887 0.98046875
vt 0.19531250 0.98046875
f 1762/9928 1748/9929 1750/9930
vt 0.16406250 0.98046875
vt 0.16589887 0.97460938
vt 0.16406250 0.97460938
f 1749/9931 1761/9932 1763/9933
vt 0.19531250 0.97460938
vt 0.19714887 0.97460938
vt 0.19531250 0.98046875
f 1764/9934 1762/9935 1750/9936
vt 0.16589887 0.98046875
vt 0.16956299 0.98046875
vt 0.16956299 0.97460938
f 1747/9937 1751/9938 1765/9939
vt 0.20081299 0.97460938
vt 0.20081299 0.98046875
vt 0.19714887 0.98046875
f 1766/9940 1752/9941 1748/9942
vt 0.16589887 0.98046875
vt 0.16956299 0.97460938
vt 0.16589887 0.97460938
f 1747/9943 1765/9944 1761/9945
vt 0.19714887 0.97460938
vt 0.20081299 0.97460938
vt 0.19714887 0.98046875
f 1762/9946 1766/9947 1748/9948
vt 0.16956299 0.98046875
vt 0.17491236 0.98046875
vt 0.17491236 0.97460938
f 1751/9949 1753/9950 1767/9951
vt 0.20616236 0.97460938
vt 0.20616236 0.98046875
vt 0.20081299 0.98046875
f 1768/9952 1754/9953 1752/9954
vt 0.16956299 0.98046875
vt 0.17491236 0.97460938
vt 0.16956299 0.97460938
f 1751/9955 1767/9956 1765/9957
vt 0.20081299 0.97460938
vt 0.20616236 0.97460938
vt 0.20081299 0.98046875
f 1766/9958 1768/9959 1752/9960
vt 0.17491236 0.98046875
vt 0.17802647 0.98046875
vt 0.17802647 0.97460938
f 1753/9961 1755/9962 1769/9963
vt 0.20927647 0.97460938
vt 0.20927647 0.98046875
vt 0.20616236 0.98046875
f 1770/9964 1756/9965 1754/9966
vt 0.17491236 0.98046875
vt 0.17802647 0.97460938
vt 0.17491236 0.97460938
f 1753/9967 1769/9968 1767/9969
vt 0.20616236 0.97460938
vt 0.20927647 0.97460938
vt 0.20616236 0.98046875
f 1768/9970 1770/9971 1754/9972
vt 0.17802647 0.98046875
vt 0.18167704 0.98046875
vt 0.18167704 0.97460938
f 1755/9973 1757/9974 1771/9975
vt 0.21292704 0.97460938
vt 0.21292704 0.98046875
vt 0.20927647 0.98046875
f 1772/9976 1758/9977 1756/9978
vt 0.17802647 0.98046875
vt 0.18167704 0.97460938
vt 0.17802647 0.97460938
f 1755/9979 1771/9980 1769/9981
vt 0.20927647 0.97460938
vt 0.21292704 0.97460938
vt 0.20927647 0.98046875
f 1770/9982 1772/9983 1756/9984
vt 0.18167704 0.98046875
vt 0.18359375 0.98046875
vt 0.18359375 0.97460938
f 1757/9985 1759/9986 1773/9987
vt 0.21484375 0.97460938
vt 0.21484375 0.98046875
vt 0.21292704 0.98046875
f 1774/9988 1760/9989 1758/9990
vt 0.18167704 0.98046875
vt 0.18359375 0.97460938
vt 0.18167704 0.97460938
f 1757/9991 1773/9992 1771/9993
vt 0.21292704 0.97460938
vt 0.21484375 0.97460938
vt 0.21292704 0.98046875
f 1772/9994 1774/9995 1758/9996
vt 0.22656250 0.99218750
vt 0.23046875 0.99218750
vt 0.22656250 0.98828125
f 1720/9997 1719/9998 1724/9999
vt 0.22656250 0.99218750
vt 0.23046875 0.99218750
vt 0.22656250 0.98828125
f 1720/10000 1724/10001 1723/10002
vt 0.22656250 0.99218750
vt 0.23046875 0.99218750
vt 0.22656250 0.98828125
f 1719/10003 1725/10004 1726/10005
vt 0.22656250 0.99218750
vt 0.23046875 0.99218750
vt 0.22656250 0.98828125
f 1719/10006 1726/10007 1724/10008
vt 0.22656250 0.99218750
vt 0.23046875 0.99218750
vt 0.22656250 0.98828125
f 1727/10009 1720/10010 1723/10011
vt 0.22656250 0.99218750
vt 0.23046875 0.99218750
vt 0.22656250 0.98828125
f 1727/10012 1723/10013 1730/10014
vt 0.22656250 0.99218750
vt 0.23046875 0.99218750
vt 0.22656250 0.98828125
f 1731/10015 1727/10016 1730/10017
vt 0.22656250 0.99218750
vt 0.23046875 0.99218750
vt 0.22656250 0.98828125
f 1731/10018 1730/10019 1734/10020
vt 0.22656250 0.99218750
vt 0.23046875 0.99218750
vt 0.22656250 0.98828125
f 1735/10021 1731/10022 1734/10023
vt 0.22656250 0.99218750
vt 0.23046875 0.99218750
vt 0.22656250 0.98828125
f 1735/10024 1734/10025 1738/10026
vt 0.22656250 0.99218750
vt 0.23046875 0.99218750
vt 0.22656250 0.98828125
f 1739/10027 1735/10028 1738/10029
vt 0.22656250 0.99218750
vt 0.23046875 0.99218750
vt 0.22656250 0.98828125
f 1739/10030 1738/10031 1742/10032
vt 0.22656250 0.99218750
vt 0.23046875 0.99218750
vt 0.22656250 0.98828125
f 1743/10033 1739/10034 1742/10035
vt 0.22656250 0.99218750
vt 0.23046875 0.99218750
vt 0.22656250 0.98828125
f 1743/10036 1742/10037 1746/10038
vt 0.22656250 0.99218750
vt 0.23046875 0.99218750
vt 0.22656250 0.98828125
f 1744/10039 1743/10040 1746/10041
vt 0.22656250 0.99218750
vt 0.23046875 0.99218750
vt 0.22656250 0.98828125
f 1744/10042 1746/10043 1745/10044
vt 0.22656250 0.99218750
vt 0.23046875 0.99218750
vt 0.22656250 0.98828125
f 1725/10045 1749/10046 1750/10047
vt 0.22656250 0.99218750
vt 0.23046875 0.99218750
vt 0.22656250 0.98828125
f 1725/10048 1750/10049 1726/10050
vt 0.22656250 0.99218750
vt 0.23046875 0.99218750
vt 0.22656250 0.98828125
f 1759/10051 1744/10052 1745/10053
vt 0.22656250 0.99218750
vt 0.23046875 0.99218750
vt 0.22656250 0.98828125
f 1759/10054 1745/10055 1760/10056
vt 0.22656250 0.99218750
vt 0.23046875 0.99218750
vt 0.22656250 0.98828125
f 1763/10057 1761/10058 1762/10059
vt 0.22656250 0.99218750
vt 0.23046875 0.99218750
vt 0.22656250 0.98828125
f 1763/10060 1762/10061 1764/10062
vt 0.22656250 0.99218750
vt 0.23046875 0.99218750
vt 0.22656250 0.98828125
f 1749/10063 1763/10064 1764/10065
vt 0.22656250 0.99218750
vt 0.23046875 0.99218750
vt 0.22656250 0.98828125
f 1749/10066 1764/10067 1750/10068
vt 0.22656250 0.99218750
vt 0.23046875 0.99218750
vt 0.22656250 0.98828125
f 1761/10069 1765/10070 1766/10071
vt 0.22656250 0.99218750
vt 0.23046875 0.99218750
vt 0.22656250 0.98828125
f 1761/10072 1766/10073 1762/10074
vt 0.22656250 0.99218750
vt 0.23046875 0.99218750
vt 0.22656250 0.98828125
f 1765/10075 1767/10076 1768/10077
vt 0.22656250 0.99218750
vt 0.23046875 0.99218750
vt 0.22656250 0.98828125
f 1765/10078 1768/10079 1766/10080
vt 0.22656250 0.99218750
vt 0.23046875 0.99218750
vt 0.22656250 0.98828125
f 1767/10081 1769/10082 1770/10083
vt 0.22656250 0.99218750
vt 0.23046875 0.99218750
vt 0.22656250 0.98828125
f 1767/10084 1770/10085 1768/10086
vt 0.22656250 0.99218750
vt 0.23046875 0.99218750
vt 0.22656250 0.98828125
f 1769/10087 1771/10088 1772/10089
vt 0.22656250 0.99218750
vt 0.23046875 0.99218750
vt 0.22656250 0.98828125
f 1769/10090 1772/10091 1770/10092
vt 0.22656250 0.99218750
vt 0.23046875 0.99218750
vt 0.22656250 0.98828125
f 1773/10093 1759/10094 1760/10095
vt 0.22656250 0.99218750
vt 0.23046875 0.99218750
vt 0.22656250 0.98828125
f 1773/10096 1760/10097 1774/10098
vt 0.22656250 0.99218750
vt 0.23046875 0.99218750
vt 0.22656250 0.98828125
f 1771/10099 1773/10100 1774/10101
vt 0.22656250 0.99218750
vt 0.23046875 0.99218750
vt 0.22656250 0.98828125
f 1771/10102 1774/10103 1772/10104
vt 0.24218750 0.99218750
vt 0.25039588 0.99218750
vt 0.25039588 0.98925781
f 1775/10105 1776/10106 1777/10107
vt 0.34023963 0.98925781
vt 0.34023963 0.99218750
vt 0.33203125 0.99218750
f 1778/10108 1779/10109 1780/10110
vt 0.24218750 0.99218750
vt 0.25039588 0.98925781
vt 0.24218750 0.98925781
f 1775/10111 1777/10112 1781/10113
vt 0.33203125 0.98925781
vt 0.34023963 0.98925781
vt 0.33203125 0.99218750
f 1782/10114 1778/10115 1780/10116
vt 0.25039588 0.99218750
vt 0.25860427 0.99218750
vt 0.25860427 0.98925781
f 1776/10117 1783/10118 1784/10119
vt 0.34844802 0.98925781
vt 0.34844802 0.99218750
vt 0.34023963 0.99218750
f 1785/10120 1786/10121 1779/10122
vt 0.25039588 0.99218750
vt 0.25860427 0.98925781
vt 0.25039588 0.98925781
f 1776/10123 1784/10124 1777/10125
vt 0.34023963 0.98925781
vt 0.34844802 0.98925781
vt 0.34023963 0.99218750
f 1778/10126 1785/10127 1779/10128
vt 0.25860427 0.99218750
vt 0.26017227 0.99218750
vt 0.26017227 0.98925781
f 1783/10129 1787/10130 1788/10131
vt 0.35001602 0.98925781
vt 0.35001602 0.99218750
vt 0.34844802 0.99218750
f 1789/10132 1790/10133 1786/10134
vt 0.25860427 0.99218750
vt 0.26017227 0.98925781
vt 0.25860427 0.98925781
f 1783/10135 1788/10136 1784/10137
vt 0.34844802 0.98925781
vt 0.35001602 0.98925781
vt 0.34844802 0.99218750
f 1785/10138 1789/10139 1786/10140
vt 0.26017227 0.99218750
vt 0.26989615 0.99218750
vt 0.26989615 0.98925781
f 1787/10141 1791/10142 1792/10143
vt 0.35973990 0.98925781
vt 0.35973990 0.99218750
vt 0.35001602 0.99218750
f 1793/10144 1794/10145 1790/10146
vt 0.26017227 0.99218750
vt 0.26989615 0.98925781
vt 0.26017227 0.98925781
f 1787/10147 1792/10148 1788/10149
vt 0.35001602 0.98925781
vt 0.35973990 0.98925781
vt 0.35001602 0.99218750
f 1789/10150 1793/10151 1790/10152
vt 0.26989615 0.99218750
vt 0.27973620 0.99218750
vt 0.27973620 0.98925781
f 1791/10153 1795/10154 1796/10155
vt 0.36957995 0.98925781
vt 0.36957995 0.99218750
vt 0.35973990 0.99218750
f 1797/10156 1798/10157 1794/10158
vt 0.26989615 0.99218750
vt 0.27973620 0.98925781
vt 0.26989615 0.98925781
f 1791/10159 1796/10160 1792/10161
vt 0.35973990 0.98925781
vt 0.36957995 0.98925781
vt 0.35973990 0.99218750
f 1793/10162 1797/10163 1794/10164
vt 0.27973620 0.99218750
vt 0.28945838 0.99218750
vt 0.28945838 0.98925781
f 1795/10165 1799/10166 1800/10167
vt 0.37930213 0.98925781
vt 0.37930213 0.99218750
vt 0.36957995 0.99218750
f 1801/10168 1802/10169 1798/10170
vt 0.27973620 0.99218750
vt 0.28945838 0.98925781
vt 0.27973620 0.98925781
f 1795/10171 1800/10172 1796/10173
vt 0.36957995 0.98925781
vt 0.37930213 0.98925781
vt 0.36957995 0.99218750
f 1797/10174 1801/10175 1798/10176
vt 0.28945838 0.99218750
vt 0.29918057 0.99218750
vt 0.29918057 0.98925781
f 1799/10177 1803/10178 1804/10179
vt 0.38902432 0.98925781
vt 0.38902432 0.99218750
vt 0.37930213 0.99218750
f 1805/10180 1806/10181 1802/10182
vt 0.28945838 0.99218750
vt 0.29918057 0.98925781
vt 0.28945838 0.98925781
f 1799/10183 1804/10184 1800/10185
vt 0.37930213 0.98925781
vt 0.38902432 0.98925781
vt 0.37930213 0.99218750
f 1801/10186 1805/10187 1802/10188
vt 0.29918057 0.99218750
vt 0.30902062 0.99218750
vt 0.30902062 0.98925781
f 1803/10189 1807/10190 1808/10191
vt 0.39886437 0.98925781
vt 0.39886437 0.99218750
vt 0.38902432 0.99218750
f 1809/10192 1810/10193 1806/10194
vt 0.29918057 0.99218750
vt 0.30902062 0.98925781
vt 0.29918057 0.98925781
f 1803/10195 1808/10196 1804/10197
vt 0.38902432 0.98925781
vt 0.39886437 0.98925781
vt 0.38902432 0.99218750
f 1805/10198 1809/10199 1806/10200
vt 0.30902062 0.99218750
vt 0.31874450 0.99218750
vt 0.31874450 0.98925781
f 1807/10201 1811/10202 1812/10203
vt 0.40858825 0.98925781
vt 0.40858825 0.99218750
vt 0.39886437 0.99218750
f 1813/10204 1814/10205 1810/10206
vt 0.30902062 0.99218750
vt 0.31874450 0.98925781
vt 0.30902062 0.98925781
f 1807/10207 1812/10208 1808/10209
vt 0.39886437 0.98925781
vt 0.40858825 0.98925781
vt 0.39886437 0.99218750
f 1809/10210 1813/10211 1810/10212
vt 0.31874450 0.99218750
vt 0.32031250 0.99218750
vt 0.32031250 0.98925781
f 1811/10213 1775/10214 1781/10215
vt 0.41015625 0.98925781
vt 0.41015625 0.99218750
vt 0.40858825 0.99218750
f 1782/10216 1780/10217 1814/10218
vt 0.31874450 0.99218750
vt 0.32031250 0.98925781
vt 0.31874450 0.98925781
f 1811/10219 1781/10220 1812/10221
vt 0.40858825 0.98925781
vt 0.41015625 0.98925781
vt 0.40858825 0.99218750
f 1813/10222 1782/10223 1814/10224
vt 0.24218750 0.98925781
vt 0.25039588 0.98925781
vt 0.25039588 0.98535156
f 1781/10225 1777/10226 1815/10227
vt 0.34023963 0.98535156
vt 0.34023963 0.98925781
vt 0.33203125 0.98925781
f 1816/10228 1778/10229 1782/10230
vt 0.24218750 0.98925781
vt 0.25039588 0.98535156
vt 0.24218750 0.98535156
f 1781/10231 1815/10232 1817/10233
vt 0.33203125 0.98535156
vt 0.34023963 0.98535156
vt 0.33203125 0.98925781
f 1818/10234 1816/10235 1782/10236
vt 0.25039588 0.98925781
vt 0.25860427 0.98925781
vt 0.25860427 0.98535156
f 1777/10237 1784/10238 1819/10239
vt 0.34844802 0.98535156
vt 0.34844802 0.98925781
vt 0.34023963 0.98925781
f 1820/10240 1785/10241 1778/10242
vt 0.25039588 0.98925781
vt 0.25860427 0.98535156
vt 0.25039588 0.98535156
f 1777/10243 1819/10244 1815/10245
vt 0.34023963 0.98535156
vt 0.34844802 0.98535156
vt 0.34023963 0.98925781
f 1816/10246 1820/10247 1778/10248
vt 0.25860427 0.98925781
vt 0.26017227 0.98925781
vt 0.26017227 0.98535156
f 1784/10249 1788/10250 1821/10251
vt 0.35001602 0.98535156
vt 0.35001602 0.98925781
vt 0.34844802 0.98925781
f 1822/10252 1789/10253 1785/10254
vt 0.25860427 0.98925781
vt 0.26017227 0.98535156
vt 0.25860427 0.98535156
f 1784/10255 1821/10256 1819/10257
vt 0.34844802 0.98535156
vt 0.35001602 0.98535156
vt 0.34844802 0.98925781
f 1820/10258 1822/10259 1785/10260
vt 0.26017227 0.98925781
vt 0.26989615 0.98925781
vt 0.26989615 0.98535156
f 1788/10261 1792/10262 1823/10263
vt 0.35973990 0.98535156
vt 0.35973990 0.98925781
vt 0.35001602 0.98925781
f 1824/10264 1793/10265 1789/10266
vt 0.26017227 0.98925781
vt 0.26989615 0.98535156
vt 0.26017227 0.98535156
f 1788/10267 1823/10268 1821/10269
vt 0.35001602 0.98535156
vt 0.35973990 0.98535156
vt 0.35001602 0.98925781
f 1822/10270 1824/10271 1789/10272
vt 0.26989615 0.98925781
vt 0.27973620 0.98925781
vt 0.27973620 0.98535156
f 1792/10273 1796/10274 1825/10275
vt 0.36957995 0.98535156
vt 0.36957995 0.98925781
vt 0.35973990 0.98925781
f 1826/10276 1797/10277 1793/10278
vt 0.26989615 0.98925781
vt 0.27973620 0.98535156
vt 0.26989615 0.98535156
f 1792/10279 1825/10280 1823/10281
vt 0.35973990 0.98535156
vt 0.36957995 0.98535156
vt 0.35973990 0.98925781
f 1824/10282 1826/10283 1793/10284
vt 0.27973620 0.98925781
vt 0.28945838 0.98925781
vt 0.28945838 0.98535156
f 1796/10285 1800/10286 1827/10287
vt 0.37930213 0.98535156
vt 0.37930213 0.98925781
vt 0.36957995 0.98925781
f 1828/10288 1801/10289 1797/10290
vt 0.27973620 0.98925781
vt 0.28945838 0.98535156
vt 0.27973620 0.98535156
f 1796/10291 1827/10292 1825/10293
vt 0.36957995 0.98535156
vt 0.37930213 0.98535156
vt 0.36957995 0.98925781
f 1826/10294 1828/10295 1797/10296
vt 0.28945838 0.98925781
vt 0.29918057 0.98925781
vt 0.29918057 0.98535156
f 1800/10297 1804/10298 1829/10299
vt 0.38902432 0.98535156
vt 0.38902432 0.98925781
vt 0.37930213 0.98925781
f 1830/10300 1805/10301 1801/10302
vt 0.28945838 0.98925781
vt 0.29918057 0.98535156
vt 0.28945838 0.98535156
f 1800/10303 1829/10304 1827/10305
vt 0.37930213 0.98535156
vt 0.38902432 0.98535156
vt 0.37930213 0.98925781
f 1828/10306 1830/10307 1801/10308
vt 0.29918057 0.98925781
vt 0.30902062 0.98925781
vt 0.30902062 0.98535156
f 1804/10309 1808/10310 1831/10311
vt 0.39886437 0.98535156
vt 0.39886437 0.98925781
vt 0.38902432 0.98925781
f 1832/10312 1809/10313 1805/10314
vt 0.29918057 0.98925781
vt 0.30902062 0.98535156
vt 0.29918057 0.98535156
f 1804/10315 1831/10316 1829/10317
vt 0.38902432 0.98535156
vt 0.39886437 0.98535156
vt 0.38902432 0.98925781
f 1830/10318 1832/10319 1805/10320
vt 0.30902062 0.98925781
vt 0.31874450 0.98925781
vt 0.31874450 0.98535156
f 1808/10321 1812/10322 1833/10323
vt 0.40858825 0.98535156
vt 0.40858825 0.98925781
vt 0.39886437 0.98925781
f 1834/10324 1813/10325 1809/10326
vt 0.30902062 0.98925781
vt 0.31874450 0.98535156
vt 0.30902062 0.98535156
f 1808/10327 1833/10328 1831/10329
vt 0.39886437 0.98535156
vt 0.40858825 0.98535156
vt 0.39886437 0.98925781
f 1832/10330 1834/10331 1809/10332
vt 0.31874450 0.98925781
vt 0.32031250 0.98925781
vt 0.32031250 0.98535156
f 1812/10333 1781/10334 1817/10335
vt 0.41015625 0.98535156
vt 0.41015625 0.98925781
vt 0.40858825 0.98925781
f 1818/10336 1782/10337 1813/10338
vt 0.31874450 0.98925781
vt 0.32031250 0.98535156
vt 0.31874450 0.98535156
f 1812/10339 1817/10340 1833/10341
vt 0.40858825 0.98535156
vt 0.41015625 0.98535156
vt 0.40858825 0.98925781
f 1834/10342 1818/10343 1813/10344
vt 0.24218750 0.98535156
vt 0.25039588 0.98535156
vt 0.25039588 0.98242188
f 1817/10345 1815/10346 1835/10347
vt 0.34023963 0.98242188
vt 0.34023963 0.98535156
vt 0.33203125 0.98535156
f 1836/10348 1816/10349 1818/10350
vt 0.24218750 0.98535156
vt 0.25039588 0.98242188
vt 0.24218750 0.98242188
f 1817/10351 1835/10352 1837/10353
vt 0.33203125 0.98242188
vt 0.34023963 0.98242188
vt 0.33203125 0.98535156
f 1838/10354 1836/10355 1818/10356
vt 0.25039588 0.98535156
vt 0.25860427 0.98535156
vt 0.25860427 0.98242188
f 1815/10357 1819/10358 1839/10359
vt 0.34844802 0.98242188
vt 0.34844802 0.98535156
vt 0.34023963 0.98535156
f 1840/10360 1820/10361 1816/10362
vt 0.25039588 0.98535156
vt 0.25860427 0.98242188
vt 0.25039588 0.98242188
f 1815/10363 1839/10364 1835/10365
vt 0.34023963 0.98242188
vt 0.34844802 0.98242188
vt 0.34023963 0.98535156
f 1836/10366 1840/10367 1816/10368
vt 0.25860427 0.98535156
vt 0.26017227 0.98535156
vt 0.26017227 0.98242188
f 1819/10369 1821/10370 1841/10371
vt 0.35001602 0.98242188
vt 0.35001602 0.98535156
vt 0.34844802 0.98535156
f 1842/10372 1822/10373 1820/10374
vt 0.25860427 0.98535156
vt 0.26017227 0.98242188
vt 0.25860427 0.98242188
f 1819/10375 1841/10376 1839/10377
vt 0.34844802 0.98242188
vt 0.35001602 0.98242188
vt 0.34844802 0.98535156
f 1840/10378 1842/10379 1820/10380
vt 0.26017227 0.98535156
vt 0.26989615 0.98535156
vt 0.26989615 0.98242188
f 1821/10381 1823/10382 1843/10383
vt 0.35973990 0.98242188
vt 0.35973990 0.98535156
vt 0.35001602 0.98535156
f 1844/10384 1824/10385 1822/10386
vt 0.26017227 0.98535156
vt 0.26989615 0.98242188
vt 0.26017227 0.98242188
f 1821/10387 1843/10388 1841/10389
vt 0.35001602 0.98242188
vt 0.35973990 0.98242188
vt 0.35001602 0.98535156
f 1842/10390 1844/10391 1822/10392
vt 0.26989615 0.98535156
vt 0.27973620 0.98535156
vt 0.27973620 0.98242188
f 1823/10393 1825/10394 1845/10395
vt 0.36957995 0.98242188
vt 0.36957995 0.98535156
vt 0.35973990 0.98535156
f 1846/10396 1826/10397 1824/10398
vt 0.26989615 0.98535156
vt 0.27973620 0.98242188
vt 0.26989615 0.98242188
f 1823/10399 1845/10400 1843/10401
vt 0.35973990 0.98242188
vt 0.36957995 0.98242188
vt 0.35973990 0.98535156
f 1844/10402 1846/10403 1824/10404
vt 0.27973620 0.98535156
vt 0.28945838 0.98535156
vt 0.28945838 0.98242188
f 1825/10405 1827/10406 1847/10407
vt 0.37930213 0.98242188
vt 0.37930213 0.98535156
vt 0.36957995 0.98535156
f 1848/10408 1828/10409 1826/10410
vt 0.27973620 0.98535156
vt 0.28945838 0.98242188
vt 0.27973620 0.98242188
f 1825/10411 1847/10412 1845/10413
vt 0.36957995 0.98242188
vt 0.37930213 0.98242188
vt 0.36957995 0.98535156
f 1846/10414 1848/10415 1826/10416
vt 0.28945838 0.98535156
vt 0.29918057 0.98535156
vt 0.29918057 0.98242188
f 1827/10417 1829/10418 1849/10419
vt 0.38902432 0.98242188
vt 0.38902432 0.98535156
vt 0.37930213 0.98535156
f 1850/10420 1830/10421 1828/10422
vt 0.28945838 0.98535156
vt 0.29918057 0.98242188
vt 0.28945838 0.98242188
f 1827/10423 1849/10424 1847/10425
vt 0.37930213 0.98242188
vt 0.38902432 0.98242188
vt 0.37930213 0.98535156
f 1848/10426 1850/10427 1828/10428
vt 0.29918057 0.98535156
vt 0.30902062 0.98535156
vt 0.30902062 0.98242188
f 1829/10429 1831/10430 1851/10431
vt 0.39886437 0.98242188
vt 0.39886437 0.98535156
vt 0.38902432 0.98535156
f 1852/10432 1832/10433 1830/10434
vt 0.29918057 0.98535156
vt 0.30902062 0.98242188
vt 0.29918057 0.98242188
f 1829/10435 1851/10436 1849/10437
vt 0.38902432 0.98242188
vt 0.39886437 0.98242188
vt 0.38902432 0.98535156
f 1850/10438 1852/10439 1830/10440
vt 0.30902062 0.98535156
vt 0.31874450 0.98535156
vt 0.31874450 0.98242188
f 1831/10441 1833/10442 1853/10443
vt 0.40858825 0.98242188
vt 0.40858825 0.98535156
vt 0.39886437 0.98535156
f 1854/10444 1834/10445 1832/10446
vt 0.30902062 0.98535156
vt 0.31874450 0.98242188
vt 0.30902062 0.98242188
f 1831/10447 1853/10448 1851/10449
vt 0.39886437 0.98242188
vt 0.40858825 0.98242188
vt 0.39886437 0.98535156
f 1852/10450 1854/10451 1832/10452
vt 0.31874450 0.98535156
vt 0.32031250 0.98535156
vt 0.32031250 0.98242188
f 1833/10453 1817/10454 1837/10455
vt 0.41015625 0.98242188
vt 0.41015625 0.98535156
vt 0.40858825 0.98535156
f 1838/10456 1818/10457 1834/10458
vt 0.31874450 0.98535156
vt 0.32031250 0.98242188
vt 0.31874450 0.98242188
f 1833/10459 1837/10460 1853/10461
vt 0.40858825 0.98242188
vt 0.41015625 0.98242188
vt 0.40858825 0.98535156
f 1854/10462 1838/10463 1834/10464
vt 0.42187500 0.99218750
vt 0.42578125 0.99218750
vt 0.42187500 0.98828125
f 1776/10465 1775/10466 1780/10467
vt 0.42187500 0.99218750
vt 0.42578125 0.99218750
vt 0.42187500 0.98828125
f 1776/10468 1780/10469 1779/10470
vt 0.42187500 0.99218750
vt 0.42578125 0.99218750
vt 0.42187500 0.98828125
f 1783/10471 1776/10472 1779/10473
vt 0.42187500 0.99218750
vt 0.42578125 0.99218750
vt 0.42187500 0.98828125
f 1783/10474 1779/10475 1786/10476
vt 0.42187500 0.99218750
vt 0.42578125 0.99218750
vt 0.42187500 0.98828125
f 1787/10477 1783/10478 1786/10479
vt 0.42187500 0.99218750
vt 0.42578125 0.99218750
vt 0.42187500 0.98828125
f 1787/10480 1786/10481 1790/10482
vt 0.42187500 0.99218750
vt 0.42578125 0.99218750
vt 0.42187500 0.98828125
f 1791/10483 1787/10484 1790/10485
vt 0.42187500 0.99218750
vt 0.42578125 0.99218750
vt 0.42187500 0.98828125
f 1791/10486 1790/10487 1794/10488
vt 0.42187500 0.99218750
vt 0.42578125 0.99218750
vt 0.42187500 0.98828125
f 1795/10489 1791/10490 1794/10491
vt 0.42187500 0.99218750
vt 0.42578125 0.99218750
vt 0.42187500 0.98828125
f 1795/10492 1794/10493 1798/10494
vt 0.42187500 0.99218750
vt 0.42578125 0.99218750
vt 0.42187500 0.98828125
f 1799/10495 1795/10496 1798/10497
vt 0.42187500 0.99218750
vt 0.42578125 0.99218750
vt 0.42187500 0.98828125
f 1799/10498 1798/10499 1802/10500
vt 0.42187500 0.99218750
vt 0.42578125 0.99218750
vt 0.42187500 0.98828125
f 1803/10501 1799/10502 1802/10503
vt 0.42187500 0.99218750
vt 0.42578125 0.99218750
vt 0.42187500 0.98828125
f 1803/10504 1802/10505 1806/10506
vt 0.42187500 0.99218750
vt 0.42578125 0.99218750
vt 0.42187500 0.98828125
f 1807/10507 1803/10508 1806/10509
vt 0.42187500 0.99218750
vt 0.42578125 0.99218750
vt 0.42187500 0.98828125
f 1807/10510 1806/10511 1810/10512
vt 0.42187500 0.99218750
vt 0.42578125 0.99218750
vt 0.42187500 0.98828125
f 1811/10513 1807/10514 1810/10515
vt 0.42187500 0.99218750
vt 0.42578125 0.99218750
vt 0.42187500 0.98828125
f 1811/10516 1810/10517 1814/10518
vt 0.42187500 0.99218750
vt 0.42578125 0.99218750
vt 0.42187500 0.98828125
f 1775/10519 1811/10520 1814/10521
vt 0.42187500 0.99218750
vt 0.42578125 0.99218750
vt 0.42187500 0.98828125
f 1775/10522 1814/10523 1780/10524
vt 0.42187500 0.99218750
vt 0.42578125 0.99218750
vt 0.42187500 0.98828125
f 1837/10525 1835/10526 1836/10527
vt 0.42187500 0.99218750
vt 0.42578125 0.99218750
vt 0.42187500 0.98828125
f 1837/10528 1836/10529 1838/10530
vt 0.42187500 0.99218750
vt 0.42578125 0.99218750
vt 0.42187500 0.98828125
f 1835/10531 1839/10532 1840/10533
vt 0.42187500 0.99218750
vt 0.42578125 0.99218750
vt 0.42187500 0.98828125
f 1835/10534 1840/10535 1836/10536
vt 0.42187500 0.99218750
vt 0.42578125 0.99218750
vt 0.42187500 0.98828125
f 1839/10537 1841/10538 1842/10539
vt 0.42187500 0.99218750
vt 0.42578125 0.99218750
vt 0.42187500 0.98828125
f 1839/10540 1842/10541 1840/10542
vt 0.42187500 0.99218750
vt 0.42578125 0.99218750
vt 0.42187500 0.98828125
f 1841/10543 1843/10544 1844/10545
vt 0.42187500 0.99218750
vt 0.42578125 0.99218750
vt 0.42187500 0.98828125
f 1841/10546 1844/10547 1842/10548
vt 0.42187500 0.99218750
vt 0.42578125 0.99218750
vt 0.42187500 0.98828125
f 1843/10549 1845/10550 1846/10551
vt 0.42187500 0.99218750
vt 0.42578125 0.99218750
vt 0.42187500 0.98828125
f 1843/10552 1846/10553 1844/10554
vt 0.42187500 0.99218750
vt 0.42578125 0.99218750
vt 0.42187500 0.98828125
f 1845/10555 1847/10556 1848/10557
vt 0.42187500 0.99218750
vt 0.42578125 0.99218750
vt 0.42187500 0.98828125
f 1845/10558 1848/10559 1846/10560
vt 0.42187500 0.99218750
vt 0.42578125 0.99218750
vt 0.42187500 0.98828125
f 1847/10561 1849/10562 1850/10563
vt 0.42187500 0.99218750
vt 0.42578125 0.99218750
vt 0.42187500 0.98828125
f 1847/10564 1850/10565 1848/10566
vt 0.42187500 0.99218750
vt 0.42578125 0.99218750
vt 0.42187500 0.98828125
f 1849/10567 1851/10568 1852/10569
vt 0.42187500 0.99218750
vt 0.42578125 0.99218750
vt 0.42187500 0.98828125
f 1849/10570 1852/10571 1850/10572
vt 0.42187500 0.99218750
vt 0.42578125 0.99218750
vt 0.42187500 0.98828125
f 1851/10573 1853/10574 1854/10575
vt 0.42187500 0.99218750
vt 0.42578125 0.99218750
vt 0.42187500 0.98828125
f 1851/10576 1854/10577 1852/10578
vt 0.42187500 0.99218750
vt 0.42578125 0.99218750
vt 0.42187500 0.98828125
f 1853/10579 1837/10580 1838/10581
vt 0.42187500 0.99218750
vt 0.42578125 0.99218750
vt 0.42187500 0.98828125
f 1853/10582 1838/10583 1854/10584
vt 0.43750000 0.99218750
vt 0.43889886 0.99218750
vt 0.43889886 0.98242188
f 1855/10585 1856/10586 1857/10587
vt 0.45452386 0.98242188
vt 0.45452386 0.99218750
vt 0.45312500 0.99218750
f 1858/10588 1859/10589 1860/10590
vt 0.43750000 0.99218750
vt 0.43889886 0.98242188
vt 0.43750000 0.98242188
f 1855/10591 1857/10592 1861/10593
vt 0.45312500 0.98242188
vt 0.45452386 0.98242188
vt 0.45312500 0.99218750
f 1862/10594 1858/10595 1860/10596
vt 0.43889886 0.99218750
vt 0.44140625 0.99218750
vt 0.44140625 0.98242188
f 1856/10597 1863/10598 1864/10599
vt 0.45703125 0.98242188
vt 0.45703125 0.99218750
vt 0.45452386 0.99218750
f 1865/10600 1866/10601 1859/10602
vt 0.43889886 0.99218750
vt 0.44140625 0.98242188
vt 0.43889886 0.98242188
f 1856/10603 1864/10604 1857/10605
vt 0.45452386 0.98242188
vt 0.45703125 0.98242188
vt 0.45452386 0.99218750
f 1858/10606 1865/10607 1859/10608
vt 0.46875000 0.99218750
vt 0.47265625 0.99218750
vt 0.46875000 0.98828125
f 1856/10609 1855/10610 1860/10611
vt 0.46875000 0.99218750
vt 0.47265625 0.99218750
vt 0.46875000 0.98828125
f 1856/10612 1860/10613 1859/10614
vt 0.46875000 0.99218750
vt 0.47265625 0.99218750
vt 0.46875000 0.98828125
f 1861/10615 1857/10616 1858/10617
vt 0.46875000 0.99218750
vt 0.47265625 0.99218750
vt 0.46875000 0.98828125
f 1861/10618 1858/10619 1862/10620
vt 0.46875000 0.99218750
vt 0.47265625 0.99218750
vt 0.46875000 0.98828125
f 1855/10621 1861/10622 1862/10623
vt 0.46875000 0.99218750
vt 0.47265625 0.99218750
vt 0.46875000 0.98828125
f 1855/10624 1862/10625 1860/10626
vt 0.46875000 0.99218750
vt 0.47265625 0.99218750
vt 0.46875000 0.98828125
f 1863/10627 1856/10628 1859/10629
vt 0.46875000 0.99218750
vt 0.47265625 0.99218750
vt 0.46875000 0.98828125
f 1863/10630 1859/10631 1866/10632
vt 0.46875000 0.99218750
vt 0.47265625 0.99218750
vt 0.46875000 0.98828125
f 1864/10633 1863/10634 1866/10635
vt 0.46875000 0.99218750
vt 0.47265625 0.99218750
vt 0.46875000 0.98828125
f 1864/10636 1866/10637 1865/10638
vt 0.46875000 0.99218750
vt 0.47265625 0.99218750
vt 0.46875000 0.98828125
f 1857/10639 1864/10640 1865/10641
vt 0.46875000 0.99218750
vt 0.47265625 0.99218750
vt 0.46875000 0.98828125
f 1857/10642 1865/10643 1858/10644
vt 0.48437500 0.99218750
vt 0.48688239 0.99218750
vt 0.48688239 0.98242188
f 1867/10645 1868/10646 1869/10647
vt 0.50250739 0.98242188
vt 0.50250739 0.99218750
vt 0.50000000 0.99218750
f 1870/10648 1871/10649 1872/10650
vt 0.48437500 0.99218750
vt 0.48688239 0.98242188
vt 0.48437500 0.98242188
f 1867/10651 1869/10652 1873/10653
vt 0.50000000 0.98242188
vt 0.50250739 0.98242188
vt 0.50000000 0.99218750
f 1874/10654 1870/10655 1872/10656
vt 0.48688239 0.99218750
vt 0.48828125 0.99218750
vt 0.48828125 0.98242188
f 1868/10657 1875/10658 1876/10659
vt 0.50390625 0.98242188
vt 0.50390625 0.99218750
vt 0.50250739 0.99218750
f 1877/10660 1878/10661 1871/10662
vt 0.48688239 0.99218750
vt 0.48828125 0.98242188
vt 0.48688239 0.98242188
f 1868/10663 1876/10664 1869/10665
vt 0.50250739 0.98242188
vt 0.50390625 0.98242188
vt 0.50250739 0.99218750
f 1870/10666 1877/10667 1871/10668
vt 0.51562500 0.99218750
vt 0.51953125 0.99218750
vt 0.51562500 0.98828125
f 1868/10669 1867/10670 1872/10671
vt 0.51562500 0.99218750
vt 0.51953125 0.99218750
vt 0.51562500 0.98828125
f 1868/10672 1872/10673 1871/10674
vt 0.51562500 0.99218750
vt 0.51953125 0.99218750
vt 0.51562500 0.98828125
f 1873/10675 1869/10676 1870/10677
vt 0.51562500 0.99218750
vt 0.51953125 0.99218750
vt 0.51562500 0.98828125
f 1873/10678 1870/10679 1874/10680
vt 0.51562500 0.99218750
vt 0.51953125 0.99218750
vt 0.51562500 0.98828125
f 1867/10681 1873/10682 1874/10683
vt 0.51562500 0.99218750
vt 0.51953125 0.99218750
vt 0.51562500 0.98828125
f 1867/10684 1874/10685 1872/10686
vt 0.51562500 0.99218750
vt 0.51953125 0.99218750
vt 0.51562500 0.98828125
f 1875/10687 1868/10688 1871/10689
vt 0.51562500 0.99218750
vt 0.51953125 0.99218750
vt 0.51562500 0.98828125
f 1875/10690 1871/10691 1878/10692
vt 0.51562500 0.99218750
vt 0.51953125 0.99218750
vt 0.51562500 0.98828125
f 1876/10693 1875/10694 1878/10695
vt 0.51562500 0.99218750
vt 0.51953125 0.99218750
vt 0.51562500 0.98828125
f 1876/10696 1878/10697 1877/10698
vt 0.51562500 0.99218750
vt 0.51953125 0.99218750
vt 0.51562500 0.98828125
f 1869/10699 1876/10700 1877/10701
vt 0.51562500 0.99218750
vt 0.51953125 0.99218750
vt 0.51562500 0.98828125
f 1869/10702 1877/10703 1870/10704
vt 0.53125000 0.99218750
vt 0.53894525 0.99218750
vt 0.53894525 0.98925781
f 1879/10705 1880/10706 1881/10707
vt 0.59949212 0.98925781
vt 0.59949212 0.99218750
vt 0.59179688 0.99218750
f 1882/10708 1883/10709 1884/10710
vt 0.53125000 0.99218750
vt 0.53894525 0.98925781
vt 0.53125000 0.98925781
f 1879/10711 1881/10712 1885/10713
vt 0.59179688 0.98925781
vt 0.59949212 0.98925781
vt 0.59179688 0.99218750
f 1886/10714 1882/10715 1884/10716
vt 0.53894525 0.99218750
vt 0.54496244 0.99218750
vt 0.54496244 0.98925781
f 1880/10717 1887/10718 1888/10719
vt 0.60550932 0.98925781
vt 0.60550932 0.99218750
vt 0.59949212 0.99218750
f 1889/10720 1890/10721 1883/10722
vt 0.53894525 0.99218750
vt 0.54496244 0.98925781
vt 0.53894525 0.98925781
f 1880/10723 1888/10724 1881/10725
vt 0.59949212 0.98925781
vt 0.60550932 0.98925781
vt 0.59949212 0.99218750
f 1882/10726 1889/10727 1883/10728
vt 0.54496244 0.99218750
vt 0.55074367 0.99218750
vt 0.55074367 0.98925781
f 1887/10729 1891/10730 1892/10731
vt 0.61129055 0.98925781
vt 0.61129055 0.99218750
vt 0.60550932 0.99218750
f 1893/10732 1894/10733 1890/10734
vt 0.54496244 0.99218750
vt 0.55074367 0.98925781
vt 0.54496244 0.98925781
f 1887/10735 1892/10736 1888/10737
vt 0.60550932 0.98925781
vt 0.61129055 0.98925781
vt 0.60550932 0.99218750
f 1889/10738 1893/10739 1890/10740
vt 0.55074367 0.99218750
vt 0.55538272 0.99218750
vt 0.55538272 0.98925781
f 1891/10741 1895/10742 1896/10743
vt 0.61592959 0.98925781
vt 0.61592959 0.99218750
vt 0.61129055 0.99218750
f 1897/10744 1898/10745 1894/10746
vt 0.55074367 0.99218750
vt 0.55538272 0.98925781
vt 0.55074367 0.98925781
f 1891/10747 1896/10748 1892/10749
vt 0.61129055 0.98925781
vt 0.61592959 0.98925781
vt 0.61129055 0.99218750
f 1893/10750 1897/10751 1894/10752
vt 0.55538272 0.99218750
vt 0.56309603 0.99218750
vt 0.56309603 0.98925781
f 1895/10753 1899/10754 1900/10755
vt 0.62364291 0.98925781
vt 0.62364291 0.99218750
vt 0.61592959 0.99218750
f 1901/10756 1902/10757 1898/10758
vt 0.55538272 0.99218750
vt 0.56309603 0.98925781
vt 0.55538272 0.98925781
f 1895/10759 1900/10760 1896/10761
vt 0.61592959 0.98925781
vt 0.62364291 0.98925781
vt 0.61592959 0.99218750
f 1897/10762 1901/10763 1898/10764
vt 0.56309603 0.99218750
vt 0.57175964 0.99218750
vt 0.57175964 0.98925781
f 1899/10765 1903/10766 1904/10767
vt 0.63230652 0.98925781
vt 0.63230652 0.99218750
vt 0.62364291 0.99218750
f 1905/10768 1906/10769 1902/10770
vt 0.56309603 0.99218750
vt 0.57175964 0.98925781
vt 0.56309603 0.98925781
f 1899/10771 1904/10772 1900/10773
vt 0.62364291 0.98925781
vt 0.63230652 0.98925781
vt 0.62364291 0.99218750
f 1901/10774 1905/10775 1902/10776
vt 0.57175964 0.99218750
vt 0.58007812 0.99218750
vt 0.58007812 0.98925781
f 1903/10777 1907/10778 1908/10779
vt 0.64062500 0.98925781
vt 0.64062500 0.99218750
vt 0.63230652 0.99218750
f 1909/10780 1910/10781 1906/10782
vt 0.57175964 0.99218750
vt 0.58007812 0.98925781
vt 0.57175964 0.98925781
f 1903/10783 1908/10784 1904/10785
vt 0.63230652 0.98925781
vt 0.64062500 0.98925781
vt 0.63230652 0.99218750
f 1905/10786 1909/10787 1906/10788
vt 0.53125000 0.98925781
vt 0.53894525 0.98925781
vt 0.53894525 0.98632812
f 1885/10789 1881/10790 1911/10791
vt 0.59949212 0.98632812
vt 0.59949212 0.98925781
vt 0.59179688 0.98925781
f 1912/10792 1882/10793 1886/10794
vt 0.53125000 0.98925781
vt 0.53894525 0.98632812
vt 0.53125000 0.98632812
f 1885/10795 1911/10796 1913/10797
vt 0.59179688 0.98632812
vt 0.59949212 0.98632812
vt 0.59179688 0.98925781
f 1914/10798 1912/10799 1886/10800
vt 0.53894525 0.98925781
vt 0.54496244 0.98925781
vt 0.54496244 0.98632812
f 1881/10801 1888/10802 1915/10803
vt 0.60550932 0.98632812
vt 0.60550932 0.98925781
vt 0.59949212 0.98925781
f 1916/10804 1889/10805 1882/10806
vt 0.53894525 0.98925781
vt 0.54496244 0.98632812
vt 0.53894525 0.98632812
f 1881/10807 1915/10808 1911/10809
vt 0.59949212 0.98632812
vt 0.60550932 0.98632812
vt 0.59949212 0.98925781
f 1912/10810 1916/10811 1882/10812
vt 0.54496244 0.98925781
vt 0.55074367 0.98925781
vt 0.55074367 0.98632812
f 1888/10813 1892/10814 1917/10815
vt 0.61129055 0.98632812
vt 0.61129055 0.98925781
vt 0.60550932 0.98925781
f 1918/10816 1893/10817 1889/10818
vt 0.54496244 0.98925781
vt 0.55074367 0.98632812
vt 0.54496244 0.98632812
f 1888/10819 1917/10820 1915/10821
vt 0.60550932 0.98632812
vt 0.61129055 0.98632812
vt 0.60550932 0.98925781
f 1916/10822 1918/10823 1889/10824
vt 0.55074367 0.98925781
vt 0.55538272 0.98925781
vt 0.55538272 0.98632812
f 1892/10825 1896/10826 1919/10827
vt 0.61592959 0.98632812
vt 0.61592959 0.98925781
vt 0.61129055 0.98925781
f 1920/10828 1897/10829 1893/10830
vt 0.55074367 0.98925781
vt 0.55538272 0.98632812
vt 0.55074367 0.98632812
f 1892/10831 1919/10832 1917/10833
vt 0.61129055 0.98632812
vt 0.61592959 0.98632812
vt 0.61129055 0.98925781
f 1918/10834 1920/10835 1893/10836
vt 0.55538272 0.98925781
vt 0.56309603 0.98925781
vt 0.56309603 0.98632812
f 1896/10837 1900/10838 1921/10839
vt 0.62364291 0.98632812
vt 0.62364291 0.98925781
vt 0.61592959 0.98925781
f 1922/10840 1901/10841 1897/10842
vt 0.55538272 0.98925781
vt 0.56309603 0.98632812
vt 0.55538272 0.98632812
f 1896/10843 1921/10844 1919/10845
vt 0.61592959 0.98632812
vt 0.62364291 0.98632812
vt 0.61592959 0.98925781
f 1920/10846 1922/10847 1897/10848
vt 0.56309603 0.98925781
vt 0.57175964 0.98925781
vt 0.57175964 0.98632812
f 1900/10849 1904/10850 1923/10851
vt 0.63230652 0.98632812
vt 0.63230652 0.98925781
vt 0.62364291 0.98925781
f 1924/10852 1905/10853 1901/10854
vt 0.56309603 0.98925781
vt 0.57175964 0.98632812
vt 0.56309603 0.98632812
f 1900/10855 1923/10856 1921/10857
vt 0.62364291 0.98632812
vt 0.63230652 0.98632812
vt 0.62364291 0.98925781
f 1922/10858 1924/10859 1901/10860
vt 0.57175964 0.98925781
vt 0.58007812 0.98925781
vt 0.58007812 0.98632812
f 1904/10861 1908/10862 1925/10863
vt 0.64062500 0.98632812
vt 0.64062500 0.98925781
vt 0.63230652 0.98925781
f 1926/10864 1909/10865 1905/10866
vt 0.57175964 0.98925781
vt 0.58007812 0.98632812
vt 0.57175964 0.98632812
f 1904/10867 1925/10868 1923/10869
vt 0.63230652 0.98632812
vt 0.64062500 0.98632812
vt 0.63230652 0.98925781
f 1924/10870 1926/10871 1905/10872
vt 0.65234375 0.99218750
vt 0.65625000 0.99218750
vt 0.65234375 0.98828125
f 1880/10873 1879/10874 1884/10875
vt 0.65234375 0.99218750
vt 0.65625000 0.99218750
vt 0.65234375 0.98828125
f 1880/10876 1884/10877 1883/10878
vt 0.65234375 0.99218750
vt 0.65625000 0.99218750
vt 0.65234375 0.98828125
f 1879/10879 1885/10880 1886/10881
vt 0.65234375 0.99218750
vt 0.65625000 0.99218750
vt 0.65234375 0.98828125
f 1879/10882 1886/10883 1884/10884
vt 0.65234375 0.99218750
vt 0.65625000 0.99218750
vt 0.65234375 0.98828125
f 1887/10885 1880/10886 1883/10887
vt 0.65234375 0.99218750
vt 0.65625000 0.99218750
vt 0.65234375 0.98828125
f 1887/10888 1883/10889 1890/10890
vt 0.65234375 0.99218750
vt 0.65625000 0.99218750
vt 0.65234375 0.98828125
f 1891/10891 1887/10892 1890/10893
vt 0.65234375 0.99218750
vt 0.65625000 0.99218750
vt 0.65234375 0.98828125
f 1891/10894 1890/10895 1894/10896
vt 0.65234375 0.99218750
vt 0.65625000 0.99218750
vt 0.65234375 0.98828125
f 1895/10897 1891/10898 1894/10899
vt 0.65234375 0.99218750
vt 0.65625000 0.99218750
vt 0.65234375 0.98828125
f 1895/10900 1894/10901 1898/10902
vt 0.65234375 0.99218750
vt 0.65625000 0.99218750
vt 0.65234375 0.98828125
f 1899/10903 1895/10904 1898/10905
vt 0.65234375 0.99218750
vt 0.65625000 0.99218750
vt 0.65234375 0.98828125
f 1899/10906 1898/10907 1902/10908
vt 0.65234375 0.99218750
vt 0.65625000 0.99218750
vt 0.65234375 0.98828125
f 1903/10909 1899/10910 1902/10911
vt 0.65234375 0.99218750
vt 0.65625000 0.99218750
vt 0.65234375 0.98828125
f 1903/10912 1902/10913 1906/10914
vt 0.65234375 0.99218750
vt 0.65625000 0.99218750
vt 0.65234375 0.98828125
f 1907/10915 1903/10916 1906/10917
vt 0.65234375 0.99218750
vt 0.65625000 0.99218750
vt 0.65234375 0.98828125
f 1907/10918 1906/10919 1910/10920
vt 0.65234375 0.99218750
vt 0.65625000 0.99218750
vt 0.65234375 0.98828125
f 1908/10921 1907/10922 1910/10923
vt 0.65234375 0.99218750
vt 0.65625000 0.99218750
vt 0.65234375 0.98828125
f 1908/10924 1910/10925 1909/10926
vt 0.65234375 0.99218750
vt 0.65625000 0.99218750
vt 0.65234375 0.98828125
f 1913/10927 1911/10928 1912/10929
vt 0.65234375 0.99218750
vt 0.65625000 0.99218750
vt 0.65234375 0.98828125
f 1913/10930 1912/10931 1914/10932
vt 0.65234375 0.99218750
vt 0.65625000 0.99218750
vt 0.65234375 0.98828125
f 1885/10933 1913/10934 1914/10935
vt 0.65234375 0.99218750
vt 0.65625000 0.99218750
vt 0.65234375 0.98828125
f 1885/10936 1914/10937 1886/10938
vt 0.65234375 0.99218750
vt 0.65625000 0.99218750
vt 0.65234375 0.98828125
f 1911/10939 1915/10940 1916/10941
vt 0.65234375 0.99218750
vt 0.65625000 0.99218750
vt 0.65234375 0.98828125
f 1911/10942 1916/10943 1912/10944
vt 0.65234375 0.99218750
vt 0.65625000 0.99218750
vt 0.65234375 0.98828125
f 1915/10945 1917/10946 1918/10947
vt 0.65234375 0.99218750
vt 0.65625000 0.99218750
vt 0.65234375 0.98828125
f 1915/10948 1918/10949 1916/10950
vt 0.65234375 0.99218750
vt 0.65625000 0.99218750
vt 0.65234375 0.98828125
f 1917/10951 1919/10952 1920/10953
vt 0.65234375 0.99218750
vt 0.65625000 0.99218750
vt 0.65234375 0.98828125
f 1917/10954 1920/10955 1918/10956
vt 0.65234375 0.99218750
vt 0.65625000 0.99218750
vt 0.65234375 0.98828125
f 1919/10957 1921/10958 1922/10959
vt 0.65234375 0.99218750
vt 0.65625000 0.99218750
vt 0.65234375 0.98828125
f 1919/10960 1922/10961 1920/10962
vt 0.65234375 0.99218750
vt 0.65625000 0.99218750
vt 0.65234375 0.98828125
f 1921/10963 1923/10964 1924/10965
vt 0.65234375 0.99218750
vt 0.65625000 0.99218750
vt 0.65234375 0.98828125
f 1921/10966 1924/10967 1922/10968
vt 0.65234375 0.99218750
vt 0.65625000 0.99218750
vt 0.65234375 0.98828125
f 1925/10969 1908/10970 1909/10971
vt 0.65234375 0.99218750
vt 0.65625000 0.99218750
vt 0.65234375 0.98828125
f 1925/10972 1909/10973 1926/10974
vt 0.65234375 0.99218750
vt 0.65625000 0.99218750
vt 0.65234375 0.98828125
f 1923/10975 1925/10976 1926/10977
vt 0.65234375 0.99218750
vt 0.65625000 0.99218750
vt 0.65234375 0.98828125
f 1923/10978 1926/10979 1924/10980
vt 0.66796875 0.99218750
vt 0.67694178 0.99218750
vt 0.67694178 0.98925781
f 1927/10981 1928/10982 1929/10983
vt 0.72772303 0.98925781
vt 0.72772303 0.99218750
vt 0.71875000 0.99218750
f 1930/10984 1931/10985 1932/10986
vt 0.66796875 0.99218750
vt 0.67694178 0.98925781
vt 0.66796875 0.98925781
f 1927/10987 1929/10988 1933/10989
vt 0.71875000 0.98925781
vt 0.72772303 0.98925781
vt 0.71875000 0.99218750
f 1934/10990 1930/10991 1932/10992
vt 0.67694178 0.99218750
vt 0.68372353 0.99218750
vt 0.68372353 0.98925781
f 1928/10993 1935/10994 1936/10995
vt 0.73450478 0.98925781
vt 0.73450478 0.99218750
vt 0.72772303 0.99218750
f 1937/10996 1938/10997 1931/10998
vt 0.67694178 0.99218750
vt 0.68372353 0.98925781
vt 0.67694178 0.98925781
f 1928/10999 1936/11000 1929/11001
vt 0.72772303 0.98925781
vt 0.73450478 0.98925781
vt 0.72772303 0.99218750
f 1930/11002 1937/11003 1931/11004
vt 0.68372353 0.99218750
vt 0.68819678 0.99218750
vt 0.68819678 0.98925781
f 1935/11005 1939/11006 1940/11007
vt 0.73897803 0.98925781
vt 0.73897803 0.99218750
vt 0.73450478 0.99218750
f 1941/11008 1942/11009 1938/11010
vt 0.68372353 0.99218750
vt 0.68819678 0.98925781
vt 0.68372353 0.98925781
f 1935/11011 1940/11012 1936/11013
vt 0.73450478 0.98925781
vt 0.73897803 0.98925781
vt 0.73450478 0.99218750
f 1937/11014 1941/11015 1938/11016
vt 0.68819678 0.99218750
vt 0.69374988 0.99218750
vt 0.69374988 0.98925781
f 1939/11017 1943/11018 1944/11019
vt 0.74453113 0.98925781
vt 0.74453113 0.99218750
vt 0.73897803 0.99218750
f 1945/11020 1946/11021 1942/11022
vt 0.68819678 0.99218750
vt 0.69374988 0.98925781
vt 0.68819678 0.98925781
f 1939/11023 1944/11024 1940/11025
vt 0.73897803 0.98925781
vt 0.74453113 0.98925781
vt 0.73897803 0.99218750
f 1941/11026 1945/11027 1942/11028
vt 0.69374988 0.99218750
vt 0.69952965 0.99218750
vt 0.69952965 0.98925781
f 1943/11029 1947/11030 1948/11031
vt 0.75031090 0.98925781
vt 0.75031090 0.99218750
vt 0.74453113 0.99218750
f 1949/11032 1950/11033 1946/11034
vt 0.69374988 0.99218750
vt 0.69952965 0.98925781
vt 0.69374988 0.98925781
f 1943/11035 1948/11036 1944/11037
vt 0.74453113 0.98925781
vt 0.75031090 0.98925781
vt 0.74453113 0.99218750
f 1945/11038 1949/11039 1946/11040
vt 0.69952965 0.99218750
vt 0.70703125 0.99218750
vt 0.70703125 0.98925781
f 1947/11041 1951/11042 1952/11043
vt 0.75781250 0.98925781
vt 0.75781250 0.99218750
vt 0.75031090 0.99218750
f 1953/11044 1954/11045 1950/11046
vt 0.69952965 0.99218750
vt 0.70703125 0.98925781
vt 0.69952965 0.98925781
f 1947/11047 1952/11048 1948/11049
vt 0.75031090 0.98925781
vt 0.75781250 0.98925781
vt 0.75031090 0.99218750
f 1949/11050 1953/11051 1950/11052
vt 0.66796875 0.98925781
vt 0.67694178 0.98925781
vt 0.67694178 0.98632812
f 1933/11053 1929/11054 1955/11055
vt 0.72772303 0.98632812
vt 0.72772303 0.98925781
vt 0.71875000 0.98925781
f 1956/11056 1930/11057 1934/11058
vt 0.66796875 0.98925781
vt 0.67694178 0.98632812
vt 0.66796875 0.98632812
f 1933/11059 1955/11060 1957/11061
vt 0.71875000 0.98632812
vt 0.72772303 0.98632812
vt 0.71875000 0.98925781
f 1958/11062 1956/11063 1934/11064
vt 0.67694178 0.98925781
vt 0.68372353 0.98925781
vt 0.68372353 0.98632812
f 1929/11065 1936/11066 1959/11067
vt 0.73450478 0.98632812
vt 0.73450478 0.98925781
vt 0.72772303 0.98925781
f 1960/11068 1937/11069 1930/11070
vt 0.67694178 0.98925781
vt 0.68372353 0.98632812
vt 0.67694178 0.98632812
f 1929/11071 1959/11072 1955/11073
vt 0.72772303 0.98632812
vt 0.73450478 0.98632812
vt 0.72772303 0.98925781
f 1956/11074 1960/11075 1930/11076
vt 0.68372353 0.98925781
vt 0.68819678 0.98925781
vt 0.68819678 0.98632812
f 1936/11077 1940/11078 1961/11079
vt 0.73897803 0.98632812
vt 0.73897803 0.98925781
vt 0.73450478 0.98925781
f 1962/11080 1941/11081 1937/11082
vt 0.68372353 0.98925781
vt 0.68819678 0.98632812
vt 0.68372353 0.98632812
f 1936/11083 1961/11084 1959/11085
vt 0.73450478 0.98632812
vt 0.73897803 0.98632812
vt 0.73450478 0.98925781
f 1960/11086 1962/11087 1937/11088
vt 0.68819678 0.98925781
vt 0.69374988 0.98925781
vt 0.69374988 0.98632812
f 1940/11089 1944/11090 1963/11091
vt 0.74453113 0.98632812
vt 0.74453113 0.98925781
vt 0.73897803 0.98925781
f 1964/11092 1945/11093 1941/11094
vt 0.68819678 0.98925781
vt 0.69374988 0.98632812
vt 0.68819678 0.98632812
f 1940/11095 1963/11096 1961/11097
vt 0.73897803 0.98632812
vt 0.74453113 0.98632812
vt 0.73897803 0.98925781
f 1962/11098 1964/11099 1941/11100
vt 0.69374988 0.98925781
vt 0.69952965 0.98925781
vt 0.69952965 0.98632812
f 1944/11101 1948/11102 1965/11103
vt 0.75031090 0.98632812
vt 0.75031090 0.98925781
vt 0.74453113 0.98925781
f 1966/11104 1949/11105 1945/11106
vt 0.69374988 0.98925781
vt 0.69952965 0.98632812
vt 0.69374988 0.98632812
f 1944/11107 1965/11108 1963/11109
vt 0.74453113 0.98632812
vt 0.75031090 0.98632812
vt 0.74453113 0.98925781
f 1964/11110 1966/11111 1945/11112
vt 0.69952965 0.98925781
vt 0.70703125 0.98925781
vt 0.70703125 0.98632812
f 1948/11113 1952/11114 1967/11115
vt 0.75781250 0.98632812
vt 0.75781250 0.98925781
vt 0.75031090 0.98925781
f 1968/11116 1953/11117 1949/11118
vt 0.69952965 0.98925781
vt 0.70703125 0.98632812
vt 0.69952965 0.98632812
f 1948/11119 1967/11120 1965/11121
vt 0.75031090 0.98632812
vt 0.75781250 0.98632812
vt 0.75031090 0.98925781
f 1966/11122 1968/11123 1949/11124
vt 0.76953125 0.99218750
vt 0.77343750 0.99218750
vt 0.76953125 0.98828125
f 1928/11125 1927/11126 1932/11127
vt 0.76953125 0.99218750
vt 0.77343750 0.99218750
vt 0.76953125 0.98828125
f 1928/11128 1932/11129 1931/11130
vt 0.76953125 0.99218750
vt 0.77343750 0.99218750
vt 0.76953125 0.98828125
f 1927/11131 1933/11132 1934/11133
vt 0.76953125 0.99218750
vt 0.77343750 0.99218750
vt 0.76953125 0.98828125
f 1927/11134 1934/11135 1932/11136
vt 0.76953125 0.99218750
vt 0.77343750 0.99218750
vt 0.76953125 0.98828125
f 1935/11137 1928/11138 1931/11139
vt 0.76953125 0.99218750
vt 0.77343750 0.99218750
vt 0.76953125 0.98828125
f 1935/11140 1931/11141 1938/11142
vt 0.76953125 0.99218750
vt 0.77343750 0.99218750
vt 0.76953125 0.98828125
f 1939/11143 1935/11144 1938/11145
vt 0.76953125 0.99218750
vt 0.77343750 0.99218750
vt 0.76953125 0.98828125
f 1939/11146 1938/11147 1942/11148
vt 0.76953125 0.99218750
vt 0.77343750 0.99218750
vt 0.76953125 0.98828125
f 1943/11149 1939/11150 1942/11151
vt 0.76953125 0.99218750
vt 0.77343750 0.99218750
vt 0.76953125 0.98828125
f 1943/11152 1942/11153 1946/11154
vt 0.76953125 0.99218750
vt 0.77343750 0.99218750
vt 0.76953125 0.98828125
f 1947/11155 1943/11156 1946/11157
vt 0.76953125 0.99218750
vt 0.77343750 0.99218750
vt 0.76953125 0.98828125
f 1947/11158 1946/11159 1950/11160
vt 0.76953125 0.99218750
vt 0.77343750 0.99218750
vt 0.76953125 0.98828125
f 1951/11161 1947/11162 1950/11163
vt 0.76953125 0.99218750
vt 0.77343750 0.99218750
vt 0.76953125 0.98828125
f 1951/11164 1950/11165 1954/11166
vt 0.76953125 0.99218750
vt 0.77343750 0.99218750
vt 0.76953125 0.98828125
f 1952/11167 1951/11168 1954/11169
vt 0.76953125 0.99218750
vt 0.77343750 0.99218750
vt 0.76953125 0.98828125
f 1952/11170 1954/11171 1953/11172
vt 0.76953125 0.99218750
vt 0.77343750 0.99218750
vt 0.76953125 0.98828125
f 1957/11173 1955/11174 1956/11175
vt 0.76953125 0.99218750
vt 0.77343750 0.99218750
vt 0.76953125 0.98828125
f 1957/11176 1956/11177 1958/11178
vt 0.76953125 0.99218750
vt 0.77343750 0.99218750
vt 0.76953125 0.98828125
f 1933/11179 1957/11180 1958/11181
vt 0.76953125 0.99218750
vt 0.77343750 0.99218750
vt 0.76953125 0.98828125
f 1933/11182 1958/11183 1934/11184
vt 0.76953125 0.99218750
vt 0.77343750 0.99218750
vt 0.76953125 0.98828125
f 1955/11185 1959/11186 1960/11187
vt 0.76953125 0.99218750
vt 0.77343750 0.99218750
vt 0.76953125 0.98828125
f 1955/11188 1960/11189 1956/11190
vt 0.76953125 0.99218750
vt 0.77343750 0.99218750
vt 0.76953125 0.98828125
f 1959/11191 1961/11192 1962/11193
vt 0.76953125 0.99218750
vt 0.77343750 0.99218750
vt 0.76953125 0.98828125
f 1959/11194 1962/11195 1960/11196
vt 0.76953125 0.99218750
vt 0.77343750 0.99218750
vt 0.76953125 0.98828125
f 1961/11197 1963/11198 1964/11199
vt 0.76953125 0.99218750
vt 0.77343750 0.99218750
vt 0.76953125 0.98828125
f 1961/11200 1964/11201 1962/11202
vt 0.76953125 0.99218750
vt 0.77343750 0.99218750
vt 0.76953125 0.98828125
f 1963/11203 1965/11204 1966/11205
vt 0.76953125 0.99218750
vt 0.77343750 0.99218750
vt 0.76953125 0.98828125
f 1963/11206 1966/11207 1964/11208
vt 0.76953125 0.99218750
vt 0.77343750 0.99218750
vt 0.76953125 0.98828125
f 1967/11209 1952/11210 1953/11211
vt 0.76953125 0.99218750
vt 0.77343750 0.99218750
vt 0.76953125 0.98828125
f 1967/11212 1953/11213 1968/11214
vt 0.76953125 0.99218750
vt 0.77343750 0.99218750
vt 0.76953125 0.98828125
f 1965/11215 1967/11216 1968/11217
vt 0.76953125 0.99218750
vt 0.77343750 0.99218750
vt 0.76953125 0.98828125
f 1965/11218 1968/11219 1966/11220
