mtllib material.mtl
s off
v 4.00000000 12.00000000 6.00000000
v 4.00000000 24.00000000 6.00000000
v 12.00000000 24.00000000 6.00000000
v 12.00000000 12.00000000 6.00000000
v 4.00000000 12.00000000 10.00000000
v 12.00000000 12.00000000 10.00000000
v 12.00000000 24.00000000 10.00000000
v 4.00000000 24.00000000 10.00000000
v 4.00000000 24.00000000 4.00000000
v 4.00000000 32.00000000 4.00000000
v 12.00000000 32.00000000 4.00000000
v 12.00000000 24.00000000 4.00000000
v 4.00000000 24.00000000 12.00000000
v 12.00000000 24.00000000 12.00000000
v 12.00000000 32.00000000 12.00000000
v 4.00000000 32.00000000 12.00000000
v -0.81557474 18.33673779 6.00000000
v 0.01946386 24.27834620 6.00000000
v 3.98053614 23.72165380 6.00000000
v 3.14549753 17.78004539 6.00000000
v -0.81557474 18.33673779 10.00000000
v 3.14549753 17.78004539 10.00000000
v 3.98053614 23.72165380 10.00000000
v 0.01946386 24.27834620 10.00000000
v -1.31659791 14.77177274 6.00000000
v -0.81557474 18.33673779 6.00000000
v 3.14549753 17.78004539 6.00000000
v 2.64447437 14.21508034 6.00000000
v -1.31659791 14.77177274 10.00000000
v 2.64447437 14.21508034 10.00000000
v 3.14549753 17.78004539 10.00000000
v -0.81557474 18.33673779 10.00000000
v -1.65061335 12.39512938 6.00000000
v -1.31659791 14.77177274 6.00000000
v 2.64447437 14.21508034 6.00000000
v 2.31045893 11.83843697 6.00000000
v -1.65061335 12.39512938 10.00000000
v 2.31045893 11.83843697 10.00000000
v 2.64447437 14.21508034 10.00000000
v -1.31659791 14.77177274 10.00000000
v 12.85450247 17.78004539 6.00000000
v 12.01946386 23.72165380 6.00000000
v 15.98053614 24.27834620 6.00000000
v 16.81557474 18.33673779 6.00000000
v 12.85450247 17.78004539 10.00000000
v 16.81557474 18.33673779 10.00000000
v 15.98053614 24.27834620 10.00000000
v 12.01946386 23.72165380 10.00000000
v 13.35552563 14.21508034 6.00000000
v 12.85450247 17.78004539 6.00000000
v 16.81557474 18.33673779 6.00000000
v 17.31659791 14.77177274 6.00000000
v 13.35552563 14.21508034 10.00000000
v 17.31659791 14.77177274 10.00000000
v 16.81557474 18.33673779 10.00000000
v 12.85450247 17.78004539 10.00000000
v 13.68954107 11.83843697 6.00000000
v 13.35552563 14.21508034 6.00000000
v 17.31659791 14.77177274 6.00000000
v 17.65061335 12.39512938 6.00000000
v 13.68954107 11.83843697 10.00000000
v 17.65061335 12.39512938 10.00000000
v 17.31659791 14.77177274 10.00000000
v 13.35552563 14.21508034 10.00000000
v 3.48467615 6.19714330 6.00000000
v 4.00761060 12.17431149 6.00000000
v 7.99238940 11.82568851 6.00000000
v 7.46945494 5.84852033 6.00000000
v 3.48467615 6.19714330 10.00000000
v 7.46945494 5.84852033 10.00000000
v 7.99238940 11.82568851 10.00000000
v 4.00761060 12.17431149 10.00000000
v 3.13605318 2.21236450 6.00000000
v 3.48467615 6.19714330 6.00000000
v 7.46945494 5.84852033 6.00000000
v 7.12083197 1.86374153 6.00000000
v 3.13605318 2.21236450 10.00000000
v 7.12083197 1.86374153 10.00000000
v 7.46945494 5.84852033 10.00000000
v 3.48467615 6.19714330 10.00000000
v 2.96174169 0.21997511 6.00000000
v 3.13605318 2.21236450 6.00000000
v 7.12083197 1.86374153 6.00000000
v 6.94652048 -0.12864786 6.00000000
v 2.96174169 0.21997511 10.00000000
v 6.94652048 -0.12864786 10.00000000
v 7.12083197 1.86374153 10.00000000
v 3.13605318 2.21236450 10.00000000
v 8.53054506 5.84852033 6.00000000
v 8.00761060 11.82568851 6.00000000
v 11.99238940 12.17431149 6.00000000
v 12.51532385 6.19714330 6.00000000
v 8.53054506 5.84852033 10.00000000
v 12.51532385 6.19714330 10.00000000
v 11.99238940 12.17431149 10.00000000
v 8.00761060 11.82568851 10.00000000
v 8.87916803 1.86374153 6.00000000
v 8.53054506 5.84852033 6.00000000
v 12.51532385 6.19714330 6.00000000
v 12.86394682 2.21236450 6.00000000
v 8.87916803 1.86374153 10.00000000
v 12.86394682 2.21236450 10.00000000
v 12.51532385 6.19714330 10.00000000
v 8.53054506 5.84852033 10.00000000
v 9.05347952 -0.12864786 6.00000000
v 8.87916803 1.86374153 6.00000000
v 12.86394682 2.21236450 6.00000000
v 13.03825831 0.21997511 6.00000000
v 9.05347952 -0.12864786 10.00000000
v 13.03825831 0.21997511 10.00000000
v 12.86394682 2.21236450 10.00000000
v 8.87916803 1.86374153 10.00000000
v 12.45000000 29.30000000 3.63000000
v 12.45000000 31.80000000 3.63000000
v 12.45000000 31.80000000 8.00000000
v 12.38917466 31.77708248 7.99974496
v 12.39248714 31.76971564 3.63035874
v 12.38500000 29.30000000 3.63000000
v 12.45000000 27.70000000 8.00000000
v 12.38500000 27.70000000 8.00000000
v 11.75000000 32.55000000 3.63000000
v 11.75000000 32.65000000 8.00000000
v 11.71353430 32.59620055 7.99906653
v 11.71981602 32.49246985 3.63205145
v 10.00000000 33.05000000 3.63000000
v 10.00000000 33.30000000 8.00000000
v 9.98088482 33.23789104 7.99855513
v 9.98224321 32.98761956 3.63428679
v 7.45000000 33.70000000 3.63000000
v 7.45000000 34.10000000 8.00000000
v 7.43943401 34.03589890 7.99790033
v 7.44401541 33.63561878 3.63665158
v 5.90000000 33.65000000 3.63000000
v 5.80000000 34.20000000 8.00000000
v 5.81614242 34.13704065 7.99926362
v 5.92381440 33.58994832 3.63718821
v 4.25000000 32.75000000 3.63000000
v 4.25000000 33.15000000 8.00000000
v 4.29671308 33.10481770 8.00120317
v 4.29853990 32.70685603 3.63273418
v 3.55000000 31.80000000 3.63000000
v 3.55000000 31.80000000 8.00000000
v 3.61273171 31.78298503 8.00047328
v 3.61359355 31.78655156 3.63000000
v 3.55000000 29.30000000 3.63000000
v 3.55000000 27.70000000 8.00000000
v 3.61500000 27.70000000 8.00000000
v 3.61500000 29.30000000 3.63000000
v 12.45000000 31.80000000 12.33000000
v 12.38711002 31.78357289 12.33000000
v 12.45000000 25.90000000 12.33000000
v 12.38500000 25.90000000 12.33000000
v 11.75000000 32.50000000 12.33000000
v 11.71063915 32.44828751 12.32875845
v 10.00000000 33.00000000 12.33000000
v 9.98232276 32.93755379 12.32639643
v 7.45000000 33.50000000 12.33000000
v 7.43932273 33.43630495 12.32265584
v 6.00000000 33.50000000 12.33000000
v 6.00727521 33.43620969 12.31985761
v 4.25000000 32.75000000 12.33000000
v 4.28891829 32.69835445 12.32343465
v 3.55000000 31.80000000 12.33000000
v 3.61052458 31.77633016 12.32876961
v 3.55000000 25.90000000 12.33000000
v 3.61500000 25.90000000 12.33000000
v 7.94500000 30.61000000 12.33000000
v 12.45000000 25.90000000 12.33000000
v 12.45000000 31.80000000 12.33000000
v 7.94500000 30.61000000 12.26500000
v 12.45000000 31.80000000 12.26500000
v 12.45000000 25.90000000 12.26500000
v 11.75000000 32.50000000 12.33000000
v 11.75000000 32.50000000 12.26500000
v 10.00000000 33.00000000 12.33000000
v 10.00000000 33.00000000 12.26500000
v 7.45000000 33.50000000 12.33000000
v 7.45000000 33.50000000 12.26500000
v 6.00000000 33.50000000 12.33000000
v 6.00000000 33.50000000 12.26500000
v 4.25000000 32.75000000 12.33000000
v 4.25000000 32.75000000 12.26500000
v 3.55000000 31.80000000 12.33000000
v 3.55000000 31.80000000 12.26500000
v 3.55000000 25.90000000 12.33000000
v 3.55000000 25.90000000 12.26500000
v 8.00000000 25.45000000 12.33000000
v 8.00000000 25.45000000 12.26500000
v 12.45000000 29.30000000 3.63000000
v 12.45000000 31.80000000 3.63000000
v 12.29000000 31.58000000 3.59000000
v 12.29892870 31.58152078 3.54592092
v 12.45690846 31.80304156 3.58563760
v 12.46091410 29.30000000 3.58634359
v 12.29000000 29.08000000 3.59000000
v 12.30091410 29.08000000 3.54634359
v 11.75000000 32.55000000 3.63000000
v 11.59000000 32.33000000 3.59000000
v 11.59388869 32.33526663 3.54547876
v 11.75290114 32.55598211 3.58549385
v 10.00000000 33.05000000 3.63000000
v 9.84000000 32.83000000 3.59000000
v 9.84192283 32.83668505 3.54554089
v 10.00211826 33.05772104 3.58571797
v 7.45000000 33.70000000 3.63000000
v 7.61000000 33.48000000 3.59000000
v 7.61139610 33.48811567 3.54575990
v 7.45066277 33.70851511 3.58581795
v 5.90000000 33.65000000 3.63000000
v 6.06000000 33.43000000 3.59000000
v 6.05877630 33.43718386 3.54559398
v 5.89780669 33.65649128 3.58552470
v 4.25000000 32.75000000 3.63000000
v 4.41000000 32.53000000 3.59000000
v 4.40605004 32.53522204 3.54547890
v 4.24526226 32.75464674 3.58549200
v 3.55000000 31.80000000 3.63000000
v 3.71000000 31.58000000 3.59000000
v 3.70266136 31.58271993 3.54568582
v 3.54085971 31.80135996 3.58595905
v 3.55000000 29.30000000 3.63000000
v 3.71000000 29.08000000 3.59000000
v 3.69908590 29.08000000 3.54634359
v 3.53908590 29.30000000 3.58634359
v 3.67000000 31.55000000 3.54000000
v 6.00000000 31.05000000 3.54000000
v 6.00000000 31.72000000 3.62000000
v 6.00104824 31.72824479 3.56057842
v 6.00071410 31.05722265 3.48044059
v 3.67139447 31.55880912 3.48066658
v 3.67000000 32.00000000 3.62000000
v 3.67126176 32.01049968 3.56093931
v 8.00000000 30.98000000 3.54000000
v 8.00000000 31.62000000 3.62000000
v 8.00008135 31.62733262 3.56044980
v 7.99987980 30.98733262 3.48044987
v 10.00000000 31.05000000 3.54000000
v 10.00000000 31.72000000 3.62000000
v 9.99950805 31.72722291 3.56043837
v 9.99888088 31.05824416 3.48057962
v 12.33000000 31.55000000 3.54000000
v 12.33000000 32.00000000 3.62000000
v 12.32844585 32.00880795 3.56067037
v 12.32774794 31.56049460 3.48096788
v 3.60000000 27.40000000 3.54000000
v 6.00000000 26.90000000 3.48000000
v 6.00000000 25.50000000 3.48000000
v 6.00178681 25.50000000 3.54497544
v 6.00184092 26.90000000 3.54497393
v 3.63022125 27.40000000 3.59754716
v 3.60000000 25.80000000 3.54000000
v 3.64653274 25.80000000 3.58538396
v 8.00000000 26.70000000 3.42000000
v 8.00000000 25.35000000 3.42000000
v 8.00000000 25.35000000 3.48500000
v 7.99935003 26.70000000 3.48499675
v 10.00000000 26.90000000 3.48000000
v 10.00000000 25.50000000 3.48000000
v 9.99821319 25.50000000 3.54497544
v 9.99826729 26.90000000 3.54497690
v 12.40000000 27.40000000 3.54000000
v 12.40000000 25.80000000 3.54000000
v 12.35346726 25.80000000 3.58538396
v 12.34171552 27.40000000 3.56877358
v 12.40000000 27.80000000 8.00000000
v 12.40000000 26.00000000 8.00000000
v 12.33500000 26.00000000 8.00000000
v 12.33500000 27.80000000 8.00000000
v 12.40000000 27.80000000 12.45000000
v 12.40000000 26.00000000 12.45000000
v 12.35372577 26.00000000 12.40435248
v 12.37029995 27.80000000 12.39218212
v 8.00000000 27.80000000 12.51000000
v 8.00000000 26.00000000 12.51000000
v 8.00000000 26.00000000 12.44500000
v 8.00029545 27.80000000 12.44500067
v 3.60000000 27.80000000 12.45000000
v 3.60000000 26.00000000 12.45000000
v 3.64627423 26.00000000 12.40435248
v 3.65821747 27.80000000 12.42109106
v 3.60000000 27.80000000 8.00000000
v 3.60000000 26.00000000 8.00000000
v 3.66500000 26.00000000 8.00000000
v 3.66500000 27.80000000 8.00000000
v 6.00000000 24.30000000 3.48000000
v 6.00173271 24.30000000 3.54497690
v 3.60000000 24.30000000 3.54000000
v 3.65828448 24.30000000 3.56877358
v 8.00000000 24.30000000 3.42000000
v 8.00064997 24.30000000 3.48499675
v 10.00000000 24.30000000 3.48000000
v 9.99815908 24.30000000 3.54497393
v 12.40000000 24.30000000 3.54000000
v 12.36977875 24.30000000 3.59754716
v 12.40000000 24.30000000 8.00000000
v 12.33500000 24.30000000 8.00000000
v 12.40000000 24.30000000 12.45000000
v 12.34178253 24.30000000 12.42109106
v 8.00000000 24.30000000 12.51000000
v 7.99970455 24.30000000 12.44500067
v 3.60000000 24.30000000 12.45000000
v 3.62970005 24.30000000 12.39218212
v 3.60000000 24.30000000 8.00000000
v 3.66500000 24.30000000 8.00000000
v 3.62000000 31.80000000 3.52000000
v 4.46000000 31.15000000 3.49000000
v 4.78000000 28.90000000 3.39000000
v 4.78187206 28.89890628 3.44495725
v 4.46008167 31.14756956 3.54494621
v 3.62123225 31.79802959 3.57495088
v 3.65000000 29.30000000 3.45000000
v 3.65294647 29.29996398 3.50492101
v 5.13000000 26.40000000 3.40000000
v 5.13322770 26.40070067 3.45490074
v 3.73000000 26.72000000 3.48000000
v 3.73330622 26.72074084 3.53489554
v 11.54000000 31.15000000 3.49000000
v 12.38000000 31.80000000 3.52000000
v 12.35000000 29.30000000 3.45000000
v 12.34796041 29.29902413 3.50495351
v 12.37922052 31.79847010 3.57497319
v 11.53852977 31.14816817 3.54494982
v 11.22000000 28.90000000 3.39000000
v 11.21712259 28.89976126 3.44492416
v 12.27000000 26.72000000 3.48000000
v 12.26676570 26.72070872 3.53490025
v 10.87000000 26.40000000 3.40000000
v 10.86670747 26.40068054 3.45489714
v -0.44156200 24.42439039 5.47120000
v 2.10716329 24.41562660 5.40160000
v 1.77732304 22.41557109 5.26720000
v 1.77742072 22.41692568 5.33218581
v 2.10546178 24.41470248 5.46647250
v -0.41220474 24.42201505 5.52840905
v -0.85639392 22.78571587 5.34040000
v -0.81001278 22.78089496 5.38568299
v 4.04000000 24.00000000 5.47120000
v 3.78363410 22.04542631 5.34040000
v 3.73679696 22.04834796 5.38537495
v 3.98181146 24.00573198 5.49959434
v 4.04000000 24.00000000 8.00000000
v 3.78363410 22.04542631 8.00000000
v 3.71885812 22.05081815 8.00000000
v 3.97555200 24.00845313 8.00000000
v 4.04000000 24.00000000 10.52880000
v 3.78363410 22.04542631 10.65960000
v 3.73735448 22.05212471 10.61445215
v 4.00873011 24.00057815 10.47181877
v 2.10716329 24.41562660 10.59840000
v 1.77732304 22.41557109 10.73280000
v 1.77712965 22.41698861 10.66781575
v 2.10695122 24.41465392 10.53351690
v -0.44156200 24.42439039 10.52880000
v -0.85639392 22.78571587 10.65960000
v -0.80999078 22.78094893 10.61433384
v -0.38475827 24.42099844 10.50026493
v -0.44156200 24.42439039 8.00000000
v -0.85639392 22.78571587 8.00000000
v -0.79187462 22.77782536 8.00000000
v -0.37790122 24.42110876 8.00000000
v 1.44330760 20.03892773 5.51360000
v 1.44420458 20.04543524 5.57826721
v -0.95294308 20.37569879 5.58020000
v -0.90599347 20.37820112 5.62508288
v 3.70000000 19.70215666 5.58020000
v 3.65437531 19.71246740 5.62533398
v 3.70000000 19.70215666 8.00000000
v 3.63533975 19.70879386 8.00000000
v 3.70000000 19.70215666 10.41980000
v 3.65409737 19.71045642 10.37453343
v 1.44330760 20.03892773 10.48640000
v 1.44415909 20.04542127 10.42173077
v -0.95294308 20.37569879 10.41980000
v -0.90599081 20.37820146 10.37491992
v -0.95294308 20.37569879 8.00000000
v -0.88799754 20.37303846 8.00000000
v 1.16496139 18.05839159 5.71520000
v 1.16516171 18.05982441 5.78018390
v -1.03699868 18.36785689 5.77640000
v -0.99063136 18.36331952 5.82172641
v 3.36692147 17.74892628 5.77640000
v 3.32085983 17.75638119 5.82165207
v 3.36692147 17.74892628 8.00000000
v 3.30244530 17.75716177 8.00000000
v 3.36692147 17.74892628 10.22360000
v 3.32072574 17.75529143 10.17831823
v 1.16496139 18.05839159 10.28480000
v 1.16515370 18.05981543 10.21981588
v -1.03699868 18.36785689 10.22360000
v -0.99057467 18.36337423 10.17832621
v -1.03699868 18.36785689 8.00000000
v -0.97245035 18.36020753 8.00000000
v 0.99795367 16.87006991 5.64800000
v 0.99778646 16.86888309 5.71298895
v -1.26876994 17.18863713 5.71100000
v -1.22288428 17.18053796 5.75632008
v 3.26467728 16.55150268 5.71100000
v 3.21831350 16.55633816 5.75629921
v 3.26467728 16.55150268 8.00000000
v 3.20015788 16.55939230 8.00000000
v 3.26467728 16.55150268 10.28900000
v 3.21833672 16.55636506 10.24367992
v 0.99795367 16.87006991 10.35200000
v 0.99778728 16.86888298 10.28701105
v -1.26876994 17.18863713 10.28900000
v -1.22286937 17.18050570 10.24370079
v -1.26876994 17.18863713 8.00000000
v -1.20457523 17.17843716 8.00000000
v 0.67089689 14.54293994 5.69280000
v 0.67165970 14.54408378 5.75778546
v -1.55265104 14.85543922 5.75460000
v -1.49471199 14.84892671 5.78333420
v 2.89444481 14.23044066 5.75460000
v 2.86463959 14.23627441 5.81206840
v 2.89444481 14.23044066 8.00000000
v 2.83025627 14.24067937 8.00000000
v 2.89444481 14.23044066 10.24540000
v 2.83695513 14.24015060 10.21666580
v 0.67089689 14.54293994 10.30720000
v 0.67047891 14.54424973 10.24221454
v -1.55265104 14.85543922 10.24540000
v -1.52239243 14.85283155 10.18793160
v -1.55265104 14.85543922 8.00000000
v -1.48812688 14.84758855 8.00000000
v 1.87620507 24.34742805 8.00000000
v -0.44156200 24.42439039 8.00000000
v -0.44156200 24.42439039 10.52880000
v 1.87531115 24.33117959 8.00000000
v -0.44245592 24.40814193 10.52880000
v -0.44245592 24.40814193 8.00000000
v 2.10716329 24.41562660 10.59840000
v 2.10626936 24.39937814 10.59840000
v 4.04000000 24.00000000 10.52880000
v 4.03910607 23.93500615 10.52880000
v 4.04000000 24.00000000 8.00000000
v 4.03910607 23.93500615 8.00000000
v 4.04000000 24.00000000 5.47120000
v 4.03910607 23.93500615 5.47120000
v 2.10716329 24.41562660 5.40160000
v 2.10626936 24.39937814 5.40160000
v -0.44156200 24.42439039 5.47120000
v -0.44245592 24.40814193 5.47120000
v -1.35966846 17.40337760 10.40890000
v -1.35966846 17.40337760 8.00000000
v -1.54059349 16.11602911 8.00000000
v -1.47622606 16.10698286 8.00000000
v -1.29530103 17.39433135 8.00000000
v -1.29530103 17.39433135 10.40890000
v -1.54059349 16.11602911 10.40890000
v -1.47622606 16.10698286 10.40890000
v -1.35966846 17.40337760 5.59110000
v -1.54059349 16.11602911 5.59110000
v -1.49445698 16.10954505 5.63642527
v -1.32962732 17.39915560 5.64858656
v 1.02578829 17.06812352 5.52480000
v 0.84486326 15.78077503 5.52480000
v 0.84663417 15.78052614 5.58977539
v 1.02755920 17.06787463 5.58977539
v -1.65889062 15.27430125 8.00000000
v -1.59452320 15.26525500 8.00000000
v -1.67280793 15.17527445 10.40890000
v -1.60844051 15.16622820 10.40890000
v -1.64497331 15.37332806 5.59110000
v -1.58724125 15.36521435 5.61984328
v 0.75440075 15.13710078 5.52480000
v 0.75617166 15.13685190 5.58977539
v -1.67280793 15.17527445 10.40890000
v -1.65889062 15.27430125 8.00000000
v -1.65889062 15.49430125 7.96500000
v -1.70388984 15.49425962 7.96473831
v -1.70388984 15.27425962 7.99973831
v -1.71780715 15.17523281 10.40863831
v -1.67280793 15.39527445 10.37390000
v -1.71780715 15.39523281 10.37363831
v -1.64497331 15.37332806 5.59110000
v -1.64497331 15.59332806 5.55610000
v -1.68530495 15.59019221 5.53638894
v -1.66640431 15.36711116 5.55202235
v 0.75440075 15.13710078 5.52480000
v 0.75440075 15.35710078 5.48980000
v 0.75247841 15.35003706 5.44539945
v 0.75247841 15.13003706 5.48039945
v -1.56103345 15.10907419 5.71100000
v 0.70569016 14.79050696 5.64800000
v 0.66811342 14.52313458 5.64800000
v 0.66852223 14.52307713 5.69299811
v 0.70528135 14.79056442 5.69299811
v -1.54023574 15.10615126 5.75079839
v -1.59861019 14.84170181 5.71100000
v -1.55864183 14.83608462 5.73089919
v 2.97241377 14.47193973 5.71100000
v 2.93483703 14.20456735 5.71100000
v 2.91403933 14.20749028 5.75079839
v 2.93244542 14.47755692 5.73089919
v 2.97241377 14.47193973 8.00000000
v 2.93483703 14.20456735 8.00000000
v 2.89027497 14.21083014 8.00000000
v 2.92785171 14.47820252 8.00000000
v 2.97241377 14.47193973 10.28900000
v 2.93483703 14.20456735 10.28900000
v 2.89486868 14.21018454 10.26910081
v 2.95161606 14.47486266 10.24920161
v 0.70569016 14.79050696 10.35200000
v 0.66811342 14.52313458 10.35200000
v 0.66770461 14.52319204 10.30700189
v 0.70609897 14.79044951 10.30700189
v -1.56103345 15.10907419 10.28900000
v -1.59861019 14.84170181 10.28900000
v -1.57781248 14.83877888 10.24920161
v -1.52106509 15.10345700 10.26910081
v -1.56103345 15.10907419 8.00000000
v -1.59861019 14.84170181 8.00000000
v -1.55404812 14.83543902 8.00000000
v -1.51647139 15.10281140 8.00000000
v 11.96000000 24.00000000 5.47120000
v 13.89283671 24.41562660 5.40160000
v 14.22267696 22.41557109 5.26720000
v 14.22287035 22.41698861 5.33218425
v 13.89304878 24.41465392 5.46648310
v 11.99126989 24.00057815 5.52818123
v 12.21636590 22.04542631 5.34040000
v 12.26264552 22.05212471 5.38554785
v 16.44156200 24.42439039 5.47120000
v 16.85639392 22.78571587 5.34040000
v 16.80999078 22.78094893 5.38566616
v 16.38475827 24.42099844 5.49973507
v 16.44156200 24.42439039 8.00000000
v 16.85639392 22.78571587 8.00000000
v 16.79187462 22.77782536 8.00000000
v 16.37790122 24.42110876 8.00000000
v 16.44156200 24.42439039 10.52880000
v 16.85639392 22.78571587 10.65960000
v 16.81001278 22.78089496 10.61431701
v 16.41220474 24.42201505 10.47159095
v 13.89283671 24.41562660 10.59840000
v 14.22267696 22.41557109 10.73280000
v 14.22257928 22.41692568 10.66781419
v 13.89453822 24.41470248 10.53352750
v 11.96000000 24.00000000 10.52880000
v 12.21636590 22.04542631 10.65960000
v 12.26320304 22.04834796 10.61462505
v 12.01818854 24.00573198 10.50040566
v 11.96000000 24.00000000 8.00000000
v 12.21636590 22.04542631 8.00000000
v 12.28114188 22.05081815 8.00000000
v 12.02444800 24.00845313 8.00000000
v 14.55669240 20.03892773 5.51360000
v 14.55584091 20.04542127 5.57826923
v 12.30000000 19.70215666 5.58020000
v 12.34590263 19.71045642 5.62546657
v 16.95294308 20.37569879 5.58020000
v 16.90599081 20.37820146 5.62508008
v 16.95294308 20.37569879 8.00000000
v 16.88799754 20.37303846 8.00000000
v 16.95294308 20.37569879 10.41980000
v 16.90599347 20.37820112 10.37491712
v 14.55669240 20.03892773 10.48640000
v 14.55579542 20.04543524 10.42173279
v 12.30000000 19.70215666 10.41980000
v 12.34562469 19.71246740 10.37466602
v 12.30000000 19.70215666 8.00000000
v 12.36466025 19.70879386 8.00000000
v 14.83503861 18.05839159 5.71520000
v 14.83484630 18.05981543 5.78018412
v 12.63307853 17.74892628 5.77640000
v 12.67927426 17.75529143 5.82168177
v 17.03699868 18.36785689 5.77640000
v 16.99057467 18.36337423 5.82167379
v 17.03699868 18.36785689 8.00000000
v 16.97245035 18.36020753 8.00000000
v 17.03699868 18.36785689 10.22360000
v 16.99063136 18.36331952 10.17827359
v 14.83503861 18.05839159 10.28480000
v 14.83483829 18.05982441 10.21981610
v 12.63307853 17.74892628 10.22360000
v 12.67914017 17.75638119 10.17834793
v 12.63307853 17.74892628 8.00000000
v 12.69755470 17.75716177 8.00000000
v 15.00204633 16.87006991 5.64800000
v 15.00221272 16.86888298 5.71298895
v 12.73532272 16.55150268 5.71100000
v 12.78166328 16.55636506 5.75632008
v 17.26876994 17.18863713 5.71100000
v 17.22286937 17.18050570 5.75629921
v 17.26876994 17.18863713 8.00000000
v 17.20457523 17.17843716 8.00000000
v 17.26876994 17.18863713 10.28900000
v 17.22288428 17.18053796 10.24367992
v 15.00204633 16.87006991 10.35200000
v 15.00221354 16.86888309 10.28701105
v 12.73532272 16.55150268 10.28900000
v 12.78168650 16.55633816 10.24370079
v 12.73532272 16.55150268 8.00000000
v 12.79984212 16.55939230 8.00000000
v 15.32910311 14.54293994 5.69280000
v 15.32952109 14.54424973 5.75778546
v 13.10555519 14.23044066 5.75460000
v 13.16304487 14.24015060 5.78333420
v 17.55265104 14.85543922 5.75460000
v 17.52239243 14.85283155 5.81206840
v 17.55265104 14.85543922 8.00000000
v 17.48812688 14.84758855 8.00000000
v 17.55265104 14.85543922 10.24540000
v 17.49471199 14.84892671 10.21666580
v 15.32910311 14.54293994 10.30720000
v 15.32834030 14.54408378 10.24221454
v 13.10555519 14.23044066 10.24540000
v 13.13536041 14.23627441 10.18793160
v 13.10555519 14.23044066 8.00000000
v 13.16974373 14.24067937 8.00000000
v 14.12379493 24.34742805 8.00000000
v 11.96000000 24.00000000 8.00000000
v 11.96000000 24.00000000 10.52880000
v 14.14764842 24.33231181 8.00000000
v 11.98385350 23.93953505 10.52880000
v 11.98385350 23.93953505 8.00000000
v 13.89283671 24.41562660 10.59840000
v 13.91669021 24.40051037 10.59840000
v 16.44156200 24.42439039 10.52880000
v 16.46541549 24.40927415 10.52880000
v 16.44156200 24.42439039 8.00000000
v 16.46541549 24.40927415 8.00000000
v 16.44156200 24.42439039 5.47120000
v 16.46541549 24.40927415 5.47120000
v 13.89283671 24.41562660 5.40160000
v 13.91669021 24.40051037 5.40160000
v 11.96000000 24.00000000 5.47120000
v 11.98385350 23.93953505 5.47120000
v 14.97421171 17.06812352 5.52480000
v 17.35966846 17.40337760 5.59110000
v 17.54059349 16.11602911 5.59110000
v 17.49445698 16.10954505 5.63642527
v 17.30193639 17.39526389 5.61984328
v 14.97244080 17.06787463 5.58977539
v 15.15513674 15.78077503 5.52480000
v 15.15336583 15.78052614 5.58977539
v 17.35966846 17.40337760 8.00000000
v 17.54059349 16.11602911 8.00000000
v 17.47622606 16.10698286 8.00000000
v 17.29530103 17.39433135 8.00000000
v 17.35966846 17.40337760 10.40890000
v 17.54059349 16.11602911 10.40890000
v 17.47622606 16.10698286 10.40890000
v 17.29530103 17.39433135 10.40890000
v 17.65889062 15.27430125 5.59110000
v 17.62884949 15.27007925 5.64858656
v 15.28735118 14.84002036 5.52480000
v 15.28558027 14.83977148 5.58977539
v 17.64497331 15.37332806 8.00000000
v 17.58060589 15.36428181 8.00000000
v 17.63105600 15.47235487 10.40890000
v 17.56668858 15.46330862 10.40890000
v 15.28735118 14.84002036 5.52480000
v 17.65889062 15.27430125 5.59110000
v 17.65889062 15.49430125 5.55610000
v 17.68084166 15.48812931 5.51730491
v 17.69946080 15.27124231 5.57187232
v 15.28988428 14.83296140 5.48042935
v 15.28735118 15.06002036 5.48980000
v 15.28988428 15.05296140 5.44542935
v 17.64497331 15.37332806 8.00000000
v 17.64497331 15.59332806 7.96500000
v 17.68997255 15.59336915 7.96525829
v 17.68997255 15.37336915 8.00025829
v 17.63105600 15.47235487 10.40890000
v 17.63105600 15.69235487 10.37390000
v 17.67605524 15.69239596 10.37415829
v 17.67605524 15.47239596 10.40915829
v 13.02758623 14.47193973 5.71100000
v 15.29430984 14.79050696 5.64800000
v 15.33188658 14.52313458 5.64800000
v 15.33229539 14.52319204 5.69299811
v 15.29390103 14.79044951 5.69299811
v 13.04838394 14.47486266 5.75079839
v 13.06516297 14.20456735 5.71100000
v 13.10513132 14.21018454 5.73089919
v 17.56103345 15.10907419 5.71100000
v 17.59861019 14.84170181 5.71100000
v 17.57781248 14.83877888 5.75079839
v 17.52106509 15.10345700 5.73089919
v 17.56103345 15.10907419 8.00000000
v 17.59861019 14.84170181 8.00000000
v 17.55404812 14.83543902 8.00000000
v 17.51647139 15.10281140 8.00000000
v 17.56103345 15.10907419 10.28900000
v 17.59861019 14.84170181 10.28900000
v 17.55864183 14.83608462 10.26910081
v 17.54023574 15.10615126 10.24920161
v 15.29430984 14.79050696 10.35200000
v 15.33188658 14.52313458 10.35200000
v 15.33147777 14.52307713 10.30700189
v 15.29471865 14.79056442 10.30700189
v 13.02758623 14.47193973 10.28900000
v 13.06516297 14.20456735 10.28900000
v 13.08596067 14.20749028 10.24920161
v 13.06755458 14.47755692 10.26910081
v 13.02758623 14.47193973 8.00000000
v 13.06516297 14.20456735 8.00000000
v 13.10972503 14.21083014 8.00000000
v 13.07214829 14.47820252 8.00000000
v 4.00000000 23.10000000 5.82000000
v 6.00000000 22.60000000 5.82000000
v 6.00000000 21.00000000 5.82000000
v 6.00000000 21.00000000 5.88500000
v 6.00000000 22.60000000 5.88500000
v 4.00000000 23.10000000 5.88500000
v 4.00000000 21.00000000 5.82000000
v 4.00000000 21.00000000 5.88500000
v 8.00000000 22.20000000 5.82000000
v 8.00000000 21.00000000 5.82000000
v 8.00000000 21.00000000 5.88500000
v 8.00000000 22.20000000 5.88500000
v 10.00000000 22.60000000 5.82000000
v 10.00000000 21.00000000 5.82000000
v 10.00000000 21.00000000 5.88500000
v 10.00000000 22.60000000 5.88500000
v 12.00000000 23.10000000 5.82000000
v 12.00000000 21.00000000 5.82000000
v 12.00000000 21.00000000 5.88500000
v 12.00000000 23.10000000 5.88500000
v 6.00000000 18.00000000 5.82000000
v 6.00000000 18.00000000 5.88500000
v 4.00000000 18.00000000 5.82000000
v 4.00000000 18.00000000 5.88500000
v 8.00000000 18.00000000 5.82000000
v 8.00000000 18.00000000 5.88500000
v 10.00000000 18.00000000 5.82000000
v 10.00000000 18.00000000 5.88500000
v 12.00000000 18.00000000 5.82000000
v 12.00000000 18.00000000 5.88500000
v 6.00000000 14.00000000 5.82000000
v 6.00000000 14.00000000 5.88500000
v 4.00000000 14.00000000 5.82000000
v 4.00000000 14.00000000 5.88500000
v 8.00000000 14.00000000 5.82000000
v 8.00000000 14.00000000 5.88500000
v 10.00000000 14.00000000 5.82000000
v 10.00000000 14.00000000 5.88500000
v 12.00000000 14.00000000 5.82000000
v 12.00000000 14.00000000 5.88500000
v 12.00000000 23.10000000 10.20000000
v 10.00000000 22.60000000 10.20000000
v 10.00000000 21.00000000 10.20000000
v 10.00000000 21.00000000 10.13500000
v 10.00000000 22.60000000 10.13500000
v 12.00000000 23.10000000 10.13500000
v 12.00000000 21.00000000 10.20000000
v 12.00000000 21.00000000 10.13500000
v 8.00000000 22.20000000 10.20000000
v 8.00000000 21.00000000 10.20000000
v 8.00000000 21.00000000 10.13500000
v 8.00000000 22.20000000 10.13500000
v 6.00000000 22.60000000 10.20000000
v 6.00000000 21.00000000 10.20000000
v 6.00000000 21.00000000 10.13500000
v 6.00000000 22.60000000 10.13500000
v 4.00000000 23.10000000 10.20000000
v 4.00000000 21.00000000 10.20000000
v 4.00000000 21.00000000 10.13500000
v 4.00000000 23.10000000 10.13500000
v 10.00000000 18.00000000 10.20000000
v 10.00000000 18.00000000 10.13500000
v 12.00000000 18.00000000 10.20000000
v 12.00000000 18.00000000 10.13500000
v 8.00000000 18.00000000 10.20000000
v 8.00000000 18.00000000 10.13500000
v 6.00000000 18.00000000 10.20000000
v 6.00000000 18.00000000 10.13500000
v 4.00000000 18.00000000 10.20000000
v 4.00000000 18.00000000 10.13500000
v 10.00000000 14.00000000 10.20000000
v 10.00000000 14.00000000 10.13500000
v 12.00000000 14.00000000 10.20000000
v 12.00000000 14.00000000 10.13500000
v 8.00000000 14.00000000 10.20000000
v 8.00000000 14.00000000 10.13500000
v 6.00000000 14.00000000 10.20000000
v 6.00000000 14.00000000 10.13500000
v 4.00000000 14.00000000 10.20000000
v 4.00000000 14.00000000 10.13500000
v 3.90000000 23.95000000 5.66000000
v 8.00000000 23.95000000 5.66000000
v 8.00000000 22.10000000 5.66000000
v 8.00000000 22.10000000 5.71000000
v 8.00000000 23.95000000 5.71000000
v 3.92236068 23.95000000 5.70472136
v 3.90000000 22.10000000 5.66000000
v 3.94472136 22.10000000 5.68236068
v 12.10000000 23.95000000 5.66000000
v 12.10000000 22.10000000 5.66000000
v 12.07763932 22.10000000 5.70472136
v 12.05527864 23.95000000 5.68236068
v 12.10000000 23.95000000 8.00000000
v 12.10000000 22.10000000 8.00000000
v 12.05000000 22.10000000 8.00000000
v 12.05000000 23.95000000 8.00000000
v 12.10000000 23.95000000 10.45000000
v 12.10000000 22.10000000 10.45000000
v 12.05527864 22.10000000 10.42763932
v 12.07763932 23.95000000 10.40527864
v 8.00000000 23.95000000 10.45000000
v 8.00000000 22.10000000 10.45000000
v 8.00000000 22.10000000 10.40000000
v 8.00000000 23.95000000 10.40000000
v 3.90000000 23.95000000 10.45000000
v 3.90000000 22.10000000 10.45000000
v 3.92236068 22.10000000 10.40527864
v 3.94472136 23.95000000 10.42763932
v 3.90000000 23.95000000 8.00000000
v 3.90000000 22.10000000 8.00000000
v 3.95000000 22.10000000 8.00000000
v 3.95000000 23.95000000 8.00000000
v 4.00000000 23.10000000 5.28000000
v 4.81250000 22.90000000 5.39313708
v 4.88750000 21.00000000 5.29313708
v 4.88162967 20.99873679 5.35785913
v 4.80652627 22.89610483 5.45774469
v 3.99117983 23.09667476 5.34431289
v 3.95000000 21.00000000 5.18000000
v 3.94219875 20.99961617 5.24452901
v 5.62500000 22.70000000 5.44000000
v 5.82500000 21.00000000 5.34000000
v 5.82474221 20.99853664 5.40498301
v 5.62542098 22.69615643 5.50488490
v 6.43750000 22.50000000 5.39313708
v 6.76250000 21.00000000 5.29313708
v 6.76795772 20.99878595 5.35789617
v 6.44386485 22.49721609 5.45776478
v 7.25000000 22.30000000 5.28000000
v 7.70000000 21.00000000 5.18000000
v 7.70801553 20.99872408 5.24449126
v 7.25847151 22.29797753 5.34441384
v 4.88250000 18.00000000 5.33313708
v 4.87743948 18.00064851 5.39793655
v 3.95000000 18.00000000 5.22000000
v 3.94448124 18.00127806 5.28475268
v 5.81500000 18.00000000 5.38000000
v 5.81451930 18.00050413 5.44499627
v 6.74750000 18.00000000 5.33313708
v 6.75188713 18.00089917 5.39798263
v 7.68000000 18.00000000 5.22000000
v 7.68781391 18.00113536 5.28451863
v 4.88750000 14.15000000 5.37131371
v 4.88447241 14.15120601 5.43623196
v 4.05000000 14.15000000 5.36000000
v 4.04912257 14.15233910 5.42495197
v 5.72500000 14.15000000 5.37600000
v 5.72391219 14.15019233 5.44099061
v 6.56250000 14.15000000 5.37131371
v 6.56400165 14.15033779 5.43629548
v 7.40000000 14.15000000 5.36000000
v 7.40435837 14.15119109 5.42484278
v 8.75000000 22.30000000 5.32000000
v 9.56250000 22.50000000 5.43313708
v 9.23750000 21.00000000 5.33313708
v 9.23188143 20.99902493 5.39788645
v 9.55766873 22.49680505 5.49787850
v 8.74192949 22.29762489 5.38445328
v 8.30000000 21.00000000 5.22000000
v 8.29219865 20.99978750 5.28452979
v 10.37500000 22.70000000 5.48000000
v 10.17500000 21.00000000 5.38000000
v 10.17506275 20.99855000 5.44498379
v 10.37665915 22.69624317 5.54487013
v 11.18750000 22.90000000 5.43313708
v 11.11250000 21.00000000 5.33313708
v 11.11825525 20.99851917 5.39786486
v 11.19484755 22.89662626 5.49763229
v 12.00000000 23.10000000 5.32000000
v 12.05000000 21.00000000 5.22000000
v 12.05840484 20.99811027 5.28442661
v 12.00963850 23.09717143 5.38421914
v 9.25250000 18.00000000 5.37313708
v 9.24743938 18.00053817 5.43793755
v 8.32000000 18.00000000 5.26000000
v 8.31448100 18.00112483 5.32475550
v 10.18500000 18.00000000 5.42000000
v 10.18451928 18.00050336 5.48499627
v 11.11750000 18.00000000 5.37313708
v 11.12188693 18.00100838 5.43798104
v 12.05000000 18.00000000 5.26000000
v 12.05781356 18.00129192 5.32451573
v 9.43750000 14.15000000 5.41131371
v 9.43447225 14.15106450 5.47623443
v 8.60000000 14.15000000 5.40000000
v 8.59912255 14.15229813 5.46495343
v 10.27500000 14.15000000 5.41600000
v 10.27391219 14.15014147 5.48099074
v 11.11250000 14.15000000 5.41131371
v 11.11400163 14.15040800 5.47629508
v 11.95000000 14.15000000 5.40000000
v 11.95435781 14.15139471 5.46483876
v 12.00000000 22.90000000 10.75000000
v 10.00000000 22.90000000 10.65000000
v 10.00000000 21.00000000 10.65000000
v 10.00000000 21.00000000 10.58500000
v 9.99891682 22.90000000 10.58500903
v 12.00324595 22.90000000 10.68508110
v 12.00000000 21.00000000 10.75000000
v 12.00324595 21.00000000 10.68508110
v 8.00000000 22.90000000 10.75000000
v 8.00000000 21.00000000 10.75000000
v 7.99675405 21.00000000 10.68508110
v 7.99675405 22.90000000 10.68508110
v 6.00000000 22.90000000 10.85000000
v 6.00000000 21.00000000 10.85000000
v 6.00000000 21.00000000 10.78500000
v 6.00108318 22.90000000 10.78500903
v 4.00000000 22.90000000 10.75000000
v 4.00000000 21.00000000 10.75000000
v 4.00324595 21.00000000 10.68508110
v 4.00324595 22.90000000 10.68508110
v 10.00000000 18.00000000 10.65000000
v 10.00000000 18.00000000 10.58500000
v 12.00000000 18.00000000 10.75000000
v 12.00324595 18.00000000 10.68508110
v 8.00000000 18.00000000 10.75000000
v 7.99675405 18.00000000 10.68508110
v 6.00000000 18.00000000 10.85000000
v 6.00000000 18.00000000 10.78500000
v 4.00000000 18.00000000 10.75000000
v 4.00324595 18.00000000 10.68508110
v 10.00000000 14.15000000 10.65000000
v 10.00108318 14.15000000 10.58500903
v 12.00000000 14.15000000 10.75000000
v 12.00324595 14.15000000 10.68508110
v 8.00000000 14.15000000 10.75000000
v 7.99675405 14.15000000 10.68508110
v 6.00000000 14.15000000 10.85000000
v 5.99891682 14.15000000 10.78500903
v 4.00000000 14.15000000 10.75000000
v 4.00324595 14.15000000 10.68508110
v 4.00000000 21.00000000 10.75000000
v 3.80000000 21.00000000 10.40000000
v 3.80000000 18.00000000 10.40000000
v 3.86282248 18.00000000 10.38331658
v 3.86404886 21.00000000 10.38892105
v 4.05643580 21.00000000 10.71775097
v 4.00000000 18.00000000 10.75000000
v 4.05643580 18.00000000 10.71775097
v 3.80000000 21.00000000 8.00000000
v 3.80000000 18.00000000 8.00000000
v 3.86500000 18.00000000 8.00000000
v 3.86500000 21.00000000 8.00000000
v 3.80000000 21.00000000 5.85000000
v 3.80000000 18.00000000 5.85000000
v 3.86421009 18.00037048 5.86009590
v 3.86425570 21.00006348 5.85980822
v 3.95000000 21.00000000 5.18000000
v 3.95000000 18.00000000 5.22000000
v 4.01329479 18.00079276 5.23476960
v 4.01342954 21.00018934 5.19420064
v 3.80000000 14.15000000 10.40000000
v 3.86110669 14.15000000 10.37784209
v 4.00000000 14.15000000 10.75000000
v 4.05643580 14.15000000 10.71775097
v 3.80000000 14.15000000 8.00000000
v 3.86500000 14.15000000 8.00000000
v 3.80000000 14.15000000 5.85000000
v 3.86421131 14.15000000 5.86009496
v 4.05000000 14.15000000 5.36000000
v 4.11098794 14.15110226 5.38245566
v 4.00000000 23.10000000 5.28000000
v 3.88000000 23.10000000 8.00000000
v 3.95000000 24.05000000 8.00000000
v 3.97213741 24.01082688 8.00063379
v 3.92497101 23.09838568 8.00004903
v 4.04498662 23.09952971 5.28099122
v 3.95000000 24.05000000 5.37560000
v 3.95072521 24.00500584 5.37560000
v 4.00000000 22.90000000 10.75000000
v 3.95000000 24.05000000 10.63940000
v 3.98855298 24.02681406 10.63836105
v 4.04492759 22.90177726 10.74816878
v 4.04000000 24.00000000 8.00000000
v 4.01814607 23.96066292 8.00000000
v 4.04000000 24.00000000 5.47120000
v 4.01814607 23.96066292 5.47120000
v 4.04000000 24.00000000 10.52880000
v 4.01814607 23.96066292 10.52880000
v 12.05000000 21.00000000 5.22000000
v 12.20000000 21.00000000 5.85000000
v 12.20000000 18.00000000 5.85000000
v 12.13548269 18.00003586 5.85790667
v 12.13519640 21.00000000 5.85504905
v 11.98688408 21.00010678 5.23553606
v 12.05000000 18.00000000 5.26000000
v 11.98861453 18.00095224 5.28135222
v 12.20000000 21.00000000 8.00000000
v 12.20000000 18.00000000 8.00000000
v 12.13500000 18.00000000 8.00000000
v 12.13500000 21.00000000 8.00000000
v 12.20000000 21.00000000 10.40000000
v 12.20000000 18.00000000 10.40000000
v 12.13717752 18.00000000 10.38331658
v 12.13889331 21.00000000 10.37784209
v 12.00000000 21.00000000 10.75000000
v 12.00000000 18.00000000 10.75000000
v 11.94356420 18.00000000 10.71775097
v 11.94356420 21.00000000 10.71775097
v 12.20000000 14.15000000 5.85000000
v 12.13705758 14.15089306 5.86620044
v 11.95000000 14.15000000 5.40000000
v 11.89322601 14.15262160 5.43154111
v 12.20000000 14.15000000 8.00000000
v 12.13500000 14.15000000 8.00000000
v 12.20000000 14.15000000 10.40000000
v 12.13595114 14.15000000 10.38892105
v 12.00000000 14.15000000 10.75000000
v 11.94356420 14.15000000 10.71775097
v 12.00000000 22.90000000 10.75000000
v 12.12000000 23.10000000 8.00000000
v 12.05000000 24.05000000 8.00000000
v 12.02791686 24.01079742 7.99929812
v 12.07502414 23.09852764 7.99993795
v 11.95501853 22.89932454 10.74889969
v 12.05000000 24.05000000 10.63940000
v 12.04926710 24.00500597 10.63940000
v 12.00000000 23.10000000 5.32000000
v 12.05000000 24.05000000 5.39560000
v 12.01134654 24.02698694 5.39674409
v 11.95509896 23.10220322 5.32201049
v 11.96000000 24.00000000 8.00000000
v 11.98185393 23.96066292 8.00000000
v 11.96000000 24.00000000 10.52880000
v 11.98185393 23.96066292 10.52880000
v 11.96000000 24.00000000 5.47120000
v 11.98185393 23.96066292 5.47120000
v 3.55000000 14.50000000 5.16000000
v 8.00000000 14.50000000 5.06000000
v 8.00000000 13.45000000 5.06000000
v 8.00044943 13.45000000 5.11999832
v 7.99955057 14.50000000 5.11999832
v 3.57735728 14.50000000 5.21340018
v 3.55000000 13.45000000 5.16000000
v 3.60294874 13.45000000 5.18822111
v 12.45000000 14.50000000 5.16000000
v 12.45000000 13.45000000 5.16000000
v 12.42264272 13.45000000 5.21340018
v 12.39705126 14.50000000 5.18822111
v 12.56000000 14.50000000 8.00000000
v 12.56000000 13.45000000 8.00000000
v 12.50000619 13.45000000 8.00086155
v 12.50000300 14.50000000 7.99939952
v 12.45000000 14.50000000 11.20000000
v 12.45000000 13.45000000 11.20000000
v 12.39695499 13.45000000 11.17196026
v 12.42259312 14.50000000 11.14662526
v 8.00000000 14.50000000 11.30000000
v 8.00000000 13.45000000 11.30000000
v 7.99955057 13.45000000 11.24000168
v 8.00044943 14.50000000 11.24000168
v 3.55000000 14.50000000 11.20000000
v 3.55000000 13.45000000 11.20000000
v 3.57740688 13.45000000 11.14662526
v 3.60304501 14.50000000 11.17196026
v 3.44000000 14.50000000 8.00000000
v 3.44000000 13.45000000 8.00000000
v 3.49999700 13.45000000 7.99939952
v 3.49999381 14.50000000 8.00086155
v 7.50000000 13.80000000 4.87000000
v 7.50000000 14.20000000 4.87000000
v 8.50000000 14.20000000 4.87000000
v 8.50000000 13.80000000 4.87000000
v 7.50000000 13.80000000 5.08000000
v 8.50000000 13.80000000 5.08000000
v 8.50000000 14.20000000 5.08000000
v 7.50000000 14.20000000 5.08000000
v 7.57000000 21.35000000 4.36000000
v 7.57000000 21.83000000 4.36000000
v 8.32000000 21.83000000 4.36000000
v 8.32000000 21.35000000 4.36000000
v 7.57000000 21.35000000 4.52000000
v 8.32000000 21.35000000 4.52000000
v 8.32000000 21.83000000 4.52000000
v 7.57000000 21.83000000 4.52000000
v 3.65000000 13.70000000 5.35000000
v 4.55000000 13.70000000 5.47727922
v 4.10000000 11.35000000 5.24727922
v 4.09416253 11.34556940 5.31186477
v 4.54457057 13.69466798 5.54183223
v 3.64136587 13.69553738 5.41426925
v 3.10000000 11.35000000 5.12000000
v 3.09195427 11.34640732 5.18439999
v 5.45000000 13.70000000 5.53000000
v 5.10000000 11.35000000 5.30000000
v 5.10011846 11.34415365 5.36473644
v 5.45113425 13.69355539 5.59466978
v 6.35000000 13.70000000 5.47727922
v 6.10000000 11.35000000 5.24727922
v 6.10608321 11.34287826 5.31160088
v 6.35700089 13.69309521 5.54153116
v 7.25000000 13.70000000 5.35000000
v 7.10000000 11.35000000 5.12000000
v 7.10845107 11.34264609 5.18402733
v 7.25905126 13.69315823 5.41400207
v 3.68750000 9.02500000 5.07727922
v 3.68127756 9.02144528 5.14188298
v 2.70000000 8.85000000 4.95000000
v 2.69224878 8.84685694 5.01445960
v 4.67500000 9.20000000 5.13000000
v 4.67446266 9.19509200 5.19481221
v 5.66250000 9.37500000 5.07727922
v 5.66833657 9.36835102 5.14167429
v 6.65000000 9.55000000 4.95000000
v 6.65886117 9.54215200 5.01391313
v 7.80000000 13.70000000 11.00000000
v 6.76250000 13.70000000 11.14142136
v 6.42500000 11.35000000 11.59142136
v 6.41837471 11.33536502 11.52843784
v 6.75725035 13.68856185 11.07765138
v 7.79149600 13.68899608 10.93650515
v 7.50000000 11.35000000 11.45000000
v 7.49037458 11.33554095 11.38736385
v 5.72500000 13.70000000 11.20000000
v 5.35000000 11.35000000 11.65000000
v 5.34924687 11.33375714 11.58706668
v 5.72615343 13.68758128 11.13620780
v 4.68750000 13.70000000 11.14142136
v 4.27500000 11.35000000 11.59142136
v 4.28007715 11.33220902 11.52911001
v 4.69432656 13.68664512 11.07817544
v 3.65000000 13.70000000 11.00000000
v 3.20000000 11.35000000 11.45000000
v 3.20828054 11.33297900 11.38781706
v 3.65858177 13.68630093 10.93704217
v 5.81250000 8.02500000 12.59142136
v 5.80312152 8.00847986 12.52925924
v 6.80000000 7.80000000 12.45000000
v 6.78768944 7.78495557 12.38797488
v 4.82500000 8.25000000 12.65000000
v 4.82104547 8.23113583 12.58792340
v 3.83750000 8.47500000 12.59142136
v 3.83958957 8.45384291 12.52999651
v 2.85000000 8.70000000 12.45000000
v 2.85583995 8.67722605 12.38940097
v 3.65000000 13.70000000 11.00000000
v 3.64000000 13.70000000 10.15250000
v 3.08500000 11.35000000 10.50050000
v 3.14853642 11.33735402 10.49518933
v 3.70279857 13.68336620 10.15034207
v 3.71326423 13.68568263 10.99579887
v 3.20000000 11.35000000 11.45000000
v 3.26345796 11.33809069 11.44249960
v 3.62500000 13.70000000 8.17500000
v 2.90000000 11.35000000 8.28500000
v 2.96349894 11.33611704 8.28461477
v 3.68735780 13.68168755 8.17607635
v 3.64000000 13.70000000 6.19750000
v 3.01500000 11.35000000 6.06950000
v 3.07838513 11.33610287 6.07326765
v 3.70290971 13.68380758 6.19977462
v 3.65000000 13.70000000 5.35000000
v 3.10000000 11.35000000 5.12000000
v 3.16331090 11.33583945 5.12402607
v 3.71326931 13.68511922 5.35074654
v 2.72750000 8.72250000 11.32500000
v 2.79124353 8.71166824 11.31833403
v 2.85000000 8.70000000 12.45000000
v 2.91364378 8.68889528 12.44284780
v 2.52500000 8.77500000 8.70000000
v 2.58918982 8.76514922 8.69723785
v 2.62250000 8.82750000 6.07500000
v 2.68669721 8.81784892 6.07825196
v 2.70000000 8.85000000 4.95000000
v 2.76398831 8.83971307 4.95496740
v 2.70000000 8.85000000 4.95000000
v 3.68750000 9.02500000 5.07727922
v 3.68750000 9.40500000 5.01727922
v 3.69329895 9.39804020 4.97320050
v 3.69220316 9.01802012 5.03307332
v 2.70689061 8.84306445 4.90607486
v 2.70000000 9.23000000 4.89000000
v 2.70689061 9.22306445 4.84607486
v 4.67500000 9.20000000 5.13000000
v 4.67500000 9.58000000 5.07000000
v 4.67702964 9.57298883 5.02559590
v 4.67544965 9.19298203 5.08555289
v 5.66250000 9.37500000 5.07727922
v 5.66250000 9.75500000 5.01727922
v 5.66025825 9.74799040 4.97288508
v 5.65914614 9.36800120 5.03295351
v 6.65000000 9.55000000 4.95000000
v 6.65000000 9.93000000 4.89000000
v 6.64553678 9.92301629 4.84576984
v 6.64553678 9.54301629 4.90576984
v 6.80000000 7.80000000 12.45000000
v 5.81250000 8.02500000 12.59142136
v 5.81250000 8.40500000 12.65142136
v 5.81600846 8.39800305 12.69573539
v 5.81477330 8.01799065 12.63581394
v 6.80474003 7.79302073 12.49420206
v 6.80000000 8.18000000 12.51000000
v 6.80474003 8.17302073 12.55420206
v 4.82500000 8.25000000 12.65000000
v 4.82500000 8.63000000 12.71000000
v 4.82428475 8.62298257 12.75444372
v 4.82253056 8.24299226 12.69438236
v 3.83750000 8.47500000 12.59142136
v 3.83750000 8.85500000 12.65142136
v 3.83207025 8.84803296 12.69554593
v 3.83086081 8.46805849 12.63538426
v 2.85000000 8.70000000 12.45000000
v 2.85000000 9.08000000 12.51000000
v 2.84215713 9.07308910 12.55376904
v 2.84215713 8.69308910 12.49376904
v 8.75000000 13.70000000 5.39000000
v 9.65000000 13.70000000 5.51727922
v 9.90000000 11.35000000 5.28727922
v 9.89386515 11.34326509 5.35163763
v 9.64458594 13.69306720 5.58168127
v 8.74139605 13.69299006 5.45404555
v 8.90000000 11.35000000 5.16000000
v 8.89132385 11.34247808 5.22397769
v 10.55000000 13.70000000 5.57000000
v 10.90000000 11.35000000 5.34000000
v 10.89981219 11.34434254 5.40475305
v 10.55114020 13.69389105 5.63470225
v 11.45000000 13.70000000 5.51727922
v 11.90000000 11.35000000 5.28727922
v 11.90578898 11.34554821 5.35186768
v 11.45702321 13.69516705 5.58171770
v 12.35000000 13.70000000 5.39000000
v 12.90000000 11.35000000 5.16000000
v 12.90848938 11.34601467 5.22431988
v 12.35908316 13.69583974 5.45422763
v 10.33750000 9.37500000 5.11727922
v 10.33000474 9.36754911 5.18141428
v 9.35000000 9.55000000 4.99000000
v 9.34029142 9.54155545 5.05371368
v 11.32500000 9.20000000 5.17000000
v 11.32320655 9.19433993 5.23472826
v 12.31250000 9.02500000 5.11727922
v 12.31709405 9.02097268 5.18199147
v 13.30000000 8.85000000 4.99000000
v 13.30795641 8.84679393 5.05443149
v 12.35000000 13.70000000 11.04000000
v 11.31250000 13.70000000 11.18142136
v 11.72500000 11.35000000 11.63142136
v 11.71990178 11.33261858 11.56899625
v 11.30728102 13.68695065 11.11795895
v 12.34156275 13.68638968 10.97700340
v 12.80000000 11.35000000 11.49000000
v 12.79344056 11.33019778 11.42843828
v 10.27500000 13.70000000 11.24000000
v 10.65000000 11.35000000 11.69000000
v 10.65072930 11.33420965 11.62695135
v 10.27616513 13.68793814 11.17613957
v 9.23750000 13.70000000 11.18142136
v 9.57500000 11.35000000 11.63142136
v 9.58161362 11.33585348 11.56832511
v 9.24437512 13.68875316 11.11777199
v 8.20000000 13.70000000 11.04000000
v 8.50000000 11.35000000 11.49000000
v 8.50841429 11.33732852 11.42680480
v 8.20865119 13.68895112 10.97653285
v 12.16250000 8.47500000 12.63142136
v 12.15911158 8.45270508 12.57045862
v 13.15000000 8.70000000 12.49000000
v 13.14663398 8.67669339 12.42941558
v 11.17500000 8.25000000 12.69000000
v 11.17691418 8.22987149 12.62822477
v 10.18750000 8.02500000 12.63142136
v 10.19545778 8.00731762 12.56938099
v 9.20000000 7.80000000 12.49000000
v 9.21038162 7.78388226 12.42789170
v 12.35000000 13.70000000 5.39000000
v 12.36000000 13.70000000 6.23750000
v 12.98500000 11.35000000 6.10950000
v 12.92140084 11.33703875 6.11298611
v 12.29744149 13.68241551 6.23898932
v 12.28708675 13.68397660 5.39318962
v 12.90000000 11.35000000 5.16000000
v 12.83631443 11.33807494 5.16519044
v 12.37500000 13.70000000 8.21500000
v 13.10000000 11.35000000 8.32500000
v 13.03657984 11.33582889 8.32356389
v 12.31252152 13.68215457 8.21327358
v 12.36000000 13.70000000 10.19250000
v 12.91500000 11.35000000 10.54050000
v 12.85173384 11.33617033 10.53492031
v 12.29669384 13.68555431 10.18955848
v 12.35000000 13.70000000 11.04000000
v 12.80000000 11.35000000 11.49000000
v 12.73658178 11.33679064 11.48464820
v 12.28619098 13.68763708 11.03924709
v 13.37750000 8.82750000 6.11500000
v 13.31342502 8.81734661 6.11903795
v 13.30000000 8.85000000 4.99000000
v 13.23599555 8.83947378 4.99419867
v 13.47500000 8.77500000 8.74000000
v 13.41072341 8.76533030 8.74012786
v 13.27250000 8.72250000 11.36500000
v 13.20862003 8.71202137 11.35912224
v 13.15000000 8.70000000 12.49000000
v 13.08638708 8.68889706 12.48257566
v 9.35000000 9.55000000 4.99000000
v 10.33750000 9.37500000 5.11727922
v 10.33750000 9.75500000 5.05727922
v 10.34085386 9.74800120 5.01295351
v 10.33974175 9.36799040 5.07288508
v 9.35446322 9.54301629 4.94576984
v 9.35000000 9.93000000 4.93000000
v 9.35446322 9.92301629 4.88576984
v 11.32500000 9.20000000 5.17000000
v 11.32500000 9.58000000 5.11000000
v 11.32455035 9.57298203 5.06555289
v 11.32297036 9.19298883 5.12559590
v 12.31250000 9.02500000 5.11727922
v 12.31250000 9.40500000 5.05727922
v 12.30779684 9.39802012 5.01307332
v 12.30670105 9.01804020 5.07320050
v 13.30000000 8.85000000 4.99000000
v 13.30000000 9.23000000 4.93000000
v 13.29310939 9.22306445 4.88607486
v 13.29310939 8.84306445 4.94607486
v 13.15000000 8.70000000 12.49000000
v 12.16250000 8.47500000 12.63142136
v 12.16250000 8.85500000 12.69142136
v 12.16913919 8.84805849 12.73538426
v 12.16792975 8.46803296 12.67554593
v 13.15784287 8.69308910 12.53376904
v 13.15000000 9.08000000 12.55000000
v 13.15784287 9.07308910 12.59376904
v 11.17500000 8.25000000 12.69000000
v 11.17500000 8.63000000 12.75000000
v 11.17746944 8.62299226 12.79438236
v 11.17571525 8.24298257 12.73444372
v 10.18750000 8.02500000 12.63142136
v 10.18750000 8.40500000 12.69142136
v 10.18522670 8.39799065 12.73581394
v 10.18399154 8.01800305 12.67573539
v 9.20000000 7.80000000 12.49000000
v 9.20000000 8.18000000 12.55000000
v 9.19525997 8.17302073 12.59420206
v 9.19525997 7.79302073 12.53420206
v 3.50000000 13.90000000 4.99000000
v 4.25000000 13.90000000 4.99000000
v 3.80000000 11.20000000 4.69000000
v 3.79875669 11.19428992 4.75473677
v 4.25000000 13.89282195 5.05460244
v 3.49859734 13.89266969 5.05457011
v 3.00000000 11.50000000 4.69000000
v 2.99858347 11.49593104 4.75485705
v 3.65000000 10.20000000 4.65000000
v 3.64927926 10.19764107 4.71495318
v 2.78000000 10.40000000 4.65000000
v 2.77948085 10.39774170 4.71495868
v 3.91919945 12.08166448 5.82000000
v 5.99128443 11.90038053 5.78000000
v 5.73853277 9.01141591 5.78000000
v 5.73853277 9.01141591 5.84000000
v 5.99088500 11.90040440 5.83999867
v 3.94674702 12.07925438 5.87324775
v 3.66644780 9.19269985 5.82000000
v 3.70911715 9.18896677 5.86201656
v 7.98367382 11.72606904 5.82000000
v 7.81061774 8.83013196 5.82000000
v 7.76791222 8.83347273 5.86201282
v 7.92999576 11.72927675 5.84661533
v 7.98367382 11.72606904 8.00000000
v 7.81061774 8.83013196 8.00000000
v 7.75077964 8.83453661 8.00000000
v 7.92378067 11.72964815 8.00000000
v 7.98367382 11.72606904 10.18000000
v 7.81061774 8.83013196 10.18000000
v 7.76788922 8.83308721 10.13798167
v 7.95605490 11.72773421 10.12676071
v 5.99128443 11.90038053 10.22000000
v 5.73853277 9.01141591 10.22000000
v 5.73852465 9.01141129 10.16000000
v 5.99165225 11.90034835 10.16000114
v 3.91919945 12.08166448 10.18000000
v 3.66644780 9.19269985 10.18000000
v 3.70911715 9.18896677 10.13798344
v 3.97276444 12.07697815 10.15337612
v 3.91919945 12.08166448 8.00000000
v 3.66644780 9.19269985 8.00000000
v 3.72621948 9.18747051 8.00000000
v 3.97897114 12.07643513 8.00000000
v 5.47706554 6.02283181 5.78000000
v 5.47706554 6.02283181 5.84000000
v 3.40498057 6.20411576 5.82000000
v 3.44764992 6.20038267 5.86201656
v 7.54915052 5.84154787 5.82000000
v 7.50648117 5.84528095 5.86201656
v 7.54915052 5.84154787 8.00000000
v 7.48937883 5.84677721 8.00000000
v 7.54915052 5.84154787 10.18000000
v 7.50648117 5.84528095 10.13798344
v 5.47706554 6.02283181 10.22000000
v 5.47706554 6.02283181 10.16000000
v 3.40498057 6.20411576 10.18000000
v 3.44764992 6.20038267 10.13798344
v 3.40498057 6.20411576 8.00000000
v 3.46475225 6.19888641 8.00000000
v 5.29403848 3.93082295 5.78000000
v 5.29452567 3.93623826 5.83975313
v 3.22195351 4.11210689 5.82000000
v 3.26512777 4.11340036 5.86164505
v 7.36612346 3.74953900 5.82000000
v 7.32359962 3.75577176 5.86186736
v 7.36612346 3.74953900 8.00000000
v 7.30635177 3.75476835 8.00000000
v 7.36612346 3.74953900 10.18000000
v 7.32382972 3.75830995 10.13835495
v 5.29403848 3.93082295 10.22000000
v 5.29449906 3.93624059 10.16024687
v 3.22195351 4.11210689 10.18000000
v 3.26491362 4.11086077 10.13813264
v 3.22195351 4.11210689 8.00000000
v 3.28172519 4.10687755 8.00000000
v 5.23738725 3.28329639 5.90000000
v 5.23870807 3.29405152 5.95901341
v 3.16530228 3.46458034 5.93783784
v 3.21927419 3.46462837 5.96404909
v 7.30947222 3.10201245 5.93783784
v 7.28279491 3.11396900 5.99023404
v 7.30947222 3.10201245 8.00000000
v 7.24970054 3.10724179 8.00000000
v 7.30947222 3.10201245 10.06216216
v 7.25632860 3.11143187 10.03595091
v 5.23738725 3.28329639 10.10000000
v 5.23795411 3.29411749 10.04098659
v 3.16530228 3.46458034 10.06216216
v 3.19365053 3.47172278 10.00976596
v 3.16530228 3.46458034 8.00000000
v 3.22507396 3.45935099 8.00000000
v 8.01632618 11.72606904 5.82000000
v 10.00871557 11.90038053 5.78000000
v 10.26146723 9.01141591 5.78000000
v 10.26147535 9.01141129 5.84000000
v 10.00834775 11.90034835 5.83999886
v 8.04394510 11.72773421 5.87323929
v 8.18938226 8.83013196 5.82000000
v 8.23211078 8.83308721 5.86201833
v 12.08080055 12.08166448 5.82000000
v 12.33355220 9.19269985 5.82000000
v 12.29088285 9.18896677 5.86201656
v 12.02723556 12.07697815 5.84662388
v 12.08080055 12.08166448 8.00000000
v 12.33355220 9.19269985 8.00000000
v 12.27378052 9.18747051 8.00000000
v 12.02102886 12.07643513 8.00000000
v 12.08080055 12.08166448 10.18000000
v 12.33355220 9.19269985 10.18000000
v 12.29088285 9.18896677 10.13798344
v 12.05325298 12.07925438 10.12675225
v 10.00871557 11.90038053 10.22000000
v 10.26146723 9.01141591 10.22000000
v 10.26146723 9.01141591 10.16000000
v 10.00911500 11.90040440 10.16000133
v 8.01632618 11.72606904 10.18000000
v 8.18938226 8.83013196 10.18000000
v 8.23208778 8.83347273 10.13798718
v 8.07000424 11.72927675 10.15338467
v 8.01632618 11.72606904 8.00000000
v 8.18938226 8.83013196 8.00000000
v 8.24922036 8.83453661 8.00000000
v 8.07621933 11.72964815 8.00000000
v 10.52293446 6.02283181 5.78000000
v 10.52293446 6.02283181 5.84000000
v 8.45084948 5.84154787 5.82000000
v 8.49351883 5.84528095 5.86201656
v 12.59501943 6.20411576 5.82000000
v 12.55235008 6.20038267 5.86201656
v 12.59501943 6.20411576 8.00000000
v 12.53524775 6.19888641 8.00000000
v 12.59501943 6.20411576 10.18000000
v 12.55235008 6.20038267 10.13798344
v 10.52293446 6.02283181 10.22000000
v 10.52293446 6.02283181 10.16000000
v 8.45084948 5.84154787 10.18000000
v 8.49351883 5.84528095 10.13798344
v 8.45084948 5.84154787 8.00000000
v 8.51062117 5.84677721 8.00000000
v 10.70596152 3.93082295 5.78000000
v 10.70550094 3.93624059 5.83975313
v 8.63387654 3.74953900 5.82000000
v 8.67617028 3.75830995 5.86164505
v 12.77804649 4.11210689 5.82000000
v 12.73508638 4.11086077 5.86186736
v 12.77804649 4.11210689 8.00000000
v 12.71827481 4.10687755 8.00000000
v 12.77804649 4.11210689 10.18000000
v 12.73487223 4.11340036 10.13835495
v 10.70596152 3.93082295 10.22000000
v 10.70547433 3.93623826 10.16024687
v 8.63387654 3.74953900 10.18000000
v 8.67640038 3.75577176 10.13813264
v 8.63387654 3.74953900 8.00000000
v 8.69364823 3.75476835 8.00000000
v 10.76261275 3.28329639 5.90000000
v 10.76204589 3.29411749 5.95901341
v 8.69052778 3.10201245 5.93783784
v 8.74367140 3.11143187 5.96404909
v 12.83469772 3.46458034 5.93783784
v 12.80634947 3.47172278 5.99023404
v 12.83469772 3.46458034 8.00000000
v 12.77492604 3.45935099 8.00000000
v 12.83469772 3.46458034 10.06216216
v 12.78072581 3.46462837 10.03595091
v 10.76261275 3.28329639 10.10000000
v 10.76129193 3.29405152 10.04098659
v 8.69052778 3.10201245 10.06216216
v 8.71720509 3.11396900 10.00976596
v 8.69052778 3.10201245 8.00000000
v 8.75029946 3.10724179 8.00000000
v 3.78000000 13.92000000 5.68000000
v 8.00000000 13.92000000 5.65000000
v 8.00000000 11.50000000 5.65000000
v 8.00014218 11.50000000 5.70999983
v 7.99985782 13.92000000 5.70999983
v 3.80675714 13.92000000 5.73370340
v 3.78000000 11.50000000 5.68000000
v 3.83295131 11.50000000 5.70821628
v 12.22000000 13.92000000 5.68000000
v 12.22000000 11.50000000 5.68000000
v 12.19324286 11.50000000 5.73370340
v 12.16704869 13.92000000 5.70821628
v 12.30000000 13.92000000 8.00000000
v 12.30000000 11.50000000 8.00000000
v 12.24000396 11.50000000 8.00068961
v 12.24000396 13.92000000 7.99931039
v 12.22000000 13.92000000 10.32000000
v 12.22000000 11.50000000 10.32000000
v 12.16704869 11.50000000 10.29178372
v 12.19324286 13.92000000 10.26629660
v 8.00000000 13.92000000 10.35000000
v 8.00000000 11.50000000 10.35000000
v 7.99985782 11.50000000 10.29000017
v 8.00014218 13.92000000 10.29000017
v 3.78000000 13.92000000 10.32000000
v 3.78000000 11.50000000 10.32000000
v 3.80675714 11.50000000 10.26629660
v 3.83295131 13.92000000 10.29178372
v 3.70000000 13.92000000 8.00000000
v 3.70000000 11.50000000 8.00000000
v 3.75999604 11.50000000 7.99931039
v 3.75999604 13.92000000 8.00068961
v 3.08870908 4.42491022 5.70000000
v 5.32018521 4.22968135 5.70000000
v 5.25220373 3.45264949 5.70000000
v 5.25220373 3.45264949 5.75500000
v 5.32018521 4.22968135 5.75500000
v 3.11321223 4.42276647 5.74919350
v 3.02072760 3.64787835 5.70000000
v 3.06973390 3.64359086 5.72459675
v 7.55166133 4.03445249 5.70000000
v 7.48367985 3.25742063 5.70000000
v 7.45917670 3.25956437 5.74919350
v 7.50265503 4.03873999 5.72459675
v 7.55166133 4.03445249 8.00000000
v 7.48367985 3.25742063 8.00000000
v 7.42888914 3.26221419 8.00000000
v 7.49687062 4.03924606 8.00000000
v 7.55166133 4.03445249 10.30000000
v 7.48367985 3.25742063 10.30000000
v 7.43467355 3.26170812 10.27540325
v 7.52715818 4.03659624 10.25080650
v 5.32018521 4.22968135 10.30000000
v 5.25220373 3.45264949 10.30000000
v 5.25220373 3.45264949 10.24500000
v 5.32018521 4.22968135 10.24500000
v 3.08870908 4.42491022 10.30000000
v 3.02072760 3.64787835 10.30000000
v 3.04523075 3.64573461 10.25080650
v 3.13771538 4.42062272 10.27540325
v 3.08870908 4.42491022 8.00000000
v 3.02072760 3.64787835 8.00000000
v 3.07551831 3.64308479 8.00000000
v 3.14349979 4.42011665 8.00000000
v 8.44833867 4.03445249 5.70000000
v 10.67981479 4.22968135 5.70000000
v 10.74779627 3.45264949 5.70000000
v 10.74779627 3.45264949 5.75500000
v 10.67981479 4.22968135 5.75500000
v 8.47284182 4.03659624 5.74919350
v 8.51632015 3.25742063 5.70000000
v 8.56532645 3.26170812 5.72459675
v 12.91129092 4.42491022 5.70000000
v 12.97927240 3.64787835 5.70000000
v 12.95476925 3.64573461 5.74919350
v 12.86228462 4.42062272 5.72459675
v 12.91129092 4.42491022 8.00000000
v 12.97927240 3.64787835 8.00000000
v 12.92448169 3.64308479 8.00000000
v 12.85650021 4.42011665 8.00000000
v 12.91129092 4.42491022 10.30000000
v 12.97927240 3.64787835 10.30000000
v 12.93026610 3.64359086 10.27540325
v 12.88678777 4.42276647 10.25080650
v 10.67981479 4.22968135 10.30000000
v 10.74779627 3.45264949 10.30000000
v 10.74779627 3.45264949 10.24500000
v 10.67981479 4.22968135 10.24500000
v 8.44833867 4.03445249 10.30000000
v 8.51632015 3.25742063 10.30000000
v 8.54082330 3.25956437 10.25080650
v 8.49734497 4.03873999 10.27540325
v 8.44833867 4.03445249 8.00000000
v 8.51632015 3.25742063 8.00000000
v 8.57111086 3.26221419 8.00000000
v 8.50312938 4.03924606 8.00000000
v 8.00000000 22.70000000 4.55000000
v 10.40000000 23.45000000 4.00000000
v 11.10000000 23.30000000 3.75000000
v 11.10411480 23.29394461 3.80451056
v 10.40013718 23.44961112 4.05499845
v 8.00614727 22.69980212 4.60465503
v 8.00000000 22.25000000 4.60000000
v 8.00256036 22.26376082 4.65318914
v 12.65000000 24.45000000 3.85000000
v 14.30000000 24.95000000 4.85000000
v 14.29546437 24.90370565 4.87934725
v 12.65644208 24.39885547 3.86917646
v 12.65000000 24.80000000 8.00000000
v 14.45000000 25.35000000 8.00000000
v 14.45285562 25.29515584 8.00299385
v 12.66967078 24.74863982 8.00043888
v 12.65000000 24.45000000 12.65000000
v 14.30000000 25.35000000 12.80000000
v 14.30938589 25.30131373 12.77619765
v 12.67209993 24.40219905 12.63413614
v 10.40000000 24.15000000 12.65000000
v 11.15000000 23.75000000 12.85000000
v 11.15616798 23.73138411 12.79861513
v 10.40185496 24.13266933 12.59783481
v 8.00000000 24.10000000 12.65000000
v 8.00000000 23.60000000 12.75000000
v 8.00009170 23.59185208 12.69560696
v 7.99916198 24.08475356 12.59716210
v 5.60000000 24.15000000 12.65000000
v 4.85000000 23.75000000 12.85000000
v 4.85317476 23.72927609 12.79915277
v 5.60983379 24.14604477 12.59603100
v 3.35000000 24.45000000 12.65000000
v 1.70000000 24.95000000 11.20000000
v 1.70438825 24.89934005 11.17904020
v 3.33068765 24.39850248 12.65019639
v 3.35000000 24.80000000 8.00000000
v 1.55000000 25.35000000 8.00000000
v 1.54622948 25.29513115 7.99956151
v 3.33481464 24.74718142 8.00214536
v 3.35000000 24.45000000 3.85000000
v 1.70000000 24.95000000 4.85000000
v 1.70420960 24.91555925 4.89267451
v 3.36536711 24.46174193 3.90148766
v 5.60000000 23.45000000 4.00000000
v 4.90000000 23.30000000 4.22000000
v 4.90860526 23.32239139 4.26949318
v 5.60163974 23.47325602 4.04981434
v 11.61300000 22.18250000 4.22310000
v 11.61069990 22.19917181 4.27546182
v 8.00000000 21.53900000 4.66840000
v 7.99975580 21.54886270 4.72250792
v 16.80000000 24.85000000 4.95000000
v 16.76933771 24.83311651 4.99242372
v 17.40000000 24.85000000 8.00000000
v 17.36140631 24.81083388 8.00124171
v 17.20000000 24.85000000 11.25000000
v 17.16926554 24.82622052 11.21107791
v 11.54900000 22.58750000 12.83860000
v 11.54267224 22.58997136 12.78402114
v 8.00000000 22.15800000 12.84690000
v 8.00045878 22.15576093 12.79194751
v 4.45100000 22.54750000 12.83860000
v 4.45804649 22.54574114 12.78408162
v -1.20000000 24.85000000 11.25000000
v -1.16742743 24.82310389 11.21477747
v -1.40000000 24.85000000 8.00000000
v -1.36125861 24.81129185 8.00507779
v -0.80000000 24.85000000 4.95000000
v -0.78015471 24.82431366 4.99440018
v 4.38700000 22.19400000 4.42520000
v 4.39025988 22.19950206 4.47982692
v 12.00000000 21.55000000 4.58000000
v 11.99970264 21.56967029 4.63136138
v 8.00000000 20.95000000 4.72000000
v 7.99938763 20.95724471 4.77451733
v 16.70000000 21.35000000 4.98000000
v 16.67544142 21.36095060 5.02797875
v 17.85000000 22.15000000 8.00000000
v 17.79576700 22.14446140 8.00728739
v 17.45000000 21.55000000 11.20000000
v 17.40146098 21.54474449 11.17467524
v 11.85000000 21.50000000 12.83000000
v 11.83983716 21.49877992 12.77596087
v 8.00000000 21.00000000 12.92000000
v 7.99994288 20.99771420 12.86504755
v 4.15000000 21.50000000 12.83000000
v 4.15555114 21.49761709 12.77533277
v -1.45000000 21.25000000 11.20000000
v -1.41714560 21.24690230 11.15600009
v -1.85000000 22.05000000 8.00000000
v -1.79556779 22.04299179 8.00360833
v -0.70000000 21.10000000 4.98000000
v -0.65711995 21.09765118 5.01436255
v 4.00000000 21.50000000 4.58000000
v 4.00449928 21.50658148 4.63441912
v 3.38321874 3.54589710 5.50000000
v 7.10898691 3.21993462 5.50000000
v 6.99133118 1.47354345 5.30000000
v 6.95871908 1.44630832 5.37361860
v 7.06561102 3.21450850 5.57289780
v 3.40365546 3.53430859 5.58168872
v 3.19582938 1.80560683 5.30000000
v 3.22465816 1.77157118 5.37235659
v 7.42776921 3.19204478 5.82000000
v 7.31011348 1.44565361 5.62000000
v 7.23136158 1.43947596 5.65138430
v 7.34556340 3.19513307 5.84139316
v 7.42776921 3.19204478 9.93000000
v 7.31011348 1.44565361 9.93000000
v 7.23159815 1.44819501 9.89753641
v 7.35458935 3.19697497 9.88704187
v 7.10898691 3.21993462 10.25000000
v 6.99133118 1.47354345 10.25000000
v 6.95867566 1.47317932 10.17152398
v 7.08755136 3.22137875 10.16775991
v 3.38321874 3.54589710 10.25000000
v 3.19582938 1.80560683 10.25000000
v 3.22787490 1.79932008 10.17152350
v 3.42594007 3.54129699 10.17666019
v 3.06443644 3.57378694 9.93000000
v 2.87704707 1.83349667 9.93000000
v 2.95484414 1.82270194 9.89750247
v 3.14620519 3.56498232 9.90852093
v 3.06443644 3.57378694 5.82000000
v 2.87704707 1.83349667 5.62000000
v 2.95231134 1.80806935 5.65022815
v 3.13677508 3.56108058 5.86278631
v 6.96892809 0.47168363 4.55000000
v 6.93428384 0.45911202 4.62659459
v 3.04392098 0.81507725 4.55000000
v 3.07464425 0.79903081 4.62761180
v 7.28771039 0.44379379 4.87000000
v 7.20850263 0.44010337 4.90061881
v 7.28771039 0.44379379 9.98000000
v 7.20944825 0.45024816 9.94746728
v 6.96892809 0.47168363 10.30000000
v 6.93636271 0.47210218 10.22148681
v 3.04392098 0.81507725 10.30000000
v 3.07620551 0.81113832 10.22146852
v 2.72513867 0.84296709 9.98000000
v 2.80334346 0.83582785 9.94747243
v 2.72513867 0.84296709 4.87000000
v 2.80372669 0.83526241 4.90145729
v 6.88375931 -0.04285138 4.70000000
v 6.86526428 -0.01682496 4.77877537
v 3.03844778 0.29356978 4.70000000
v 3.08172439 0.31337241 4.77042720
v 7.20254162 -0.07074122 5.02000000
v 7.13236026 -0.04698126 5.06165383
v 7.20254162 -0.07074122 9.98000000
v 7.12139525 -0.05730941 9.95855581
v 6.88375931 -0.04285138 10.30000000
v 6.84129906 -0.03582312 10.22670109
v 3.03844778 0.29356978 10.30000000
v 3.05996560 0.29334395 10.21776903
v 2.71966548 0.32145962 9.98000000
v 2.79304800 0.32068947 9.93711163
v 2.71966548 0.32145962 5.02000000
v 2.80191480 0.32658681 5.04082691
v 8.89101309 3.21993462 5.50000000
v 12.61678126 3.54589710 5.50000000
v 12.80417062 1.80560683 5.30000000
v 12.77678331 1.77312243 5.37361860
v 12.57500658 3.53302127 5.57289780
v 8.91315165 3.21207097 5.58168872
v 9.00866882 1.47354345 5.30000000
v 9.04296986 1.44503094 5.37235659
v 12.93556356 3.57378694 5.82000000
v 13.12295293 1.83349667 5.62000000
v 13.04647018 1.81373774 5.65138430
v 12.85407037 3.56255342 5.84139316
v 12.93556356 3.57378694 9.93000000
v 13.12295293 1.83349667 9.93000000
v 13.04518911 1.82236541 9.89753641
v 12.86263935 3.56593467 9.88704187
v 12.61678126 3.54589710 10.25000000
v 12.80417062 1.80560683 10.25000000
v 12.77207445 1.79957766 10.17152398
v 12.59542060 3.54359705 10.16775991
v 8.89101309 3.21993462 10.25000000
v 9.00866882 1.47354345 10.25000000
v 9.04131919 1.47291685 10.17152350
v 8.93388418 3.22282288 10.17666019
v 8.57223079 3.19204478 9.93000000
v 8.68988652 1.44565361 9.93000000
v 8.76837616 1.44853220 9.89750247
v 8.65428619 3.19757292 9.90852093
v 8.57223079 3.19204478 5.82000000
v 8.68988652 1.44565361 5.62000000
v 8.76842277 1.43368210 5.65022815
v 8.64567688 3.19209294 5.86278631
v 12.95607902 0.81507725 4.55000000
v 12.92414413 0.79668073 4.62659459
v 9.03107191 0.47168363 4.55000000
v 9.06411487 0.46121601 4.62761180
v 13.27486133 0.84296709 4.87000000
v 13.19749774 0.82557846 4.90061881
v 13.27486133 0.84296709 9.98000000
v 13.19666737 0.83573333 9.94746728
v 12.95607902 0.81507725 10.30000000
v 12.92393571 0.80983453 10.22148681
v 9.03107191 0.47168363 10.30000000
v 9.06354995 0.47341069 10.22146852
v 8.71228961 0.44379379 9.98000000
v 8.79054600 0.45034313 9.94747243
v 8.71228961 0.44379379 4.87000000
v 8.79102160 0.44985282 4.90145729
v 12.96155222 0.29356978 4.70000000
v 12.93881872 0.31598917 4.77877537
v 9.11624069 -0.04285138 4.70000000
v 9.15542114 -0.01583470 4.77042720
v 13.28033452 0.32145962 5.02000000
v 13.20709351 0.33267175 5.06165383
v 13.28033452 0.32145962 9.98000000
v 13.19808854 0.32059645 9.95855581
v 12.96155222 0.29356978 10.30000000
v 12.91851659 0.29311813 10.22670109
v 9.11624069 -0.04285138 10.30000000
v 9.13747081 -0.03933725 10.21776903
v 8.79745838 -0.07074122 9.98000000
v 8.86985979 -0.05875693 9.93711163
v 8.79745838 -0.07074122 5.02000000
v 8.87756783 -0.05140948 5.04082691
usemtl material0
vt 0.00292969 0.95019531
vt 0.00292969 0.99707031
vt 0.03417969 0.99707031
f 1/1 2/2 3/3
vt 0.00292969 0.95019531
vt 0.03417969 0.99707031
vt 0.03417969 0.95019531
f 1/4 3/5 4/6
vt 0.04589844 0.95019531
vt 0.07714844 0.95019531
vt 0.07714844 0.99707031
f 5/7 6/8 7/9
vt 0.04589844 0.95019531
vt 0.07714844 0.99707031
vt 0.04589844 0.99707031
f 5/10 7/11 8/12
vt 0.08886719 0.95019531
vt 0.10449219 0.95019531
vt 0.10449219 0.99707031
f 1/13 5/14 8/15
vt 0.08886719 0.95019531
vt 0.10449219 0.99707031
vt 0.08886719 0.99707031
f 1/16 8/17 2/18
vt 0.11621094 0.95019531
vt 0.11621094 0.99707031
vt 0.13183594 0.99707031
f 4/19 3/20 7/21
vt 0.11621094 0.95019531
vt 0.13183594 0.99707031
vt 0.13183594 0.95019531
f 4/22 7/23 6/24
vt 0.14355469 0.99707031
vt 0.17480469 0.99707031
vt 0.17480469 0.98144531
f 1/25 4/26 6/27
vt 0.14355469 0.99707031
vt 0.17480469 0.98144531
vt 0.14355469 0.98144531
f 1/28 6/29 5/30
vt 0.18652344 0.99707031
vt 0.18652344 0.98144531
vt 0.21777344 0.98144531
f 2/31 8/32 7/33
vt 0.18652344 0.99707031
vt 0.21777344 0.98144531
vt 0.21777344 0.99707031
f 2/34 7/35 3/36
vt 0.22949219 0.96582031
vt 0.22949219 0.99707031
vt 0.26074219 0.99707031
f 9/37 10/38 11/39
vt 0.22949219 0.96582031
vt 0.26074219 0.99707031
vt 0.26074219 0.96582031
f 9/40 11/41 12/42
vt 0.27246094 0.96582031
vt 0.30371094 0.96582031
vt 0.30371094 0.99707031
f 13/43 14/44 15/45
vt 0.27246094 0.96582031
vt 0.30371094 0.99707031
vt 0.27246094 0.99707031
f 13/46 15/47 16/48
vt 0.31542969 0.96582031
vt 0.34667969 0.96582031
vt 0.34667969 0.99707031
f 9/49 13/50 16/51
vt 0.31542969 0.96582031
vt 0.34667969 0.99707031
vt 0.31542969 0.99707031
f 9/52 16/53 10/54
vt 0.35839844 0.96582031
vt 0.35839844 0.99707031
vt 0.38964844 0.99707031
f 12/55 11/56 15/57
vt 0.35839844 0.96582031
vt 0.38964844 0.99707031
vt 0.38964844 0.96582031
f 12/58 15/59 14/60
vt 0.40136719 0.99707031
vt 0.43261719 0.99707031
vt 0.43261719 0.96582031
f 9/61 12/62 14/63
vt 0.40136719 0.99707031
vt 0.43261719 0.96582031
vt 0.40136719 0.96582031
f 9/64 14/65 13/66
vt 0.44433594 0.99707031
vt 0.44433594 0.96582031
vt 0.47558594 0.96582031
f 10/67 16/68 15/69
vt 0.44433594 0.99707031
vt 0.47558594 0.96582031
vt 0.47558594 0.99707031
f 10/70 15/71 11/72
vt 0.48730469 0.95956839
vt 0.49104528 0.99707031
vt 0.50878906 0.99355661
f 17/73 18/74 19/75
vt 0.48730469 0.95956839
vt 0.50878906 0.99355661
vt 0.50504847 0.95605469
f 17/76 19/77 20/78
vt 0.52050781 0.95956839
vt 0.53825160 0.95605469
vt 0.54199219 0.99355661
f 21/79 22/80 23/81
vt 0.52050781 0.95956839
vt 0.54199219 0.99355661
vt 0.52424840 0.99707031
f 21/82 23/83 24/84
vt 0.55371094 0.95800781
vt 0.56933594 0.95800781
vt 0.56933594 0.99707031
f 17/85 21/86 24/87
vt 0.55371094 0.95800781
vt 0.56933594 0.99707031
vt 0.55371094 0.99707031
f 17/88 24/89 18/90
vt 0.58105469 0.95800781
vt 0.58105469 0.99707031
vt 0.59667969 0.99707031
f 20/91 19/92 23/93
vt 0.58105469 0.95800781
vt 0.59667969 0.99707031
vt 0.59667969 0.95800781
f 20/94 23/95 22/96
vt 0.60839844 0.99707031
vt 0.62597656 0.99707031
vt 0.62597656 0.97949219
f 17/97 20/98 22/99
vt 0.60839844 0.99707031
vt 0.62597656 0.97949219
vt 0.60839844 0.97949219
f 17/100 22/101 21/102
vt 0.63769531 0.99707031
vt 0.63769531 0.98144531
vt 0.65527344 0.98144531
f 18/103 24/104 23/105
vt 0.63769531 0.99707031
vt 0.65527344 0.98144531
vt 0.65527344 0.99707031
f 18/106 23/107 19/108
vt 0.66699219 0.96159447
vt 0.66940455 0.99707031
vt 0.68847656 0.99153053
f 25/109 26/110 27/111
vt 0.66699219 0.96159447
vt 0.68847656 0.99153053
vt 0.68606420 0.95605469
f 25/112 27/113 28/114
vt 0.70019531 0.96159447
vt 0.71926733 0.95605469
vt 0.72167969 0.99153053
f 29/115 30/116 31/117
vt 0.70019531 0.96159447
vt 0.72167969 0.99153053
vt 0.70260767 0.99707031
f 29/118 31/119 32/120
vt 0.73339844 0.95800781
vt 0.74902344 0.95800781
vt 0.74902344 0.99707031
f 25/121 29/122 32/123
vt 0.73339844 0.95800781
vt 0.74902344 0.99707031
vt 0.73339844 0.99707031
f 25/124 32/125 26/126
vt 0.76074219 0.95800781
vt 0.76074219 0.99707031
vt 0.77636719 0.99707031
f 28/127 27/128 31/129
vt 0.76074219 0.95800781
vt 0.77636719 0.99707031
vt 0.77636719 0.95800781
f 28/130 31/131 30/132
vt 0.78808594 0.99707031
vt 0.80566406 0.99707031
vt 0.80566406 0.97949219
f 25/133 28/134 30/135
vt 0.78808594 0.99707031
vt 0.80566406 0.97949219
vt 0.78808594 0.97949219
f 25/136 30/137 29/138
vt 0.81738281 0.99707031
vt 0.81738281 0.98144531
vt 0.83496094 0.98144531
f 26/139 32/140 31/141
vt 0.81738281 0.99707031
vt 0.83496094 0.98144531
vt 0.83496094 0.99707031
f 26/142 31/143 27/144
vt 0.84667969 0.98757556
vt 0.84804668 0.99707031
vt 0.86425781 0.99484631
f 33/145 34/146 35/147
vt 0.84667969 0.98757556
vt 0.86425781 0.99484631
vt 0.86289082 0.98535156
f 33/148 35/149 36/150
vt 0.87597656 0.98757556
vt 0.89218769 0.98535156
vt 0.89355469 0.99484631
f 37/151 38/152 39/153
vt 0.87597656 0.98757556
vt 0.89355469 0.99484631
vt 0.87734356 0.99707031
f 37/154 39/155 40/156
vt 0.90527344 0.98730469
vt 0.92089844 0.98730469
vt 0.92089844 0.99707031
f 33/157 37/158 40/159
vt 0.90527344 0.98730469
vt 0.92089844 0.99707031
vt 0.90527344 0.99707031
f 33/160 40/161 34/162
vt 0.93261719 0.98730469
vt 0.93261719 0.99707031
vt 0.94824219 0.99707031
f 36/163 35/164 39/165
vt 0.93261719 0.98730469
vt 0.94824219 0.99707031
vt 0.94824219 0.98730469
f 36/166 39/167 38/168
vt 0.95996094 0.99707031
vt 0.97753906 0.99707031
vt 0.97753906 0.98144531
f 33/169 36/170 38/171
vt 0.95996094 0.99707031
vt 0.97753906 0.98144531
vt 0.95996094 0.98144531
f 33/172 38/173 37/174
vt 0.00292969 0.93847656
vt 0.00292969 0.92089844
vt 0.02050781 0.92089844
f 34/175 40/176 39/177
vt 0.00292969 0.93847656
vt 0.02050781 0.92089844
vt 0.02050781 0.93847656
f 34/178 39/179 35/180
vt 0.03596715 0.89746094
vt 0.03222656 0.93496286
vt 0.04997035 0.93847656
f 41/181 42/182 43/183
vt 0.03596715 0.89746094
vt 0.04997035 0.93847656
vt 0.05371094 0.90097464
f 41/184 43/185 44/186
vt 0.06917028 0.89746094
vt 0.08691406 0.90097464
vt 0.08317347 0.93847656
f 45/187 46/188 47/189
vt 0.06917028 0.89746094
vt 0.08317347 0.93847656
vt 0.06542969 0.93496286
f 45/190 47/191 48/192
vt 0.09863281 0.89941406
vt 0.11425781 0.89941406
vt 0.11425781 0.93847656
f 41/193 45/194 48/195
vt 0.09863281 0.89941406
vt 0.11425781 0.93847656
vt 0.09863281 0.93847656
f 41/196 48/197 42/198
vt 0.12597656 0.89941406
vt 0.12597656 0.93847656
vt 0.14160156 0.93847656
f 44/199 43/200 47/201
vt 0.12597656 0.89941406
vt 0.14160156 0.93847656
vt 0.14160156 0.89941406
f 44/202 47/203 46/204
vt 0.15332031 0.93847656
vt 0.17089844 0.93847656
vt 0.17089844 0.92285156
f 41/205 44/206 46/207
vt 0.15332031 0.93847656
vt 0.17089844 0.92285156
vt 0.15332031 0.92285156
f 41/208 46/209 45/210
vt 0.18261719 0.93847656
vt 0.18261719 0.92285156
vt 0.20019531 0.92285156
f 42/211 48/212 47/213
vt 0.18261719 0.93847656
vt 0.20019531 0.92285156
vt 0.20019531 0.93847656
f 42/214 47/215 43/216
vt 0.21432642 0.89746094
vt 0.21191406 0.93293678
vt 0.23098608 0.93847656
f 49/217 50/218 51/219
vt 0.21432642 0.89746094
vt 0.23098608 0.93847656
vt 0.23339844 0.90300072
f 49/220 51/221 52/222
vt 0.24752955 0.89746094
vt 0.26660156 0.90300072
vt 0.26418920 0.93847656
f 53/223 54/224 55/225
vt 0.24752955 0.89746094
vt 0.26418920 0.93847656
vt 0.24511719 0.93293678
f 53/226 55/227 56/228
vt 0.27832031 0.89941406
vt 0.29394531 0.89941406
vt 0.29394531 0.93847656
f 49/229 53/230 56/231
vt 0.27832031 0.89941406
vt 0.29394531 0.93847656
vt 0.27832031 0.93847656
f 49/232 56/233 50/234
vt 0.30566406 0.89941406
vt 0.30566406 0.93847656
vt 0.32128906 0.93847656
f 52/235 51/236 55/237
vt 0.30566406 0.89941406
vt 0.32128906 0.93847656
vt 0.32128906 0.89941406
f 52/238 55/239 54/240
vt 0.33300781 0.93847656
vt 0.35058594 0.93847656
vt 0.35058594 0.92285156
f 49/241 52/242 54/243
vt 0.33300781 0.93847656
vt 0.35058594 0.92285156
vt 0.33300781 0.92285156
f 49/244 54/245 53/246
vt 0.36230469 0.93847656
vt 0.36230469 0.92285156
vt 0.37988281 0.92285156
f 50/247 56/248 55/249
vt 0.36230469 0.93847656
vt 0.37988281 0.92285156
vt 0.37988281 0.93847656
f 50/250 55/251 51/252
vt 0.39296856 0.92675781
vt 0.39160156 0.93625256
vt 0.40781269 0.93847656
f 57/253 58/254 59/255
vt 0.39296856 0.92675781
vt 0.40781269 0.93847656
vt 0.40917969 0.92898181
f 57/256 59/257 60/258
vt 0.42226543 0.92675781
vt 0.43847656 0.92898181
vt 0.43710957 0.93847656
f 61/259 62/260 63/261
vt 0.42226543 0.92675781
vt 0.43710957 0.93847656
vt 0.42089844 0.93625256
f 61/262 63/263 64/264
vt 0.45019531 0.92871094
vt 0.46582031 0.92871094
vt 0.46582031 0.93847656
f 57/265 61/266 64/267
vt 0.45019531 0.92871094
vt 0.46582031 0.93847656
vt 0.45019531 0.93847656
f 57/268 64/269 58/270
vt 0.47753906 0.92871094
vt 0.47753906 0.93847656
vt 0.49316406 0.93847656
f 60/271 59/272 63/273
vt 0.47753906 0.92871094
vt 0.49316406 0.93847656
vt 0.49316406 0.92871094
f 60/274 63/275 62/276
vt 0.50488281 0.93847656
vt 0.52246094 0.93847656
vt 0.52246094 0.92285156
f 57/277 60/278 62/279
vt 0.50488281 0.93847656
vt 0.52246094 0.92285156
vt 0.50488281 0.92285156
f 57/280 62/281 61/282
vt 0.53417969 0.93847656
vt 0.53417969 0.92285156
vt 0.55175781 0.92285156
f 58/283 64/284 63/285
vt 0.53417969 0.93847656
vt 0.55175781 0.92285156
vt 0.55175781 0.93847656
f 58/286 63/287 59/288
vt 0.56347656 0.91448525
vt 0.56574236 0.93847656
vt 0.58300781 0.93707725
f 65/289 66/290 67/291
vt 0.56347656 0.91448525
vt 0.58300781 0.93707725
vt 0.58074202 0.91308594
f 65/292 67/293 68/294
vt 0.59472656 0.91448525
vt 0.61199202 0.91308594
vt 0.61425781 0.93707725
f 69/295 70/296 71/297
vt 0.59472656 0.91448525
vt 0.61425781 0.93707725
vt 0.59699236 0.93847656
f 69/298 71/299 72/300
vt 0.62597656 0.91308594
vt 0.64160156 0.91308594
vt 0.64160156 0.93847656
f 65/301 69/302 72/303
vt 0.62597656 0.91308594
vt 0.64160156 0.93847656
vt 0.62597656 0.93847656
f 65/304 72/305 66/306
vt 0.65332031 0.91503906
vt 0.65332031 0.93847656
vt 0.66894531 0.93847656
f 68/307 67/308 71/309
vt 0.65332031 0.91503906
vt 0.66894531 0.93847656
vt 0.66894531 0.91503906
f 68/310 71/311 70/312
vt 0.68066406 0.93847656
vt 0.69628906 0.93847656
vt 0.69628906 0.92285156
f 65/313 68/314 70/315
vt 0.68066406 0.93847656
vt 0.69628906 0.92285156
vt 0.68066406 0.92285156
f 65/316 70/317 69/318
vt 0.70800781 0.93847656
vt 0.70800781 0.92285156
vt 0.72558594 0.92285156
f 66/319 72/320 71/321
vt 0.70800781 0.93847656
vt 0.72558594 0.92285156
vt 0.72558594 0.93847656
f 66/322 71/323 67/324
vt 0.73730469 0.92231260
vt 0.73871885 0.93847656
vt 0.75488281 0.93706240
f 73/325 74/326 75/327
vt 0.73730469 0.92231260
vt 0.75488281 0.93706240
vt 0.75346865 0.92089844
f 73/328 75/329 76/330
vt 0.76660156 0.92231260
vt 0.78276552 0.92089844
vt 0.78417969 0.93706240
f 77/331 78/332 79/333
vt 0.76660156 0.92231260
vt 0.78417969 0.93706240
vt 0.76801573 0.93847656
f 77/334 79/335 80/336
vt 0.79589844 0.92089844
vt 0.81152344 0.92089844
vt 0.81152344 0.93847656
f 73/337 77/338 80/339
vt 0.79589844 0.92089844
vt 0.81152344 0.93847656
vt 0.79589844 0.93847656
f 73/340 80/341 74/342
vt 0.82324219 0.92089844
vt 0.82324219 0.93847656
vt 0.83886719 0.93847656
f 76/343 75/344 79/345
vt 0.82324219 0.92089844
vt 0.83886719 0.93847656
vt 0.83886719 0.92089844
f 76/346 79/347 78/348
vt 0.85058594 0.93847656
vt 0.86621094 0.93847656
vt 0.86621094 0.92285156
f 73/349 76/350 78/351
vt 0.85058594 0.93847656
vt 0.86621094 0.92285156
vt 0.85058594 0.92285156
f 73/352 78/353 77/354
vt 0.87792969 0.93847656
vt 0.87792969 0.92285156
vt 0.89355469 0.92285156
f 74/355 80/356 79/357
vt 0.87792969 0.93847656
vt 0.89355469 0.92285156
vt 0.89355469 0.93847656
f 74/358 79/359 75/360
vt 0.90527344 0.93016523
vt 0.90601015 0.93847656
vt 0.92285156 0.93702227
f 81/361 82/362 83/363
vt 0.90527344 0.93016523
vt 0.92285156 0.93702227
vt 0.92211485 0.92871094
f 81/364 83/365 84/366
vt 0.93457031 0.93016523
vt 0.95141172 0.92871094
vt 0.95214844 0.93702227
f 85/367 86/368 87/369
vt 0.93457031 0.93016523
vt 0.95214844 0.93702227
vt 0.93530703 0.93847656
f 85/370 87/371 88/372
vt 0.96386719 0.93066406
vt 0.97949219 0.93066406
vt 0.97949219 0.93847656
f 81/373 85/374 88/375
vt 0.96386719 0.93066406
vt 0.97949219 0.93847656
vt 0.96386719 0.93847656
f 81/376 88/377 82/378
vt 0.00292969 0.87792969
vt 0.00292969 0.88574219
vt 0.01855469 0.88574219
f 84/379 83/380 87/381
vt 0.00292969 0.87792969
vt 0.01855469 0.88574219
vt 0.01855469 0.87792969
f 84/382 87/383 86/384
vt 0.03027344 0.88574219
vt 0.04589844 0.88574219
vt 0.04589844 0.87011719
f 81/385 84/386 86/387
vt 0.03027344 0.88574219
vt 0.04589844 0.87011719
vt 0.03027344 0.87011719
f 81/388 86/389 85/390
vt 0.05761719 0.88574219
vt 0.05761719 0.87011719
vt 0.07324219 0.87011719
f 82/391 88/392 87/393
vt 0.05761719 0.88574219
vt 0.07324219 0.87011719
vt 0.07324219 0.88574219
f 82/394 87/395 83/396
vt 0.27082048 0.86035156
vt 0.26855469 0.88434288
vt 0.28582014 0.88574219
f 89/397 90/398 91/399
vt 0.27082048 0.86035156
vt 0.28582014 0.88574219
vt 0.28808594 0.86175087
f 89/400 91/401 92/402
vt 0.30207048 0.86035156
vt 0.31933594 0.86175087
vt 0.31707014 0.88574219
f 93/403 94/404 95/405
vt 0.30207048 0.86035156
vt 0.31707014 0.88574219
vt 0.29980469 0.88434288
f 93/406 95/407 96/408
vt 0.33105469 0.86230469
vt 0.34667969 0.86230469
vt 0.34667969 0.88574219
f 89/409 93/410 96/411
vt 0.33105469 0.86230469
vt 0.34667969 0.88574219
vt 0.33105469 0.88574219
f 89/412 96/413 90/414
vt 0.35839844 0.86035156
vt 0.35839844 0.88574219
vt 0.37402344 0.88574219
f 92/415 91/416 95/417
vt 0.35839844 0.86035156
vt 0.37402344 0.88574219
vt 0.37402344 0.86035156
f 92/418 95/419 94/420
vt 0.38574219 0.88574219
vt 0.40136719 0.88574219
vt 0.40136719 0.87011719
f 89/421 92/422 94/423
vt 0.38574219 0.88574219
vt 0.40136719 0.87011719
vt 0.38574219 0.87011719
f 89/424 94/425 93/426
vt 0.41308594 0.88574219
vt 0.41308594 0.87011719
vt 0.43066406 0.87011719
f 90/427 96/428 95/429
vt 0.41308594 0.88574219
vt 0.43066406 0.87011719
vt 0.43066406 0.88574219
f 90/430 95/431 91/432
vt 0.44379698 0.86816406
vt 0.44238281 0.88432802
vt 0.45854677 0.88574219
f 97/433 98/434 99/435
vt 0.44379698 0.86816406
vt 0.45854677 0.88574219
vt 0.45996094 0.86957823
f 97/436 99/437 100/438
vt 0.47309385 0.86816406
vt 0.48925781 0.86957823
vt 0.48784365 0.88574219
f 101/439 102/440 103/441
vt 0.47309385 0.86816406
vt 0.48784365 0.88574219
vt 0.47167969 0.88432802
f 101/442 103/443 104/444
vt 0.50097656 0.86816406
vt 0.51660156 0.86816406
vt 0.51660156 0.88574219
f 97/445 101/446 104/447
vt 0.50097656 0.86816406
vt 0.51660156 0.88574219
vt 0.50097656 0.88574219
f 97/448 104/449 98/450
vt 0.52832031 0.86816406
vt 0.52832031 0.88574219
vt 0.54394531 0.88574219
f 100/451 99/452 103/453
vt 0.52832031 0.86816406
vt 0.54394531 0.88574219
vt 0.54394531 0.86816406
f 100/454 103/455 102/456
vt 0.55566406 0.88574219
vt 0.57128906 0.88574219
vt 0.57128906 0.87011719
f 97/457 100/458 102/459
vt 0.55566406 0.88574219
vt 0.57128906 0.87011719
vt 0.55566406 0.87011719
f 97/460 102/461 101/462
vt 0.58300781 0.88574219
vt 0.58300781 0.87011719
vt 0.59863281 0.87011719
f 98/463 104/464 103/465
vt 0.58300781 0.88574219
vt 0.59863281 0.87011719
vt 0.59863281 0.88574219
f 98/466 103/467 99/468
vt 0.61108828 0.87597656
vt 0.61035156 0.88428789
vt 0.62719297 0.88574219
f 105/469 106/470 107/471
vt 0.61108828 0.87597656
vt 0.62719297 0.88574219
vt 0.62792969 0.87743086
f 105/472 107/473 108/474
vt 0.64038515 0.87597656
vt 0.65722656 0.87743086
vt 0.65648985 0.88574219
f 109/475 110/476 111/477
vt 0.64038515 0.87597656
vt 0.65648985 0.88574219
vt 0.63964844 0.88428789
f 109/478 111/479 112/480
vt 0.66894531 0.87792969
vt 0.68457031 0.87792969
vt 0.68457031 0.88574219
f 105/481 109/482 112/483
vt 0.66894531 0.87792969
vt 0.68457031 0.88574219
vt 0.66894531 0.88574219
f 105/484 112/485 106/486
vt 0.69628906 0.87792969
vt 0.69628906 0.88574219
vt 0.71191406 0.88574219
f 108/487 107/488 111/489
vt 0.69628906 0.87792969
vt 0.71191406 0.88574219
vt 0.71191406 0.87792969
f 108/490 111/491 110/492
vt 0.72363281 0.88574219
vt 0.73925781 0.88574219
vt 0.73925781 0.87011719
f 105/493 108/494 110/495
vt 0.72363281 0.88574219
vt 0.73925781 0.87011719
vt 0.72363281 0.87011719
f 105/496 110/497 109/498
vt 0.75097656 0.88574219
vt 0.75097656 0.87011719
vt 0.76660156 0.87011719
f 106/499 112/500 111/501
vt 0.75097656 0.88574219
vt 0.76660156 0.87011719
vt 0.76660156 0.88574219
f 106/502 111/503 107/504
vt 0.00292969 0.84863281
vt 0.02428900 0.84863281
vt 0.03091364 0.82227691
f 113/505 114/506 115/507
vt 0.17153864 0.82227691
vt 0.16491400 0.84863281
vt 0.14355469 0.84863281
f 116/508 117/509 118/510
vt 0.00292969 0.84863281
vt 0.03091364 0.82227691
vt 0.00292969 0.82227691
f 113/511 115/512 119/513
vt 0.14355469 0.82227691
vt 0.17153864 0.82227691
vt 0.14355469 0.84863281
f 120/514 116/515 118/516
vt 0.02428900 0.84863281
vt 0.03305414 0.84863281
vt 0.03842929 0.82227691
f 114/517 121/518 122/519
vt 0.17905429 0.82227691
vt 0.17367914 0.84863281
vt 0.16491400 0.84863281
f 123/520 124/521 117/522
vt 0.02428900 0.84863281
vt 0.03842929 0.82227691
vt 0.03091364 0.82227691
f 114/523 122/524 115/525
vt 0.17153864 0.82227691
vt 0.17905429 0.82227691
vt 0.16491400 0.84863281
f 116/526 123/527 117/528
vt 0.03305414 0.84863281
vt 0.04860395 0.84863281
vt 0.05117097 0.82227691
f 121/529 125/530 126/531
vt 0.19179597 0.82227691
vt 0.18922895 0.84863281
vt 0.17367914 0.84863281
f 127/532 128/533 124/534
vt 0.03305414 0.84863281
vt 0.05117097 0.82227691
vt 0.03842929 0.82227691
f 121/535 126/536 122/537
vt 0.17905429 0.82227691
vt 0.19179597 0.82227691
vt 0.17367914 0.84863281
f 123/538 127/539 124/540
vt 0.04860395 0.84863281
vt 0.07108711 0.84863281
vt 0.06941204 0.82227691
f 125/541 129/542 130/543
vt 0.21003704 0.82227691
vt 0.21171211 0.84863281
vt 0.18922895 0.84863281
f 131/544 132/545 128/546
vt 0.04860395 0.84863281
vt 0.06941204 0.82227691
vt 0.05117097 0.82227691
f 125/547 130/548 126/549
vt 0.19179597 0.82227691
vt 0.21003704 0.82227691
vt 0.18922895 0.84863281
f 127/550 131/551 128/552
vt 0.07108711 0.84863281
vt 0.08433677 0.84863281
vt 0.08069454 0.82227691
f 129/553 133/554 134/555
vt 0.22131954 0.82227691
vt 0.22496177 0.84863281
vt 0.21171211 0.84863281
f 135/556 136/557 132/558
vt 0.07108711 0.84863281
vt 0.08069454 0.82227691
vt 0.06941204 0.82227691
f 129/559 134/560 130/561
vt 0.21003704 0.82227691
vt 0.22131954 0.82227691
vt 0.21171211 0.84863281
f 131/562 135/563 132/564
vt 0.08433677 0.84863281
vt 0.10039466 0.84863281
vt 0.09347273 0.82227691
f 133/565 137/566 138/567
vt 0.23409773 0.82227691
vt 0.24101966 0.84863281
vt 0.22496177 0.84863281
f 139/568 140/569 136/570
vt 0.08433677 0.84863281
vt 0.09347273 0.82227691
vt 0.08069454 0.82227691
f 133/571 138/572 134/573
vt 0.22131954 0.82227691
vt 0.23409773 0.82227691
vt 0.22496177 0.84863281
f 135/574 139/575 136/576
vt 0.10039466 0.84863281
vt 0.11047662 0.84863281
vt 0.10385198 0.82227691
f 137/577 141/578 142/579
vt 0.24447698 0.82227691
vt 0.25110162 0.84863281
vt 0.24101966 0.84863281
f 143/580 144/581 140/582
vt 0.10039466 0.84863281
vt 0.10385198 0.82227691
vt 0.09347273 0.82227691
f 137/583 142/584 138/585
vt 0.23409773 0.82227691
vt 0.24447698 0.82227691
vt 0.24101966 0.84863281
f 139/586 143/587 140/588
vt 0.11047662 0.84863281
vt 0.13183594 0.84863281
vt 0.13183594 0.82227691
f 141/589 145/590 146/591
vt 0.27246094 0.82227691
vt 0.27246094 0.84863281
vt 0.25110162 0.84863281
f 147/592 148/593 144/594
vt 0.11047662 0.84863281
vt 0.13183594 0.82227691
vt 0.10385198 0.82227691
f 141/595 146/596 142/597
vt 0.24447698 0.82227691
vt 0.27246094 0.82227691
vt 0.25110162 0.84863281
f 143/598 147/599 144/600
vt 0.00292969 0.82227691
vt 0.03091364 0.82227691
vt 0.03790939 0.79589844
f 119/601 115/602 149/603
vt 0.17853439 0.79589844
vt 0.17153864 0.82227691
vt 0.14355469 0.82227691
f 150/604 116/605 120/606
vt 0.00292969 0.82227691
vt 0.03790939 0.79589844
vt 0.00292969 0.79589844
f 119/607 149/608 151/609
vt 0.14355469 0.79589844
vt 0.17853439 0.79589844
vt 0.14355469 0.82227691
f 152/610 150/611 120/612
vt 0.03091364 0.82227691
vt 0.03842929 0.82227691
vt 0.04377857 0.79589844
f 115/613 122/614 153/615
vt 0.18440357 0.79589844
vt 0.17905429 0.82227691
vt 0.17153864 0.82227691
f 154/616 123/617 116/618
vt 0.03091364 0.82227691
vt 0.04377857 0.79589844
vt 0.03790939 0.79589844
f 115/619 153/620 149/621
vt 0.17853439 0.79589844
vt 0.18440357 0.79589844
vt 0.17153864 0.82227691
f 150/622 154/623 116/624
vt 0.03842929 0.82227691
vt 0.05117097 0.82227691
vt 0.05456908 0.79589844
f 122/625 126/626 155/627
vt 0.19519408 0.79589844
vt 0.19179597 0.82227691
vt 0.17905429 0.82227691
f 156/628 127/629 123/630
vt 0.03842929 0.82227691
vt 0.05456908 0.79589844
vt 0.04377857 0.79589844
f 122/631 155/632 153/633
vt 0.18440357 0.79589844
vt 0.19519408 0.79589844
vt 0.17905429 0.82227691
f 154/634 156/635 123/636
vt 0.05117097 0.82227691
vt 0.06941204 0.82227691
vt 0.06997531 0.79589844
f 126/637 130/638 157/639
vt 0.21060031 0.79589844
vt 0.21003704 0.82227691
vt 0.19179597 0.82227691
f 158/640 131/641 127/642
vt 0.05117097 0.82227691
vt 0.06997531 0.79589844
vt 0.05456908 0.79589844
f 126/643 157/644 155/645
vt 0.19519408 0.79589844
vt 0.21060031 0.79589844
vt 0.19179597 0.82227691
f 156/646 158/647 127/648
vt 0.06941204 0.82227691
vt 0.08069454 0.82227691
vt 0.07857201 0.79589844
f 130/649 134/650 159/651
vt 0.21919701 0.79589844
vt 0.22131954 0.82227691
vt 0.21003704 0.82227691
f 160/652 135/653 131/654
vt 0.06941204 0.82227691
vt 0.07857201 0.79589844
vt 0.06997531 0.79589844
f 130/655 159/656 157/657
vt 0.21060031 0.79589844
vt 0.21919701 0.79589844
vt 0.21003704 0.82227691
f 158/658 160/659 131/660
vt 0.08069454 0.82227691
vt 0.09347273 0.82227691
vt 0.08986004 0.79589844
f 134/661 138/662 161/663
vt 0.23048504 0.79589844
vt 0.23409773 0.82227691
vt 0.22131954 0.82227691
f 162/664 139/665 135/666
vt 0.08069454 0.82227691
vt 0.08986004 0.79589844
vt 0.07857201 0.79589844
f 134/667 161/668 159/669
vt 0.21919701 0.79589844
vt 0.23048504 0.79589844
vt 0.22131954 0.82227691
f 160/670 162/671 135/672
vt 0.09347273 0.82227691
vt 0.10385198 0.82227691
vt 0.09685624 0.79589844
f 138/673 142/674 163/675
vt 0.23748124 0.79589844
vt 0.24447698 0.82227691
vt 0.23409773 0.82227691
f 164/676 143/677 139/678
vt 0.09347273 0.82227691
vt 0.09685624 0.79589844
vt 0.08986004 0.79589844
f 138/679 163/680 161/681
vt 0.23048504 0.79589844
vt 0.23748124 0.79589844
vt 0.23409773 0.82227691
f 162/682 164/683 139/684
vt 0.10385198 0.82227691
vt 0.13183594 0.82227691
vt 0.13183594 0.79589844
f 142/685 146/686 165/687
vt 0.27246094 0.79589844
vt 0.27246094 0.82227691
vt 0.24447698 0.82227691
f 166/688 147/689 143/690
vt 0.10385198 0.82227691
vt 0.13183594 0.79589844
vt 0.09685624 0.79589844
f 142/691 165/692 163/693
vt 0.23748124 0.79589844
vt 0.27246094 0.79589844
vt 0.24447698 0.82227691
f 164/694 166/695 143/696
vt 0.28417969 0.84863281
vt 0.29199219 0.84863281
vt 0.28417969 0.84082031
f 114/697 113/698 118/699
vt 0.28417969 0.84863281
vt 0.29199219 0.84863281
vt 0.28417969 0.84082031
f 114/700 118/701 117/702
vt 0.28417969 0.84863281
vt 0.29199219 0.84863281
vt 0.28417969 0.84082031
f 113/703 119/704 120/705
vt 0.28417969 0.84863281
vt 0.29199219 0.84863281
vt 0.28417969 0.84082031
f 113/706 120/707 118/708
vt 0.28417969 0.84863281
vt 0.29199219 0.84863281
vt 0.28417969 0.84082031
f 121/709 114/710 117/711
vt 0.28417969 0.84863281
vt 0.29199219 0.84863281
vt 0.28417969 0.84082031
f 121/712 117/713 124/714
vt 0.28417969 0.84863281
vt 0.29199219 0.84863281
vt 0.28417969 0.84082031
f 125/715 121/716 124/717
vt 0.28417969 0.84863281
vt 0.29199219 0.84863281
vt 0.28417969 0.84082031
f 125/718 124/719 128/720
vt 0.28417969 0.84863281
vt 0.29199219 0.84863281
vt 0.28417969 0.84082031
f 129/721 125/722 128/723
vt 0.28417969 0.84863281
vt 0.29199219 0.84863281
vt 0.28417969 0.84082031
f 129/724 128/725 132/726
vt 0.28417969 0.84863281
vt 0.29199219 0.84863281
vt 0.28417969 0.84082031
f 133/727 129/728 132/729
vt 0.28417969 0.84863281
vt 0.29199219 0.84863281
vt 0.28417969 0.84082031
f 133/730 132/731 136/732
vt 0.28417969 0.84863281
vt 0.29199219 0.84863281
vt 0.28417969 0.84082031
f 137/733 133/734 136/735
vt 0.28417969 0.84863281
vt 0.29199219 0.84863281
vt 0.28417969 0.84082031
f 137/736 136/737 140/738
vt 0.28417969 0.84863281
vt 0.29199219 0.84863281
vt 0.28417969 0.84082031
f 141/739 137/740 140/741
vt 0.28417969 0.84863281
vt 0.29199219 0.84863281
vt 0.28417969 0.84082031
f 141/742 140/743 144/744
vt 0.28417969 0.84863281
vt 0.29199219 0.84863281
vt 0.28417969 0.84082031
f 145/745 141/746 144/747
vt 0.28417969 0.84863281
vt 0.29199219 0.84863281
vt 0.28417969 0.84082031
f 145/748 144/749 148/750
vt 0.28417969 0.84863281
vt 0.29199219 0.84863281
vt 0.28417969 0.84082031
f 146/751 145/752 148/753
vt 0.28417969 0.84863281
vt 0.29199219 0.84863281
vt 0.28417969 0.84082031
f 146/754 148/755 147/756
vt 0.28417969 0.84863281
vt 0.29199219 0.84863281
vt 0.28417969 0.84082031
f 151/757 149/758 150/759
vt 0.28417969 0.84863281
vt 0.29199219 0.84863281
vt 0.28417969 0.84082031
f 151/760 150/761 152/762
vt 0.28417969 0.84863281
vt 0.29199219 0.84863281
vt 0.28417969 0.84082031
f 119/763 151/764 152/765
vt 0.28417969 0.84863281
vt 0.29199219 0.84863281
vt 0.28417969 0.84082031
f 119/766 152/767 120/768
vt 0.28417969 0.84863281
vt 0.29199219 0.84863281
vt 0.28417969 0.84082031
f 149/769 153/770 154/771
vt 0.28417969 0.84863281
vt 0.29199219 0.84863281
vt 0.28417969 0.84082031
f 149/772 154/773 150/774
vt 0.28417969 0.84863281
vt 0.29199219 0.84863281
vt 0.28417969 0.84082031
f 153/775 155/776 156/777
vt 0.28417969 0.84863281
vt 0.29199219 0.84863281
vt 0.28417969 0.84082031
f 153/778 156/779 154/780
vt 0.28417969 0.84863281
vt 0.29199219 0.84863281
vt 0.28417969 0.84082031
f 155/781 157/782 158/783
vt 0.28417969 0.84863281
vt 0.29199219 0.84863281
vt 0.28417969 0.84082031
f 155/784 158/785 156/786
vt 0.28417969 0.84863281
vt 0.29199219 0.84863281
vt 0.28417969 0.84082031
f 157/787 159/788 160/789
vt 0.28417969 0.84863281
vt 0.29199219 0.84863281
vt 0.28417969 0.84082031
f 157/790 160/791 158/792
vt 0.28417969 0.84863281
vt 0.29199219 0.84863281
vt 0.28417969 0.84082031
f 159/793 161/794 162/795
vt 0.28417969 0.84863281
vt 0.29199219 0.84863281
vt 0.28417969 0.84082031
f 159/796 162/797 160/798
vt 0.28417969 0.84863281
vt 0.29199219 0.84863281
vt 0.28417969 0.84082031
f 161/799 163/800 164/801
vt 0.28417969 0.84863281
vt 0.29199219 0.84863281
vt 0.28417969 0.84082031
f 161/802 164/803 162/804
vt 0.28417969 0.84863281
vt 0.29199219 0.84863281
vt 0.28417969 0.84082031
f 165/805 146/806 147/807
vt 0.28417969 0.84863281
vt 0.29199219 0.84863281
vt 0.28417969 0.84082031
f 165/808 147/809 166/810
vt 0.28417969 0.84863281
vt 0.29199219 0.84863281
vt 0.28417969 0.84082031
f 163/811 165/812 166/813
vt 0.28417969 0.84863281
vt 0.29199219 0.84863281
vt 0.28417969 0.84082031
f 163/814 166/815 164/816
vt 0.33500946 0.82259151
vt 0.30644046 0.79589844
vt 0.34222753 0.79589844
f 167/817 168/818 169/819
vt 0.39555634 0.82259151
vt 0.40277441 0.79589844
vt 0.36698734 0.79589844
f 170/820 171/821 172/822
vt 0.36425781 0.84863281
vt 0.41308594 0.84863281
vt 0.36425781 0.79589844
f 169/823 168/824 172/825
vt 0.36425781 0.84863281
vt 0.41308594 0.84863281
vt 0.36425781 0.79589844
f 169/826 172/827 171/828
vt 0.33500946 0.82259151
vt 0.34222753 0.79589844
vt 0.34647346 0.80004608
f 167/829 169/830 173/831
vt 0.39555634 0.82259151
vt 0.40702033 0.80004608
vt 0.40277441 0.79589844
f 170/832 174/833 171/834
vt 0.36425781 0.84863281
vt 0.41308594 0.84863281
vt 0.36425781 0.79589844
f 173/835 169/836 171/837
vt 0.36425781 0.84863281
vt 0.41308594 0.84863281
vt 0.36425781 0.79589844
f 173/838 171/839 174/840
vt 0.33500946 0.82259151
vt 0.34647346 0.80004608
vt 0.34950626 0.81041520
f 167/841 173/842 175/843
vt 0.39555634 0.82259151
vt 0.41005313 0.81041520
vt 0.40702033 0.80004608
f 170/844 176/845 174/846
vt 0.36425781 0.84863281
vt 0.41308594 0.84863281
vt 0.36425781 0.79589844
f 175/847 173/848 174/849
vt 0.36425781 0.84863281
vt 0.41308594 0.84863281
vt 0.36425781 0.79589844
f 175/850 174/851 176/852
vt 0.33500946 0.82259151
vt 0.34950626 0.81041520
vt 0.35253906 0.82552449
f 167/853 175/854 177/855
vt 0.39555634 0.82259151
vt 0.41308594 0.82552449
vt 0.41005313 0.81041520
f 170/856 178/857 176/858
vt 0.36425781 0.84863281
vt 0.41308594 0.84863281
vt 0.36425781 0.79589844
f 177/859 175/860 176/861
vt 0.36425781 0.84863281
vt 0.41308594 0.84863281
vt 0.36425781 0.79589844
f 177/862 176/863 178/864
vt 0.33500946 0.82259151
vt 0.35253906 0.82552449
vt 0.35253906 0.83411605
f 167/865 177/866 179/867
vt 0.39555634 0.82259151
vt 0.41308594 0.83411605
vt 0.41308594 0.82552449
f 170/868 180/869 178/870
vt 0.36425781 0.84863281
vt 0.41308594 0.84863281
vt 0.36425781 0.79589844
f 179/871 177/872 178/873
vt 0.36425781 0.84863281
vt 0.41308594 0.84863281
vt 0.36425781 0.79589844
f 179/874 178/875 180/876
vt 0.33500946 0.82259151
vt 0.35253906 0.83411605
vt 0.34798986 0.84448517
f 167/877 179/878 181/879
vt 0.39555634 0.82259151
vt 0.40853673 0.84448517
vt 0.41308594 0.83411605
f 170/880 182/881 180/882
vt 0.36425781 0.84863281
vt 0.41308594 0.84863281
vt 0.36425781 0.79589844
f 181/883 179/884 180/885
vt 0.36425781 0.84863281
vt 0.41308594 0.84863281
vt 0.36425781 0.79589844
f 181/886 180/887 182/888
vt 0.33500946 0.82259151
vt 0.34798986 0.84448517
vt 0.34222753 0.84863281
f 167/889 181/890 183/891
vt 0.39555634 0.82259151
vt 0.40277441 0.84863281
vt 0.40853673 0.84448517
f 170/892 184/893 182/894
vt 0.36425781 0.84863281
vt 0.41308594 0.84863281
vt 0.36425781 0.79589844
f 183/895 181/896 182/897
vt 0.36425781 0.84863281
vt 0.41308594 0.84863281
vt 0.36425781 0.79589844
f 183/898 182/899 184/900
vt 0.33500946 0.82259151
vt 0.34222753 0.84863281
vt 0.30644046 0.84863281
f 167/901 183/902 185/903
vt 0.39555634 0.82259151
vt 0.36698734 0.84863281
vt 0.40277441 0.84863281
f 170/904 186/905 184/906
vt 0.36425781 0.84863281
vt 0.41308594 0.84863281
vt 0.36425781 0.79589844
f 185/907 183/908 184/909
vt 0.36425781 0.84863281
vt 0.41308594 0.84863281
vt 0.36425781 0.79589844
f 185/910 184/911 186/912
vt 0.33500946 0.82259151
vt 0.30644046 0.84863281
vt 0.30371094 0.82226562
f 167/913 185/914 187/915
vt 0.39555634 0.82259151
vt 0.36425781 0.82226562
vt 0.36698734 0.84863281
f 170/916 188/917 186/918
vt 0.36425781 0.84863281
vt 0.41308594 0.84863281
vt 0.36425781 0.79589844
f 187/919 185/920 186/921
vt 0.36425781 0.84863281
vt 0.41308594 0.84863281
vt 0.36425781 0.79589844
f 187/922 186/923 188/924
vt 0.33500946 0.82259151
vt 0.30371094 0.82226562
vt 0.30644046 0.79589844
f 167/925 187/926 168/927
vt 0.39555634 0.82259151
vt 0.36698734 0.79589844
vt 0.36425781 0.82226562
f 170/928 172/929 188/930
vt 0.36425781 0.84863281
vt 0.41308594 0.84863281
vt 0.36425781 0.79589844
f 168/931 187/932 188/933
vt 0.36425781 0.84863281
vt 0.41308594 0.84863281
vt 0.36425781 0.79589844
f 168/934 188/935 172/936
vt 0.42480469 0.84863281
vt 0.43969148 0.84863281
vt 0.44000247 0.84082031
f 189/937 190/938 191/939
vt 0.54156497 0.84082031
vt 0.54125398 0.84863281
vt 0.52636719 0.84863281
f 192/940 193/941 194/942
vt 0.42480469 0.84863281
vt 0.44000247 0.84082031
vt 0.42480469 0.84082031
f 189/943 191/944 195/945
vt 0.52636719 0.84082031
vt 0.54156497 0.84082031
vt 0.52636719 0.84863281
f 196/946 192/947 194/948
vt 0.43969148 0.84863281
vt 0.44580051 0.84863281
vt 0.44623912 0.84082031
f 190/949 197/950 198/951
vt 0.54780162 0.84082031
vt 0.54736301 0.84863281
vt 0.54125398 0.84863281
f 199/952 200/953 193/954
vt 0.43969148 0.84863281
vt 0.44623912 0.84082031
vt 0.44000247 0.84082031
f 190/955 198/956 191/957
vt 0.54156497 0.84082031
vt 0.54780162 0.84082031
vt 0.54125398 0.84863281
f 192/958 199/959 193/960
vt 0.44580051 0.84863281
vt 0.45663827 0.84863281
vt 0.45730328 0.84082031
f 197/961 201/962 202/963
vt 0.55886578 0.84082031
vt 0.55820077 0.84863281
vt 0.54736301 0.84863281
f 203/964 204/965 200/966
vt 0.44580051 0.84863281
vt 0.45730328 0.84082031
vt 0.44623912 0.84082031
f 197/967 202/968 198/969
vt 0.54780162 0.84082031
vt 0.55886578 0.84082031
vt 0.54736301 0.84863281
f 199/970 203/971 200/972
vt 0.45663827 0.84863281
vt 0.47230834 0.84863281
vt 0.47142385 0.84082031
f 201/973 205/974 206/975
vt 0.57298635 0.84082031
vt 0.57387084 0.84863281
vt 0.55820077 0.84863281
f 207/976 208/977 204/978
vt 0.45663827 0.84863281
vt 0.47142385 0.84082031
vt 0.45730328 0.84082031
f 201/979 206/980 202/981
vt 0.55886578 0.84082031
vt 0.57298635 0.84082031
vt 0.55820077 0.84863281
f 203/982 207/983 204/984
vt 0.47230834 0.84863281
vt 0.48154296 0.84863281
vt 0.48085138 0.84082031
f 205/985 209/986 210/987
vt 0.58241388 0.84082031
vt 0.58310546 0.84863281
vt 0.57387084 0.84863281
f 211/988 212/989 208/990
vt 0.47230834 0.84863281
vt 0.48085138 0.84082031
vt 0.47142385 0.84082031
f 205/991 210/992 206/993
vt 0.57298635 0.84082031
vt 0.58241388 0.84082031
vt 0.57387084 0.84863281
f 207/994 211/995 208/996
vt 0.48154296 0.84863281
vt 0.49273482 0.84863281
vt 0.49227704 0.84082031
f 209/997 213/998 214/999
vt 0.59383954 0.84082031
vt 0.59429732 0.84863281
vt 0.58310546 0.84863281
f 215/1000 216/1001 212/1002
vt 0.48154296 0.84863281
vt 0.49227704 0.84082031
vt 0.48085138 0.84082031
f 209/1003 214/1004 210/1005
vt 0.58241388 0.84082031
vt 0.59383954 0.84082031
vt 0.58310546 0.84863281
f 211/1006 215/1007 212/1008
vt 0.49273482 0.84863281
vt 0.49976164 0.84863281
vt 0.49945065 0.84082031
f 213/1009 217/1010 218/1011
vt 0.60101315 0.84082031
vt 0.60132414 0.84863281
vt 0.59429732 0.84863281
f 219/1012 220/1013 216/1014
vt 0.49273482 0.84863281
vt 0.49945065 0.84082031
vt 0.49227704 0.84082031
f 213/1015 218/1016 214/1017
vt 0.59383954 0.84082031
vt 0.60101315 0.84082031
vt 0.59429732 0.84863281
f 215/1018 219/1019 216/1020
vt 0.49976164 0.84863281
vt 0.51464844 0.84863281
vt 0.51464844 0.84082031
f 217/1021 221/1022 222/1023
vt 0.61621094 0.84082031
vt 0.61621094 0.84863281
vt 0.60132414 0.84863281
f 223/1024 224/1025 220/1026
vt 0.49976164 0.84863281
vt 0.51464844 0.84082031
vt 0.49945065 0.84082031
f 217/1027 222/1028 218/1029
vt 0.60101315 0.84082031
vt 0.61621094 0.84082031
vt 0.60132414 0.84863281
f 219/1030 223/1031 220/1032
vt 0.62792969 0.84863281
vt 0.63574219 0.84863281
vt 0.62792969 0.84082031
f 190/1033 189/1034 194/1035
vt 0.62792969 0.84863281
vt 0.63574219 0.84863281
vt 0.62792969 0.84082031
f 190/1036 194/1037 193/1038
vt 0.62792969 0.84863281
vt 0.63574219 0.84863281
vt 0.62792969 0.84082031
f 195/1039 191/1040 192/1041
vt 0.62792969 0.84863281
vt 0.63574219 0.84863281
vt 0.62792969 0.84082031
f 195/1042 192/1043 196/1044
vt 0.62792969 0.84863281
vt 0.63574219 0.84863281
vt 0.62792969 0.84082031
f 189/1045 195/1046 196/1047
vt 0.62792969 0.84863281
vt 0.63574219 0.84863281
vt 0.62792969 0.84082031
f 189/1048 196/1049 194/1050
vt 0.62792969 0.84863281
vt 0.63574219 0.84863281
vt 0.62792969 0.84082031
f 197/1051 190/1052 193/1053
vt 0.62792969 0.84863281
vt 0.63574219 0.84863281
vt 0.62792969 0.84082031
f 197/1054 193/1055 200/1056
vt 0.62792969 0.84863281
vt 0.63574219 0.84863281
vt 0.62792969 0.84082031
f 191/1057 198/1058 199/1059
vt 0.62792969 0.84863281
vt 0.63574219 0.84863281
vt 0.62792969 0.84082031
f 191/1060 199/1061 192/1062
vt 0.62792969 0.84863281
vt 0.63574219 0.84863281
vt 0.62792969 0.84082031
f 201/1063 197/1064 200/1065
vt 0.62792969 0.84863281
vt 0.63574219 0.84863281
vt 0.62792969 0.84082031
f 201/1066 200/1067 204/1068
vt 0.62792969 0.84863281
vt 0.63574219 0.84863281
vt 0.62792969 0.84082031
f 198/1069 202/1070 203/1071
vt 0.62792969 0.84863281
vt 0.63574219 0.84863281
vt 0.62792969 0.84082031
f 198/1072 203/1073 199/1074
vt 0.62792969 0.84863281
vt 0.63574219 0.84863281
vt 0.62792969 0.84082031
f 205/1075 201/1076 204/1077
vt 0.62792969 0.84863281
vt 0.63574219 0.84863281
vt 0.62792969 0.84082031
f 205/1078 204/1079 208/1080
vt 0.62792969 0.84863281
vt 0.63574219 0.84863281
vt 0.62792969 0.84082031
f 202/1081 206/1082 207/1083
vt 0.62792969 0.84863281
vt 0.63574219 0.84863281
vt 0.62792969 0.84082031
f 202/1084 207/1085 203/1086
vt 0.62792969 0.84863281
vt 0.63574219 0.84863281
vt 0.62792969 0.84082031
f 209/1087 205/1088 208/1089
vt 0.62792969 0.84863281
vt 0.63574219 0.84863281
vt 0.62792969 0.84082031
f 209/1090 208/1091 212/1092
vt 0.62792969 0.84863281
vt 0.63574219 0.84863281
vt 0.62792969 0.84082031
f 206/1093 210/1094 211/1095
vt 0.62792969 0.84863281
vt 0.63574219 0.84863281
vt 0.62792969 0.84082031
f 206/1096 211/1097 207/1098
vt 0.62792969 0.84863281
vt 0.63574219 0.84863281
vt 0.62792969 0.84082031
f 213/1099 209/1100 212/1101
vt 0.62792969 0.84863281
vt 0.63574219 0.84863281
vt 0.62792969 0.84082031
f 213/1102 212/1103 216/1104
vt 0.62792969 0.84863281
vt 0.63574219 0.84863281
vt 0.62792969 0.84082031
f 210/1105 214/1106 215/1107
vt 0.62792969 0.84863281
vt 0.63574219 0.84863281
vt 0.62792969 0.84082031
f 210/1108 215/1109 211/1110
vt 0.62792969 0.84863281
vt 0.63574219 0.84863281
vt 0.62792969 0.84082031
f 217/1111 213/1112 216/1113
vt 0.62792969 0.84863281
vt 0.63574219 0.84863281
vt 0.62792969 0.84082031
f 217/1114 216/1115 220/1116
vt 0.62792969 0.84863281
vt 0.63574219 0.84863281
vt 0.62792969 0.84082031
f 214/1117 218/1118 219/1119
vt 0.62792969 0.84863281
vt 0.63574219 0.84863281
vt 0.62792969 0.84082031
f 214/1120 219/1121 215/1122
vt 0.62792969 0.84863281
vt 0.63574219 0.84863281
vt 0.62792969 0.84082031
f 221/1123 217/1124 220/1125
vt 0.62792969 0.84863281
vt 0.63574219 0.84863281
vt 0.62792969 0.84082031
f 221/1126 220/1127 224/1128
vt 0.62792969 0.84863281
vt 0.63574219 0.84863281
vt 0.62792969 0.84082031
f 222/1129 221/1130 224/1131
vt 0.62792969 0.84863281
vt 0.63574219 0.84863281
vt 0.62792969 0.84082031
f 222/1132 224/1133 223/1134
vt 0.62792969 0.84863281
vt 0.63574219 0.84863281
vt 0.62792969 0.84082031
f 218/1135 222/1136 223/1137
vt 0.62792969 0.84863281
vt 0.63574219 0.84863281
vt 0.62792969 0.84082031
f 218/1138 223/1139 219/1140
vt 0.64746094 0.84863281
vt 0.66179267 0.84863281
vt 0.66168808 0.84082031
f 225/1141 226/1142 227/1143
vt 0.72614120 0.84082031
vt 0.72624580 0.84863281
vt 0.71191406 0.84863281
f 228/1144 229/1145 230/1146
vt 0.64746094 0.84863281
vt 0.66168808 0.84082031
vt 0.64746094 0.84082031
f 225/1147 227/1148 231/1149
vt 0.71191406 0.84082031
vt 0.72614120 0.84082031
vt 0.71191406 0.84863281
f 232/1150 228/1151 230/1152
vt 0.66179267 0.84863281
vt 0.67382812 0.84863281
vt 0.67382812 0.84082031
f 226/1153 233/1154 234/1155
vt 0.73828125 0.84082031
vt 0.73828125 0.84863281
vt 0.72624580 0.84863281
f 235/1156 236/1157 229/1158
vt 0.66179267 0.84863281
vt 0.67382812 0.84082031
vt 0.66168808 0.84082031
f 226/1159 234/1160 227/1161
vt 0.72614120 0.84082031
vt 0.73828125 0.84082031
vt 0.72624580 0.84863281
f 228/1162 235/1163 229/1164
vt 0.67382812 0.84863281
vt 0.68586358 0.84863281
vt 0.68596817 0.84082031
f 233/1165 237/1166 238/1167
vt 0.75042130 0.84082031
vt 0.75031670 0.84863281
vt 0.73828125 0.84863281
f 239/1168 240/1169 236/1170
vt 0.67382812 0.84863281
vt 0.68596817 0.84082031
vt 0.67382812 0.84082031
f 233/1171 238/1172 234/1173
vt 0.73828125 0.84082031
vt 0.75042130 0.84082031
vt 0.73828125 0.84863281
f 235/1174 239/1175 236/1176
vt 0.68586358 0.84863281
vt 0.70019531 0.84863281
vt 0.70019531 0.84082031
f 237/1177 241/1178 242/1179
vt 0.76464844 0.84082031
vt 0.76464844 0.84863281
vt 0.75031670 0.84863281
f 243/1180 244/1181 240/1182
vt 0.68586358 0.84863281
vt 0.70019531 0.84082031
vt 0.68596817 0.84082031
f 237/1183 242/1184 238/1185
vt 0.75042130 0.84082031
vt 0.76464844 0.84082031
vt 0.75031670 0.84863281
f 239/1186 243/1187 240/1188
vt 0.77636719 0.84863281
vt 0.78417969 0.84863281
vt 0.77636719 0.84082031
f 226/1189 225/1190 230/1191
vt 0.77636719 0.84863281
vt 0.78417969 0.84863281
vt 0.77636719 0.84082031
f 226/1192 230/1193 229/1194
vt 0.77636719 0.84863281
vt 0.78417969 0.84863281
vt 0.77636719 0.84082031
f 231/1195 227/1196 228/1197
vt 0.77636719 0.84863281
vt 0.78417969 0.84863281
vt 0.77636719 0.84082031
f 231/1198 228/1199 232/1200
vt 0.77636719 0.84863281
vt 0.78417969 0.84863281
vt 0.77636719 0.84082031
f 225/1201 231/1202 232/1203
vt 0.77636719 0.84863281
vt 0.78417969 0.84863281
vt 0.77636719 0.84082031
f 225/1204 232/1205 230/1206
vt 0.77636719 0.84863281
vt 0.78417969 0.84863281
vt 0.77636719 0.84082031
f 233/1207 226/1208 229/1209
vt 0.77636719 0.84863281
vt 0.78417969 0.84863281
vt 0.77636719 0.84082031
f 233/1210 229/1211 236/1212
vt 0.77636719 0.84863281
vt 0.78417969 0.84863281
vt 0.77636719 0.84082031
f 227/1213 234/1214 235/1215
vt 0.77636719 0.84863281
vt 0.78417969 0.84863281
vt 0.77636719 0.84082031
f 227/1216 235/1217 228/1218
vt 0.77636719 0.84863281
vt 0.78417969 0.84863281
vt 0.77636719 0.84082031
f 237/1219 233/1220 236/1221
vt 0.77636719 0.84863281
vt 0.78417969 0.84863281
vt 0.77636719 0.84082031
f 237/1222 236/1223 240/1224
vt 0.77636719 0.84863281
vt 0.78417969 0.84863281
vt 0.77636719 0.84082031
f 234/1225 238/1226 239/1227
vt 0.77636719 0.84863281
vt 0.78417969 0.84863281
vt 0.77636719 0.84082031
f 234/1228 239/1229 235/1230
vt 0.77636719 0.84863281
vt 0.78417969 0.84863281
vt 0.77636719 0.84082031
f 241/1231 237/1232 240/1233
vt 0.77636719 0.84863281
vt 0.78417969 0.84863281
vt 0.77636719 0.84082031
f 241/1234 240/1235 244/1236
vt 0.77636719 0.84863281
vt 0.78417969 0.84863281
vt 0.77636719 0.84082031
f 242/1237 241/1238 244/1239
vt 0.77636719 0.84863281
vt 0.78417969 0.84863281
vt 0.77636719 0.84082031
f 242/1240 244/1241 243/1242
vt 0.77636719 0.84863281
vt 0.78417969 0.84863281
vt 0.77636719 0.84082031
f 238/1243 242/1244 243/1245
vt 0.77636719 0.84863281
vt 0.78417969 0.84863281
vt 0.77636719 0.84082031
f 238/1246 243/1247 239/1248
vt 0.00292969 0.78417969
vt 0.01733225 0.78417969
vt 0.01717990 0.77398824
f 245/1249 246/1250 247/1251
vt 0.23788303 0.77398824
vt 0.23803538 0.78417969
vt 0.22363281 0.78417969
f 248/1252 249/1253 250/1254
vt 0.00292969 0.78417969
vt 0.01717990 0.77398824
vt 0.00292969 0.77398824
f 245/1255 247/1256 251/1257
vt 0.22363281 0.77398824
vt 0.23788303 0.77398824
vt 0.22363281 0.78417969
f 252/1258 248/1259 250/1260
vt 0.01733225 0.78417969
vt 0.02914244 0.78417969
vt 0.02899813 0.77398824
f 246/1261 253/1262 254/1263
vt 0.24970125 0.77398824
vt 0.24984556 0.78417969
vt 0.23803538 0.78417969
f 255/1264 256/1265 249/1266
vt 0.01733225 0.78417969
vt 0.02899813 0.77398824
vt 0.01717990 0.77398824
f 246/1267 254/1268 247/1269
vt 0.23788303 0.77398824
vt 0.24970125 0.77398824
vt 0.23803538 0.78417969
f 248/1270 255/1271 249/1272
vt 0.02914244 0.78417969
vt 0.04095262 0.78417969
vt 0.04081635 0.77398824
f 253/1273 257/1274 258/1275
vt 0.26151948 0.77398824
vt 0.26165575 0.78417969
vt 0.24984556 0.78417969
f 259/1276 260/1277 256/1278
vt 0.02914244 0.78417969
vt 0.04081635 0.77398824
vt 0.02899813 0.77398824
f 253/1279 258/1280 254/1281
vt 0.24970125 0.77398824
vt 0.26151948 0.77398824
vt 0.24984556 0.78417969
f 255/1282 259/1283 256/1284
vt 0.04095262 0.78417969
vt 0.05535519 0.78417969
vt 0.05506657 0.77398824
f 257/1285 261/1286 262/1287
vt 0.27576970 0.77398824
vt 0.27605831 0.78417969
vt 0.26165575 0.78417969
f 263/1288 264/1289 260/1290
vt 0.04095262 0.78417969
vt 0.05506657 0.77398824
vt 0.04081635 0.77398824
f 257/1291 262/1292 258/1293
vt 0.26151948 0.77398824
vt 0.27576970 0.77398824
vt 0.26165575 0.78417969
f 259/1294 263/1295 260/1296
vt 0.05535519 0.78417969
vt 0.08165467 0.78417969
vt 0.08136205 0.77398824
f 261/1297 265/1298 266/1299
vt 0.30206517 0.77398824
vt 0.30235779 0.78417969
vt 0.27605831 0.78417969
f 267/1300 268/1301 264/1302
vt 0.05535519 0.78417969
vt 0.08136205 0.77398824
vt 0.05506657 0.77398824
f 261/1303 266/1304 262/1305
vt 0.27576970 0.77398824
vt 0.30206517 0.77398824
vt 0.27605831 0.78417969
f 263/1306 267/1307 264/1308
vt 0.08165467 0.78417969
vt 0.10779027 0.78417969
vt 0.10757223 0.77398824
f 265/1309 269/1310 270/1311
vt 0.32827535 0.77398824
vt 0.32849340 0.78417969
vt 0.30235779 0.78417969
f 271/1312 272/1313 268/1314
vt 0.08165467 0.78417969
vt 0.10757223 0.77398824
vt 0.08136205 0.77398824
f 265/1315 270/1316 266/1317
vt 0.30206517 0.77398824
vt 0.32827535 0.77398824
vt 0.30235779 0.78417969
f 267/1318 271/1319 268/1320
vt 0.10779027 0.78417969
vt 0.13363463 0.78417969
vt 0.13349032 0.77398824
f 269/1321 273/1322 274/1323
vt 0.35419344 0.77398824
vt 0.35433775 0.78417969
vt 0.32849340 0.78417969
f 275/1324 276/1325 272/1326
vt 0.10779027 0.78417969
vt 0.13349032 0.77398824
vt 0.10757223 0.77398824
f 269/1327 274/1328 270/1329
vt 0.32827535 0.77398824
vt 0.35419344 0.77398824
vt 0.32849340 0.78417969
f 271/1330 275/1331 272/1332
vt 0.13363463 0.78417969
vt 0.15947898 0.78417969
vt 0.15940841 0.77398824
f 273/1333 277/1334 278/1335
vt 0.38011153 0.77398824
vt 0.38018210 0.78417969
vt 0.35433775 0.78417969
f 279/1336 280/1337 276/1338
vt 0.13363463 0.78417969
vt 0.15940841 0.77398824
vt 0.13349032 0.77398824
f 273/1339 278/1340 274/1341
vt 0.35419344 0.77398824
vt 0.38011153 0.77398824
vt 0.35433775 0.78417969
f 275/1342 279/1343 276/1344
vt 0.15947898 0.78417969
vt 0.18561459 0.78417969
vt 0.18561859 0.77398824
f 277/1345 281/1346 282/1347
vt 0.40632171 0.77398824
vt 0.40631771 0.78417969
vt 0.38018210 0.78417969
f 283/1348 284/1349 280/1350
vt 0.15947898 0.78417969
vt 0.18561859 0.77398824
vt 0.15940841 0.77398824
f 277/1351 282/1352 278/1353
vt 0.38011153 0.77398824
vt 0.40632171 0.77398824
vt 0.38018210 0.78417969
f 279/1354 283/1355 280/1356
vt 0.18561459 0.78417969
vt 0.21191406 0.78417969
vt 0.21191406 0.77398824
f 281/1357 245/1358 251/1359
vt 0.43261719 0.77398824
vt 0.43261719 0.78417969
vt 0.40631771 0.78417969
f 252/1360 250/1361 284/1362
vt 0.18561459 0.78417969
vt 0.21191406 0.77398824
vt 0.18561859 0.77398824
f 281/1363 251/1364 282/1365
vt 0.40632171 0.77398824
vt 0.43261719 0.77398824
vt 0.40631771 0.78417969
f 283/1366 252/1367 284/1368
vt 0.00292969 0.77398824
vt 0.01717990 0.77398824
vt 0.01709290 0.76464844
f 251/1369 247/1370 285/1371
vt 0.23779602 0.76464844
vt 0.23788303 0.77398824
vt 0.22363281 0.77398824
f 286/1372 248/1373 252/1374
vt 0.00292969 0.77398824
vt 0.01709290 0.76464844
vt 0.00292969 0.76464844
f 251/1375 285/1376 287/1377
vt 0.22363281 0.76464844
vt 0.23779602 0.76464844
vt 0.22363281 0.77398824
f 288/1378 286/1379 252/1380
vt 0.01717990 0.77398824
vt 0.02899813 0.77398824
vt 0.02889719 0.76464844
f 247/1381 254/1382 289/1383
vt 0.24960032 0.76464844
vt 0.24970125 0.77398824
vt 0.23788303 0.77398824
f 290/1384 255/1385 248/1386
vt 0.01717990 0.77398824
vt 0.02889719 0.76464844
vt 0.01709290 0.76464844
f 247/1387 289/1388 285/1389
vt 0.23779602 0.76464844
vt 0.24960032 0.76464844
vt 0.23788303 0.77398824
f 286/1390 290/1391 248/1392
vt 0.02899813 0.77398824
vt 0.04081635 0.77398824
vt 0.04070149 0.76464844
f 254/1393 258/1394 291/1395
vt 0.26140462 0.76464844
vt 0.26151948 0.77398824
vt 0.24970125 0.77398824
f 292/1396 259/1397 255/1398
vt 0.02899813 0.77398824
vt 0.04070149 0.76464844
vt 0.02889719 0.76464844
f 254/1399 291/1400 289/1401
vt 0.24960032 0.76464844
vt 0.26140462 0.76464844
vt 0.24970125 0.77398824
f 290/1402 292/1403 255/1404
vt 0.04081635 0.77398824
vt 0.05506657 0.77398824
vt 0.05486470 0.76464844
f 258/1405 262/1406 293/1407
vt 0.27556783 0.76464844
vt 0.27576970 0.77398824
vt 0.26151948 0.77398824
f 294/1408 263/1409 259/1410
vt 0.04081635 0.77398824
vt 0.05486470 0.76464844
vt 0.04070149 0.76464844
f 258/1411 293/1412 291/1413
vt 0.26140462 0.76464844
vt 0.27556783 0.76464844
vt 0.26151948 0.77398824
f 292/1414 294/1415 259/1416
vt 0.05506657 0.77398824
vt 0.08136205 0.77398824
vt 0.08117644 0.76464844
f 262/1417 266/1418 295/1419
vt 0.30187957 0.76464844
vt 0.30206517 0.77398824
vt 0.27576970 0.77398824
f 296/1420 267/1421 263/1422
vt 0.05506657 0.77398824
vt 0.08117644 0.76464844
vt 0.05486470 0.76464844
f 262/1423 295/1424 293/1425
vt 0.27556783 0.76464844
vt 0.30187957 0.76464844
vt 0.27576970 0.77398824
f 294/1426 296/1427 263/1428
vt 0.08136205 0.77398824
vt 0.10757223 0.77398824
vt 0.10742919 0.76464844
f 266/1429 270/1430 297/1431
vt 0.32813232 0.76464844
vt 0.32827535 0.77398824
vt 0.30206517 0.77398824
f 298/1432 271/1433 267/1434
vt 0.08136205 0.77398824
vt 0.10742919 0.76464844
vt 0.08117644 0.76464844
f 266/1435 297/1436 295/1437
vt 0.30187957 0.76464844
vt 0.32813232 0.76464844
vt 0.30206517 0.77398824
f 296/1438 298/1439 267/1440
vt 0.10757223 0.77398824
vt 0.13349032 0.77398824
vt 0.13338938 0.76464844
f 270/1441 274/1442 299/1443
vt 0.35409251 0.76464844
vt 0.35419344 0.77398824
vt 0.32827535 0.77398824
f 300/1444 275/1445 271/1446
vt 0.10757223 0.77398824
vt 0.13338938 0.76464844
vt 0.10742919 0.76464844
f 270/1447 299/1448 297/1449
vt 0.32813232 0.76464844
vt 0.35409251 0.76464844
vt 0.32827535 0.77398824
f 298/1450 300/1451 271/1452
vt 0.13349032 0.77398824
vt 0.15940841 0.77398824
vt 0.15934957 0.76464844
f 274/1453 278/1454 301/1455
vt 0.38005269 0.76464844
vt 0.38011153 0.77398824
vt 0.35419344 0.77398824
f 302/1456 279/1457 275/1458
vt 0.13349032 0.77398824
vt 0.15934957 0.76464844
vt 0.13338938 0.76464844
f 274/1459 301/1460 299/1461
vt 0.35409251 0.76464844
vt 0.38005269 0.76464844
vt 0.35419344 0.77398824
f 300/1462 302/1463 275/1464
vt 0.15940841 0.77398824
vt 0.18561859 0.77398824
vt 0.18560232 0.76464844
f 278/1465 282/1466 303/1467
vt 0.40630544 0.76464844
vt 0.40632171 0.77398824
vt 0.38011153 0.77398824
f 304/1468 283/1469 279/1470
vt 0.15940841 0.77398824
vt 0.18560232 0.76464844
vt 0.15934957 0.76464844
f 278/1471 303/1472 301/1473
vt 0.38005269 0.76464844
vt 0.40630544 0.76464844
vt 0.38011153 0.77398824
f 302/1474 304/1475 279/1476
vt 0.18561859 0.77398824
vt 0.21191406 0.77398824
vt 0.21191406 0.76464844
f 282/1477 251/1478 287/1479
vt 0.43261719 0.76464844
vt 0.43261719 0.77398824
vt 0.40632171 0.77398824
f 288/1480 252/1481 283/1482
vt 0.18561859 0.77398824
vt 0.21191406 0.76464844
vt 0.18560232 0.76464844
f 282/1483 287/1484 303/1485
vt 0.40630544 0.76464844
vt 0.43261719 0.76464844
vt 0.40632171 0.77398824
f 304/1486 288/1487 283/1488
vt 0.44433594 0.78417969
vt 0.45214844 0.78417969
vt 0.44433594 0.77636719
f 246/1489 245/1490 250/1491
vt 0.44433594 0.78417969
vt 0.45214844 0.78417969
vt 0.44433594 0.77636719
f 246/1492 250/1493 249/1494
vt 0.44433594 0.78417969
vt 0.45214844 0.78417969
vt 0.44433594 0.77636719
f 253/1495 246/1496 249/1497
vt 0.44433594 0.78417969
vt 0.45214844 0.78417969
vt 0.44433594 0.77636719
f 253/1498 249/1499 256/1500
vt 0.44433594 0.78417969
vt 0.45214844 0.78417969
vt 0.44433594 0.77636719
f 257/1501 253/1502 256/1503
vt 0.44433594 0.78417969
vt 0.45214844 0.78417969
vt 0.44433594 0.77636719
f 257/1504 256/1505 260/1506
vt 0.44433594 0.78417969
vt 0.45214844 0.78417969
vt 0.44433594 0.77636719
f 261/1507 257/1508 260/1509
vt 0.44433594 0.78417969
vt 0.45214844 0.78417969
vt 0.44433594 0.77636719
f 261/1510 260/1511 264/1512
vt 0.44433594 0.78417969
vt 0.45214844 0.78417969
vt 0.44433594 0.77636719
f 265/1513 261/1514 264/1515
vt 0.44433594 0.78417969
vt 0.45214844 0.78417969
vt 0.44433594 0.77636719
f 265/1516 264/1517 268/1518
vt 0.44433594 0.78417969
vt 0.45214844 0.78417969
vt 0.44433594 0.77636719
f 269/1519 265/1520 268/1521
vt 0.44433594 0.78417969
vt 0.45214844 0.78417969
vt 0.44433594 0.77636719
f 269/1522 268/1523 272/1524
vt 0.44433594 0.78417969
vt 0.45214844 0.78417969
vt 0.44433594 0.77636719
f 273/1525 269/1526 272/1527
vt 0.44433594 0.78417969
vt 0.45214844 0.78417969
vt 0.44433594 0.77636719
f 273/1528 272/1529 276/1530
vt 0.44433594 0.78417969
vt 0.45214844 0.78417969
vt 0.44433594 0.77636719
f 277/1531 273/1532 276/1533
vt 0.44433594 0.78417969
vt 0.45214844 0.78417969
vt 0.44433594 0.77636719
f 277/1534 276/1535 280/1536
vt 0.44433594 0.78417969
vt 0.45214844 0.78417969
vt 0.44433594 0.77636719
f 281/1537 277/1538 280/1539
vt 0.44433594 0.78417969
vt 0.45214844 0.78417969
vt 0.44433594 0.77636719
f 281/1540 280/1541 284/1542
vt 0.44433594 0.78417969
vt 0.45214844 0.78417969
vt 0.44433594 0.77636719
f 245/1543 281/1544 284/1545
vt 0.44433594 0.78417969
vt 0.45214844 0.78417969
vt 0.44433594 0.77636719
f 245/1546 284/1547 250/1548
vt 0.44433594 0.78417969
vt 0.45214844 0.78417969
vt 0.44433594 0.77636719
f 287/1549 285/1550 286/1551
vt 0.44433594 0.78417969
vt 0.45214844 0.78417969
vt 0.44433594 0.77636719
f 287/1552 286/1553 288/1554
vt 0.44433594 0.78417969
vt 0.45214844 0.78417969
vt 0.44433594 0.77636719
f 285/1555 289/1556 290/1557
vt 0.44433594 0.78417969
vt 0.45214844 0.78417969
vt 0.44433594 0.77636719
f 285/1558 290/1559 286/1560
vt 0.44433594 0.78417969
vt 0.45214844 0.78417969
vt 0.44433594 0.77636719
f 289/1561 291/1562 292/1563
vt 0.44433594 0.78417969
vt 0.45214844 0.78417969
vt 0.44433594 0.77636719
f 289/1564 292/1565 290/1566
vt 0.44433594 0.78417969
vt 0.45214844 0.78417969
vt 0.44433594 0.77636719
f 291/1567 293/1568 294/1569
vt 0.44433594 0.78417969
vt 0.45214844 0.78417969
vt 0.44433594 0.77636719
f 291/1570 294/1571 292/1572
vt 0.44433594 0.78417969
vt 0.45214844 0.78417969
vt 0.44433594 0.77636719
f 293/1573 295/1574 296/1575
vt 0.44433594 0.78417969
vt 0.45214844 0.78417969
vt 0.44433594 0.77636719
f 293/1576 296/1577 294/1578
vt 0.44433594 0.78417969
vt 0.45214844 0.78417969
vt 0.44433594 0.77636719
f 295/1579 297/1580 298/1581
vt 0.44433594 0.78417969
vt 0.45214844 0.78417969
vt 0.44433594 0.77636719
f 295/1582 298/1583 296/1584
vt 0.44433594 0.78417969
vt 0.45214844 0.78417969
vt 0.44433594 0.77636719
f 297/1585 299/1586 300/1587
vt 0.44433594 0.78417969
vt 0.45214844 0.78417969
vt 0.44433594 0.77636719
f 297/1588 300/1589 298/1590
vt 0.44433594 0.78417969
vt 0.45214844 0.78417969
vt 0.44433594 0.77636719
f 299/1591 301/1592 302/1593
vt 0.44433594 0.78417969
vt 0.45214844 0.78417969
vt 0.44433594 0.77636719
f 299/1594 302/1595 300/1596
vt 0.44433594 0.78417969
vt 0.45214844 0.78417969
vt 0.44433594 0.77636719
f 301/1597 303/1598 304/1599
vt 0.44433594 0.78417969
vt 0.45214844 0.78417969
vt 0.44433594 0.77636719
f 301/1600 304/1601 302/1602
vt 0.44433594 0.78417969
vt 0.45214844 0.78417969
vt 0.44433594 0.77636719
f 303/1603 287/1604 288/1605
vt 0.44433594 0.78417969
vt 0.45214844 0.78417969
vt 0.44433594 0.77636719
f 303/1606 288/1607 304/1608
vt 0.46386719 0.78417969
vt 0.47363281 0.78417969
vt 0.47363281 0.77002489
f 305/1609 306/1610 307/1611
vt 0.49511719 0.77002489
vt 0.49511719 0.78417969
vt 0.48535156 0.78417969
f 308/1612 309/1613 310/1614
vt 0.46386719 0.78417969
vt 0.47363281 0.77002489
vt 0.46386719 0.77002489
f 305/1615 307/1616 311/1617
vt 0.48535156 0.77002489
vt 0.49511719 0.77002489
vt 0.48535156 0.78417969
f 312/1618 308/1619 310/1620
vt 0.46386719 0.77002489
vt 0.47363281 0.77002489
vt 0.47363281 0.75488281
f 311/1621 307/1622 313/1623
vt 0.49511719 0.75488281
vt 0.49511719 0.77002489
vt 0.48535156 0.77002489
f 314/1624 308/1625 312/1626
vt 0.46386719 0.77002489
vt 0.47363281 0.75488281
vt 0.46386719 0.75488281
f 311/1627 313/1628 315/1629
vt 0.48535156 0.75488281
vt 0.49511719 0.75488281
vt 0.48535156 0.77002489
f 316/1630 314/1631 312/1632
vt 0.50683594 0.78417969
vt 0.51464844 0.78417969
vt 0.50683594 0.77636719
f 306/1633 305/1634 310/1635
vt 0.50683594 0.78417969
vt 0.51464844 0.78417969
vt 0.50683594 0.77636719
f 306/1636 310/1637 309/1638
vt 0.50683594 0.78417969
vt 0.51464844 0.78417969
vt 0.50683594 0.77636719
f 307/1639 306/1640 309/1641
vt 0.50683594 0.78417969
vt 0.51464844 0.78417969
vt 0.50683594 0.77636719
f 307/1642 309/1643 308/1644
vt 0.50683594 0.78417969
vt 0.51464844 0.78417969
vt 0.50683594 0.77636719
f 305/1645 311/1646 312/1647
vt 0.50683594 0.78417969
vt 0.51464844 0.78417969
vt 0.50683594 0.77636719
f 305/1648 312/1649 310/1650
vt 0.50683594 0.78417969
vt 0.51464844 0.78417969
vt 0.50683594 0.77636719
f 313/1651 307/1652 308/1653
vt 0.50683594 0.78417969
vt 0.51464844 0.78417969
vt 0.50683594 0.77636719
f 313/1654 308/1655 314/1656
vt 0.50683594 0.78417969
vt 0.51464844 0.78417969
vt 0.50683594 0.77636719
f 315/1657 313/1658 314/1659
vt 0.50683594 0.78417969
vt 0.51464844 0.78417969
vt 0.50683594 0.77636719
f 315/1660 314/1661 316/1662
vt 0.50683594 0.78417969
vt 0.51464844 0.78417969
vt 0.50683594 0.77636719
f 311/1663 315/1664 316/1665
vt 0.50683594 0.78417969
vt 0.51464844 0.78417969
vt 0.50683594 0.77636719
f 311/1666 316/1667 312/1668
vt 0.52636719 0.78417969
vt 0.53613281 0.78417969
vt 0.53613281 0.77002489
f 317/1669 318/1670 319/1671
vt 0.55761719 0.77002489
vt 0.55761719 0.78417969
vt 0.54785156 0.78417969
f 320/1672 321/1673 322/1674
vt 0.52636719 0.78417969
vt 0.53613281 0.77002489
vt 0.52636719 0.77002489
f 317/1675 319/1676 323/1677
vt 0.54785156 0.77002489
vt 0.55761719 0.77002489
vt 0.54785156 0.78417969
f 324/1678 320/1679 322/1680
vt 0.52636719 0.77002489
vt 0.53613281 0.77002489
vt 0.53613281 0.75488281
f 323/1681 319/1682 325/1683
vt 0.55761719 0.75488281
vt 0.55761719 0.77002489
vt 0.54785156 0.77002489
f 326/1684 320/1685 324/1686
vt 0.52636719 0.77002489
vt 0.53613281 0.75488281
vt 0.52636719 0.75488281
f 323/1687 325/1688 327/1689
vt 0.54785156 0.75488281
vt 0.55761719 0.75488281
vt 0.54785156 0.77002489
f 328/1690 326/1691 324/1692
vt 0.56933594 0.78417969
vt 0.57714844 0.78417969
vt 0.56933594 0.77636719
f 318/1693 317/1694 322/1695
vt 0.56933594 0.78417969
vt 0.57714844 0.78417969
vt 0.56933594 0.77636719
f 318/1696 322/1697 321/1698
vt 0.56933594 0.78417969
vt 0.57714844 0.78417969
vt 0.56933594 0.77636719
f 319/1699 318/1700 321/1701
vt 0.56933594 0.78417969
vt 0.57714844 0.78417969
vt 0.56933594 0.77636719
f 319/1702 321/1703 320/1704
vt 0.56933594 0.78417969
vt 0.57714844 0.78417969
vt 0.56933594 0.77636719
f 317/1705 323/1706 324/1707
vt 0.56933594 0.78417969
vt 0.57714844 0.78417969
vt 0.56933594 0.77636719
f 317/1708 324/1709 322/1710
vt 0.56933594 0.78417969
vt 0.57714844 0.78417969
vt 0.56933594 0.77636719
f 325/1711 319/1712 320/1713
vt 0.56933594 0.78417969
vt 0.57714844 0.78417969
vt 0.56933594 0.77636719
f 325/1714 320/1715 326/1716
vt 0.56933594 0.78417969
vt 0.57714844 0.78417969
vt 0.56933594 0.77636719
f 327/1717 325/1718 326/1719
vt 0.56933594 0.78417969
vt 0.57714844 0.78417969
vt 0.56933594 0.77636719
f 327/1720 326/1721 328/1722
vt 0.56933594 0.78417969
vt 0.57714844 0.78417969
vt 0.56933594 0.77636719
f 323/1723 327/1724 328/1725
vt 0.56933594 0.78417969
vt 0.57714844 0.78417969
vt 0.56933594 0.77636719
f 323/1726 328/1727 324/1728
vt 0.58886719 0.78417969
vt 0.60454876 0.78417969
vt 0.60468284 0.77152382
f 329/1729 330/1730 331/1731
vt 0.73554221 0.77152382
vt 0.73540813 0.78417969
vt 0.71972656 0.78417969
f 332/1732 333/1733 334/1734
vt 0.58886719 0.78417969
vt 0.60468284 0.77152382
vt 0.58886719 0.77152382
f 329/1735 331/1736 335/1737
vt 0.71972656 0.77152382
vt 0.73554221 0.77152382
vt 0.71972656 0.78417969
f 336/1738 332/1739 334/1740
vt 0.60454876 0.78417969
vt 0.61733409 0.78417969
vt 0.61681817 0.77152382
f 330/1741 337/1742 338/1743
vt 0.74767755 0.77152382
vt 0.74819346 0.78417969
vt 0.73540813 0.78417969
f 339/1744 340/1745 333/1746
vt 0.60454876 0.78417969
vt 0.61681817 0.77152382
vt 0.60468284 0.77152382
f 330/1747 338/1748 331/1749
vt 0.73554221 0.77152382
vt 0.74767755 0.77152382
vt 0.73540813 0.78417969
f 332/1750 339/1751 333/1752
vt 0.61733409 0.78417969
vt 0.63288579 0.78417969
vt 0.63262784 0.77152382
f 337/1753 341/1754 342/1755
vt 0.76348721 0.77152382
vt 0.76374517 0.78417969
vt 0.74819346 0.78417969
f 343/1756 344/1757 340/1758
vt 0.61733409 0.78417969
vt 0.63262784 0.77152382
vt 0.61681817 0.77152382
f 337/1759 342/1760 338/1761
vt 0.74767755 0.77152382
vt 0.76348721 0.77152382
vt 0.74819346 0.78417969
f 339/1762 343/1763 340/1764
vt 0.63288579 0.78417969
vt 0.64843750 0.78417969
vt 0.64843750 0.77152382
f 341/1765 345/1766 346/1767
vt 0.77929688 0.77152382
vt 0.77929688 0.78417969
vt 0.76374517 0.78417969
f 347/1768 348/1769 344/1770
vt 0.63288579 0.78417969
vt 0.64843750 0.77152382
vt 0.63262784 0.77152382
f 341/1771 346/1772 342/1773
vt 0.76348721 0.77152382
vt 0.77929688 0.77152382
vt 0.76374517 0.78417969
f 343/1774 347/1775 344/1776
vt 0.64843750 0.78417969
vt 0.66122283 0.78417969
vt 0.66057284 0.77152382
f 345/1777 349/1778 350/1779
vt 0.79143221 0.77152382
vt 0.79208220 0.78417969
vt 0.77929688 0.78417969
f 351/1780 352/1781 348/1782
vt 0.64843750 0.78417969
vt 0.66057284 0.77152382
vt 0.64843750 0.77152382
f 345/1783 350/1784 346/1785
vt 0.77929688 0.77152382
vt 0.79143221 0.77152382
vt 0.77929688 0.78417969
f 347/1786 351/1787 348/1788
vt 0.66122283 0.78417969
vt 0.67690440 0.78417969
vt 0.67638849 0.77152382
f 349/1789 353/1790 354/1791
vt 0.80724786 0.77152382
vt 0.80776377 0.78417969
vt 0.79208220 0.78417969
f 355/1792 356/1793 352/1794
vt 0.66122283 0.78417969
vt 0.67638849 0.77152382
vt 0.66057284 0.77152382
f 349/1795 354/1796 350/1797
vt 0.79143221 0.77152382
vt 0.80724786 0.77152382
vt 0.79208220 0.78417969
f 351/1798 355/1799 352/1800
vt 0.67690440 0.78417969
vt 0.69245611 0.78417969
vt 0.69219815 0.77152382
f 353/1801 357/1802 358/1803
vt 0.82305752 0.77152382
vt 0.82331548 0.78417969
vt 0.80776377 0.78417969
f 359/1804 360/1805 356/1806
vt 0.67690440 0.78417969
vt 0.69219815 0.77152382
vt 0.67638849 0.77152382
f 353/1807 358/1808 354/1809
vt 0.80724786 0.77152382
vt 0.82305752 0.77152382
vt 0.80776377 0.78417969
f 355/1810 359/1811 356/1812
vt 0.69245611 0.78417969
vt 0.70800781 0.78417969
vt 0.70800781 0.77152382
f 357/1813 329/1814 335/1815
vt 0.83886719 0.77152382
vt 0.83886719 0.78417969
vt 0.82331548 0.78417969
f 336/1816 334/1817 360/1818
vt 0.69245611 0.78417969
vt 0.70800781 0.77152382
vt 0.69219815 0.77152382
f 357/1819 335/1820 358/1821
vt 0.82305752 0.77152382
vt 0.83886719 0.77152382
vt 0.82331548 0.78417969
f 359/1822 336/1823 360/1824
vt 0.58886719 0.77152382
vt 0.60468284 0.77152382
vt 0.60397808 0.75712038
f 335/1825 331/1826 361/1827
vt 0.73483746 0.75712038
vt 0.73554221 0.77152382
vt 0.71972656 0.77152382
f 362/1828 332/1829 336/1830
vt 0.58886719 0.77152382
vt 0.60397808 0.75712038
vt 0.58886719 0.75712038
f 335/1831 361/1832 363/1833
vt 0.71972656 0.75712038
vt 0.73483746 0.75712038
vt 0.71972656 0.77152382
f 364/1834 362/1835 336/1836
vt 0.60468284 0.77152382
vt 0.61681817 0.77152382
vt 0.61822715 0.75712038
f 331/1837 338/1838 365/1839
vt 0.74908653 0.75712038
vt 0.74767755 0.77152382
vt 0.73554221 0.77152382
f 366/1840 339/1841 332/1842
vt 0.60468284 0.77152382
vt 0.61822715 0.75712038
vt 0.60397808 0.75712038
f 331/1843 365/1844 361/1845
vt 0.73483746 0.75712038
vt 0.74908653 0.75712038
vt 0.73554221 0.77152382
f 362/1846 366/1847 332/1848
vt 0.61681817 0.77152382
vt 0.63262784 0.77152382
vt 0.63333233 0.75712038
f 338/1849 342/1850 367/1851
vt 0.76419170 0.75712038
vt 0.76348721 0.77152382
vt 0.74767755 0.77152382
f 368/1852 343/1853 339/1854
vt 0.61681817 0.77152382
vt 0.63333233 0.75712038
vt 0.61822715 0.75712038
f 338/1855 367/1856 365/1857
vt 0.74908653 0.75712038
vt 0.76419170 0.75712038
vt 0.74767755 0.77152382
f 366/1858 368/1859 339/1860
vt 0.63262784 0.77152382
vt 0.64843750 0.77152382
vt 0.64843750 0.75712038
f 342/1861 346/1862 369/1863
vt 0.77929688 0.75712038
vt 0.77929688 0.77152382
vt 0.76348721 0.77152382
f 370/1864 347/1865 343/1866
vt 0.63262784 0.77152382
vt 0.64843750 0.75712038
vt 0.63333233 0.75712038
f 342/1867 369/1868 367/1869
vt 0.76419170 0.75712038
vt 0.77929688 0.75712038
vt 0.76348721 0.77152382
f 368/1870 370/1871 343/1872
vt 0.64843750 0.77152382
vt 0.66057284 0.77152382
vt 0.66268657 0.75712038
f 346/1873 350/1874 371/1875
vt 0.79354594 0.75712038
vt 0.79143221 0.77152382
vt 0.77929688 0.77152382
f 372/1876 351/1877 347/1878
vt 0.64843750 0.77152382
vt 0.66268657 0.75712038
vt 0.64843750 0.75712038
f 346/1879 371/1880 369/1881
vt 0.77929688 0.75712038
vt 0.79354594 0.75712038
vt 0.77929688 0.77152382
f 370/1882 372/1883 347/1884
vt 0.66057284 0.77152382
vt 0.67638849 0.77152382
vt 0.67779746 0.75712038
f 350/1885 354/1886 373/1887
vt 0.80865684 0.75712038
vt 0.80724786 0.77152382
vt 0.79143221 0.77152382
f 374/1888 355/1889 351/1890
vt 0.66057284 0.77152382
vt 0.67779746 0.75712038
vt 0.66268657 0.75712038
f 350/1891 373/1892 371/1893
vt 0.79354594 0.75712038
vt 0.80865684 0.75712038
vt 0.79143221 0.77152382
f 372/1894 374/1895 351/1896
vt 0.67638849 0.77152382
vt 0.69219815 0.77152382
vt 0.69290264 0.75712038
f 354/1897 358/1898 375/1899
vt 0.82376201 0.75712038
vt 0.82305752 0.77152382
vt 0.80724786 0.77152382
f 376/1900 359/1901 355/1902
vt 0.67638849 0.77152382
vt 0.69290264 0.75712038
vt 0.67779746 0.75712038
f 354/1903 375/1904 373/1905
vt 0.80865684 0.75712038
vt 0.82376201 0.75712038
vt 0.80724786 0.77152382
f 374/1906 376/1907 355/1908
vt 0.69219815 0.77152382
vt 0.70800781 0.77152382
vt 0.70800781 0.75712038
f 358/1909 335/1910 363/1911
vt 0.83886719 0.75712038
vt 0.83886719 0.77152382
vt 0.82305752 0.77152382
f 364/1912 336/1913 359/1914
vt 0.69219815 0.77152382
vt 0.70800781 0.75712038
vt 0.69290264 0.75712038
f 358/1915 363/1916 375/1917
vt 0.82376201 0.75712038
vt 0.83886719 0.75712038
vt 0.82305752 0.77152382
f 376/1918 364/1919 359/1920
vt 0.58886719 0.75712038
vt 0.60397808 0.75712038
vt 0.60376258 0.74507299
f 363/1921 361/1922 377/1923
vt 0.73462196 0.74507299
vt 0.73483746 0.75712038
vt 0.71972656 0.75712038
f 378/1924 362/1925 364/1926
vt 0.58886719 0.75712038
vt 0.60376258 0.74507299
vt 0.58886719 0.74507299
f 363/1927 377/1928 379/1929
vt 0.71972656 0.74507299
vt 0.73462196 0.74507299
vt 0.71972656 0.75712038
f 380/1930 378/1931 364/1932
vt 0.60397808 0.75712038
vt 0.61822715 0.75712038
vt 0.61865798 0.74507299
f 361/1933 365/1934 381/1935
vt 0.74951736 0.74507299
vt 0.74908653 0.75712038
vt 0.73483746 0.75712038
f 382/1936 366/1937 362/1938
vt 0.60397808 0.75712038
vt 0.61865798 0.74507299
vt 0.60376258 0.74507299
f 361/1939 381/1940 377/1941
vt 0.73462196 0.74507299
vt 0.74951736 0.74507299
vt 0.73483746 0.75712038
f 378/1942 382/1943 362/1944
vt 0.61822715 0.75712038
vt 0.63333233 0.75712038
vt 0.63354774 0.74507299
f 365/1945 367/1946 383/1947
vt 0.76440712 0.74507299
vt 0.76419170 0.75712038
vt 0.74908653 0.75712038
f 384/1948 368/1949 366/1950
vt 0.61822715 0.75712038
vt 0.63354774 0.74507299
vt 0.61865798 0.74507299
f 365/1951 383/1952 381/1953
vt 0.74951736 0.74507299
vt 0.76440712 0.74507299
vt 0.74908653 0.75712038
f 382/1954 384/1955 366/1956
vt 0.63333233 0.75712038
vt 0.64843750 0.75712038
vt 0.64843750 0.74507299
f 367/1957 369/1958 385/1959
vt 0.77929688 0.74507299
vt 0.77929688 0.75712038
vt 0.76419170 0.75712038
f 386/1960 370/1961 368/1962
vt 0.63333233 0.75712038
vt 0.64843750 0.74507299
vt 0.63354774 0.74507299
f 367/1963 385/1964 383/1965
vt 0.76440712 0.74507299
vt 0.77929688 0.74507299
vt 0.76419170 0.75712038
f 384/1966 386/1967 368/1968
vt 0.64843750 0.75712038
vt 0.66268657 0.75712038
vt 0.66333290 0.74507299
f 369/1969 371/1970 387/1971
vt 0.79419227 0.74507299
vt 0.79354594 0.75712038
vt 0.77929688 0.75712038
f 388/1972 372/1973 370/1974
vt 0.64843750 0.75712038
vt 0.66333290 0.74507299
vt 0.64843750 0.74507299
f 369/1975 387/1976 385/1977
vt 0.77929688 0.74507299
vt 0.79419227 0.74507299
vt 0.77929688 0.75712038
f 386/1978 388/1979 370/1980
vt 0.66268657 0.75712038
vt 0.67779746 0.75712038
vt 0.67822829 0.74507299
f 371/1981 373/1982 389/1983
vt 0.80908767 0.74507299
vt 0.80865684 0.75712038
vt 0.79354594 0.75712038
f 390/1984 374/1985 372/1986
vt 0.66268657 0.75712038
vt 0.67822829 0.74507299
vt 0.66333290 0.74507299
f 371/1987 389/1988 387/1989
vt 0.79419227 0.74507299
vt 0.80908767 0.74507299
vt 0.79354594 0.75712038
f 388/1990 390/1991 372/1992
vt 0.67779746 0.75712038
vt 0.69290264 0.75712038
vt 0.69311805 0.74507299
f 373/1993 375/1994 391/1995
vt 0.82397743 0.74507299
vt 0.82376201 0.75712038
vt 0.80865684 0.75712038
f 392/1996 376/1997 374/1998
vt 0.67779746 0.75712038
vt 0.69311805 0.74507299
vt 0.67822829 0.74507299
f 373/1999 391/2000 389/2001
vt 0.80908767 0.74507299
vt 0.82397743 0.74507299
vt 0.80865684 0.75712038
f 390/2002 392/2003 374/2004
vt 0.69290264 0.75712038
vt 0.70800781 0.75712038
vt 0.70800781 0.74507299
f 375/2005 363/2006 379/2007
vt 0.83886719 0.74507299
vt 0.83886719 0.75712038
vt 0.82376201 0.75712038
f 380/2008 364/2009 376/2010
vt 0.69290264 0.75712038
vt 0.70800781 0.74507299
vt 0.69311805 0.74507299
f 375/2011 379/2012 391/2013
vt 0.82397743 0.74507299
vt 0.83886719 0.74507299
vt 0.82376201 0.75712038
f 392/2014 380/2015 376/2016
vt 0.58886719 0.74507299
vt 0.60376258 0.74507299
vt 0.60376258 0.73782545
f 379/2017 377/2018 393/2019
vt 0.73462196 0.73782545
vt 0.73462196 0.74507299
vt 0.71972656 0.74507299
f 394/2020 378/2021 380/2022
vt 0.58886719 0.74507299
vt 0.60376258 0.73782545
vt 0.58886719 0.73782545
f 379/2023 393/2024 395/2025
vt 0.71972656 0.73782545
vt 0.73462196 0.73782545
vt 0.71972656 0.74507299
f 396/2026 394/2027 380/2028
vt 0.60376258 0.74507299
vt 0.61865798 0.74507299
vt 0.61865798 0.73782545
f 377/2029 381/2030 397/2031
vt 0.74951736 0.73782545
vt 0.74951736 0.74507299
vt 0.73462196 0.74507299
f 398/2032 382/2033 378/2034
vt 0.60376258 0.74507299
vt 0.61865798 0.73782545
vt 0.60376258 0.73782545
f 377/2035 397/2036 393/2037
vt 0.73462196 0.73782545
vt 0.74951736 0.73782545
vt 0.73462196 0.74507299
f 394/2038 398/2039 378/2040
vt 0.61865798 0.74507299
vt 0.63354774 0.74507299
vt 0.63354774 0.73782545
f 381/2041 383/2042 399/2043
vt 0.76440712 0.73782545
vt 0.76440712 0.74507299
vt 0.74951736 0.74507299
f 400/2044 384/2045 382/2046
vt 0.61865798 0.74507299
vt 0.63354774 0.73782545
vt 0.61865798 0.73782545
f 381/2047 399/2048 397/2049
vt 0.74951736 0.73782545
vt 0.76440712 0.73782545
vt 0.74951736 0.74507299
f 398/2050 400/2051 382/2052
vt 0.63354774 0.74507299
vt 0.64843750 0.74507299
vt 0.64843750 0.73782545
f 383/2053 385/2054 401/2055
vt 0.77929688 0.73782545
vt 0.77929688 0.74507299
vt 0.76440712 0.74507299
f 402/2056 386/2057 384/2058
vt 0.63354774 0.74507299
vt 0.64843750 0.73782545
vt 0.63354774 0.73782545
f 383/2059 401/2060 399/2061
vt 0.76440712 0.73782545
vt 0.77929688 0.73782545
vt 0.76440712 0.74507299
f 400/2062 402/2063 384/2064
vt 0.64843750 0.74507299
vt 0.66333290 0.74507299
vt 0.66333290 0.73782545
f 385/2065 387/2066 403/2067
vt 0.79419227 0.73782545
vt 0.79419227 0.74507299
vt 0.77929688 0.74507299
f 404/2068 388/2069 386/2070
vt 0.64843750 0.74507299
vt 0.66333290 0.73782545
vt 0.64843750 0.73782545
f 385/2071 403/2072 401/2073
vt 0.77929688 0.73782545
vt 0.79419227 0.73782545
vt 0.77929688 0.74507299
f 402/2074 404/2075 386/2076
vt 0.66333290 0.74507299
vt 0.67822829 0.74507299
vt 0.67822829 0.73782545
f 387/2077 389/2078 405/2079
vt 0.80908767 0.73782545
vt 0.80908767 0.74507299
vt 0.79419227 0.74507299
f 406/2080 390/2081 388/2082
vt 0.66333290 0.74507299
vt 0.67822829 0.73782545
vt 0.66333290 0.73782545
f 387/2083 405/2084 403/2085
vt 0.79419227 0.73782545
vt 0.80908767 0.73782545
vt 0.79419227 0.74507299
f 404/2086 406/2087 388/2088
vt 0.67822829 0.74507299
vt 0.69311805 0.74507299
vt 0.69311805 0.73782545
f 389/2089 391/2090 407/2091
vt 0.82397743 0.73782545
vt 0.82397743 0.74507299
vt 0.80908767 0.74507299
f 408/2092 392/2093 390/2094
vt 0.67822829 0.74507299
vt 0.69311805 0.73782545
vt 0.67822829 0.73782545
f 389/2095 407/2096 405/2097
vt 0.80908767 0.73782545
vt 0.82397743 0.73782545
vt 0.80908767 0.74507299
f 406/2098 408/2099 390/2100
vt 0.69311805 0.74507299
vt 0.70800781 0.74507299
vt 0.70800781 0.73782545
f 391/2101 379/2102 395/2103
vt 0.83886719 0.73782545
vt 0.83886719 0.74507299
vt 0.82397743 0.74507299
f 396/2104 380/2105 392/2106
vt 0.69311805 0.74507299
vt 0.70800781 0.73782545
vt 0.69311805 0.73782545
f 391/2107 395/2108 407/2109
vt 0.82397743 0.73782545
vt 0.83886719 0.73782545
vt 0.82397743 0.74507299
f 408/2110 396/2111 392/2112
vt 0.58886719 0.73782545
vt 0.60376258 0.73782545
vt 0.60376258 0.72363281
f 395/2113 393/2114 409/2115
vt 0.73462196 0.72363281
vt 0.73462196 0.73782545
vt 0.71972656 0.73782545
f 410/2116 394/2117 396/2118
vt 0.58886719 0.73782545
vt 0.60376258 0.72363281
vt 0.58886719 0.72363281
f 395/2119 409/2120 411/2121
vt 0.71972656 0.72363281
vt 0.73462196 0.72363281
vt 0.71972656 0.73782545
f 412/2122 410/2123 396/2124
vt 0.60376258 0.73782545
vt 0.61865798 0.73782545
vt 0.61865798 0.72363281
f 393/2125 397/2126 413/2127
vt 0.74951736 0.72363281
vt 0.74951736 0.73782545
vt 0.73462196 0.73782545
f 414/2128 398/2129 394/2130
vt 0.60376258 0.73782545
vt 0.61865798 0.72363281
vt 0.60376258 0.72363281
f 393/2131 413/2132 409/2133
vt 0.73462196 0.72363281
vt 0.74951736 0.72363281
vt 0.73462196 0.73782545
f 410/2134 414/2135 394/2136
vt 0.61865798 0.73782545
vt 0.63354774 0.73782545
vt 0.63354774 0.72363281
f 397/2137 399/2138 415/2139
vt 0.76440712 0.72363281
vt 0.76440712 0.73782545
vt 0.74951736 0.73782545
f 416/2140 400/2141 398/2142
vt 0.61865798 0.73782545
vt 0.63354774 0.72363281
vt 0.61865798 0.72363281
f 397/2143 415/2144 413/2145
vt 0.74951736 0.72363281
vt 0.76440712 0.72363281
vt 0.74951736 0.73782545
f 414/2146 416/2147 398/2148
vt 0.63354774 0.73782545
vt 0.64843750 0.73782545
vt 0.64843750 0.72363281
f 399/2149 401/2150 417/2151
vt 0.77929688 0.72363281
vt 0.77929688 0.73782545
vt 0.76440712 0.73782545
f 418/2152 402/2153 400/2154
vt 0.63354774 0.73782545
vt 0.64843750 0.72363281
vt 0.63354774 0.72363281
f 399/2155 417/2156 415/2157
vt 0.76440712 0.72363281
vt 0.77929688 0.72363281
vt 0.76440712 0.73782545
f 416/2158 418/2159 400/2160
vt 0.64843750 0.73782545
vt 0.66333290 0.73782545
vt 0.66333290 0.72363281
f 401/2161 403/2162 419/2163
vt 0.79419227 0.72363281
vt 0.79419227 0.73782545
vt 0.77929688 0.73782545
f 420/2164 404/2165 402/2166
vt 0.64843750 0.73782545
vt 0.66333290 0.72363281
vt 0.64843750 0.72363281
f 401/2167 419/2168 417/2169
vt 0.77929688 0.72363281
vt 0.79419227 0.72363281
vt 0.77929688 0.73782545
f 418/2170 420/2171 402/2172
vt 0.66333290 0.73782545
vt 0.67822829 0.73782545
vt 0.67822829 0.72363281
f 403/2173 405/2174 421/2175
vt 0.80908767 0.72363281
vt 0.80908767 0.73782545
vt 0.79419227 0.73782545
f 422/2176 406/2177 404/2178
vt 0.66333290 0.73782545
vt 0.67822829 0.72363281
vt 0.66333290 0.72363281
f 403/2179 421/2180 419/2181
vt 0.79419227 0.72363281
vt 0.80908767 0.72363281
vt 0.79419227 0.73782545
f 420/2182 422/2183 404/2184
vt 0.67822829 0.73782545
vt 0.69311805 0.73782545
vt 0.69311805 0.72363281
f 405/2185 407/2186 423/2187
vt 0.82397743 0.72363281
vt 0.82397743 0.73782545
vt 0.80908767 0.73782545
f 424/2188 408/2189 406/2190
vt 0.67822829 0.73782545
vt 0.69311805 0.72363281
vt 0.67822829 0.72363281
f 405/2191 423/2192 421/2193
vt 0.80908767 0.72363281
vt 0.82397743 0.72363281
vt 0.80908767 0.73782545
f 422/2194 424/2195 406/2196
vt 0.69311805 0.73782545
vt 0.70800781 0.73782545
vt 0.70800781 0.72363281
f 407/2197 395/2198 411/2199
vt 0.83886719 0.72363281
vt 0.83886719 0.73782545
vt 0.82397743 0.73782545
f 412/2200 396/2201 408/2202
vt 0.69311805 0.73782545
vt 0.70800781 0.72363281
vt 0.69311805 0.72363281
f 407/2203 411/2204 423/2205
vt 0.82397743 0.72363281
vt 0.83886719 0.72363281
vt 0.82397743 0.73782545
f 424/2206 412/2207 408/2208
vt 0.85058594 0.78417969
vt 0.85839844 0.78417969
vt 0.85058594 0.77636719
f 330/2209 329/2210 334/2211
vt 0.85058594 0.78417969
vt 0.85839844 0.78417969
vt 0.85058594 0.77636719
f 330/2212 334/2213 333/2214
vt 0.85058594 0.78417969
vt 0.85839844 0.78417969
vt 0.85058594 0.77636719
f 337/2215 330/2216 333/2217
vt 0.85058594 0.78417969
vt 0.85839844 0.78417969
vt 0.85058594 0.77636719
f 337/2218 333/2219 340/2220
vt 0.85058594 0.78417969
vt 0.85839844 0.78417969
vt 0.85058594 0.77636719
f 341/2221 337/2222 340/2223
vt 0.85058594 0.78417969
vt 0.85839844 0.78417969
vt 0.85058594 0.77636719
f 341/2224 340/2225 344/2226
vt 0.85058594 0.78417969
vt 0.85839844 0.78417969
vt 0.85058594 0.77636719
f 345/2227 341/2228 344/2229
vt 0.85058594 0.78417969
vt 0.85839844 0.78417969
vt 0.85058594 0.77636719
f 345/2230 344/2231 348/2232
vt 0.85058594 0.78417969
vt 0.85839844 0.78417969
vt 0.85058594 0.77636719
f 349/2233 345/2234 348/2235
vt 0.85058594 0.78417969
vt 0.85839844 0.78417969
vt 0.85058594 0.77636719
f 349/2236 348/2237 352/2238
vt 0.85058594 0.78417969
vt 0.85839844 0.78417969
vt 0.85058594 0.77636719
f 353/2239 349/2240 352/2241
vt 0.85058594 0.78417969
vt 0.85839844 0.78417969
vt 0.85058594 0.77636719
f 353/2242 352/2243 356/2244
vt 0.85058594 0.78417969
vt 0.85839844 0.78417969
vt 0.85058594 0.77636719
f 357/2245 353/2246 356/2247
vt 0.85058594 0.78417969
vt 0.85839844 0.78417969
vt 0.85058594 0.77636719
f 357/2248 356/2249 360/2250
vt 0.85058594 0.78417969
vt 0.85839844 0.78417969
vt 0.85058594 0.77636719
f 329/2251 357/2252 360/2253
vt 0.85058594 0.78417969
vt 0.85839844 0.78417969
vt 0.85058594 0.77636719
f 329/2254 360/2255 334/2256
vt 0.85058594 0.78417969
vt 0.85839844 0.78417969
vt 0.85058594 0.77636719
f 411/2257 409/2258 410/2259
vt 0.85058594 0.78417969
vt 0.85839844 0.78417969
vt 0.85058594 0.77636719
f 411/2260 410/2261 412/2262
vt 0.85058594 0.78417969
vt 0.85839844 0.78417969
vt 0.85058594 0.77636719
f 409/2263 413/2264 414/2265
vt 0.85058594 0.78417969
vt 0.85839844 0.78417969
vt 0.85058594 0.77636719
f 409/2266 414/2267 410/2268
vt 0.85058594 0.78417969
vt 0.85839844 0.78417969
vt 0.85058594 0.77636719
f 413/2269 415/2270 416/2271
vt 0.85058594 0.78417969
vt 0.85839844 0.78417969
vt 0.85058594 0.77636719
f 413/2272 416/2273 414/2274
vt 0.85058594 0.78417969
vt 0.85839844 0.78417969
vt 0.85058594 0.77636719
f 415/2275 417/2276 418/2277
vt 0.85058594 0.78417969
vt 0.85839844 0.78417969
vt 0.85058594 0.77636719
f 415/2278 418/2279 416/2280
vt 0.85058594 0.78417969
vt 0.85839844 0.78417969
vt 0.85058594 0.77636719
f 417/2281 419/2282 420/2283
vt 0.85058594 0.78417969
vt 0.85839844 0.78417969
vt 0.85058594 0.77636719
f 417/2284 420/2285 418/2286
vt 0.85058594 0.78417969
vt 0.85839844 0.78417969
vt 0.85058594 0.77636719
f 419/2287 421/2288 422/2289
vt 0.85058594 0.78417969
vt 0.85839844 0.78417969
vt 0.85058594 0.77636719
f 419/2290 422/2291 420/2292
vt 0.85058594 0.78417969
vt 0.85839844 0.78417969
vt 0.85058594 0.77636719
f 421/2293 423/2294 424/2295
vt 0.85058594 0.78417969
vt 0.85839844 0.78417969
vt 0.85058594 0.77636719
f 421/2296 424/2297 422/2298
vt 0.85058594 0.78417969
vt 0.85839844 0.78417969
vt 0.85058594 0.77636719
f 423/2299 411/2300 412/2301
vt 0.85058594 0.78417969
vt 0.85839844 0.78417969
vt 0.85058594 0.77636719
f 423/2302 412/2303 424/2304
vt 0.88425878 0.76855469
vt 0.87011719 0.76855469
vt 0.87011719 0.75334821
f 425/2305 426/2306 427/2307
vt 0.92331583 0.76855469
vt 0.90917423 0.75334821
vt 0.90917423 0.76855469
f 428/2308 429/2309 430/2310
vt 0.90917969 0.75334821
vt 0.90917969 0.76855469
vt 0.90917423 0.76855469
f 427/2311 426/2312 430/2313
vt 0.90917969 0.75334821
vt 0.90917423 0.76855469
vt 0.90917423 0.75334821
f 427/2314 430/2315 429/2316
vt 0.88425878 0.76855469
vt 0.87011719 0.75334821
vt 0.88566795 0.75292969
f 425/2317 427/2318 431/2319
vt 0.92331583 0.76855469
vt 0.92472500 0.75292969
vt 0.90917423 0.75334821
f 428/2320 432/2321 429/2322
vt 0.92473045 0.75292969
vt 0.90917969 0.75334821
vt 0.90917423 0.75334821
f 431/2323 427/2324 429/2325
vt 0.92473045 0.75292969
vt 0.90917423 0.75334821
vt 0.92472500 0.75292969
f 431/2326 429/2327 432/2328
vt 0.88425878 0.76855469
vt 0.88566795 0.75292969
vt 0.89746094 0.75334821
f 425/2329 431/2330 433/2331
vt 0.92331583 0.76855469
vt 0.93651798 0.75334821
vt 0.92472500 0.75292969
f 428/2332 434/2333 432/2334
vt 0.93652344 0.75334821
vt 0.92473045 0.75292969
vt 0.92472500 0.75292969
f 433/2335 431/2336 432/2337
vt 0.93652344 0.75334821
vt 0.92472500 0.75292969
vt 0.93651798 0.75334821
f 433/2338 432/2339 434/2340
vt 0.88425878 0.76855469
vt 0.89746094 0.75334821
vt 0.89746094 0.76855469
f 425/2341 433/2342 435/2343
vt 0.92331583 0.76855469
vt 0.93651798 0.76855469
vt 0.93651798 0.75334821
f 428/2344 436/2345 434/2346
vt 0.93652344 0.76855469
vt 0.93652344 0.75334821
vt 0.93651798 0.75334821
f 435/2347 433/2348 434/2349
vt 0.93652344 0.76855469
vt 0.93651798 0.75334821
vt 0.93651798 0.76855469
f 435/2350 434/2351 436/2352
vt 0.88425878 0.76855469
vt 0.89746094 0.76855469
vt 0.89746094 0.78376116
f 425/2353 435/2354 437/2355
vt 0.92331583 0.76855469
vt 0.93651798 0.78376116
vt 0.93651798 0.76855469
f 428/2356 438/2357 436/2358
vt 0.93652344 0.78376116
vt 0.93652344 0.76855469
vt 0.93651798 0.76855469
f 437/2359 435/2360 436/2361
vt 0.93652344 0.78376116
vt 0.93651798 0.76855469
vt 0.93651798 0.78376116
f 437/2362 436/2363 438/2364
vt 0.88425878 0.76855469
vt 0.89746094 0.78376116
vt 0.88566795 0.78417969
f 425/2365 437/2366 439/2367
vt 0.92331583 0.76855469
vt 0.92472500 0.78417969
vt 0.93651798 0.78376116
f 428/2368 440/2369 438/2370
vt 0.92473045 0.78417969
vt 0.93652344 0.78376116
vt 0.93651798 0.78376116
f 439/2371 437/2372 438/2373
vt 0.92473045 0.78417969
vt 0.93651798 0.78376116
vt 0.92472500 0.78417969
f 439/2374 438/2375 440/2376
vt 0.88425878 0.76855469
vt 0.88566795 0.78417969
vt 0.87011719 0.78376116
f 425/2377 439/2378 441/2379
vt 0.92331583 0.76855469
vt 0.90917423 0.78376116
vt 0.92472500 0.78417969
f 428/2380 442/2381 440/2382
vt 0.90917969 0.78376116
vt 0.92473045 0.78417969
vt 0.92472500 0.78417969
f 441/2383 439/2384 440/2385
vt 0.90917969 0.78376116
vt 0.92472500 0.78417969
vt 0.90917423 0.78376116
f 441/2386 440/2387 442/2388
vt 0.88425878 0.76855469
vt 0.87011719 0.78376116
vt 0.87011719 0.76855469
f 425/2389 441/2390 426/2391
vt 0.92331583 0.76855469
vt 0.90917423 0.76855469
vt 0.90917423 0.78376116
f 428/2392 430/2393 442/2394
vt 0.90917969 0.76855469
vt 0.90917969 0.78376116
vt 0.90917423 0.78376116
f 426/2395 441/2396 442/2397
vt 0.90917969 0.76855469
vt 0.90917423 0.78376116
vt 0.90917423 0.76855469
f 426/2398 442/2399 430/2400
vt 0.94824219 0.78417969
vt 0.96256330 0.78417969
vt 0.96256330 0.77571615
f 443/2401 444/2402 445/2403
vt 0.01725080 0.70345052
vt 0.01725080 0.71191406
vt 0.00292969 0.71191406
f 446/2404 447/2405 448/2406
vt 0.94824219 0.78417969
vt 0.96256330 0.77571615
vt 0.94824219 0.77571615
f 443/2407 445/2408 449/2409
vt 0.00292969 0.70345052
vt 0.01725080 0.70345052
vt 0.00292969 0.71191406
f 450/2410 446/2411 448/2412
vt 0.96256330 0.78417969
vt 0.97688441 0.78417969
vt 0.97688441 0.77571615
f 444/2413 451/2414 452/2415
vt 0.03157191 0.70345052
vt 0.03157191 0.71191406
vt 0.01725080 0.71191406
f 453/2416 454/2417 447/2418
vt 0.96256330 0.78417969
vt 0.97688441 0.77571615
vt 0.96256330 0.77571615
f 444/2419 452/2420 445/2421
vt 0.01725080 0.70345052
vt 0.03157191 0.70345052
vt 0.01725080 0.71191406
f 446/2422 453/2423 447/2424
vt 0.97688441 0.78417969
vt 0.99121094 0.78417969
vt 0.99121094 0.77571615
f 451/2425 455/2426 456/2427
vt 0.04589844 0.70345052
vt 0.04589844 0.71191406
vt 0.03157191 0.71191406
f 457/2428 458/2429 454/2430
vt 0.97688441 0.78417969
vt 0.99121094 0.77571615
vt 0.97688441 0.77571615
f 451/2431 456/2432 452/2433
vt 0.03157191 0.70345052
vt 0.04589844 0.70345052
vt 0.03157191 0.71191406
f 453/2434 457/2435 454/2436
vt 0.94824219 0.77571615
vt 0.96256330 0.77571615
vt 0.96256330 0.77050781
f 449/2437 445/2438 459/2439
vt 0.01725080 0.69824219
vt 0.01725080 0.70345052
vt 0.00292969 0.70345052
f 460/2440 446/2441 450/2442
vt 0.94824219 0.77571615
vt 0.96256330 0.77050781
vt 0.94824219 0.77050781
f 449/2443 459/2444 461/2445
vt 0.00292969 0.69824219
vt 0.01725080 0.69824219
vt 0.00292969 0.70345052
f 462/2446 460/2447 450/2448
vt 0.96256330 0.77571615
vt 0.97688441 0.77571615
vt 0.97688441 0.77050781
f 445/2449 452/2450 463/2451
vt 0.03157191 0.69824219
vt 0.03157191 0.70345052
vt 0.01725080 0.70345052
f 464/2452 453/2453 446/2454
vt 0.96256330 0.77571615
vt 0.97688441 0.77050781
vt 0.96256330 0.77050781
f 445/2455 463/2456 459/2457
vt 0.01725080 0.69824219
vt 0.03157191 0.69824219
vt 0.01725080 0.70345052
f 460/2458 464/2459 446/2460
vt 0.97688441 0.77571615
vt 0.99121094 0.77571615
vt 0.99121094 0.77050781
f 452/2461 456/2462 465/2463
vt 0.04589844 0.69824219
vt 0.04589844 0.70345052
vt 0.03157191 0.70345052
f 466/2464 457/2465 453/2466
vt 0.97688441 0.77571615
vt 0.99121094 0.77050781
vt 0.97688441 0.77050781
f 452/2467 465/2468 463/2469
vt 0.03157191 0.69824219
vt 0.04589844 0.69824219
vt 0.03157191 0.70345052
f 464/2470 466/2471 453/2472
vt 0.05761719 0.71191406
vt 0.06542969 0.71191406
vt 0.05761719 0.70410156
f 444/2473 443/2474 448/2475
vt 0.05761719 0.71191406
vt 0.06542969 0.71191406
vt 0.05761719 0.70410156
f 444/2476 448/2477 447/2478
vt 0.05761719 0.71191406
vt 0.06542969 0.71191406
vt 0.05761719 0.70410156
f 443/2479 449/2480 450/2481
vt 0.05761719 0.71191406
vt 0.06542969 0.71191406
vt 0.05761719 0.70410156
f 443/2482 450/2483 448/2484
vt 0.05761719 0.71191406
vt 0.06542969 0.71191406
vt 0.05761719 0.70410156
f 451/2485 444/2486 447/2487
vt 0.05761719 0.71191406
vt 0.06542969 0.71191406
vt 0.05761719 0.70410156
f 451/2488 447/2489 454/2490
vt 0.05761719 0.71191406
vt 0.06542969 0.71191406
vt 0.05761719 0.70410156
f 455/2491 451/2492 454/2493
vt 0.05761719 0.71191406
vt 0.06542969 0.71191406
vt 0.05761719 0.70410156
f 455/2494 454/2495 458/2496
vt 0.05761719 0.71191406
vt 0.06542969 0.71191406
vt 0.05761719 0.70410156
f 456/2497 455/2498 458/2499
vt 0.05761719 0.71191406
vt 0.06542969 0.71191406
vt 0.05761719 0.70410156
f 456/2500 458/2501 457/2502
vt 0.05761719 0.71191406
vt 0.06542969 0.71191406
vt 0.05761719 0.70410156
f 461/2503 459/2504 460/2505
vt 0.05761719 0.71191406
vt 0.06542969 0.71191406
vt 0.05761719 0.70410156
f 461/2506 460/2507 462/2508
vt 0.05761719 0.71191406
vt 0.06542969 0.71191406
vt 0.05761719 0.70410156
f 449/2509 461/2510 462/2511
vt 0.05761719 0.71191406
vt 0.06542969 0.71191406
vt 0.05761719 0.70410156
f 449/2512 462/2513 450/2514
vt 0.05761719 0.71191406
vt 0.06542969 0.71191406
vt 0.05761719 0.70410156
f 459/2515 463/2516 464/2517
vt 0.05761719 0.71191406
vt 0.06542969 0.71191406
vt 0.05761719 0.70410156
f 459/2518 464/2519 460/2520
vt 0.05761719 0.71191406
vt 0.06542969 0.71191406
vt 0.05761719 0.70410156
f 465/2521 456/2522 457/2523
vt 0.05761719 0.71191406
vt 0.06542969 0.71191406
vt 0.05761719 0.70410156
f 465/2524 457/2525 466/2526
vt 0.05761719 0.71191406
vt 0.06542969 0.71191406
vt 0.05761719 0.70410156
f 463/2527 465/2528 466/2529
vt 0.05761719 0.71191406
vt 0.06542969 0.71191406
vt 0.05761719 0.70410156
f 463/2530 466/2531 464/2532
vt 0.07714844 0.71191406
vt 0.09146955 0.71191406
vt 0.09146955 0.70410156
f 467/2533 468/2534 469/2535
vt 0.14615705 0.70410156
vt 0.14615705 0.71191406
vt 0.13183594 0.71191406
f 470/2536 471/2537 472/2538
vt 0.07714844 0.71191406
vt 0.09146955 0.70410156
vt 0.07714844 0.70410156
f 467/2539 469/2540 473/2541
vt 0.13183594 0.70410156
vt 0.14615705 0.70410156
vt 0.13183594 0.71191406
f 474/2542 470/2543 472/2544
vt 0.09146955 0.71191406
vt 0.10579066 0.71191406
vt 0.10579066 0.70410156
f 468/2545 475/2546 476/2547
vt 0.16047816 0.70410156
vt 0.16047816 0.71191406
vt 0.14615705 0.71191406
f 477/2548 478/2549 471/2550
vt 0.09146955 0.71191406
vt 0.10579066 0.70410156
vt 0.09146955 0.70410156
f 468/2551 476/2552 469/2553
vt 0.14615705 0.70410156
vt 0.16047816 0.70410156
vt 0.14615705 0.71191406
f 470/2554 477/2555 471/2556
vt 0.10579066 0.71191406
vt 0.12011719 0.71191406
vt 0.12011719 0.70410156
f 475/2557 479/2558 480/2559
vt 0.17480469 0.70410156
vt 0.17480469 0.71191406
vt 0.16047816 0.71191406
f 481/2560 482/2561 478/2562
vt 0.10579066 0.71191406
vt 0.12011719 0.70410156
vt 0.10579066 0.70410156
f 475/2563 480/2564 476/2565
vt 0.16047816 0.70410156
vt 0.17480469 0.70410156
vt 0.16047816 0.71191406
f 477/2566 481/2567 478/2568
vt 0.18652344 0.71191406
vt 0.19433594 0.71191406
vt 0.18652344 0.70410156
f 468/2569 467/2570 472/2571
vt 0.18652344 0.71191406
vt 0.19433594 0.71191406
vt 0.18652344 0.70410156
f 468/2572 472/2573 471/2574
vt 0.18652344 0.71191406
vt 0.19433594 0.71191406
vt 0.18652344 0.70410156
f 473/2575 469/2576 470/2577
vt 0.18652344 0.71191406
vt 0.19433594 0.71191406
vt 0.18652344 0.70410156
f 473/2578 470/2579 474/2580
vt 0.18652344 0.71191406
vt 0.19433594 0.71191406
vt 0.18652344 0.70410156
f 467/2581 473/2582 474/2583
vt 0.18652344 0.71191406
vt 0.19433594 0.71191406
vt 0.18652344 0.70410156
f 467/2584 474/2585 472/2586
vt 0.18652344 0.71191406
vt 0.19433594 0.71191406
vt 0.18652344 0.70410156
f 475/2587 468/2588 471/2589
vt 0.18652344 0.71191406
vt 0.19433594 0.71191406
vt 0.18652344 0.70410156
f 475/2590 471/2591 478/2592
vt 0.18652344 0.71191406
vt 0.19433594 0.71191406
vt 0.18652344 0.70410156
f 469/2593 476/2594 477/2595
vt 0.18652344 0.71191406
vt 0.19433594 0.71191406
vt 0.18652344 0.70410156
f 469/2596 477/2597 470/2598
vt 0.18652344 0.71191406
vt 0.19433594 0.71191406
vt 0.18652344 0.70410156
f 479/2599 475/2600 478/2601
vt 0.18652344 0.71191406
vt 0.19433594 0.71191406
vt 0.18652344 0.70410156
f 479/2602 478/2603 482/2604
vt 0.18652344 0.71191406
vt 0.19433594 0.71191406
vt 0.18652344 0.70410156
f 480/2605 479/2606 482/2607
vt 0.18652344 0.71191406
vt 0.19433594 0.71191406
vt 0.18652344 0.70410156
f 480/2608 482/2609 481/2610
vt 0.18652344 0.71191406
vt 0.19433594 0.71191406
vt 0.18652344 0.70410156
f 476/2611 480/2612 481/2613
vt 0.18652344 0.71191406
vt 0.19433594 0.71191406
vt 0.18652344 0.70410156
f 476/2614 481/2615 477/2616
vt 0.20605469 0.71191406
vt 0.21948496 0.71191406
vt 0.21948496 0.70410156
f 483/2617 484/2618 485/2619
vt 0.33862559 0.70410156
vt 0.33862559 0.71191406
vt 0.32519531 0.71191406
f 486/2620 487/2621 488/2622
vt 0.20605469 0.71191406
vt 0.21948496 0.70410156
vt 0.20605469 0.70410156
f 483/2623 485/2624 489/2625
vt 0.32519531 0.70410156
vt 0.33862559 0.70410156
vt 0.32519531 0.71191406
f 490/2626 486/2627 488/2628
vt 0.21948496 0.71191406
vt 0.23291524 0.71191406
vt 0.23291524 0.70410156
f 484/2629 491/2630 492/2631
vt 0.35205587 0.70410156
vt 0.35205587 0.71191406
vt 0.33862559 0.71191406
f 493/2632 494/2633 487/2634
vt 0.21948496 0.71191406
vt 0.23291524 0.70410156
vt 0.21948496 0.70410156
f 484/2635 492/2636 485/2637
vt 0.33862559 0.70410156
vt 0.35205587 0.70410156
vt 0.33862559 0.71191406
f 486/2638 493/2639 487/2640
vt 0.23291524 0.71191406
vt 0.24634043 0.71191406
vt 0.24634043 0.70410156
f 491/2641 495/2642 496/2643
vt 0.36548106 0.70410156
vt 0.36548106 0.71191406
vt 0.35205587 0.71191406
f 497/2644 498/2645 494/2646
vt 0.23291524 0.71191406
vt 0.24634043 0.70410156
vt 0.23291524 0.70410156
f 491/2647 496/2648 492/2649
vt 0.35205587 0.70410156
vt 0.36548106 0.70410156
vt 0.35205587 0.71191406
f 493/2650 497/2651 494/2652
vt 0.24634043 0.71191406
vt 0.25976562 0.71191406
vt 0.25976562 0.70410156
f 495/2653 499/2654 500/2655
vt 0.37890625 0.70410156
vt 0.37890625 0.71191406
vt 0.36548106 0.71191406
f 501/2656 502/2657 498/2658
vt 0.24634043 0.71191406
vt 0.25976562 0.70410156
vt 0.24634043 0.70410156
f 495/2659 500/2660 496/2661
vt 0.36548106 0.70410156
vt 0.37890625 0.70410156
vt 0.36548106 0.71191406
f 497/2662 501/2663 498/2664
vt 0.25976562 0.71191406
vt 0.27319590 0.71191406
vt 0.27319590 0.70410156
f 499/2665 503/2666 504/2667
vt 0.39233653 0.70410156
vt 0.39233653 0.71191406
vt 0.37890625 0.71191406
f 505/2668 506/2669 502/2670
vt 0.25976562 0.71191406
vt 0.27319590 0.70410156
vt 0.25976562 0.70410156
f 499/2671 504/2672 500/2673
vt 0.37890625 0.70410156
vt 0.39233653 0.70410156
vt 0.37890625 0.71191406
f 501/2674 505/2675 502/2676
vt 0.27319590 0.71191406
vt 0.28662618 0.71191406
vt 0.28662618 0.70410156
f 503/2677 507/2678 508/2679
vt 0.40576680 0.70410156
vt 0.40576680 0.71191406
vt 0.39233653 0.71191406
f 509/2680 510/2681 506/2682
vt 0.27319590 0.71191406
vt 0.28662618 0.70410156
vt 0.27319590 0.70410156
f 503/2683 508/2684 504/2685
vt 0.39233653 0.70410156
vt 0.40576680 0.70410156
vt 0.39233653 0.71191406
f 505/2686 509/2687 506/2688
vt 0.28662618 0.71191406
vt 0.30005137 0.71191406
vt 0.30005137 0.70410156
f 507/2689 511/2690 512/2691
vt 0.41919200 0.70410156
vt 0.41919200 0.71191406
vt 0.40576680 0.71191406
f 513/2692 514/2693 510/2694
vt 0.28662618 0.71191406
vt 0.30005137 0.70410156
vt 0.28662618 0.70410156
f 507/2695 512/2696 508/2697
vt 0.40576680 0.70410156
vt 0.41919200 0.70410156
vt 0.40576680 0.71191406
f 509/2698 513/2699 510/2700
vt 0.30005137 0.71191406
vt 0.31347656 0.71191406
vt 0.31347656 0.70410156
f 511/2701 483/2702 489/2703
vt 0.43261719 0.70410156
vt 0.43261719 0.71191406
vt 0.41919200 0.71191406
f 490/2704 488/2705 514/2706
vt 0.30005137 0.71191406
vt 0.31347656 0.70410156
vt 0.30005137 0.70410156
f 511/2707 489/2708 512/2709
vt 0.41919200 0.70410156
vt 0.43261719 0.70410156
vt 0.41919200 0.71191406
f 513/2710 490/2711 514/2712
vt 0.44433594 0.71191406
vt 0.45214844 0.71191406
vt 0.44433594 0.70410156
f 484/2713 483/2714 488/2715
vt 0.44433594 0.71191406
vt 0.45214844 0.71191406
vt 0.44433594 0.70410156
f 484/2716 488/2717 487/2718
vt 0.44433594 0.71191406
vt 0.45214844 0.71191406
vt 0.44433594 0.70410156
f 489/2719 485/2720 486/2721
vt 0.44433594 0.71191406
vt 0.45214844 0.71191406
vt 0.44433594 0.70410156
f 489/2722 486/2723 490/2724
vt 0.44433594 0.71191406
vt 0.45214844 0.71191406
vt 0.44433594 0.70410156
f 491/2725 484/2726 487/2727
vt 0.44433594 0.71191406
vt 0.45214844 0.71191406
vt 0.44433594 0.70410156
f 491/2728 487/2729 494/2730
vt 0.44433594 0.71191406
vt 0.45214844 0.71191406
vt 0.44433594 0.70410156
f 485/2731 492/2732 493/2733
vt 0.44433594 0.71191406
vt 0.45214844 0.71191406
vt 0.44433594 0.70410156
f 485/2734 493/2735 486/2736
vt 0.44433594 0.71191406
vt 0.45214844 0.71191406
vt 0.44433594 0.70410156
f 495/2737 491/2738 494/2739
vt 0.44433594 0.71191406
vt 0.45214844 0.71191406
vt 0.44433594 0.70410156
f 495/2740 494/2741 498/2742
vt 0.44433594 0.71191406
vt 0.45214844 0.71191406
vt 0.44433594 0.70410156
f 492/2743 496/2744 497/2745
vt 0.44433594 0.71191406
vt 0.45214844 0.71191406
vt 0.44433594 0.70410156
f 492/2746 497/2747 493/2748
vt 0.44433594 0.71191406
vt 0.45214844 0.71191406
vt 0.44433594 0.70410156
f 499/2749 495/2750 498/2751
vt 0.44433594 0.71191406
vt 0.45214844 0.71191406
vt 0.44433594 0.70410156
f 499/2752 498/2753 502/2754
vt 0.44433594 0.71191406
vt 0.45214844 0.71191406
vt 0.44433594 0.70410156
f 496/2755 500/2756 501/2757
vt 0.44433594 0.71191406
vt 0.45214844 0.71191406
vt 0.44433594 0.70410156
f 496/2758 501/2759 497/2760
vt 0.44433594 0.71191406
vt 0.45214844 0.71191406
vt 0.44433594 0.70410156
f 503/2761 499/2762 502/2763
vt 0.44433594 0.71191406
vt 0.45214844 0.71191406
vt 0.44433594 0.70410156
f 503/2764 502/2765 506/2766
vt 0.44433594 0.71191406
vt 0.45214844 0.71191406
vt 0.44433594 0.70410156
f 500/2767 504/2768 505/2769
vt 0.44433594 0.71191406
vt 0.45214844 0.71191406
vt 0.44433594 0.70410156
f 500/2770 505/2771 501/2772
vt 0.44433594 0.71191406
vt 0.45214844 0.71191406
vt 0.44433594 0.70410156
f 507/2773 503/2774 506/2775
vt 0.44433594 0.71191406
vt 0.45214844 0.71191406
vt 0.44433594 0.70410156
f 507/2776 506/2777 510/2778
vt 0.44433594 0.71191406
vt 0.45214844 0.71191406
vt 0.44433594 0.70410156
f 504/2779 508/2780 509/2781
vt 0.44433594 0.71191406
vt 0.45214844 0.71191406
vt 0.44433594 0.70410156
f 504/2782 509/2783 505/2784
vt 0.44433594 0.71191406
vt 0.45214844 0.71191406
vt 0.44433594 0.70410156
f 511/2785 507/2786 510/2787
vt 0.44433594 0.71191406
vt 0.45214844 0.71191406
vt 0.44433594 0.70410156
f 511/2788 510/2789 514/2790
vt 0.44433594 0.71191406
vt 0.45214844 0.71191406
vt 0.44433594 0.70410156
f 508/2791 512/2792 513/2793
vt 0.44433594 0.71191406
vt 0.45214844 0.71191406
vt 0.44433594 0.70410156
f 508/2794 513/2795 509/2796
vt 0.44433594 0.71191406
vt 0.45214844 0.71191406
vt 0.44433594 0.70410156
f 483/2797 511/2798 514/2799
vt 0.44433594 0.71191406
vt 0.45214844 0.71191406
vt 0.44433594 0.70410156
f 483/2800 514/2801 488/2802
vt 0.44433594 0.71191406
vt 0.45214844 0.71191406
vt 0.44433594 0.70410156
f 512/2803 489/2804 490/2805
vt 0.44433594 0.71191406
vt 0.45214844 0.71191406
vt 0.44433594 0.70410156
f 512/2806 490/2807 513/2808
vt 0.46386719 0.71191406
vt 0.47665252 0.71191406
vt 0.47600253 0.69928857
f 515/2809 516/2810 517/2811
vt 0.60686190 0.69928857
vt 0.60751189 0.71191406
vt 0.59472656 0.71191406
f 518/2812 519/2813 520/2814
vt 0.46386719 0.71191406
vt 0.47600253 0.69928857
vt 0.46386719 0.69928857
f 515/2815 517/2816 521/2817
vt 0.59472656 0.69928857
vt 0.60686190 0.69928857
vt 0.59472656 0.71191406
f 522/2818 518/2819 520/2820
vt 0.47665252 0.71191406
vt 0.49233409 0.71191406
vt 0.49181817 0.69928857
f 516/2821 523/2822 524/2823
vt 0.62267755 0.69928857
vt 0.62319346 0.71191406
vt 0.60751189 0.71191406
f 525/2824 526/2825 519/2826
vt 0.47665252 0.71191406
vt 0.49181817 0.69928857
vt 0.47600253 0.69928857
f 516/2827 524/2828 517/2829
vt 0.60686190 0.69928857
vt 0.62267755 0.69928857
vt 0.60751189 0.71191406
f 518/2830 525/2831 519/2832
vt 0.49233409 0.71191406
vt 0.50788579 0.71191406
vt 0.50762784 0.69928857
f 523/2833 527/2834 528/2835
vt 0.63848721 0.69928857
vt 0.63874517 0.71191406
vt 0.62319346 0.71191406
f 529/2836 530/2837 526/2838
vt 0.49233409 0.71191406
vt 0.50762784 0.69928857
vt 0.49181817 0.69928857
f 523/2839 528/2840 524/2841
vt 0.62267755 0.69928857
vt 0.63848721 0.69928857
vt 0.62319346 0.71191406
f 525/2842 529/2843 526/2844
vt 0.50788579 0.71191406
vt 0.52343750 0.71191406
vt 0.52343750 0.69928857
f 527/2845 531/2846 532/2847
vt 0.65429688 0.69928857
vt 0.65429688 0.71191406
vt 0.63874517 0.71191406
f 533/2848 534/2849 530/2850
vt 0.50788579 0.71191406
vt 0.52343750 0.69928857
vt 0.50762784 0.69928857
f 527/2851 532/2852 528/2853
vt 0.63848721 0.69928857
vt 0.65429688 0.69928857
vt 0.63874517 0.71191406
f 529/2854 533/2855 530/2856
vt 0.52343750 0.71191406
vt 0.53911907 0.71191406
vt 0.53925315 0.69928857
f 531/2857 535/2858 536/2859
vt 0.67011252 0.69928857
vt 0.66997844 0.71191406
vt 0.65429688 0.71191406
f 537/2860 538/2861 534/2862
vt 0.52343750 0.71191406
vt 0.53925315 0.69928857
vt 0.52343750 0.69928857
f 531/2863 536/2864 532/2865
vt 0.65429688 0.69928857
vt 0.67011252 0.69928857
vt 0.65429688 0.71191406
f 533/2866 537/2867 534/2868
vt 0.53911907 0.71191406
vt 0.55190440 0.71191406
vt 0.55138849 0.69928857
f 535/2869 539/2870 540/2871
vt 0.68224786 0.69928857
vt 0.68276377 0.71191406
vt 0.66997844 0.71191406
f 541/2872 542/2873 538/2874
vt 0.53911907 0.71191406
vt 0.55138849 0.69928857
vt 0.53925315 0.69928857
f 535/2875 540/2876 536/2877
vt 0.67011252 0.69928857
vt 0.68224786 0.69928857
vt 0.66997844 0.71191406
f 537/2878 541/2879 538/2880
vt 0.55190440 0.71191406
vt 0.56745611 0.71191406
vt 0.56719815 0.69928857
f 539/2881 543/2882 544/2883
vt 0.69805752 0.69928857
vt 0.69831548 0.71191406
vt 0.68276377 0.71191406
f 545/2884 546/2885 542/2886
vt 0.55190440 0.71191406
vt 0.56719815 0.69928857
vt 0.55138849 0.69928857
f 539/2887 544/2888 540/2889
vt 0.68224786 0.69928857
vt 0.69805752 0.69928857
vt 0.68276377 0.71191406
f 541/2890 545/2891 542/2892
vt 0.56745611 0.71191406
vt 0.58300781 0.71191406
vt 0.58300781 0.69928857
f 543/2893 515/2894 521/2895
vt 0.71386719 0.69928857
vt 0.71386719 0.71191406
vt 0.69831548 0.71191406
f 522/2896 520/2897 546/2898
vt 0.56745611 0.71191406
vt 0.58300781 0.69928857
vt 0.56719815 0.69928857
f 543/2899 521/2900 544/2901
vt 0.69805752 0.69928857
vt 0.71386719 0.69928857
vt 0.69831548 0.71191406
f 545/2902 522/2903 546/2904
vt 0.46386719 0.69928857
vt 0.47600253 0.69928857
vt 0.47811625 0.68490237
f 521/2905 517/2906 547/2907
vt 0.60897563 0.68490237
vt 0.60686190 0.69928857
vt 0.59472656 0.69928857
f 548/2908 518/2909 522/2910
vt 0.46386719 0.69928857
vt 0.47811625 0.68490237
vt 0.46386719 0.68490237
f 521/2911 547/2912 549/2913
vt 0.59472656 0.68490237
vt 0.60897563 0.68490237
vt 0.59472656 0.69928857
f 550/2914 548/2915 522/2916
vt 0.47600253 0.69928857
vt 0.49181817 0.69928857
vt 0.49322715 0.68490237
f 517/2917 524/2918 551/2919
vt 0.62408653 0.68490237
vt 0.62267755 0.69928857
vt 0.60686190 0.69928857
f 552/2920 525/2921 518/2922
vt 0.47600253 0.69928857
vt 0.49322715 0.68490237
vt 0.47811625 0.68490237
f 517/2923 551/2924 547/2925
vt 0.60897563 0.68490237
vt 0.62408653 0.68490237
vt 0.60686190 0.69928857
f 548/2926 552/2927 518/2928
vt 0.49181817 0.69928857
vt 0.50762784 0.69928857
vt 0.50833233 0.68490237
f 524/2929 528/2930 553/2931
vt 0.63919170 0.68490237
vt 0.63848721 0.69928857
vt 0.62267755 0.69928857
f 554/2932 529/2933 525/2934
vt 0.49181817 0.69928857
vt 0.50833233 0.68490237
vt 0.49322715 0.68490237
f 524/2935 553/2936 551/2937
vt 0.62408653 0.68490237
vt 0.63919170 0.68490237
vt 0.62267755 0.69928857
f 552/2938 554/2939 525/2940
vt 0.50762784 0.69928857
vt 0.52343750 0.69928857
vt 0.52343750 0.68490237
f 528/2941 532/2942 555/2943
vt 0.65429688 0.68490237
vt 0.65429688 0.69928857
vt 0.63848721 0.69928857
f 556/2944 533/2945 529/2946
vt 0.50762784 0.69928857
vt 0.52343750 0.68490237
vt 0.50833233 0.68490237
f 528/2947 555/2948 553/2949
vt 0.63919170 0.68490237
vt 0.65429688 0.68490237
vt 0.63848721 0.69928857
f 554/2950 556/2951 529/2952
vt 0.52343750 0.69928857
vt 0.53925315 0.69928857
vt 0.53854840 0.68490237
f 532/2953 536/2954 557/2955
vt 0.66940777 0.68490237
vt 0.67011252 0.69928857
vt 0.65429688 0.69928857
f 558/2956 537/2957 533/2958
vt 0.52343750 0.69928857
vt 0.53854840 0.68490237
vt 0.52343750 0.68490237
f 532/2959 557/2960 555/2961
vt 0.65429688 0.68490237
vt 0.66940777 0.68490237
vt 0.65429688 0.69928857
f 556/2962 558/2963 533/2964
vt 0.53925315 0.69928857
vt 0.55138849 0.69928857
vt 0.55279746 0.68490237
f 536/2965 540/2966 559/2967
vt 0.68365684 0.68490237
vt 0.68224786 0.69928857
vt 0.67011252 0.69928857
f 560/2968 541/2969 537/2970
vt 0.53925315 0.69928857
vt 0.55279746 0.68490237
vt 0.53854840 0.68490237
f 536/2971 559/2972 557/2973
vt 0.66940777 0.68490237
vt 0.68365684 0.68490237
vt 0.67011252 0.69928857
f 558/2974 560/2975 537/2976
vt 0.55138849 0.69928857
vt 0.56719815 0.69928857
vt 0.56790264 0.68490237
f 540/2977 544/2978 561/2979
vt 0.69876201 0.68490237
vt 0.69805752 0.69928857
vt 0.68224786 0.69928857
f 562/2980 545/2981 541/2982
vt 0.55138849 0.69928857
vt 0.56790264 0.68490237
vt 0.55279746 0.68490237
f 540/2983 561/2984 559/2985
vt 0.68365684 0.68490237
vt 0.69876201 0.68490237
vt 0.68224786 0.69928857
f 560/2986 562/2987 541/2988
vt 0.56719815 0.69928857
vt 0.58300781 0.69928857
vt 0.58300781 0.68490237
f 544/2989 521/2990 549/2991
vt 0.71386719 0.68490237
vt 0.71386719 0.69928857
vt 0.69805752 0.69928857
f 550/2992 522/2993 545/2994
vt 0.56719815 0.69928857
vt 0.58300781 0.68490237
vt 0.56790264 0.68490237
f 544/2995 549/2996 561/2997
vt 0.69876201 0.68490237
vt 0.71386719 0.68490237
vt 0.69805752 0.69928857
f 562/2998 550/2999 545/3000
vt 0.46386719 0.68490237
vt 0.47811625 0.68490237
vt 0.47876258 0.67284916
f 549/3001 547/3002 563/3003
vt 0.60962196 0.67284916
vt 0.60897563 0.68490237
vt 0.59472656 0.68490237
f 564/3004 548/3005 550/3006
vt 0.46386719 0.68490237
vt 0.47876258 0.67284916
vt 0.46386719 0.67284916
f 549/3007 563/3008 565/3009
vt 0.59472656 0.67284916
vt 0.60962196 0.67284916
vt 0.59472656 0.68490237
f 566/3010 564/3011 550/3012
vt 0.47811625 0.68490237
vt 0.49322715 0.68490237
vt 0.49365798 0.67284916
f 547/3013 551/3014 567/3015
vt 0.62451736 0.67284916
vt 0.62408653 0.68490237
vt 0.60897563 0.68490237
f 568/3016 552/3017 548/3018
vt 0.47811625 0.68490237
vt 0.49365798 0.67284916
vt 0.47876258 0.67284916
f 547/3019 567/3020 563/3021
vt 0.60962196 0.67284916
vt 0.62451736 0.67284916
vt 0.60897563 0.68490237
f 564/3022 568/3023 548/3024
vt 0.49322715 0.68490237
vt 0.50833233 0.68490237
vt 0.50854774 0.67284916
f 551/3025 553/3026 569/3027
vt 0.63940712 0.67284916
vt 0.63919170 0.68490237
vt 0.62408653 0.68490237
f 570/3028 554/3029 552/3030
vt 0.49322715 0.68490237
vt 0.50854774 0.67284916
vt 0.49365798 0.67284916
f 551/3031 569/3032 567/3033
vt 0.62451736 0.67284916
vt 0.63940712 0.67284916
vt 0.62408653 0.68490237
f 568/3034 570/3035 552/3036
vt 0.50833233 0.68490237
vt 0.52343750 0.68490237
vt 0.52343750 0.67284916
f 553/3037 555/3038 571/3039
vt 0.65429688 0.67284916
vt 0.65429688 0.68490237
vt 0.63919170 0.68490237
f 572/3040 556/3041 554/3042
vt 0.50833233 0.68490237
vt 0.52343750 0.67284916
vt 0.50854774 0.67284916
f 553/3043 571/3044 569/3045
vt 0.63940712 0.67284916
vt 0.65429688 0.67284916
vt 0.63919170 0.68490237
f 570/3046 572/3047 554/3048
vt 0.52343750 0.68490237
vt 0.53854840 0.68490237
vt 0.53833290 0.67284916
f 555/3049 557/3050 573/3051
vt 0.66919227 0.67284916
vt 0.66940777 0.68490237
vt 0.65429688 0.68490237
f 574/3052 558/3053 556/3054
vt 0.52343750 0.68490237
vt 0.53833290 0.67284916
vt 0.52343750 0.67284916
f 555/3055 573/3056 571/3057
vt 0.65429688 0.67284916
vt 0.66919227 0.67284916
vt 0.65429688 0.68490237
f 572/3058 574/3059 556/3060
vt 0.53854840 0.68490237
vt 0.55279746 0.68490237
vt 0.55322829 0.67284916
f 557/3061 559/3062 575/3063
vt 0.68408767 0.67284916
vt 0.68365684 0.68490237
vt 0.66940777 0.68490237
f 576/3064 560/3065 558/3066
vt 0.53854840 0.68490237
vt 0.55322829 0.67284916
vt 0.53833290 0.67284916
f 557/3067 575/3068 573/3069
vt 0.66919227 0.67284916
vt 0.68408767 0.67284916
vt 0.66940777 0.68490237
f 574/3070 576/3071 558/3072
vt 0.55279746 0.68490237
vt 0.56790264 0.68490237
vt 0.56811805 0.67284916
f 559/3073 561/3074 577/3075
vt 0.69897743 0.67284916
vt 0.69876201 0.68490237
vt 0.68365684 0.68490237
f 578/3076 562/3077 560/3078
vt 0.55279746 0.68490237
vt 0.56811805 0.67284916
vt 0.55322829 0.67284916
f 559/3079 577/3080 575/3081
vt 0.68408767 0.67284916
vt 0.69897743 0.67284916
vt 0.68365684 0.68490237
f 576/3082 578/3083 560/3084
vt 0.56790264 0.68490237
vt 0.58300781 0.68490237
vt 0.58300781 0.67284916
f 561/3085 549/3086 565/3087
vt 0.71386719 0.67284916
vt 0.71386719 0.68490237
vt 0.69876201 0.68490237
f 566/3088 550/3089 562/3090
vt 0.56790264 0.68490237
vt 0.58300781 0.67284916
vt 0.56811805 0.67284916
f 561/3091 565/3092 577/3093
vt 0.69897743 0.67284916
vt 0.71386719 0.67284916
vt 0.69876201 0.68490237
f 578/3094 566/3095 562/3096
vt 0.46386719 0.67284916
vt 0.47876258 0.67284916
vt 0.47876258 0.66558749
f 565/3097 563/3098 579/3099
vt 0.60962196 0.66558749
vt 0.60962196 0.67284916
vt 0.59472656 0.67284916
f 580/3100 564/3101 566/3102
vt 0.46386719 0.67284916
vt 0.47876258 0.66558749
vt 0.46386719 0.66558749
f 565/3103 579/3104 581/3105
vt 0.59472656 0.66558749
vt 0.60962196 0.66558749
vt 0.59472656 0.67284916
f 582/3106 580/3107 566/3108
vt 0.47876258 0.67284916
vt 0.49365798 0.67284916
vt 0.49365798 0.66558749
f 563/3109 567/3110 583/3111
vt 0.62451736 0.66558749
vt 0.62451736 0.67284916
vt 0.60962196 0.67284916
f 584/3112 568/3113 564/3114
vt 0.47876258 0.67284916
vt 0.49365798 0.66558749
vt 0.47876258 0.66558749
f 563/3115 583/3116 579/3117
vt 0.60962196 0.66558749
vt 0.62451736 0.66558749
vt 0.60962196 0.67284916
f 580/3118 584/3119 564/3120
vt 0.49365798 0.67284916
vt 0.50854774 0.67284916
vt 0.50854774 0.66558749
f 567/3121 569/3122 585/3123
vt 0.63940712 0.66558749
vt 0.63940712 0.67284916
vt 0.62451736 0.67284916
f 586/3124 570/3125 568/3126
vt 0.49365798 0.67284916
vt 0.50854774 0.66558749
vt 0.49365798 0.66558749
f 567/3127 585/3128 583/3129
vt 0.62451736 0.66558749
vt 0.63940712 0.66558749
vt 0.62451736 0.67284916
f 584/3130 586/3131 568/3132
vt 0.50854774 0.67284916
vt 0.52343750 0.67284916
vt 0.52343750 0.66558749
f 569/3133 571/3134 587/3135
vt 0.65429688 0.66558749
vt 0.65429688 0.67284916
vt 0.63940712 0.67284916
f 588/3136 572/3137 570/3138
vt 0.50854774 0.67284916
vt 0.52343750 0.66558749
vt 0.50854774 0.66558749
f 569/3139 587/3140 585/3141
vt 0.63940712 0.66558749
vt 0.65429688 0.66558749
vt 0.63940712 0.67284916
f 586/3142 588/3143 570/3144
vt 0.52343750 0.67284916
vt 0.53833290 0.67284916
vt 0.53833290 0.66558749
f 571/3145 573/3146 589/3147
vt 0.66919227 0.66558749
vt 0.66919227 0.67284916
vt 0.65429688 0.67284916
f 590/3148 574/3149 572/3150
vt 0.52343750 0.67284916
vt 0.53833290 0.66558749
vt 0.52343750 0.66558749
f 571/3151 589/3152 587/3153
vt 0.65429688 0.66558749
vt 0.66919227 0.66558749
vt 0.65429688 0.67284916
f 588/3154 590/3155 572/3156
vt 0.53833290 0.67284916
vt 0.55322829 0.67284916
vt 0.55322829 0.66558749
f 573/3157 575/3158 591/3159
vt 0.68408767 0.66558749
vt 0.68408767 0.67284916
vt 0.66919227 0.67284916
f 592/3160 576/3161 574/3162
vt 0.53833290 0.67284916
vt 0.55322829 0.66558749
vt 0.53833290 0.66558749
f 573/3163 591/3164 589/3165
vt 0.66919227 0.66558749
vt 0.68408767 0.66558749
vt 0.66919227 0.67284916
f 590/3166 592/3167 574/3168
vt 0.55322829 0.67284916
vt 0.56811805 0.67284916
vt 0.56811805 0.66558749
f 575/3169 577/3170 593/3171
vt 0.69897743 0.66558749
vt 0.69897743 0.67284916
vt 0.68408767 0.67284916
f 594/3172 578/3173 576/3174
vt 0.55322829 0.67284916
vt 0.56811805 0.66558749
vt 0.55322829 0.66558749
f 575/3175 593/3176 591/3177
vt 0.68408767 0.66558749
vt 0.69897743 0.66558749
vt 0.68408767 0.67284916
f 592/3178 594/3179 576/3180
vt 0.56811805 0.67284916
vt 0.58300781 0.67284916
vt 0.58300781 0.66558749
f 577/3181 565/3182 581/3183
vt 0.71386719 0.66558749
vt 0.71386719 0.67284916
vt 0.69897743 0.67284916
f 582/3184 566/3185 578/3186
vt 0.56811805 0.67284916
vt 0.58300781 0.66558749
vt 0.56811805 0.66558749
f 577/3187 581/3188 593/3189
vt 0.69897743 0.66558749
vt 0.71386719 0.66558749
vt 0.69897743 0.67284916
f 594/3190 582/3191 578/3192
vt 0.46386719 0.66558749
vt 0.47876258 0.66558749
vt 0.47876258 0.65136719
f 581/3193 579/3194 595/3195
vt 0.60962196 0.65136719
vt 0.60962196 0.66558749
vt 0.59472656 0.66558749
f 596/3196 580/3197 582/3198
vt 0.46386719 0.66558749
vt 0.47876258 0.65136719
vt 0.46386719 0.65136719
f 581/3199 595/3200 597/3201
vt 0.59472656 0.65136719
vt 0.60962196 0.65136719
vt 0.59472656 0.66558749
f 598/3202 596/3203 582/3204
vt 0.47876258 0.66558749
vt 0.49365798 0.66558749
vt 0.49365798 0.65136719
f 579/3205 583/3206 599/3207
vt 0.62451736 0.65136719
vt 0.62451736 0.66558749
vt 0.60962196 0.66558749
f 600/3208 584/3209 580/3210
vt 0.47876258 0.66558749
vt 0.49365798 0.65136719
vt 0.47876258 0.65136719
f 579/3211 599/3212 595/3213
vt 0.60962196 0.65136719
vt 0.62451736 0.65136719
vt 0.60962196 0.66558749
f 596/3214 600/3215 580/3216
vt 0.49365798 0.66558749
vt 0.50854774 0.66558749
vt 0.50854774 0.65136719
f 583/3217 585/3218 601/3219
vt 0.63940712 0.65136719
vt 0.63940712 0.66558749
vt 0.62451736 0.66558749
f 602/3220 586/3221 584/3222
vt 0.49365798 0.66558749
vt 0.50854774 0.65136719
vt 0.49365798 0.65136719
f 583/3223 601/3224 599/3225
vt 0.62451736 0.65136719
vt 0.63940712 0.65136719
vt 0.62451736 0.66558749
f 600/3226 602/3227 584/3228
vt 0.50854774 0.66558749
vt 0.52343750 0.66558749
vt 0.52343750 0.65136719
f 585/3229 587/3230 603/3231
vt 0.65429688 0.65136719
vt 0.65429688 0.66558749
vt 0.63940712 0.66558749
f 604/3232 588/3233 586/3234
vt 0.50854774 0.66558749
vt 0.52343750 0.65136719
vt 0.50854774 0.65136719
f 585/3235 603/3236 601/3237
vt 0.63940712 0.65136719
vt 0.65429688 0.65136719
vt 0.63940712 0.66558749
f 602/3238 604/3239 586/3240
vt 0.52343750 0.66558749
vt 0.53833290 0.66558749
vt 0.53833290 0.65136719
f 587/3241 589/3242 605/3243
vt 0.66919227 0.65136719
vt 0.66919227 0.66558749
vt 0.65429688 0.66558749
f 606/3244 590/3245 588/3246
vt 0.52343750 0.66558749
vt 0.53833290 0.65136719
vt 0.52343750 0.65136719
f 587/3247 605/3248 603/3249
vt 0.65429688 0.65136719
vt 0.66919227 0.65136719
vt 0.65429688 0.66558749
f 604/3250 606/3251 588/3252
vt 0.53833290 0.66558749
vt 0.55322829 0.66558749
vt 0.55322829 0.65136719
f 589/3253 591/3254 607/3255
vt 0.68408767 0.65136719
vt 0.68408767 0.66558749
vt 0.66919227 0.66558749
f 608/3256 592/3257 590/3258
vt 0.53833290 0.66558749
vt 0.55322829 0.65136719
vt 0.53833290 0.65136719
f 589/3259 607/3260 605/3261
vt 0.66919227 0.65136719
vt 0.68408767 0.65136719
vt 0.66919227 0.66558749
f 606/3262 608/3263 590/3264
vt 0.55322829 0.66558749
vt 0.56811805 0.66558749
vt 0.56811805 0.65136719
f 591/3265 593/3266 609/3267
vt 0.69897743 0.65136719
vt 0.69897743 0.66558749
vt 0.68408767 0.66558749
f 610/3268 594/3269 592/3270
vt 0.55322829 0.66558749
vt 0.56811805 0.65136719
vt 0.55322829 0.65136719
f 591/3271 609/3272 607/3273
vt 0.68408767 0.65136719
vt 0.69897743 0.65136719
vt 0.68408767 0.66558749
f 608/3274 610/3275 592/3276
vt 0.56811805 0.66558749
vt 0.58300781 0.66558749
vt 0.58300781 0.65136719
f 593/3277 581/3278 597/3279
vt 0.71386719 0.65136719
vt 0.71386719 0.66558749
vt 0.69897743 0.66558749
f 598/3280 582/3281 594/3282
vt 0.56811805 0.66558749
vt 0.58300781 0.65136719
vt 0.56811805 0.65136719
f 593/3283 597/3284 609/3285
vt 0.69897743 0.65136719
vt 0.71386719 0.65136719
vt 0.69897743 0.66558749
f 610/3286 598/3287 594/3288
vt 0.72558594 0.71191406
vt 0.73339844 0.71191406
vt 0.72558594 0.70410156
f 516/3289 515/3290 520/3291
vt 0.72558594 0.71191406
vt 0.73339844 0.71191406
vt 0.72558594 0.70410156
f 516/3292 520/3293 519/3294
vt 0.72558594 0.71191406
vt 0.73339844 0.71191406
vt 0.72558594 0.70410156
f 523/3295 516/3296 519/3297
vt 0.72558594 0.71191406
vt 0.73339844 0.71191406
vt 0.72558594 0.70410156
f 523/3298 519/3299 526/3300
vt 0.72558594 0.71191406
vt 0.73339844 0.71191406
vt 0.72558594 0.70410156
f 527/3301 523/3302 526/3303
vt 0.72558594 0.71191406
vt 0.73339844 0.71191406
vt 0.72558594 0.70410156
f 527/3304 526/3305 530/3306
vt 0.72558594 0.71191406
vt 0.73339844 0.71191406
vt 0.72558594 0.70410156
f 531/3307 527/3308 530/3309
vt 0.72558594 0.71191406
vt 0.73339844 0.71191406
vt 0.72558594 0.70410156
f 531/3310 530/3311 534/3312
vt 0.72558594 0.71191406
vt 0.73339844 0.71191406
vt 0.72558594 0.70410156
f 535/3313 531/3314 534/3315
vt 0.72558594 0.71191406
vt 0.73339844 0.71191406
vt 0.72558594 0.70410156
f 535/3316 534/3317 538/3318
vt 0.72558594 0.71191406
vt 0.73339844 0.71191406
vt 0.72558594 0.70410156
f 539/3319 535/3320 538/3321
vt 0.72558594 0.71191406
vt 0.73339844 0.71191406
vt 0.72558594 0.70410156
f 539/3322 538/3323 542/3324
vt 0.72558594 0.71191406
vt 0.73339844 0.71191406
vt 0.72558594 0.70410156
f 543/3325 539/3326 542/3327
vt 0.72558594 0.71191406
vt 0.73339844 0.71191406
vt 0.72558594 0.70410156
f 543/3328 542/3329 546/3330
vt 0.72558594 0.71191406
vt 0.73339844 0.71191406
vt 0.72558594 0.70410156
f 515/3331 543/3332 546/3333
vt 0.72558594 0.71191406
vt 0.73339844 0.71191406
vt 0.72558594 0.70410156
f 515/3334 546/3335 520/3336
vt 0.72558594 0.71191406
vt 0.73339844 0.71191406
vt 0.72558594 0.70410156
f 597/3337 595/3338 596/3339
vt 0.72558594 0.71191406
vt 0.73339844 0.71191406
vt 0.72558594 0.70410156
f 597/3340 596/3341 598/3342
vt 0.72558594 0.71191406
vt 0.73339844 0.71191406
vt 0.72558594 0.70410156
f 595/3343 599/3344 600/3345
vt 0.72558594 0.71191406
vt 0.73339844 0.71191406
vt 0.72558594 0.70410156
f 595/3346 600/3347 596/3348
vt 0.72558594 0.71191406
vt 0.73339844 0.71191406
vt 0.72558594 0.70410156
f 599/3349 601/3350 602/3351
vt 0.72558594 0.71191406
vt 0.73339844 0.71191406
vt 0.72558594 0.70410156
f 599/3352 602/3353 600/3354
vt 0.72558594 0.71191406
vt 0.73339844 0.71191406
vt 0.72558594 0.70410156
f 601/3355 603/3356 604/3357
vt 0.72558594 0.71191406
vt 0.73339844 0.71191406
vt 0.72558594 0.70410156
f 601/3358 604/3359 602/3360
vt 0.72558594 0.71191406
vt 0.73339844 0.71191406
vt 0.72558594 0.70410156
f 603/3361 605/3362 606/3363
vt 0.72558594 0.71191406
vt 0.73339844 0.71191406
vt 0.72558594 0.70410156
f 603/3364 606/3365 604/3366
vt 0.72558594 0.71191406
vt 0.73339844 0.71191406
vt 0.72558594 0.70410156
f 605/3367 607/3368 608/3369
vt 0.72558594 0.71191406
vt 0.73339844 0.71191406
vt 0.72558594 0.70410156
f 605/3370 608/3371 606/3372
vt 0.72558594 0.71191406
vt 0.73339844 0.71191406
vt 0.72558594 0.70410156
f 607/3373 609/3374 610/3375
vt 0.72558594 0.71191406
vt 0.73339844 0.71191406
vt 0.72558594 0.70410156
f 607/3376 610/3377 608/3378
vt 0.72558594 0.71191406
vt 0.73339844 0.71191406
vt 0.72558594 0.70410156
f 609/3379 597/3380 598/3381
vt 0.72558594 0.71191406
vt 0.73339844 0.71191406
vt 0.72558594 0.70410156
f 609/3382 598/3383 610/3384
vt 0.75831934 0.69628906
vt 0.74511719 0.69628906
vt 0.74511719 0.68108259
f 611/3385 612/3386 613/3387
vt 0.79752738 0.69628906
vt 0.78432523 0.68108259
vt 0.78432523 0.69628906
f 614/3388 615/3389 616/3390
vt 0.78417969 0.68108259
vt 0.78417969 0.69628906
vt 0.78432523 0.69628906
f 613/3391 612/3392 616/3393
vt 0.78417969 0.68108259
vt 0.78432523 0.69628906
vt 0.78432523 0.68108259
f 613/3394 616/3395 615/3396
vt 0.75831934 0.69628906
vt 0.74511719 0.68108259
vt 0.75691017 0.68066406
f 611/3397 613/3398 617/3399
vt 0.79752738 0.69628906
vt 0.79611821 0.68066406
vt 0.78432523 0.68108259
f 614/3400 618/3401 615/3402
vt 0.79597267 0.68066406
vt 0.78417969 0.68108259
vt 0.78432523 0.68108259
f 617/3403 613/3404 615/3405
vt 0.79597267 0.68066406
vt 0.78432523 0.68108259
vt 0.79611821 0.68066406
f 617/3406 615/3407 618/3408
vt 0.75831934 0.69628906
vt 0.75691017 0.68066406
vt 0.77246094 0.68108259
f 611/3409 617/3410 619/3411
vt 0.79752738 0.69628906
vt 0.81166898 0.68108259
vt 0.79611821 0.68066406
f 614/3412 620/3413 618/3414
vt 0.81152344 0.68108259
vt 0.79597267 0.68066406
vt 0.79611821 0.68066406
f 619/3415 617/3416 618/3417
vt 0.81152344 0.68108259
vt 0.79611821 0.68066406
vt 0.81166898 0.68108259
f 619/3418 618/3419 620/3420
vt 0.75831934 0.69628906
vt 0.77246094 0.68108259
vt 0.77246094 0.69628906
f 611/3421 619/3422 621/3423
vt 0.79752738 0.69628906
vt 0.81166898 0.69628906
vt 0.81166898 0.68108259
f 614/3424 622/3425 620/3426
vt 0.81152344 0.69628906
vt 0.81152344 0.68108259
vt 0.81166898 0.68108259
f 621/3427 619/3428 620/3429
vt 0.81152344 0.69628906
vt 0.81166898 0.68108259
vt 0.81166898 0.69628906
f 621/3430 620/3431 622/3432
vt 0.75831934 0.69628906
vt 0.77246094 0.69628906
vt 0.77246094 0.71149554
f 611/3433 621/3434 623/3435
vt 0.79752738 0.69628906
vt 0.81166898 0.71149554
vt 0.81166898 0.69628906
f 614/3436 624/3437 622/3438
vt 0.81152344 0.71149554
vt 0.81152344 0.69628906
vt 0.81166898 0.69628906
f 623/3439 621/3440 622/3441
vt 0.81152344 0.71149554
vt 0.81166898 0.69628906
vt 0.81166898 0.71149554
f 623/3442 622/3443 624/3444
vt 0.75831934 0.69628906
vt 0.77246094 0.71149554
vt 0.75691017 0.71191406
f 611/3445 623/3446 625/3447
vt 0.79752738 0.69628906
vt 0.79611821 0.71191406
vt 0.81166898 0.71149554
f 614/3448 626/3449 624/3450
vt 0.79597267 0.71191406
vt 0.81152344 0.71149554
vt 0.81166898 0.71149554
f 625/3451 623/3452 624/3453
vt 0.79597267 0.71191406
vt 0.81166898 0.71149554
vt 0.79611821 0.71191406
f 625/3454 624/3455 626/3456
vt 0.75831934 0.69628906
vt 0.75691017 0.71191406
vt 0.74511719 0.71149554
f 611/3457 625/3458 627/3459
vt 0.79752738 0.69628906
vt 0.78432523 0.71149554
vt 0.79611821 0.71191406
f 614/3460 628/3461 626/3462
vt 0.78417969 0.71149554
vt 0.79597267 0.71191406
vt 0.79611821 0.71191406
f 627/3463 625/3464 626/3465
vt 0.78417969 0.71149554
vt 0.79611821 0.71191406
vt 0.78432523 0.71149554
f 627/3466 626/3467 628/3468
vt 0.75831934 0.69628906
vt 0.74511719 0.71149554
vt 0.74511719 0.69628906
f 611/3469 627/3470 612/3471
vt 0.79752738 0.69628906
vt 0.78432523 0.69628906
vt 0.78432523 0.71149554
f 614/3472 616/3473 628/3474
vt 0.78417969 0.69628906
vt 0.78417969 0.71149554
vt 0.78432523 0.71149554
f 612/3475 627/3476 628/3477
vt 0.78417969 0.69628906
vt 0.78432523 0.71149554
vt 0.78432523 0.69628906
f 612/3478 628/3479 616/3480
vt 0.82324219 0.71191406
vt 0.83756872 0.71191406
vt 0.83756872 0.70345052
f 629/3481 630/3482 631/3483
vt 0.89225622 0.70345052
vt 0.89225622 0.71191406
vt 0.87792969 0.71191406
f 632/3484 633/3485 634/3486
vt 0.82324219 0.71191406
vt 0.83756872 0.70345052
vt 0.82324219 0.70345052
f 629/3487 631/3488 635/3489
vt 0.87792969 0.70345052
vt 0.89225622 0.70345052
vt 0.87792969 0.71191406
f 636/3490 632/3491 634/3492
vt 0.83756872 0.71191406
vt 0.85188983 0.71191406
vt 0.85188983 0.70345052
f 630/3493 637/3494 638/3495
vt 0.90657733 0.70345052
vt 0.90657733 0.71191406
vt 0.89225622 0.71191406
f 639/3496 640/3497 633/3498
vt 0.83756872 0.71191406
vt 0.85188983 0.70345052
vt 0.83756872 0.70345052
f 630/3499 638/3500 631/3501
vt 0.89225622 0.70345052
vt 0.90657733 0.70345052
vt 0.89225622 0.71191406
f 632/3502 639/3503 633/3504
vt 0.85188983 0.71191406
vt 0.86621094 0.71191406
vt 0.86621094 0.70345052
f 637/3505 641/3506 642/3507
vt 0.92089844 0.70345052
vt 0.92089844 0.71191406
vt 0.90657733 0.71191406
f 643/3508 644/3509 640/3510
vt 0.85188983 0.71191406
vt 0.86621094 0.70345052
vt 0.85188983 0.70345052
f 637/3511 642/3512 638/3513
vt 0.90657733 0.70345052
vt 0.92089844 0.70345052
vt 0.90657733 0.71191406
f 639/3514 643/3515 640/3516
vt 0.82324219 0.70345052
vt 0.83756872 0.70345052
vt 0.83756871 0.69824219
f 635/3517 631/3518 645/3519
vt 0.89225621 0.69824219
vt 0.89225622 0.70345052
vt 0.87792969 0.70345052
f 646/3520 632/3521 636/3522
vt 0.82324219 0.70345052
vt 0.83756871 0.69824219
vt 0.82324219 0.69824219
f 635/3523 645/3524 647/3525
vt 0.87792969 0.69824219
vt 0.89225621 0.69824219
vt 0.87792969 0.70345052
f 648/3526 646/3527 636/3528
vt 0.83756872 0.70345052
vt 0.85188983 0.70345052
vt 0.85188983 0.69824219
f 631/3529 638/3530 649/3531
vt 0.90657733 0.69824219
vt 0.90657733 0.70345052
vt 0.89225622 0.70345052
f 650/3532 639/3533 632/3534
vt 0.83756872 0.70345052
vt 0.85188983 0.69824219
vt 0.83756871 0.69824219
f 631/3535 649/3536 645/3537
vt 0.89225621 0.69824219
vt 0.90657733 0.69824219
vt 0.89225622 0.70345052
f 646/3538 650/3539 632/3540
vt 0.85188983 0.70345052
vt 0.86621094 0.70345052
vt 0.86621094 0.69824219
f 638/3541 642/3542 651/3543
vt 0.92089844 0.69824219
vt 0.92089844 0.70345052
vt 0.90657733 0.70345052
f 652/3544 643/3545 639/3546
vt 0.85188983 0.70345052
vt 0.86621094 0.69824219
vt 0.85188983 0.69824219
f 638/3547 651/3548 649/3549
vt 0.90657733 0.69824219
vt 0.92089844 0.69824219
vt 0.90657733 0.70345052
f 650/3550 652/3551 639/3552
vt 0.93261719 0.71191406
vt 0.94042969 0.71191406
vt 0.93261719 0.70410156
f 630/3553 629/3554 634/3555
vt 0.93261719 0.71191406
vt 0.94042969 0.71191406
vt 0.93261719 0.70410156
f 630/3556 634/3557 633/3558
vt 0.93261719 0.71191406
vt 0.94042969 0.71191406
vt 0.93261719 0.70410156
f 629/3559 635/3560 636/3561
vt 0.93261719 0.71191406
vt 0.94042969 0.71191406
vt 0.93261719 0.70410156
f 629/3562 636/3563 634/3564
vt 0.93261719 0.71191406
vt 0.94042969 0.71191406
vt 0.93261719 0.70410156
f 637/3565 630/3566 633/3567
vt 0.93261719 0.71191406
vt 0.94042969 0.71191406
vt 0.93261719 0.70410156
f 637/3568 633/3569 640/3570
vt 0.93261719 0.71191406
vt 0.94042969 0.71191406
vt 0.93261719 0.70410156
f 641/3571 637/3572 640/3573
vt 0.93261719 0.71191406
vt 0.94042969 0.71191406
vt 0.93261719 0.70410156
f 641/3574 640/3575 644/3576
vt 0.93261719 0.71191406
vt 0.94042969 0.71191406
vt 0.93261719 0.70410156
f 642/3577 641/3578 644/3579
vt 0.93261719 0.71191406
vt 0.94042969 0.71191406
vt 0.93261719 0.70410156
f 642/3580 644/3581 643/3582
vt 0.93261719 0.71191406
vt 0.94042969 0.71191406
vt 0.93261719 0.70410156
f 647/3583 645/3584 646/3585
vt 0.93261719 0.71191406
vt 0.94042969 0.71191406
vt 0.93261719 0.70410156
f 647/3586 646/3587 648/3588
vt 0.93261719 0.71191406
vt 0.94042969 0.71191406
vt 0.93261719 0.70410156
f 635/3589 647/3590 648/3591
vt 0.93261719 0.71191406
vt 0.94042969 0.71191406
vt 0.93261719 0.70410156
f 635/3592 648/3593 636/3594
vt 0.93261719 0.71191406
vt 0.94042969 0.71191406
vt 0.93261719 0.70410156
f 645/3595 649/3596 650/3597
vt 0.93261719 0.71191406
vt 0.94042969 0.71191406
vt 0.93261719 0.70410156
f 645/3598 650/3599 646/3600
vt 0.93261719 0.71191406
vt 0.94042969 0.71191406
vt 0.93261719 0.70410156
f 651/3601 642/3602 643/3603
vt 0.93261719 0.71191406
vt 0.94042969 0.71191406
vt 0.93261719 0.70410156
f 651/3604 643/3605 652/3606
vt 0.93261719 0.71191406
vt 0.94042969 0.71191406
vt 0.93261719 0.70410156
f 649/3607 651/3608 652/3609
vt 0.93261719 0.71191406
vt 0.94042969 0.71191406
vt 0.93261719 0.70410156
f 649/3610 652/3611 650/3612
vt 0.00292969 0.63964844
vt 0.01725621 0.63964844
vt 0.01725621 0.63183594
f 653/3613 654/3614 655/3615
vt 0.07194371 0.63183594
vt 0.07194371 0.63964844
vt 0.05761719 0.63964844
f 656/3616 657/3617 658/3618
vt 0.00292969 0.63964844
vt 0.01725621 0.63183594
vt 0.00292969 0.63183594
f 653/3619 655/3620 659/3621
vt 0.05761719 0.63183594
vt 0.07194371 0.63183594
vt 0.05761719 0.63964844
f 660/3622 656/3623 658/3624
vt 0.01725621 0.63964844
vt 0.03157733 0.63964844
vt 0.03157733 0.63183594
f 654/3625 661/3626 662/3627
vt 0.08626483 0.63183594
vt 0.08626483 0.63964844
vt 0.07194371 0.63964844
f 663/3628 664/3629 657/3630
vt 0.01725621 0.63964844
vt 0.03157733 0.63183594
vt 0.01725621 0.63183594
f 654/3631 662/3632 655/3633
vt 0.07194371 0.63183594
vt 0.08626483 0.63183594
vt 0.07194371 0.63964844
f 656/3634 663/3635 657/3636
vt 0.03157733 0.63964844
vt 0.04589844 0.63964844
vt 0.04589844 0.63183594
f 661/3637 665/3638 666/3639
vt 0.10058594 0.63183594
vt 0.10058594 0.63964844
vt 0.08626483 0.63964844
f 667/3640 668/3641 664/3642
vt 0.03157733 0.63964844
vt 0.04589844 0.63183594
vt 0.03157733 0.63183594
f 661/3643 666/3644 662/3645
vt 0.08626483 0.63183594
vt 0.10058594 0.63183594
vt 0.08626483 0.63964844
f 663/3646 667/3647 664/3648
vt 0.11230469 0.63964844
vt 0.12011719 0.63964844
vt 0.11230469 0.63183594
f 654/3649 653/3650 658/3651
vt 0.11230469 0.63964844
vt 0.12011719 0.63964844
vt 0.11230469 0.63183594
f 654/3652 658/3653 657/3654
vt 0.11230469 0.63964844
vt 0.12011719 0.63964844
vt 0.11230469 0.63183594
f 659/3655 655/3656 656/3657
vt 0.11230469 0.63964844
vt 0.12011719 0.63964844
vt 0.11230469 0.63183594
f 659/3658 656/3659 660/3660
vt 0.11230469 0.63964844
vt 0.12011719 0.63964844
vt 0.11230469 0.63183594
f 653/3661 659/3662 660/3663
vt 0.11230469 0.63964844
vt 0.12011719 0.63964844
vt 0.11230469 0.63183594
f 653/3664 660/3665 658/3666
vt 0.11230469 0.63964844
vt 0.12011719 0.63964844
vt 0.11230469 0.63183594
f 661/3667 654/3668 657/3669
vt 0.11230469 0.63964844
vt 0.12011719 0.63964844
vt 0.11230469 0.63183594
f 661/3670 657/3671 664/3672
vt 0.11230469 0.63964844
vt 0.12011719 0.63964844
vt 0.11230469 0.63183594
f 655/3673 662/3674 663/3675
vt 0.11230469 0.63964844
vt 0.12011719 0.63964844
vt 0.11230469 0.63183594
f 655/3676 663/3677 656/3678
vt 0.11230469 0.63964844
vt 0.12011719 0.63964844
vt 0.11230469 0.63183594
f 665/3679 661/3680 664/3681
vt 0.11230469 0.63964844
vt 0.12011719 0.63964844
vt 0.11230469 0.63183594
f 665/3682 664/3683 668/3684
vt 0.11230469 0.63964844
vt 0.12011719 0.63964844
vt 0.11230469 0.63183594
f 666/3685 665/3686 668/3687
vt 0.11230469 0.63964844
vt 0.12011719 0.63964844
vt 0.11230469 0.63183594
f 666/3688 668/3689 667/3690
vt 0.11230469 0.63964844
vt 0.12011719 0.63964844
vt 0.11230469 0.63183594
f 662/3691 666/3692 667/3693
vt 0.11230469 0.63964844
vt 0.12011719 0.63964844
vt 0.11230469 0.63183594
f 662/3694 667/3695 663/3696
vt 0.13183594 0.63964844
vt 0.14526621 0.63964844
vt 0.14526621 0.63183594
f 669/3697 670/3698 671/3699
vt 0.26440684 0.63183594
vt 0.26440684 0.63964844
vt 0.25097656 0.63964844
f 672/3700 673/3701 674/3702
vt 0.13183594 0.63964844
vt 0.14526621 0.63183594
vt 0.13183594 0.63183594
f 669/3703 671/3704 675/3705
vt 0.25097656 0.63183594
vt 0.26440684 0.63183594
vt 0.25097656 0.63964844
f 676/3706 672/3707 674/3708
vt 0.14526621 0.63964844
vt 0.15869649 0.63964844
vt 0.15869649 0.63183594
f 670/3709 677/3710 678/3711
vt 0.27783712 0.63183594
vt 0.27783712 0.63964844
vt 0.26440684 0.63964844
f 679/3712 680/3713 673/3714
vt 0.14526621 0.63964844
vt 0.15869649 0.63183594
vt 0.14526621 0.63183594
f 670/3715 678/3716 671/3717
vt 0.26440684 0.63183594
vt 0.27783712 0.63183594
vt 0.26440684 0.63964844
f 672/3718 679/3719 673/3720
vt 0.15869649 0.63964844
vt 0.17212168 0.63964844
vt 0.17212168 0.63183594
f 677/3721 681/3722 682/3723
vt 0.29126231 0.63183594
vt 0.29126231 0.63964844
vt 0.27783712 0.63964844
f 683/3724 684/3725 680/3726
vt 0.15869649 0.63964844
vt 0.17212168 0.63183594
vt 0.15869649 0.63183594
f 677/3727 682/3728 678/3729
vt 0.27783712 0.63183594
vt 0.29126231 0.63183594
vt 0.27783712 0.63964844
f 679/3730 683/3731 680/3732
vt 0.17212168 0.63964844
vt 0.18554688 0.63964844
vt 0.18554688 0.63183594
f 681/3733 685/3734 686/3735
vt 0.30468750 0.63183594
vt 0.30468750 0.63964844
vt 0.29126231 0.63964844
f 687/3736 688/3737 684/3738
vt 0.17212168 0.63964844
vt 0.18554688 0.63183594
vt 0.17212168 0.63183594
f 681/3739 686/3740 682/3741
vt 0.29126231 0.63183594
vt 0.30468750 0.63183594
vt 0.29126231 0.63964844
f 683/3742 687/3743 684/3744
vt 0.18554688 0.63964844
vt 0.19897715 0.63964844
vt 0.19897715 0.63183594
f 685/3745 689/3746 690/3747
vt 0.31811778 0.63183594
vt 0.31811778 0.63964844
vt 0.30468750 0.63964844
f 691/3748 692/3749 688/3750
vt 0.18554688 0.63964844
vt 0.19897715 0.63183594
vt 0.18554688 0.63183594
f 685/3751 690/3752 686/3753
vt 0.30468750 0.63183594
vt 0.31811778 0.63183594
vt 0.30468750 0.63964844
f 687/3754 691/3755 688/3756
vt 0.19897715 0.63964844
vt 0.21240743 0.63964844
vt 0.21240743 0.63183594
f 689/3757 693/3758 694/3759
vt 0.33154805 0.63183594
vt 0.33154805 0.63964844
vt 0.31811778 0.63964844
f 695/3760 696/3761 692/3762
vt 0.19897715 0.63964844
vt 0.21240743 0.63183594
vt 0.19897715 0.63183594
f 689/3763 694/3764 690/3765
vt 0.31811778 0.63183594
vt 0.33154805 0.63183594
vt 0.31811778 0.63964844
f 691/3766 695/3767 692/3768
vt 0.21240743 0.63964844
vt 0.22583262 0.63964844
vt 0.22583262 0.63183594
f 693/3769 697/3770 698/3771
vt 0.34497325 0.63183594
vt 0.34497325 0.63964844
vt 0.33154805 0.63964844
f 699/3772 700/3773 696/3774
vt 0.21240743 0.63964844
vt 0.22583262 0.63183594
vt 0.21240743 0.63183594
f 693/3775 698/3776 694/3777
vt 0.33154805 0.63183594
vt 0.34497325 0.63183594
vt 0.33154805 0.63964844
f 695/3778 699/3779 696/3780
vt 0.22583262 0.63964844
vt 0.23925781 0.63964844
vt 0.23925781 0.63183594
f 697/3781 669/3782 675/3783
vt 0.35839844 0.63183594
vt 0.35839844 0.63964844
vt 0.34497325 0.63964844
f 676/3784 674/3785 700/3786
vt 0.22583262 0.63964844
vt 0.23925781 0.63183594
vt 0.22583262 0.63183594
f 697/3787 675/3788 698/3789
vt 0.34497325 0.63183594
vt 0.35839844 0.63183594
vt 0.34497325 0.63964844
f 699/3790 676/3791 700/3792
vt 0.37011719 0.63964844
vt 0.37792969 0.63964844
vt 0.37011719 0.63183594
f 670/3793 669/3794 674/3795
vt 0.37011719 0.63964844
vt 0.37792969 0.63964844
vt 0.37011719 0.63183594
f 670/3796 674/3797 673/3798
vt 0.37011719 0.63964844
vt 0.37792969 0.63964844
vt 0.37011719 0.63183594
f 675/3799 671/3800 672/3801
vt 0.37011719 0.63964844
vt 0.37792969 0.63964844
vt 0.37011719 0.63183594
f 675/3802 672/3803 676/3804
vt 0.37011719 0.63964844
vt 0.37792969 0.63964844
vt 0.37011719 0.63183594
f 677/3805 670/3806 673/3807
vt 0.37011719 0.63964844
vt 0.37792969 0.63964844
vt 0.37011719 0.63183594
f 677/3808 673/3809 680/3810
vt 0.37011719 0.63964844
vt 0.37792969 0.63964844
vt 0.37011719 0.63183594
f 671/3811 678/3812 679/3813
vt 0.37011719 0.63964844
vt 0.37792969 0.63964844
vt 0.37011719 0.63183594
f 671/3814 679/3815 672/3816
vt 0.37011719 0.63964844
vt 0.37792969 0.63964844
vt 0.37011719 0.63183594
f 681/3817 677/3818 680/3819
vt 0.37011719 0.63964844
vt 0.37792969 0.63964844
vt 0.37011719 0.63183594
f 681/3820 680/3821 684/3822
vt 0.37011719 0.63964844
vt 0.37792969 0.63964844
vt 0.37011719 0.63183594
f 678/3823 682/3824 683/3825
vt 0.37011719 0.63964844
vt 0.37792969 0.63964844
vt 0.37011719 0.63183594
f 678/3826 683/3827 679/3828
vt 0.37011719 0.63964844
vt 0.37792969 0.63964844
vt 0.37011719 0.63183594
f 685/3829 681/3830 684/3831
vt 0.37011719 0.63964844
vt 0.37792969 0.63964844
vt 0.37011719 0.63183594
f 685/3832 684/3833 688/3834
vt 0.37011719 0.63964844
vt 0.37792969 0.63964844
vt 0.37011719 0.63183594
f 682/3835 686/3836 687/3837
vt 0.37011719 0.63964844
vt 0.37792969 0.63964844
vt 0.37011719 0.63183594
f 682/3838 687/3839 683/3840
vt 0.37011719 0.63964844
vt 0.37792969 0.63964844
vt 0.37011719 0.63183594
f 689/3841 685/3842 688/3843
vt 0.37011719 0.63964844
vt 0.37792969 0.63964844
vt 0.37011719 0.63183594
f 689/3844 688/3845 692/3846
vt 0.37011719 0.63964844
vt 0.37792969 0.63964844
vt 0.37011719 0.63183594
f 686/3847 690/3848 691/3849
vt 0.37011719 0.63964844
vt 0.37792969 0.63964844
vt 0.37011719 0.63183594
f 686/3850 691/3851 687/3852
vt 0.37011719 0.63964844
vt 0.37792969 0.63964844
vt 0.37011719 0.63183594
f 693/3853 689/3854 692/3855
vt 0.37011719 0.63964844
vt 0.37792969 0.63964844
vt 0.37011719 0.63183594
f 693/3856 692/3857 696/3858
vt 0.37011719 0.63964844
vt 0.37792969 0.63964844
vt 0.37011719 0.63183594
f 690/3859 694/3860 695/3861
vt 0.37011719 0.63964844
vt 0.37792969 0.63964844
vt 0.37011719 0.63183594
f 690/3862 695/3863 691/3864
vt 0.37011719 0.63964844
vt 0.37792969 0.63964844
vt 0.37011719 0.63183594
f 697/3865 693/3866 696/3867
vt 0.37011719 0.63964844
vt 0.37792969 0.63964844
vt 0.37011719 0.63183594
f 697/3868 696/3869 700/3870
vt 0.37011719 0.63964844
vt 0.37792969 0.63964844
vt 0.37011719 0.63183594
f 694/3871 698/3872 699/3873
vt 0.37011719 0.63964844
vt 0.37792969 0.63964844
vt 0.37011719 0.63183594
f 694/3874 699/3875 695/3876
vt 0.37011719 0.63964844
vt 0.37792969 0.63964844
vt 0.37011719 0.63183594
f 669/3877 697/3878 700/3879
vt 0.37011719 0.63964844
vt 0.37792969 0.63964844
vt 0.37011719 0.63183594
f 669/3880 700/3881 674/3882
vt 0.37011719 0.63964844
vt 0.37792969 0.63964844
vt 0.37011719 0.63183594
f 698/3883 675/3884 676/3885
vt 0.37011719 0.63964844
vt 0.37792969 0.63964844
vt 0.37011719 0.63183594
f 698/3886 676/3887 699/3888
vt 0.38964844 0.63964844
vt 0.40192079 0.63964844
vt 0.40185547 0.62924670
f 701/3889 702/3890 703/3891
vt 0.46240234 0.62924670
vt 0.46246766 0.63964844
vt 0.45019531 0.63964844
f 704/3892 705/3893 706/3894
vt 0.38964844 0.63964844
vt 0.40185547 0.62924670
vt 0.38964844 0.62924670
f 701/3895 703/3896 707/3897
vt 0.45019531 0.62924670
vt 0.46240234 0.62924670
vt 0.45019531 0.63964844
f 708/3898 704/3899 706/3900
vt 0.40192079 0.63964844
vt 0.41406250 0.63964844
vt 0.41406250 0.62924670
f 702/3901 709/3902 710/3903
vt 0.47460938 0.62924670
vt 0.47460938 0.63964844
vt 0.46246766 0.63964844
f 711/3904 712/3905 705/3906
vt 0.40192079 0.63964844
vt 0.41406250 0.62924670
vt 0.40185547 0.62924670
f 702/3907 710/3908 703/3909
vt 0.46240234 0.62924670
vt 0.47460938 0.62924670
vt 0.46246766 0.63964844
f 704/3910 711/3911 705/3912
vt 0.41406250 0.63964844
vt 0.42620421 0.63964844
vt 0.42626953 0.62924670
f 709/3913 713/3914 714/3915
vt 0.48681641 0.62924670
vt 0.48675109 0.63964844
vt 0.47460938 0.63964844
f 715/3916 716/3917 712/3918
vt 0.41406250 0.63964844
vt 0.42626953 0.62924670
vt 0.41406250 0.62924670
f 709/3919 714/3920 710/3921
vt 0.47460938 0.62924670
vt 0.48681641 0.62924670
vt 0.47460938 0.63964844
f 711/3922 715/3923 712/3924
vt 0.42620421 0.63964844
vt 0.43847656 0.63964844
vt 0.43847656 0.62924670
f 713/3925 717/3926 718/3927
vt 0.49902344 0.62924670
vt 0.49902344 0.63964844
vt 0.48675109 0.63964844
f 719/3928 720/3929 716/3930
vt 0.42620421 0.63964844
vt 0.43847656 0.62924670
vt 0.42626953 0.62924670
f 713/3931 718/3932 714/3933
vt 0.48681641 0.62924670
vt 0.49902344 0.62924670
vt 0.48675109 0.63964844
f 715/3934 719/3935 716/3936
vt 0.38964844 0.62924670
vt 0.40185547 0.62924670
vt 0.40185547 0.61110414
f 707/3937 703/3938 721/3939
vt 0.46240234 0.61110414
vt 0.46240234 0.62924670
vt 0.45019531 0.62924670
f 722/3940 704/3941 708/3942
vt 0.38964844 0.62924670
vt 0.40185547 0.61110414
vt 0.38964844 0.61110414
f 707/3943 721/3944 723/3945
vt 0.45019531 0.61110414
vt 0.46240234 0.61110414
vt 0.45019531 0.62924670
f 724/3946 722/3947 708/3948
vt 0.40185547 0.62924670
vt 0.41406250 0.62924670
vt 0.41406250 0.61110414
f 703/3949 710/3950 725/3951
vt 0.47460938 0.61110414
vt 0.47460938 0.62924670
vt 0.46240234 0.62924670
f 726/3952 711/3953 704/3954
vt 0.40185547 0.62924670
vt 0.41406250 0.61110414
vt 0.40185547 0.61110414
f 703/3955 725/3956 721/3957
vt 0.46240234 0.61110414
vt 0.47460938 0.61110414
vt 0.46240234 0.62924670
f 722/3958 726/3959 704/3960
vt 0.41406250 0.62924670
vt 0.42626953 0.62924670
vt 0.42626953 0.61110414
f 710/3961 714/3962 727/3963
vt 0.48681641 0.61110414
vt 0.48681641 0.62924670
vt 0.47460938 0.62924670
f 728/3964 715/3965 711/3966
vt 0.41406250 0.62924670
vt 0.42626953 0.61110414
vt 0.41406250 0.61110414
f 710/3967 727/3968 725/3969
vt 0.47460938 0.61110414
vt 0.48681641 0.61110414
vt 0.47460938 0.62924670
f 726/3970 728/3971 711/3972
vt 0.42626953 0.62924670
vt 0.43847656 0.62924670
vt 0.43847656 0.61110414
f 714/3973 718/3974 729/3975
vt 0.49902344 0.61110414
vt 0.49902344 0.62924670
vt 0.48681641 0.62924670
f 730/3976 719/3977 715/3978
vt 0.42626953 0.62924670
vt 0.43847656 0.61110414
vt 0.42626953 0.61110414
f 714/3979 729/3980 727/3981
vt 0.48681641 0.61110414
vt 0.49902344 0.61110414
vt 0.48681641 0.62924670
f 728/3982 730/3983 715/3984
vt 0.38964844 0.61110414
vt 0.40185547 0.61110414
vt 0.40185547 0.58691406
f 723/3985 721/3986 731/3987
vt 0.46240234 0.58691406
vt 0.46240234 0.61110414
vt 0.45019531 0.61110414
f 732/3988 722/3989 724/3990
vt 0.38964844 0.61110414
vt 0.40185547 0.58691406
vt 0.38964844 0.58691406
f 723/3991 731/3992 733/3993
vt 0.45019531 0.58691406
vt 0.46240234 0.58691406
vt 0.45019531 0.61110414
f 734/3994 732/3995 724/3996
vt 0.40185547 0.61110414
vt 0.41406250 0.61110414
vt 0.41406250 0.58691406
f 721/3997 725/3998 735/3999
vt 0.47460938 0.58691406
vt 0.47460938 0.61110414
vt 0.46240234 0.61110414
f 736/4000 726/4001 722/4002
vt 0.40185547 0.61110414
vt 0.41406250 0.58691406
vt 0.40185547 0.58691406
f 721/4003 735/4004 731/4005
vt 0.46240234 0.58691406
vt 0.47460938 0.58691406
vt 0.46240234 0.61110414
f 732/4006 736/4007 722/4008
vt 0.41406250 0.61110414
vt 0.42626953 0.61110414
vt 0.42626953 0.58691406
f 725/4009 727/4010 737/4011
vt 0.48681641 0.58691406
vt 0.48681641 0.61110414
vt 0.47460938 0.61110414
f 738/4012 728/4013 726/4014
vt 0.41406250 0.61110414
vt 0.42626953 0.58691406
vt 0.41406250 0.58691406
f 725/4015 737/4016 735/4017
vt 0.47460938 0.58691406
vt 0.48681641 0.58691406
vt 0.47460938 0.61110414
f 736/4018 738/4019 726/4020
vt 0.42626953 0.61110414
vt 0.43847656 0.61110414
vt 0.43847656 0.58691406
f 727/4021 729/4022 739/4023
vt 0.49902344 0.58691406
vt 0.49902344 0.61110414
vt 0.48681641 0.61110414
f 740/4024 730/4025 728/4026
vt 0.42626953 0.61110414
vt 0.43847656 0.58691406
vt 0.42626953 0.58691406
f 727/4027 739/4028 737/4029
vt 0.48681641 0.58691406
vt 0.49902344 0.58691406
vt 0.48681641 0.61110414
f 738/4030 740/4031 728/4032
vt 0.51074219 0.63964844
vt 0.51855469 0.63964844
vt 0.51074219 0.63183594
f 702/4033 701/4034 706/4035
vt 0.51074219 0.63964844
vt 0.51855469 0.63964844
vt 0.51074219 0.63183594
f 702/4036 706/4037 705/4038
vt 0.51074219 0.63964844
vt 0.51855469 0.63964844
vt 0.51074219 0.63183594
f 701/4039 707/4040 708/4041
vt 0.51074219 0.63964844
vt 0.51855469 0.63964844
vt 0.51074219 0.63183594
f 701/4042 708/4043 706/4044
vt 0.51074219 0.63964844
vt 0.51855469 0.63964844
vt 0.51074219 0.63183594
f 709/4045 702/4046 705/4047
vt 0.51074219 0.63964844
vt 0.51855469 0.63964844
vt 0.51074219 0.63183594
f 709/4048 705/4049 712/4050
vt 0.51074219 0.63964844
vt 0.51855469 0.63964844
vt 0.51074219 0.63183594
f 713/4051 709/4052 712/4053
vt 0.51074219 0.63964844
vt 0.51855469 0.63964844
vt 0.51074219 0.63183594
f 713/4054 712/4055 716/4056
vt 0.51074219 0.63964844
vt 0.51855469 0.63964844
vt 0.51074219 0.63183594
f 717/4057 713/4058 716/4059
vt 0.51074219 0.63964844
vt 0.51855469 0.63964844
vt 0.51074219 0.63183594
f 717/4060 716/4061 720/4062
vt 0.51074219 0.63964844
vt 0.51855469 0.63964844
vt 0.51074219 0.63183594
f 718/4063 717/4064 720/4065
vt 0.51074219 0.63964844
vt 0.51855469 0.63964844
vt 0.51074219 0.63183594
f 718/4066 720/4067 719/4068
vt 0.51074219 0.63964844
vt 0.51855469 0.63964844
vt 0.51074219 0.63183594
f 707/4069 723/4070 724/4071
vt 0.51074219 0.63964844
vt 0.51855469 0.63964844
vt 0.51074219 0.63183594
f 707/4072 724/4073 708/4074
vt 0.51074219 0.63964844
vt 0.51855469 0.63964844
vt 0.51074219 0.63183594
f 729/4075 718/4076 719/4077
vt 0.51074219 0.63964844
vt 0.51855469 0.63964844
vt 0.51074219 0.63183594
f 729/4078 719/4079 730/4080
vt 0.51074219 0.63964844
vt 0.51855469 0.63964844
vt 0.51074219 0.63183594
f 733/4081 731/4082 732/4083
vt 0.51074219 0.63964844
vt 0.51855469 0.63964844
vt 0.51074219 0.63183594
f 733/4084 732/4085 734/4086
vt 0.51074219 0.63964844
vt 0.51855469 0.63964844
vt 0.51074219 0.63183594
f 723/4087 733/4088 734/4089
vt 0.51074219 0.63964844
vt 0.51855469 0.63964844
vt 0.51074219 0.63183594
f 723/4090 734/4091 724/4092
vt 0.51074219 0.63964844
vt 0.51855469 0.63964844
vt 0.51074219 0.63183594
f 731/4093 735/4094 736/4095
vt 0.51074219 0.63964844
vt 0.51855469 0.63964844
vt 0.51074219 0.63183594
f 731/4096 736/4097 732/4098
vt 0.51074219 0.63964844
vt 0.51855469 0.63964844
vt 0.51074219 0.63183594
f 735/4099 737/4100 738/4101
vt 0.51074219 0.63964844
vt 0.51855469 0.63964844
vt 0.51074219 0.63183594
f 735/4102 738/4103 736/4104
vt 0.51074219 0.63964844
vt 0.51855469 0.63964844
vt 0.51074219 0.63183594
f 739/4105 729/4106 730/4107
vt 0.51074219 0.63964844
vt 0.51855469 0.63964844
vt 0.51074219 0.63183594
f 739/4108 730/4109 740/4110
vt 0.51074219 0.63964844
vt 0.51855469 0.63964844
vt 0.51074219 0.63183594
f 737/4111 739/4112 740/4113
vt 0.51074219 0.63964844
vt 0.51855469 0.63964844
vt 0.51074219 0.63183594
f 737/4114 740/4115 738/4116
vt 0.53027344 0.63964844
vt 0.54254579 0.63964844
vt 0.54248047 0.62924670
f 741/4117 742/4118 743/4119
vt 0.60302734 0.62924670
vt 0.60309266 0.63964844
vt 0.59082031 0.63964844
f 744/4120 745/4121 746/4122
vt 0.53027344 0.63964844
vt 0.54248047 0.62924670
vt 0.53027344 0.62924670
f 741/4123 743/4124 747/4125
vt 0.59082031 0.62924670
vt 0.60302734 0.62924670
vt 0.59082031 0.63964844
f 748/4126 744/4127 746/4128
vt 0.54254579 0.63964844
vt 0.55468750 0.63964844
vt 0.55468750 0.62924670
f 742/4129 749/4130 750/4131
vt 0.61523438 0.62924670
vt 0.61523438 0.63964844
vt 0.60309266 0.63964844
f 751/4132 752/4133 745/4134
vt 0.54254579 0.63964844
vt 0.55468750 0.62924670
vt 0.54248047 0.62924670
f 742/4135 750/4136 743/4137
vt 0.60302734 0.62924670
vt 0.61523438 0.62924670
vt 0.60309266 0.63964844
f 744/4138 751/4139 745/4140
vt 0.55468750 0.63964844
vt 0.56682921 0.63964844
vt 0.56689453 0.62924670
f 749/4141 753/4142 754/4143
vt 0.62744141 0.62924670
vt 0.62737609 0.63964844
vt 0.61523438 0.63964844
f 755/4144 756/4145 752/4146
vt 0.55468750 0.63964844
vt 0.56689453 0.62924670
vt 0.55468750 0.62924670
f 749/4147 754/4148 750/4149
vt 0.61523438 0.62924670
vt 0.62744141 0.62924670
vt 0.61523438 0.63964844
f 751/4150 755/4151 752/4152
vt 0.56682921 0.63964844
vt 0.57910156 0.63964844
vt 0.57910156 0.62924670
f 753/4153 757/4154 758/4155
vt 0.63964844 0.62924670
vt 0.63964844 0.63964844
vt 0.62737609 0.63964844
f 759/4156 760/4157 756/4158
vt 0.56682921 0.63964844
vt 0.57910156 0.62924670
vt 0.56689453 0.62924670
f 753/4159 758/4160 754/4161
vt 0.62744141 0.62924670
vt 0.63964844 0.62924670
vt 0.62737609 0.63964844
f 755/4162 759/4163 756/4164
vt 0.53027344 0.62924670
vt 0.54248047 0.62924670
vt 0.54248047 0.61110414
f 747/4165 743/4166 761/4167
vt 0.60302734 0.61110414
vt 0.60302734 0.62924670
vt 0.59082031 0.62924670
f 762/4168 744/4169 748/4170
vt 0.53027344 0.62924670
vt 0.54248047 0.61110414
vt 0.53027344 0.61110414
f 747/4171 761/4172 763/4173
vt 0.59082031 0.61110414
vt 0.60302734 0.61110414
vt 0.59082031 0.62924670
f 764/4174 762/4175 748/4176
vt 0.54248047 0.62924670
vt 0.55468750 0.62924670
vt 0.55468750 0.61110414
f 743/4177 750/4178 765/4179
vt 0.61523438 0.61110414
vt 0.61523438 0.62924670
vt 0.60302734 0.62924670
f 766/4180 751/4181 744/4182
vt 0.54248047 0.62924670
vt 0.55468750 0.61110414
vt 0.54248047 0.61110414
f 743/4183 765/4184 761/4185
vt 0.60302734 0.61110414
vt 0.61523438 0.61110414
vt 0.60302734 0.62924670
f 762/4186 766/4187 744/4188
vt 0.55468750 0.62924670
vt 0.56689453 0.62924670
vt 0.56689453 0.61110414
f 750/4189 754/4190 767/4191
vt 0.62744141 0.61110414
vt 0.62744141 0.62924670
vt 0.61523438 0.62924670
f 768/4192 755/4193 751/4194
vt 0.55468750 0.62924670
vt 0.56689453 0.61110414
vt 0.55468750 0.61110414
f 750/4195 767/4196 765/4197
vt 0.61523438 0.61110414
vt 0.62744141 0.61110414
vt 0.61523438 0.62924670
f 766/4198 768/4199 751/4200
vt 0.56689453 0.62924670
vt 0.57910156 0.62924670
vt 0.57910156 0.61110414
f 754/4201 758/4202 769/4203
vt 0.63964844 0.61110414
vt 0.63964844 0.62924670
vt 0.62744141 0.62924670
f 770/4204 759/4205 755/4206
vt 0.56689453 0.62924670
vt 0.57910156 0.61110414
vt 0.56689453 0.61110414
f 754/4207 769/4208 767/4209
vt 0.62744141 0.61110414
vt 0.63964844 0.61110414
vt 0.62744141 0.62924670
f 768/4210 770/4211 755/4212
vt 0.53027344 0.61110414
vt 0.54248047 0.61110414
vt 0.54248047 0.58691406
f 763/4213 761/4214 771/4215
vt 0.60302734 0.58691406
vt 0.60302734 0.61110414
vt 0.59082031 0.61110414
f 772/4216 762/4217 764/4218
vt 0.53027344 0.61110414
vt 0.54248047 0.58691406
vt 0.53027344 0.58691406
f 763/4219 771/4220 773/4221
vt 0.59082031 0.58691406
vt 0.60302734 0.58691406
vt 0.59082031 0.61110414
f 774/4222 772/4223 764/4224
vt 0.54248047 0.61110414
vt 0.55468750 0.61110414
vt 0.55468750 0.58691406
f 761/4225 765/4226 775/4227
vt 0.61523438 0.58691406
vt 0.61523438 0.61110414
vt 0.60302734 0.61110414
f 776/4228 766/4229 762/4230
vt 0.54248047 0.61110414
vt 0.55468750 0.58691406
vt 0.54248047 0.58691406
f 761/4231 775/4232 771/4233
vt 0.60302734 0.58691406
vt 0.61523438 0.58691406
vt 0.60302734 0.61110414
f 772/4234 776/4235 762/4236
vt 0.55468750 0.61110414
vt 0.56689453 0.61110414
vt 0.56689453 0.58691406
f 765/4237 767/4238 777/4239
vt 0.62744141 0.58691406
vt 0.62744141 0.61110414
vt 0.61523438 0.61110414
f 778/4240 768/4241 766/4242
vt 0.55468750 0.61110414
vt 0.56689453 0.58691406
vt 0.55468750 0.58691406
f 765/4243 777/4244 775/4245
vt 0.61523438 0.58691406
vt 0.62744141 0.58691406
vt 0.61523438 0.61110414
f 776/4246 778/4247 766/4248
vt 0.56689453 0.61110414
vt 0.57910156 0.61110414
vt 0.57910156 0.58691406
f 767/4249 769/4250 779/4251
vt 0.63964844 0.58691406
vt 0.63964844 0.61110414
vt 0.62744141 0.61110414
f 780/4252 770/4253 768/4254
vt 0.56689453 0.61110414
vt 0.57910156 0.58691406
vt 0.56689453 0.58691406
f 767/4255 779/4256 777/4257
vt 0.62744141 0.58691406
vt 0.63964844 0.58691406
vt 0.62744141 0.61110414
f 778/4258 780/4259 768/4260
vt 0.65136719 0.63964844
vt 0.65917969 0.63964844
vt 0.65136719 0.63183594
f 742/4261 741/4262 746/4263
vt 0.65136719 0.63964844
vt 0.65917969 0.63964844
vt 0.65136719 0.63183594
f 742/4264 746/4265 745/4266
vt 0.65136719 0.63964844
vt 0.65917969 0.63964844
vt 0.65136719 0.63183594
f 741/4267 747/4268 748/4269
vt 0.65136719 0.63964844
vt 0.65917969 0.63964844
vt 0.65136719 0.63183594
f 741/4270 748/4271 746/4272
vt 0.65136719 0.63964844
vt 0.65917969 0.63964844
vt 0.65136719 0.63183594
f 749/4273 742/4274 745/4275
vt 0.65136719 0.63964844
vt 0.65917969 0.63964844
vt 0.65136719 0.63183594
f 749/4276 745/4277 752/4278
vt 0.65136719 0.63964844
vt 0.65917969 0.63964844
vt 0.65136719 0.63183594
f 753/4279 749/4280 752/4281
vt 0.65136719 0.63964844
vt 0.65917969 0.63964844
vt 0.65136719 0.63183594
f 753/4282 752/4283 756/4284
vt 0.65136719 0.63964844
vt 0.65917969 0.63964844
vt 0.65136719 0.63183594
f 757/4285 753/4286 756/4287
vt 0.65136719 0.63964844
vt 0.65917969 0.63964844
vt 0.65136719 0.63183594
f 757/4288 756/4289 760/4290
vt 0.65136719 0.63964844
vt 0.65917969 0.63964844
vt 0.65136719 0.63183594
f 758/4291 757/4292 760/4293
vt 0.65136719 0.63964844
vt 0.65917969 0.63964844
vt 0.65136719 0.63183594
f 758/4294 760/4295 759/4296
vt 0.65136719 0.63964844
vt 0.65917969 0.63964844
vt 0.65136719 0.63183594
f 747/4297 763/4298 764/4299
vt 0.65136719 0.63964844
vt 0.65917969 0.63964844
vt 0.65136719 0.63183594
f 747/4300 764/4301 748/4302
vt 0.65136719 0.63964844
vt 0.65917969 0.63964844
vt 0.65136719 0.63183594
f 769/4303 758/4304 759/4305
vt 0.65136719 0.63964844
vt 0.65917969 0.63964844
vt 0.65136719 0.63183594
f 769/4306 759/4307 770/4308
vt 0.65136719 0.63964844
vt 0.65917969 0.63964844
vt 0.65136719 0.63183594
f 773/4309 771/4310 772/4311
vt 0.65136719 0.63964844
vt 0.65917969 0.63964844
vt 0.65136719 0.63183594
f 773/4312 772/4313 774/4314
vt 0.65136719 0.63964844
vt 0.65917969 0.63964844
vt 0.65136719 0.63183594
f 763/4315 773/4316 774/4317
vt 0.65136719 0.63964844
vt 0.65917969 0.63964844
vt 0.65136719 0.63183594
f 763/4318 774/4319 764/4320
vt 0.65136719 0.63964844
vt 0.65917969 0.63964844
vt 0.65136719 0.63183594
f 771/4321 775/4322 776/4323
vt 0.65136719 0.63964844
vt 0.65917969 0.63964844
vt 0.65136719 0.63183594
f 771/4324 776/4325 772/4326
vt 0.65136719 0.63964844
vt 0.65917969 0.63964844
vt 0.65136719 0.63183594
f 775/4327 777/4328 778/4329
vt 0.65136719 0.63964844
vt 0.65917969 0.63964844
vt 0.65136719 0.63183594
f 775/4330 778/4331 776/4332
vt 0.65136719 0.63964844
vt 0.65917969 0.63964844
vt 0.65136719 0.63183594
f 779/4333 769/4334 770/4335
vt 0.65136719 0.63964844
vt 0.65917969 0.63964844
vt 0.65136719 0.63183594
f 779/4336 770/4337 780/4338
vt 0.65136719 0.63964844
vt 0.65917969 0.63964844
vt 0.65136719 0.63183594
f 777/4339 779/4340 780/4341
vt 0.65136719 0.63964844
vt 0.65917969 0.63964844
vt 0.65136719 0.63183594
f 777/4342 780/4343 778/4344
vt 0.67089844 0.63964844
vt 0.69494037 0.63964844
vt 0.69494037 0.62792969
f 781/4345 782/4346 783/4347
vt 0.85900287 0.62792969
vt 0.85900287 0.63964844
vt 0.83496094 0.63964844
f 784/4348 785/4349 786/4350
vt 0.67089844 0.63964844
vt 0.69494037 0.62792969
vt 0.67089844 0.62792969
f 781/4351 783/4352 787/4353
vt 0.83496094 0.62792969
vt 0.85900287 0.62792969
vt 0.83496094 0.63964844
f 788/4354 784/4355 786/4356
vt 0.69494037 0.63964844
vt 0.71898230 0.63964844
vt 0.71898230 0.62792969
f 782/4357 789/4358 790/4359
vt 0.88304480 0.62792969
vt 0.88304480 0.63964844
vt 0.85900287 0.63964844
f 791/4360 792/4361 785/4362
vt 0.69494037 0.63964844
vt 0.71898230 0.62792969
vt 0.69494037 0.62792969
f 782/4363 790/4364 783/4365
vt 0.85900287 0.62792969
vt 0.88304480 0.62792969
vt 0.85900287 0.63964844
f 784/4366 791/4367 785/4368
vt 0.71898230 0.63964844
vt 0.73270379 0.63964844
vt 0.73270379 0.62792969
f 789/4369 793/4370 794/4371
vt 0.89676629 0.62792969
vt 0.89676629 0.63964844
vt 0.88304480 0.63964844
f 795/4372 796/4373 792/4374
vt 0.71898230 0.63964844
vt 0.73270379 0.62792969
vt 0.71898230 0.62792969
f 789/4375 794/4376 790/4377
vt 0.88304480 0.62792969
vt 0.89676629 0.62792969
vt 0.88304480 0.63964844
f 791/4378 795/4379 792/4380
vt 0.73270379 0.63964844
vt 0.74707031 0.63964844
vt 0.74707031 0.62792969
f 793/4381 797/4382 798/4383
vt 0.91113281 0.62792969
vt 0.91113281 0.63964844
vt 0.89676629 0.63964844
f 799/4384 800/4385 796/4386
vt 0.73270379 0.63964844
vt 0.74707031 0.62792969
vt 0.73270379 0.62792969
f 793/4387 798/4388 794/4389
vt 0.89676629 0.62792969
vt 0.91113281 0.62792969
vt 0.89676629 0.63964844
f 795/4390 799/4391 796/4392
vt 0.74707031 0.63964844
vt 0.77111224 0.63964844
vt 0.77111224 0.62792969
f 797/4393 801/4394 802/4395
vt 0.93517474 0.62792969
vt 0.93517474 0.63964844
vt 0.91113281 0.63964844
f 803/4396 804/4397 800/4398
vt 0.74707031 0.63964844
vt 0.77111224 0.62792969
vt 0.74707031 0.62792969
f 797/4399 802/4400 798/4401
vt 0.91113281 0.62792969
vt 0.93517474 0.62792969
vt 0.91113281 0.63964844
f 799/4402 803/4403 800/4404
vt 0.77111224 0.63964844
vt 0.79515418 0.63964844
vt 0.79515418 0.62792969
f 801/4405 805/4406 806/4407
vt 0.95921668 0.62792969
vt 0.95921668 0.63964844
vt 0.93517474 0.63964844
f 807/4408 808/4409 804/4410
vt 0.77111224 0.63964844
vt 0.79515418 0.62792969
vt 0.77111224 0.62792969
f 801/4411 806/4412 802/4413
vt 0.93517474 0.62792969
vt 0.95921668 0.62792969
vt 0.93517474 0.63964844
f 803/4414 807/4415 804/4416
vt 0.79515418 0.63964844
vt 0.80952070 0.63964844
vt 0.80952070 0.62792969
f 805/4417 809/4418 810/4419
vt 0.97358320 0.62792969
vt 0.97358320 0.63964844
vt 0.95921668 0.63964844
f 811/4420 812/4421 808/4422
vt 0.79515418 0.63964844
vt 0.80952070 0.62792969
vt 0.79515418 0.62792969
f 805/4423 810/4424 806/4425
vt 0.95921668 0.62792969
vt 0.97358320 0.62792969
vt 0.95921668 0.63964844
f 807/4426 811/4427 808/4428
vt 0.80952070 0.63964844
vt 0.82324219 0.63964844
vt 0.82324219 0.62792969
f 809/4429 781/4430 787/4431
vt 0.98730469 0.62792969
vt 0.98730469 0.63964844
vt 0.97358320 0.63964844
f 788/4432 786/4433 812/4434
vt 0.80952070 0.63964844
vt 0.82324219 0.62792969
vt 0.80952070 0.62792969
f 809/4435 787/4436 810/4437
vt 0.97358320 0.62792969
vt 0.98730469 0.62792969
vt 0.97358320 0.63964844
f 811/4438 788/4439 812/4440
vt 0.00292969 0.57519531
vt 0.01074219 0.57519531
vt 0.00292969 0.56738281
f 782/4441 781/4442 786/4443
vt 0.00292969 0.57519531
vt 0.01074219 0.57519531
vt 0.00292969 0.56738281
f 782/4444 786/4445 785/4446
vt 0.00292969 0.57519531
vt 0.01074219 0.57519531
vt 0.00292969 0.56738281
f 787/4447 783/4448 784/4449
vt 0.00292969 0.57519531
vt 0.01074219 0.57519531
vt 0.00292969 0.56738281
f 787/4450 784/4451 788/4452
vt 0.00292969 0.57519531
vt 0.01074219 0.57519531
vt 0.00292969 0.56738281
f 789/4453 782/4454 785/4455
vt 0.00292969 0.57519531
vt 0.01074219 0.57519531
vt 0.00292969 0.56738281
f 789/4456 785/4457 792/4458
vt 0.00292969 0.57519531
vt 0.01074219 0.57519531
vt 0.00292969 0.56738281
f 783/4459 790/4460 791/4461
vt 0.00292969 0.57519531
vt 0.01074219 0.57519531
vt 0.00292969 0.56738281
f 783/4462 791/4463 784/4464
vt 0.00292969 0.57519531
vt 0.01074219 0.57519531
vt 0.00292969 0.56738281
f 793/4465 789/4466 792/4467
vt 0.00292969 0.57519531
vt 0.01074219 0.57519531
vt 0.00292969 0.56738281
f 793/4468 792/4469 796/4470
vt 0.00292969 0.57519531
vt 0.01074219 0.57519531
vt 0.00292969 0.56738281
f 790/4471 794/4472 795/4473
vt 0.00292969 0.57519531
vt 0.01074219 0.57519531
vt 0.00292969 0.56738281
f 790/4474 795/4475 791/4476
vt 0.00292969 0.57519531
vt 0.01074219 0.57519531
vt 0.00292969 0.56738281
f 797/4477 793/4478 796/4479
vt 0.00292969 0.57519531
vt 0.01074219 0.57519531
vt 0.00292969 0.56738281
f 797/4480 796/4481 800/4482
vt 0.00292969 0.57519531
vt 0.01074219 0.57519531
vt 0.00292969 0.56738281
f 794/4483 798/4484 799/4485
vt 0.00292969 0.57519531
vt 0.01074219 0.57519531
vt 0.00292969 0.56738281
f 794/4486 799/4487 795/4488
vt 0.00292969 0.57519531
vt 0.01074219 0.57519531
vt 0.00292969 0.56738281
f 801/4489 797/4490 800/4491
vt 0.00292969 0.57519531
vt 0.01074219 0.57519531
vt 0.00292969 0.56738281
f 801/4492 800/4493 804/4494
vt 0.00292969 0.57519531
vt 0.01074219 0.57519531
vt 0.00292969 0.56738281
f 798/4495 802/4496 803/4497
vt 0.00292969 0.57519531
vt 0.01074219 0.57519531
vt 0.00292969 0.56738281
f 798/4498 803/4499 799/4500
vt 0.00292969 0.57519531
vt 0.01074219 0.57519531
vt 0.00292969 0.56738281
f 805/4501 801/4502 804/4503
vt 0.00292969 0.57519531
vt 0.01074219 0.57519531
vt 0.00292969 0.56738281
f 805/4504 804/4505 808/4506
vt 0.00292969 0.57519531
vt 0.01074219 0.57519531
vt 0.00292969 0.56738281
f 802/4507 806/4508 807/4509
vt 0.00292969 0.57519531
vt 0.01074219 0.57519531
vt 0.00292969 0.56738281
f 802/4510 807/4511 803/4512
vt 0.00292969 0.57519531
vt 0.01074219 0.57519531
vt 0.00292969 0.56738281
f 809/4513 805/4514 808/4515
vt 0.00292969 0.57519531
vt 0.01074219 0.57519531
vt 0.00292969 0.56738281
f 809/4516 808/4517 812/4518
vt 0.00292969 0.57519531
vt 0.01074219 0.57519531
vt 0.00292969 0.56738281
f 806/4519 810/4520 811/4521
vt 0.00292969 0.57519531
vt 0.01074219 0.57519531
vt 0.00292969 0.56738281
f 806/4522 811/4523 807/4524
vt 0.00292969 0.57519531
vt 0.01074219 0.57519531
vt 0.00292969 0.56738281
f 781/4525 809/4526 812/4527
vt 0.00292969 0.57519531
vt 0.01074219 0.57519531
vt 0.00292969 0.56738281
f 781/4528 812/4529 786/4530
vt 0.00292969 0.57519531
vt 0.01074219 0.57519531
vt 0.00292969 0.56738281
f 810/4531 787/4532 788/4533
vt 0.00292969 0.57519531
vt 0.01074219 0.57519531
vt 0.00292969 0.56738281
f 810/4534 788/4535 811/4536
vt 0.02246094 0.57519531
vt 0.02834226 0.57519531
vt 0.02833784 0.56503125
f 813/4537 814/4538 815/4539
vt 0.06349409 0.56503125
vt 0.06349851 0.57519531
vt 0.05761719 0.57519531
f 816/4540 817/4541 818/4542
vt 0.02246094 0.57519531
vt 0.02833784 0.56503125
vt 0.02246094 0.56503125
f 813/4543 815/4544 819/4545
vt 0.05761719 0.56503125
vt 0.06349409 0.56503125
vt 0.05761719 0.57519531
f 820/4546 816/4547 818/4548
vt 0.02834226 0.57519531
vt 0.03417969 0.57519531
vt 0.03417969 0.56503125
f 814/4549 821/4550 822/4551
vt 0.06933594 0.56503125
vt 0.06933594 0.57519531
vt 0.06349851 0.57519531
f 823/4552 824/4553 817/4554
vt 0.02834226 0.57519531
vt 0.03417969 0.56503125
vt 0.02833784 0.56503125
f 814/4555 822/4556 815/4557
vt 0.06349409 0.56503125
vt 0.06933594 0.56503125
vt 0.06349851 0.57519531
f 816/4558 823/4559 817/4560
vt 0.03417969 0.57519531
vt 0.04001711 0.57519531
vt 0.04002154 0.56503125
f 821/4561 825/4562 826/4563
vt 0.07517779 0.56503125
vt 0.07517336 0.57519531
vt 0.06933594 0.57519531
f 827/4564 828/4565 824/4566
vt 0.03417969 0.57519531
vt 0.04002154 0.56503125
vt 0.03417969 0.56503125
f 821/4567 826/4568 822/4569
vt 0.06933594 0.56503125
vt 0.07517779 0.56503125
vt 0.06933594 0.57519531
f 823/4570 827/4571 824/4572
vt 0.04001711 0.57519531
vt 0.04589844 0.57519531
vt 0.04589844 0.56503125
f 825/4573 829/4574 830/4575
vt 0.08105469 0.56503125
vt 0.08105469 0.57519531
vt 0.07517336 0.57519531
f 831/4576 832/4577 828/4578
vt 0.04001711 0.57519531
vt 0.04589844 0.56503125
vt 0.04002154 0.56503125
f 825/4579 830/4580 826/4581
vt 0.07517779 0.56503125
vt 0.08105469 0.56503125
vt 0.07517336 0.57519531
f 827/4582 831/4583 828/4584
vt 0.02246094 0.56503125
vt 0.02833784 0.56503125
vt 0.02833802 0.54724616
f 819/4585 815/4586 833/4587
vt 0.06349427 0.54724616
vt 0.06349409 0.56503125
vt 0.05761719 0.56503125
f 834/4588 816/4589 820/4590
vt 0.02246094 0.56503125
vt 0.02833802 0.54724616
vt 0.02246094 0.54724616
f 819/4591 833/4592 835/4593
vt 0.05761719 0.54724616
vt 0.06349427 0.54724616
vt 0.05761719 0.56503125
f 836/4594 834/4595 820/4596
vt 0.02833784 0.56503125
vt 0.03417969 0.56503125
vt 0.03417969 0.54724616
f 815/4597 822/4598 837/4599
vt 0.06933594 0.54724616
vt 0.06933594 0.56503125
vt 0.06349409 0.56503125
f 838/4600 823/4601 816/4602
vt 0.02833784 0.56503125
vt 0.03417969 0.54724616
vt 0.02833802 0.54724616
f 815/4603 837/4604 833/4605
vt 0.06349427 0.54724616
vt 0.06933594 0.54724616
vt 0.06349409 0.56503125
f 834/4606 838/4607 816/4608
vt 0.03417969 0.56503125
vt 0.04002154 0.56503125
vt 0.04002135 0.54724616
f 822/4609 826/4610 839/4611
vt 0.07517760 0.54724616
vt 0.07517779 0.56503125
vt 0.06933594 0.56503125
f 840/4612 827/4613 823/4614
vt 0.03417969 0.56503125
vt 0.04002135 0.54724616
vt 0.03417969 0.54724616
f 822/4615 839/4616 837/4617
vt 0.06933594 0.54724616
vt 0.07517760 0.54724616
vt 0.06933594 0.56503125
f 838/4618 840/4619 823/4620
vt 0.04002154 0.56503125
vt 0.04589844 0.56503125
vt 0.04589844 0.54724616
f 826/4621 830/4622 841/4623
vt 0.08105469 0.54724616
vt 0.08105469 0.56503125
vt 0.07517779 0.56503125
f 842/4624 831/4625 827/4626
vt 0.04002154 0.56503125
vt 0.04589844 0.54724616
vt 0.04002135 0.54724616
f 826/4627 841/4628 839/4629
vt 0.07517760 0.54724616
vt 0.08105469 0.54724616
vt 0.07517779 0.56503125
f 840/4630 842/4631 827/4632
vt 0.02246094 0.54724616
vt 0.02833802 0.54724616
vt 0.02832053 0.52441406
f 835/4633 833/4634 843/4635
vt 0.06347678 0.52441406
vt 0.06349427 0.54724616
vt 0.05761719 0.54724616
f 844/4636 834/4637 836/4638
vt 0.02246094 0.54724616
vt 0.02832053 0.52441406
vt 0.02246094 0.52441406
f 835/4639 843/4640 845/4641
vt 0.05761719 0.52441406
vt 0.06347678 0.52441406
vt 0.05761719 0.54724616
f 846/4642 844/4643 836/4644
vt 0.02833802 0.54724616
vt 0.03417969 0.54724616
vt 0.03417969 0.52441406
f 833/4645 837/4646 847/4647
vt 0.06933594 0.52441406
vt 0.06933594 0.54724616
vt 0.06349427 0.54724616
f 848/4648 838/4649 834/4650
vt 0.02833802 0.54724616
vt 0.03417969 0.52441406
vt 0.02832053 0.52441406
f 833/4651 847/4652 843/4653
vt 0.06347678 0.52441406
vt 0.06933594 0.52441406
vt 0.06349427 0.54724616
f 844/4654 848/4655 834/4656
vt 0.03417969 0.54724616
vt 0.04002135 0.54724616
vt 0.04003884 0.52441406
f 837/4657 839/4658 849/4659
vt 0.07519509 0.52441406
vt 0.07517760 0.54724616
vt 0.06933594 0.54724616
f 850/4660 840/4661 838/4662
vt 0.03417969 0.54724616
vt 0.04003884 0.52441406
vt 0.03417969 0.52441406
f 837/4663 849/4664 847/4665
vt 0.06933594 0.52441406
vt 0.07519509 0.52441406
vt 0.06933594 0.54724616
f 848/4666 850/4667 838/4668
vt 0.04002135 0.54724616
vt 0.04589844 0.54724616
vt 0.04589844 0.52441406
f 839/4669 841/4670 851/4671
vt 0.08105469 0.52441406
vt 0.08105469 0.54724616
vt 0.07517760 0.54724616
f 852/4672 842/4673 840/4674
vt 0.04002135 0.54724616
vt 0.04589844 0.52441406
vt 0.04003884 0.52441406
f 839/4675 851/4676 849/4677
vt 0.07519509 0.52441406
vt 0.08105469 0.52441406
vt 0.07517760 0.54724616
f 850/4678 852/4679 840/4680
vt 0.09277344 0.57519531
vt 0.10058594 0.57519531
vt 0.09277344 0.56738281
f 814/4681 813/4682 818/4683
vt 0.09277344 0.57519531
vt 0.10058594 0.57519531
vt 0.09277344 0.56738281
f 814/4684 818/4685 817/4686
vt 0.09277344 0.57519531
vt 0.10058594 0.57519531
vt 0.09277344 0.56738281
f 813/4687 819/4688 820/4689
vt 0.09277344 0.57519531
vt 0.10058594 0.57519531
vt 0.09277344 0.56738281
f 813/4690 820/4691 818/4692
vt 0.09277344 0.57519531
vt 0.10058594 0.57519531
vt 0.09277344 0.56738281
f 821/4693 814/4694 817/4695
vt 0.09277344 0.57519531
vt 0.10058594 0.57519531
vt 0.09277344 0.56738281
f 821/4696 817/4697 824/4698
vt 0.09277344 0.57519531
vt 0.10058594 0.57519531
vt 0.09277344 0.56738281
f 825/4699 821/4700 824/4701
vt 0.09277344 0.57519531
vt 0.10058594 0.57519531
vt 0.09277344 0.56738281
f 825/4702 824/4703 828/4704
vt 0.09277344 0.57519531
vt 0.10058594 0.57519531
vt 0.09277344 0.56738281
f 829/4705 825/4706 828/4707
vt 0.09277344 0.57519531
vt 0.10058594 0.57519531
vt 0.09277344 0.56738281
f 829/4708 828/4709 832/4710
vt 0.09277344 0.57519531
vt 0.10058594 0.57519531
vt 0.09277344 0.56738281
f 830/4711 829/4712 832/4713
vt 0.09277344 0.57519531
vt 0.10058594 0.57519531
vt 0.09277344 0.56738281
f 830/4714 832/4715 831/4716
vt 0.09277344 0.57519531
vt 0.10058594 0.57519531
vt 0.09277344 0.56738281
f 819/4717 835/4718 836/4719
vt 0.09277344 0.57519531
vt 0.10058594 0.57519531
vt 0.09277344 0.56738281
f 819/4720 836/4721 820/4722
vt 0.09277344 0.57519531
vt 0.10058594 0.57519531
vt 0.09277344 0.56738281
f 841/4723 830/4724 831/4725
vt 0.09277344 0.57519531
vt 0.10058594 0.57519531
vt 0.09277344 0.56738281
f 841/4726 831/4727 842/4728
vt 0.09277344 0.57519531
vt 0.10058594 0.57519531
vt 0.09277344 0.56738281
f 845/4729 843/4730 844/4731
vt 0.09277344 0.57519531
vt 0.10058594 0.57519531
vt 0.09277344 0.56738281
f 845/4732 844/4733 846/4734
vt 0.09277344 0.57519531
vt 0.10058594 0.57519531
vt 0.09277344 0.56738281
f 835/4735 845/4736 846/4737
vt 0.09277344 0.57519531
vt 0.10058594 0.57519531
vt 0.09277344 0.56738281
f 835/4738 846/4739 836/4740
vt 0.09277344 0.57519531
vt 0.10058594 0.57519531
vt 0.09277344 0.56738281
f 843/4741 847/4742 848/4743
vt 0.09277344 0.57519531
vt 0.10058594 0.57519531
vt 0.09277344 0.56738281
f 843/4744 848/4745 844/4746
vt 0.09277344 0.57519531
vt 0.10058594 0.57519531
vt 0.09277344 0.56738281
f 847/4747 849/4748 850/4749
vt 0.09277344 0.57519531
vt 0.10058594 0.57519531
vt 0.09277344 0.56738281
f 847/4750 850/4751 848/4752
vt 0.09277344 0.57519531
vt 0.10058594 0.57519531
vt 0.09277344 0.56738281
f 851/4753 841/4754 842/4755
vt 0.09277344 0.57519531
vt 0.10058594 0.57519531
vt 0.09277344 0.56738281
f 851/4756 842/4757 852/4758
vt 0.09277344 0.57519531
vt 0.10058594 0.57519531
vt 0.09277344 0.56738281
f 849/4759 851/4760 852/4761
vt 0.09277344 0.57519531
vt 0.10058594 0.57519531
vt 0.09277344 0.56738281
f 849/4762 852/4763 850/4764
vt 0.11230469 0.57519531
vt 0.11818601 0.57519531
vt 0.11818159 0.56503125
f 853/4765 854/4766 855/4767
vt 0.15333784 0.56503125
vt 0.15334226 0.57519531
vt 0.14746094 0.57519531
f 856/4768 857/4769 858/4770
vt 0.11230469 0.57519531
vt 0.11818159 0.56503125
vt 0.11230469 0.56503125
f 853/4771 855/4772 859/4773
vt 0.14746094 0.56503125
vt 0.15333784 0.56503125
vt 0.14746094 0.57519531
f 860/4774 856/4775 858/4776
vt 0.11818601 0.57519531
vt 0.12402344 0.57519531
vt 0.12402344 0.56503125
f 854/4777 861/4778 862/4779
vt 0.15917969 0.56503125
vt 0.15917969 0.57519531
vt 0.15334226 0.57519531
f 863/4780 864/4781 857/4782
vt 0.11818601 0.57519531
vt 0.12402344 0.56503125
vt 0.11818159 0.56503125
f 854/4783 862/4784 855/4785
vt 0.15333784 0.56503125
vt 0.15917969 0.56503125
vt 0.15334226 0.57519531
f 856/4786 863/4787 857/4788
vt 0.12402344 0.57519531
vt 0.12986086 0.57519531
vt 0.12986529 0.56503125
f 861/4789 865/4790 866/4791
vt 0.16502154 0.56503125
vt 0.16501711 0.57519531
vt 0.15917969 0.57519531
f 867/4792 868/4793 864/4794
vt 0.12402344 0.57519531
vt 0.12986529 0.56503125
vt 0.12402344 0.56503125
f 861/4795 866/4796 862/4797
vt 0.15917969 0.56503125
vt 0.16502154 0.56503125
vt 0.15917969 0.57519531
f 863/4798 867/4799 864/4800
vt 0.12986086 0.57519531
vt 0.13574219 0.57519531
vt 0.13574219 0.56503125
f 865/4801 869/4802 870/4803
vt 0.17089844 0.56503125
vt 0.17089844 0.57519531
vt 0.16501711 0.57519531
f 871/4804 872/4805 868/4806
vt 0.12986086 0.57519531
vt 0.13574219 0.56503125
vt 0.12986529 0.56503125
f 865/4807 870/4808 866/4809
vt 0.16502154 0.56503125
vt 0.17089844 0.56503125
vt 0.16501711 0.57519531
f 867/4810 871/4811 868/4812
vt 0.11230469 0.56503125
vt 0.11818159 0.56503125
vt 0.11818177 0.54724616
f 859/4813 855/4814 873/4815
vt 0.15333802 0.54724616
vt 0.15333784 0.56503125
vt 0.14746094 0.56503125
f 874/4816 856/4817 860/4818
vt 0.11230469 0.56503125
vt 0.11818177 0.54724616
vt 0.11230469 0.54724616
f 859/4819 873/4820 875/4821
vt 0.14746094 0.54724616
vt 0.15333802 0.54724616
vt 0.14746094 0.56503125
f 876/4822 874/4823 860/4824
vt 0.11818159 0.56503125
vt 0.12402344 0.56503125
vt 0.12402344 0.54724616
f 855/4825 862/4826 877/4827
vt 0.15917969 0.54724616
vt 0.15917969 0.56503125
vt 0.15333784 0.56503125
f 878/4828 863/4829 856/4830
vt 0.11818159 0.56503125
vt 0.12402344 0.54724616
vt 0.11818177 0.54724616
f 855/4831 877/4832 873/4833
vt 0.15333802 0.54724616
vt 0.15917969 0.54724616
vt 0.15333784 0.56503125
f 874/4834 878/4835 856/4836
vt 0.12402344 0.56503125
vt 0.12986529 0.56503125
vt 0.12986510 0.54724616
f 862/4837 866/4838 879/4839
vt 0.16502135 0.54724616
vt 0.16502154 0.56503125
vt 0.15917969 0.56503125
f 880/4840 867/4841 863/4842
vt 0.12402344 0.56503125
vt 0.12986510 0.54724616
vt 0.12402344 0.54724616
f 862/4843 879/4844 877/4845
vt 0.15917969 0.54724616
vt 0.16502135 0.54724616
vt 0.15917969 0.56503125
f 878/4846 880/4847 863/4848
vt 0.12986529 0.56503125
vt 0.13574219 0.56503125
vt 0.13574219 0.54724616
f 866/4849 870/4850 881/4851
vt 0.17089844 0.54724616
vt 0.17089844 0.56503125
vt 0.16502154 0.56503125
f 882/4852 871/4853 867/4854
vt 0.12986529 0.56503125
vt 0.13574219 0.54724616
vt 0.12986510 0.54724616
f 866/4855 881/4856 879/4857
vt 0.16502135 0.54724616
vt 0.17089844 0.54724616
vt 0.16502154 0.56503125
f 880/4858 882/4859 867/4860
vt 0.11230469 0.54724616
vt 0.11818177 0.54724616
vt 0.11816428 0.52441406
f 875/4861 873/4862 883/4863
vt 0.15332053 0.52441406
vt 0.15333802 0.54724616
vt 0.14746094 0.54724616
f 884/4864 874/4865 876/4866
vt 0.11230469 0.54724616
vt 0.11816428 0.52441406
vt 0.11230469 0.52441406
f 875/4867 883/4868 885/4869
vt 0.14746094 0.52441406
vt 0.15332053 0.52441406
vt 0.14746094 0.54724616
f 886/4870 884/4871 876/4872
vt 0.11818177 0.54724616
vt 0.12402344 0.54724616
vt 0.12402344 0.52441406
f 873/4873 877/4874 887/4875
vt 0.15917969 0.52441406
vt 0.15917969 0.54724616
vt 0.15333802 0.54724616
f 888/4876 878/4877 874/4878
vt 0.11818177 0.54724616
vt 0.12402344 0.52441406
vt 0.11816428 0.52441406
f 873/4879 887/4880 883/4881
vt 0.15332053 0.52441406
vt 0.15917969 0.52441406
vt 0.15333802 0.54724616
f 884/4882 888/4883 874/4884
vt 0.12402344 0.54724616
vt 0.12986510 0.54724616
vt 0.12988259 0.52441406
f 877/4885 879/4886 889/4887
vt 0.16503884 0.52441406
vt 0.16502135 0.54724616
vt 0.15917969 0.54724616
f 890/4888 880/4889 878/4890
vt 0.12402344 0.54724616
vt 0.12988259 0.52441406
vt 0.12402344 0.52441406
f 877/4891 889/4892 887/4893
vt 0.15917969 0.52441406
vt 0.16503884 0.52441406
vt 0.15917969 0.54724616
f 888/4894 890/4895 878/4896
vt 0.12986510 0.54724616
vt 0.13574219 0.54724616
vt 0.13574219 0.52441406
f 879/4897 881/4898 891/4899
vt 0.17089844 0.52441406
vt 0.17089844 0.54724616
vt 0.16502135 0.54724616
f 892/4900 882/4901 880/4902
vt 0.12986510 0.54724616
vt 0.13574219 0.52441406
vt 0.12988259 0.52441406
f 879/4903 891/4904 889/4905
vt 0.16503884 0.52441406
vt 0.17089844 0.52441406
vt 0.16502135 0.54724616
f 890/4906 892/4907 880/4908
vt 0.18261719 0.57519531
vt 0.19042969 0.57519531
vt 0.18261719 0.56738281
f 854/4909 853/4910 858/4911
vt 0.18261719 0.57519531
vt 0.19042969 0.57519531
vt 0.18261719 0.56738281
f 854/4912 858/4913 857/4914
vt 0.18261719 0.57519531
vt 0.19042969 0.57519531
vt 0.18261719 0.56738281
f 853/4915 859/4916 860/4917
vt 0.18261719 0.57519531
vt 0.19042969 0.57519531
vt 0.18261719 0.56738281
f 853/4918 860/4919 858/4920
vt 0.18261719 0.57519531
vt 0.19042969 0.57519531
vt 0.18261719 0.56738281
f 861/4921 854/4922 857/4923
vt 0.18261719 0.57519531
vt 0.19042969 0.57519531
vt 0.18261719 0.56738281
f 861/4924 857/4925 864/4926
vt 0.18261719 0.57519531
vt 0.19042969 0.57519531
vt 0.18261719 0.56738281
f 865/4927 861/4928 864/4929
vt 0.18261719 0.57519531
vt 0.19042969 0.57519531
vt 0.18261719 0.56738281
f 865/4930 864/4931 868/4932
vt 0.18261719 0.57519531
vt 0.19042969 0.57519531
vt 0.18261719 0.56738281
f 869/4933 865/4934 868/4935
vt 0.18261719 0.57519531
vt 0.19042969 0.57519531
vt 0.18261719 0.56738281
f 869/4936 868/4937 872/4938
vt 0.18261719 0.57519531
vt 0.19042969 0.57519531
vt 0.18261719 0.56738281
f 870/4939 869/4940 872/4941
vt 0.18261719 0.57519531
vt 0.19042969 0.57519531
vt 0.18261719 0.56738281
f 870/4942 872/4943 871/4944
vt 0.18261719 0.57519531
vt 0.19042969 0.57519531
vt 0.18261719 0.56738281
f 859/4945 875/4946 876/4947
vt 0.18261719 0.57519531
vt 0.19042969 0.57519531
vt 0.18261719 0.56738281
f 859/4948 876/4949 860/4950
vt 0.18261719 0.57519531
vt 0.19042969 0.57519531
vt 0.18261719 0.56738281
f 881/4951 870/4952 871/4953
vt 0.18261719 0.57519531
vt 0.19042969 0.57519531
vt 0.18261719 0.56738281
f 881/4954 871/4955 882/4956
vt 0.18261719 0.57519531
vt 0.19042969 0.57519531
vt 0.18261719 0.56738281
f 885/4957 883/4958 884/4959
vt 0.18261719 0.57519531
vt 0.19042969 0.57519531
vt 0.18261719 0.56738281
f 885/4960 884/4961 886/4962
vt 0.18261719 0.57519531
vt 0.19042969 0.57519531
vt 0.18261719 0.56738281
f 875/4963 885/4964 886/4965
vt 0.18261719 0.57519531
vt 0.19042969 0.57519531
vt 0.18261719 0.56738281
f 875/4966 886/4967 876/4968
vt 0.18261719 0.57519531
vt 0.19042969 0.57519531
vt 0.18261719 0.56738281
f 883/4969 887/4970 888/4971
vt 0.18261719 0.57519531
vt 0.19042969 0.57519531
vt 0.18261719 0.56738281
f 883/4972 888/4973 884/4974
vt 0.18261719 0.57519531
vt 0.19042969 0.57519531
vt 0.18261719 0.56738281
f 887/4975 889/4976 890/4977
vt 0.18261719 0.57519531
vt 0.19042969 0.57519531
vt 0.18261719 0.56738281
f 887/4978 890/4979 888/4980
vt 0.18261719 0.57519531
vt 0.19042969 0.57519531
vt 0.18261719 0.56738281
f 891/4981 881/4982 882/4983
vt 0.18261719 0.57519531
vt 0.19042969 0.57519531
vt 0.18261719 0.56738281
f 891/4984 882/4985 892/4986
vt 0.18261719 0.57519531
vt 0.19042969 0.57519531
vt 0.18261719 0.56738281
f 889/4987 891/4988 892/4989
vt 0.18261719 0.57519531
vt 0.19042969 0.57519531
vt 0.18261719 0.56738281
f 889/4990 892/4991 890/4992
vt 0.20214844 0.57519531
vt 0.21435547 0.57519531
vt 0.21435547 0.56374442
f 893/4993 894/4994 895/4995
vt 0.27490234 0.56374442
vt 0.27490234 0.57519531
vt 0.26269531 0.57519531
f 896/4996 897/4997 898/4998
vt 0.20214844 0.57519531
vt 0.21435547 0.56374442
vt 0.20214844 0.56374442
f 893/4999 895/5000 899/5001
vt 0.26269531 0.56374442
vt 0.27490234 0.56374442
vt 0.26269531 0.57519531
f 900/5002 896/5003 898/5004
vt 0.21435547 0.57519531
vt 0.22656250 0.57519531
vt 0.22656250 0.56374442
f 894/5005 901/5006 902/5007
vt 0.28710938 0.56374442
vt 0.28710938 0.57519531
vt 0.27490234 0.57519531
f 903/5008 904/5009 897/5010
vt 0.21435547 0.57519531
vt 0.22656250 0.56374442
vt 0.21435547 0.56374442
f 894/5011 902/5012 895/5013
vt 0.27490234 0.56374442
vt 0.28710938 0.56374442
vt 0.27490234 0.57519531
f 896/5014 903/5015 897/5016
vt 0.22656250 0.57519531
vt 0.23876953 0.57519531
vt 0.23876953 0.56374442
f 901/5017 905/5018 906/5019
vt 0.29931641 0.56374442
vt 0.29931641 0.57519531
vt 0.28710938 0.57519531
f 907/5020 908/5021 904/5022
vt 0.22656250 0.57519531
vt 0.23876953 0.56374442
vt 0.22656250 0.56374442
f 901/5023 906/5024 902/5025
vt 0.28710938 0.56374442
vt 0.29931641 0.56374442
vt 0.28710938 0.57519531
f 903/5026 907/5027 904/5028
vt 0.23876953 0.57519531
vt 0.25097656 0.57519531
vt 0.25097656 0.56374442
f 905/5029 909/5030 910/5031
vt 0.31152344 0.56374442
vt 0.31152344 0.57519531
vt 0.29931641 0.57519531
f 911/5032 912/5033 908/5034
vt 0.23876953 0.57519531
vt 0.25097656 0.56374442
vt 0.23876953 0.56374442
f 905/5035 910/5036 906/5037
vt 0.29931641 0.56374442
vt 0.31152344 0.56374442
vt 0.29931641 0.57519531
f 907/5038 911/5039 908/5040
vt 0.20214844 0.56374442
vt 0.21435547 0.56374442
vt 0.21435547 0.54566406
f 899/5041 895/5042 913/5043
vt 0.27490234 0.54566406
vt 0.27490234 0.56374442
vt 0.26269531 0.56374442
f 914/5044 896/5045 900/5046
vt 0.20214844 0.56374442
vt 0.21435547 0.54566406
vt 0.20214844 0.54566406
f 899/5047 913/5048 915/5049
vt 0.26269531 0.54566406
vt 0.27490234 0.54566406
vt 0.26269531 0.56374442
f 916/5050 914/5051 900/5052
vt 0.21435547 0.56374442
vt 0.22656250 0.56374442
vt 0.22656250 0.54566406
f 895/5053 902/5054 917/5055
vt 0.28710938 0.54566406
vt 0.28710938 0.56374442
vt 0.27490234 0.56374442
f 918/5056 903/5057 896/5058
vt 0.21435547 0.56374442
vt 0.22656250 0.54566406
vt 0.21435547 0.54566406
f 895/5059 917/5060 913/5061
vt 0.27490234 0.54566406
vt 0.28710938 0.54566406
vt 0.27490234 0.56374442
f 914/5062 918/5063 896/5064
vt 0.22656250 0.56374442
vt 0.23876953 0.56374442
vt 0.23876953 0.54566406
f 902/5065 906/5066 919/5067
vt 0.29931641 0.54566406
vt 0.29931641 0.56374442
vt 0.28710938 0.56374442
f 920/5068 907/5069 903/5070
vt 0.22656250 0.56374442
vt 0.23876953 0.54566406
vt 0.22656250 0.54566406
f 902/5071 919/5072 917/5073
vt 0.28710938 0.54566406
vt 0.29931641 0.54566406
vt 0.28710938 0.56374442
f 918/5074 920/5075 903/5076
vt 0.23876953 0.56374442
vt 0.25097656 0.56374442
vt 0.25097656 0.54566406
f 906/5077 910/5078 921/5079
vt 0.31152344 0.54566406
vt 0.31152344 0.56374442
vt 0.29931641 0.56374442
f 922/5080 911/5081 907/5082
vt 0.23876953 0.56374442
vt 0.25097656 0.54566406
vt 0.23876953 0.54566406
f 906/5083 921/5084 919/5085
vt 0.29931641 0.54566406
vt 0.31152344 0.54566406
vt 0.29931641 0.56374442
f 920/5086 922/5087 907/5088
vt 0.20214844 0.54566406
vt 0.21435547 0.54566406
vt 0.21435547 0.52246094
f 915/5089 913/5090 923/5091
vt 0.27490234 0.52246094
vt 0.27490234 0.54566406
vt 0.26269531 0.54566406
f 924/5092 914/5093 916/5094
vt 0.20214844 0.54566406
vt 0.21435547 0.52246094
vt 0.20214844 0.52246094
f 915/5095 923/5096 925/5097
vt 0.26269531 0.52246094
vt 0.27490234 0.52246094
vt 0.26269531 0.54566406
f 926/5098 924/5099 916/5100
vt 0.21435547 0.54566406
vt 0.22656250 0.54566406
vt 0.22656250 0.52246094
f 913/5101 917/5102 927/5103
vt 0.28710938 0.52246094
vt 0.28710938 0.54566406
vt 0.27490234 0.54566406
f 928/5104 918/5105 914/5106
vt 0.21435547 0.54566406
vt 0.22656250 0.52246094
vt 0.21435547 0.52246094
f 913/5107 927/5108 923/5109
vt 0.27490234 0.52246094
vt 0.28710938 0.52246094
vt 0.27490234 0.54566406
f 924/5110 928/5111 914/5112
vt 0.22656250 0.54566406
vt 0.23876953 0.54566406
vt 0.23876953 0.52246094
f 917/5113 919/5114 929/5115
vt 0.29931641 0.52246094
vt 0.29931641 0.54566406
vt 0.28710938 0.54566406
f 930/5116 920/5117 918/5118
vt 0.22656250 0.54566406
vt 0.23876953 0.52246094
vt 0.22656250 0.52246094
f 917/5119 929/5120 927/5121
vt 0.28710938 0.52246094
vt 0.29931641 0.52246094
vt 0.28710938 0.54566406
f 928/5122 930/5123 918/5124
vt 0.23876953 0.54566406
vt 0.25097656 0.54566406
vt 0.25097656 0.52246094
f 919/5125 921/5126 931/5127
vt 0.31152344 0.52246094
vt 0.31152344 0.54566406
vt 0.29931641 0.54566406
f 932/5128 922/5129 920/5130
vt 0.23876953 0.54566406
vt 0.25097656 0.52246094
vt 0.23876953 0.52246094
f 919/5131 931/5132 929/5133
vt 0.29931641 0.52246094
vt 0.31152344 0.52246094
vt 0.29931641 0.54566406
f 930/5134 932/5135 920/5136
vt 0.32324219 0.57519531
vt 0.33105469 0.57519531
vt 0.32324219 0.56738281
f 894/5137 893/5138 898/5139
vt 0.32324219 0.57519531
vt 0.33105469 0.57519531
vt 0.32324219 0.56738281
f 894/5140 898/5141 897/5142
vt 0.32324219 0.57519531
vt 0.33105469 0.57519531
vt 0.32324219 0.56738281
f 893/5143 899/5144 900/5145
vt 0.32324219 0.57519531
vt 0.33105469 0.57519531
vt 0.32324219 0.56738281
f 893/5146 900/5147 898/5148
vt 0.32324219 0.57519531
vt 0.33105469 0.57519531
vt 0.32324219 0.56738281
f 901/5149 894/5150 897/5151
vt 0.32324219 0.57519531
vt 0.33105469 0.57519531
vt 0.32324219 0.56738281
f 901/5152 897/5153 904/5154
vt 0.32324219 0.57519531
vt 0.33105469 0.57519531
vt 0.32324219 0.56738281
f 905/5155 901/5156 904/5157
vt 0.32324219 0.57519531
vt 0.33105469 0.57519531
vt 0.32324219 0.56738281
f 905/5158 904/5159 908/5160
vt 0.32324219 0.57519531
vt 0.33105469 0.57519531
vt 0.32324219 0.56738281
f 909/5161 905/5162 908/5163
vt 0.32324219 0.57519531
vt 0.33105469 0.57519531
vt 0.32324219 0.56738281
f 909/5164 908/5165 912/5166
vt 0.32324219 0.57519531
vt 0.33105469 0.57519531
vt 0.32324219 0.56738281
f 910/5167 909/5168 912/5169
vt 0.32324219 0.57519531
vt 0.33105469 0.57519531
vt 0.32324219 0.56738281
f 910/5170 912/5171 911/5172
vt 0.32324219 0.57519531
vt 0.33105469 0.57519531
vt 0.32324219 0.56738281
f 899/5173 915/5174 916/5175
vt 0.32324219 0.57519531
vt 0.33105469 0.57519531
vt 0.32324219 0.56738281
f 899/5176 916/5177 900/5178
vt 0.32324219 0.57519531
vt 0.33105469 0.57519531
vt 0.32324219 0.56738281
f 921/5179 910/5180 911/5181
vt 0.32324219 0.57519531
vt 0.33105469 0.57519531
vt 0.32324219 0.56738281
f 921/5182 911/5183 922/5184
vt 0.32324219 0.57519531
vt 0.33105469 0.57519531
vt 0.32324219 0.56738281
f 925/5185 923/5186 924/5187
vt 0.32324219 0.57519531
vt 0.33105469 0.57519531
vt 0.32324219 0.56738281
f 925/5188 924/5189 926/5190
vt 0.32324219 0.57519531
vt 0.33105469 0.57519531
vt 0.32324219 0.56738281
f 915/5191 925/5192 926/5193
vt 0.32324219 0.57519531
vt 0.33105469 0.57519531
vt 0.32324219 0.56738281
f 915/5194 926/5195 916/5196
vt 0.32324219 0.57519531
vt 0.33105469 0.57519531
vt 0.32324219 0.56738281
f 923/5197 927/5198 928/5199
vt 0.32324219 0.57519531
vt 0.33105469 0.57519531
vt 0.32324219 0.56738281
f 923/5200 928/5201 924/5202
vt 0.32324219 0.57519531
vt 0.33105469 0.57519531
vt 0.32324219 0.56738281
f 927/5203 929/5204 930/5205
vt 0.32324219 0.57519531
vt 0.33105469 0.57519531
vt 0.32324219 0.56738281
f 927/5206 930/5207 928/5208
vt 0.32324219 0.57519531
vt 0.33105469 0.57519531
vt 0.32324219 0.56738281
f 931/5209 921/5210 922/5211
vt 0.32324219 0.57519531
vt 0.33105469 0.57519531
vt 0.32324219 0.56738281
f 931/5212 922/5213 932/5214
vt 0.32324219 0.57519531
vt 0.33105469 0.57519531
vt 0.32324219 0.56738281
f 929/5215 931/5216 932/5217
vt 0.32324219 0.57519531
vt 0.33105469 0.57519531
vt 0.32324219 0.56738281
f 929/5218 932/5219 930/5220
vt 0.34277344 0.57519531
vt 0.34514672 0.57519531
vt 0.34516324 0.55723263
f 933/5221 934/5222 935/5223
vt 0.39008511 0.55723263
vt 0.39006860 0.57519531
vt 0.38769531 0.57519531
f 936/5224 937/5225 938/5226
vt 0.34277344 0.57519531
vt 0.34516324 0.55723263
vt 0.34277344 0.55723263
f 933/5227 935/5228 939/5229
vt 0.38769531 0.55723263
vt 0.39008511 0.55723263
vt 0.38769531 0.57519531
f 940/5230 936/5231 938/5232
vt 0.34514672 0.57519531
vt 0.35927647 0.57519531
vt 0.35939131 0.55723263
f 934/5233 941/5234 942/5235
vt 0.40431318 0.55723263
vt 0.40419834 0.57519531
vt 0.39006860 0.57519531
f 943/5236 944/5237 937/5238
vt 0.34514672 0.57519531
vt 0.35939131 0.55723263
vt 0.34516324 0.55723263
f 934/5239 942/5240 935/5241
vt 0.39008511 0.55723263
vt 0.40431318 0.55723263
vt 0.39006860 0.57519531
f 936/5242 943/5243 937/5244
vt 0.35927647 0.57519531
vt 0.37193436 0.57519531
vt 0.37213729 0.55723263
f 941/5245 945/5246 946/5247
vt 0.41705916 0.55723263
vt 0.41685624 0.57519531
vt 0.40419834 0.57519531
f 947/5248 948/5249 944/5250
vt 0.35927647 0.57519531
vt 0.37213729 0.55723263
vt 0.35939131 0.55723263
f 941/5251 946/5252 942/5253
vt 0.40431318 0.55723263
vt 0.41705916 0.55723263
vt 0.40419834 0.57519531
f 943/5254 947/5255 944/5256
vt 0.37193436 0.57519531
vt 0.37597656 0.57519531
vt 0.37597656 0.55723263
f 945/5257 949/5258 950/5259
vt 0.42089844 0.55723263
vt 0.42089844 0.57519531
vt 0.41685624 0.57519531
f 951/5260 952/5261 948/5262
vt 0.37193436 0.57519531
vt 0.37597656 0.55723263
vt 0.37213729 0.55723263
f 945/5263 950/5264 946/5265
vt 0.41705916 0.55723263
vt 0.42089844 0.55723263
vt 0.41685624 0.57519531
f 947/5266 951/5267 948/5268
vt 0.34277344 0.55723263
vt 0.34516324 0.55723263
vt 0.34520559 0.53417969
f 939/5269 935/5270 953/5271
vt 0.39012746 0.53417969
vt 0.39008511 0.55723263
vt 0.38769531 0.55723263
f 954/5272 936/5273 940/5274
vt 0.34277344 0.55723263
vt 0.34520559 0.53417969
vt 0.34277344 0.53417969
f 939/5275 953/5276 955/5277
vt 0.38769531 0.53417969
vt 0.39012746 0.53417969
vt 0.38769531 0.55723263
f 956/5278 954/5279 940/5280
vt 0.34516324 0.55723263
vt 0.35939131 0.55723263
vt 0.35968579 0.53417969
f 935/5281 942/5282 957/5283
vt 0.40460766 0.53417969
vt 0.40431318 0.55723263
vt 0.39008511 0.55723263
f 958/5284 943/5285 936/5286
vt 0.34516324 0.55723263
vt 0.35968579 0.53417969
vt 0.34520559 0.53417969
f 935/5287 957/5288 953/5289
vt 0.39012746 0.53417969
vt 0.40460766 0.53417969
vt 0.39008511 0.55723263
f 954/5290 958/5291 936/5292
vt 0.35939131 0.55723263
vt 0.37213729 0.55723263
vt 0.37265763 0.53417969
f 942/5293 946/5294 959/5295
vt 0.41757951 0.53417969
vt 0.41705916 0.55723263
vt 0.40431318 0.55723263
f 960/5296 947/5297 943/5298
vt 0.35939131 0.55723263
vt 0.37265763 0.53417969
vt 0.35968579 0.53417969
f 942/5299 959/5300 957/5301
vt 0.40460766 0.53417969
vt 0.41757951 0.53417969
vt 0.40431318 0.55723263
f 958/5302 960/5303 943/5304
vt 0.37213729 0.55723263
vt 0.37597656 0.55723263
vt 0.37597656 0.53417969
f 946/5305 950/5306 961/5307
vt 0.42089844 0.53417969
vt 0.42089844 0.55723263
vt 0.41705916 0.55723263
f 962/5308 951/5309 947/5310
vt 0.37213729 0.55723263
vt 0.37597656 0.53417969
vt 0.37265763 0.53417969
f 946/5311 961/5312 959/5313
vt 0.41757951 0.53417969
vt 0.42089844 0.53417969
vt 0.41705916 0.55723263
f 960/5314 962/5315 947/5316
vt 0.43261719 0.57519531
vt 0.44042969 0.57519531
vt 0.43261719 0.56738281
f 934/5317 933/5318 938/5319
vt 0.43261719 0.57519531
vt 0.44042969 0.57519531
vt 0.43261719 0.56738281
f 934/5320 938/5321 937/5322
vt 0.43261719 0.57519531
vt 0.44042969 0.57519531
vt 0.43261719 0.56738281
f 933/5323 939/5324 940/5325
vt 0.43261719 0.57519531
vt 0.44042969 0.57519531
vt 0.43261719 0.56738281
f 933/5326 940/5327 938/5328
vt 0.43261719 0.57519531
vt 0.44042969 0.57519531
vt 0.43261719 0.56738281
f 941/5329 934/5330 937/5331
vt 0.43261719 0.57519531
vt 0.44042969 0.57519531
vt 0.43261719 0.56738281
f 941/5332 937/5333 944/5334
vt 0.43261719 0.57519531
vt 0.44042969 0.57519531
vt 0.43261719 0.56738281
f 945/5335 941/5336 944/5337
vt 0.43261719 0.57519531
vt 0.44042969 0.57519531
vt 0.43261719 0.56738281
f 945/5338 944/5339 948/5340
vt 0.43261719 0.57519531
vt 0.44042969 0.57519531
vt 0.43261719 0.56738281
f 949/5341 945/5342 948/5343
vt 0.43261719 0.57519531
vt 0.44042969 0.57519531
vt 0.43261719 0.56738281
f 949/5344 948/5345 952/5346
vt 0.43261719 0.57519531
vt 0.44042969 0.57519531
vt 0.43261719 0.56738281
f 950/5347 949/5348 952/5349
vt 0.43261719 0.57519531
vt 0.44042969 0.57519531
vt 0.43261719 0.56738281
f 950/5350 952/5351 951/5352
vt 0.43261719 0.57519531
vt 0.44042969 0.57519531
vt 0.43261719 0.56738281
f 955/5353 953/5354 954/5355
vt 0.43261719 0.57519531
vt 0.44042969 0.57519531
vt 0.43261719 0.56738281
f 955/5356 954/5357 956/5358
vt 0.43261719 0.57519531
vt 0.44042969 0.57519531
vt 0.43261719 0.56738281
f 939/5359 955/5360 956/5361
vt 0.43261719 0.57519531
vt 0.44042969 0.57519531
vt 0.43261719 0.56738281
f 939/5362 956/5363 940/5364
vt 0.43261719 0.57519531
vt 0.44042969 0.57519531
vt 0.43261719 0.56738281
f 953/5365 957/5366 958/5367
vt 0.43261719 0.57519531
vt 0.44042969 0.57519531
vt 0.43261719 0.56738281
f 953/5368 958/5369 954/5370
vt 0.43261719 0.57519531
vt 0.44042969 0.57519531
vt 0.43261719 0.56738281
f 957/5371 959/5372 960/5373
vt 0.43261719 0.57519531
vt 0.44042969 0.57519531
vt 0.43261719 0.56738281
f 957/5374 960/5375 958/5376
vt 0.43261719 0.57519531
vt 0.44042969 0.57519531
vt 0.43261719 0.56738281
f 961/5377 950/5378 951/5379
vt 0.43261719 0.57519531
vt 0.44042969 0.57519531
vt 0.43261719 0.56738281
f 961/5380 951/5381 962/5382
vt 0.43261719 0.57519531
vt 0.44042969 0.57519531
vt 0.43261719 0.56738281
f 959/5383 961/5384 962/5385
vt 0.43261719 0.57519531
vt 0.44042969 0.57519531
vt 0.43261719 0.56738281
f 959/5386 962/5387 960/5388
vt 0.45214844 0.57519531
vt 0.46863727 0.57519531
vt 0.46870269 0.56810195
f 963/5389 964/5390 965/5391
vt 0.51362457 0.56810195
vt 0.51355915 0.57519531
vt 0.49707031 0.57519531
f 966/5392 967/5393 968/5394
vt 0.45214844 0.57519531
vt 0.46870269 0.56810195
vt 0.45214844 0.56810195
f 963/5395 965/5396 969/5397
vt 0.49707031 0.56810195
vt 0.51362457 0.56810195
vt 0.49707031 0.57519531
f 970/5398 966/5399 968/5400
vt 0.46863727 0.57519531
vt 0.48535156 0.57519531
vt 0.48535156 0.56810195
f 964/5401 971/5402 972/5403
vt 0.53027344 0.56810195
vt 0.53027344 0.57519531
vt 0.51355915 0.57519531
f 973/5404 974/5405 967/5406
vt 0.46863727 0.57519531
vt 0.48535156 0.56810195
vt 0.46870269 0.56810195
f 964/5407 972/5408 965/5409
vt 0.51362457 0.56810195
vt 0.53027344 0.56810195
vt 0.51355915 0.57519531
f 966/5410 973/5411 967/5412
vt 0.45214844 0.56810195
vt 0.46870269 0.56810195
vt 0.46875000 0.56738281
f 969/5413 965/5414 975/5415
vt 0.51367188 0.56738281
vt 0.51362457 0.56810195
vt 0.49707031 0.56810195
f 976/5416 966/5417 970/5418
vt 0.45214844 0.56810195
vt 0.46875000 0.56738281
vt 0.45214844 0.56738281
f 969/5419 975/5420 977/5421
vt 0.49707031 0.56738281
vt 0.51367188 0.56738281
vt 0.49707031 0.56810195
f 978/5422 976/5423 970/5424
vt 0.46870269 0.56810195
vt 0.48535156 0.56810195
vt 0.48535156 0.56738281
f 965/5425 972/5426 979/5427
vt 0.53027344 0.56738281
vt 0.53027344 0.56810195
vt 0.51362457 0.56810195
f 980/5428 973/5429 966/5430
vt 0.46870269 0.56810195
vt 0.48535156 0.56738281
vt 0.46875000 0.56738281
f 965/5431 979/5432 975/5433
vt 0.51367188 0.56738281
vt 0.53027344 0.56738281
vt 0.51362457 0.56810195
f 976/5434 980/5435 966/5436
vt 0.54199219 0.57519531
vt 0.54980469 0.57519531
vt 0.54199219 0.56738281
f 964/5437 963/5438 968/5439
vt 0.54199219 0.57519531
vt 0.54980469 0.57519531
vt 0.54199219 0.56738281
f 964/5440 968/5441 967/5442
vt 0.54199219 0.57519531
vt 0.54980469 0.57519531
vt 0.54199219 0.56738281
f 963/5443 969/5444 970/5445
vt 0.54199219 0.57519531
vt 0.54980469 0.57519531
vt 0.54199219 0.56738281
f 963/5446 970/5447 968/5448
vt 0.54199219 0.57519531
vt 0.54980469 0.57519531
vt 0.54199219 0.56738281
f 971/5449 964/5450 967/5451
vt 0.54199219 0.57519531
vt 0.54980469 0.57519531
vt 0.54199219 0.56738281
f 971/5452 967/5453 974/5454
vt 0.54199219 0.57519531
vt 0.54980469 0.57519531
vt 0.54199219 0.56738281
f 972/5455 971/5456 974/5457
vt 0.54199219 0.57519531
vt 0.54980469 0.57519531
vt 0.54199219 0.56738281
f 972/5458 974/5459 973/5460
vt 0.54199219 0.57519531
vt 0.54980469 0.57519531
vt 0.54199219 0.56738281
f 977/5461 975/5462 976/5463
vt 0.54199219 0.57519531
vt 0.54980469 0.57519531
vt 0.54199219 0.56738281
f 977/5464 976/5465 978/5466
vt 0.54199219 0.57519531
vt 0.54980469 0.57519531
vt 0.54199219 0.56738281
f 969/5467 977/5468 978/5469
vt 0.54199219 0.57519531
vt 0.54980469 0.57519531
vt 0.54199219 0.56738281
f 969/5470 978/5471 970/5472
vt 0.54199219 0.57519531
vt 0.54980469 0.57519531
vt 0.54199219 0.56738281
f 979/5473 972/5474 973/5475
vt 0.54199219 0.57519531
vt 0.54980469 0.57519531
vt 0.54199219 0.56738281
f 979/5476 973/5477 980/5478
vt 0.54199219 0.57519531
vt 0.54980469 0.57519531
vt 0.54199219 0.56738281
f 975/5479 979/5480 980/5481
vt 0.54199219 0.57519531
vt 0.54980469 0.57519531
vt 0.54199219 0.56738281
f 975/5482 980/5483 976/5484
vt 0.56152344 0.57519531
vt 0.56536271 0.57519531
vt 0.56515765 0.55723263
f 981/5485 982/5486 983/5487
vt 0.61007952 0.55723263
vt 0.61028459 0.57519531
vt 0.60644531 0.57519531
f 984/5488 985/5489 986/5490
vt 0.56152344 0.57519531
vt 0.56515765 0.55723263
vt 0.56152344 0.55723263
f 981/5491 983/5492 987/5493
vt 0.60644531 0.55723263
vt 0.61007952 0.55723263
vt 0.60644531 0.57519531
f 988/5494 984/5495 986/5496
vt 0.56536271 0.57519531
vt 0.57810869 0.57519531
vt 0.57799264 0.55723263
f 982/5497 989/5498 990/5499
vt 0.62291451 0.55723263
vt 0.62303057 0.57519531
vt 0.61028459 0.57519531
f 991/5500 992/5501 985/5502
vt 0.56536271 0.57519531
vt 0.57799264 0.55723263
vt 0.56515765 0.55723263
f 982/5503 990/5504 983/5505
vt 0.61007952 0.55723263
vt 0.62291451 0.55723263
vt 0.61028459 0.57519531
f 984/5506 991/5507 985/5508
vt 0.57810869 0.57519531
vt 0.59233676 0.57519531
vt 0.59232007 0.55723263
f 989/5509 993/5510 994/5511
vt 0.63724195 0.55723263
vt 0.63725864 0.57519531
vt 0.62303057 0.57519531
f 995/5512 996/5513 992/5514
vt 0.57810869 0.57519531
vt 0.59232007 0.55723263
vt 0.57799264 0.55723263
f 989/5515 994/5516 990/5517
vt 0.62291451 0.55723263
vt 0.63724195 0.55723263
vt 0.62303057 0.57519531
f 991/5518 995/5519 992/5520
vt 0.59233676 0.57519531
vt 0.59472656 0.57519531
vt 0.59472656 0.55723263
f 993/5521 997/5522 998/5523
vt 0.63964844 0.55723263
vt 0.63964844 0.57519531
vt 0.63725864 0.57519531
f 999/5524 1000/5525 996/5526
vt 0.59233676 0.57519531
vt 0.59472656 0.55723263
vt 0.59232007 0.55723263
f 993/5527 998/5528 994/5529
vt 0.63724195 0.55723263
vt 0.63964844 0.55723263
vt 0.63725864 0.57519531
f 995/5530 999/5531 996/5532
vt 0.56152344 0.55723263
vt 0.56515765 0.55723263
vt 0.56464939 0.53417969
f 987/5533 983/5534 1001/5535
vt 0.60957126 0.53417969
vt 0.61007952 0.55723263
vt 0.60644531 0.55723263
f 1002/5536 984/5537 988/5538
vt 0.56152344 0.55723263
vt 0.56464939 0.53417969
vt 0.56152344 0.53417969
f 987/5539 1001/5540 1003/5541
vt 0.60644531 0.53417969
vt 0.60957126 0.53417969
vt 0.60644531 0.55723263
f 1004/5542 1002/5543 988/5544
vt 0.56515765 0.55723263
vt 0.57799264 0.55723263
vt 0.57770500 0.53417969
f 983/5545 990/5546 1005/5547
vt 0.62262687 0.53417969
vt 0.62291451 0.55723263
vt 0.61007952 0.55723263
f 1006/5548 991/5549 984/5550
vt 0.56515765 0.55723263
vt 0.57770500 0.53417969
vt 0.56464939 0.53417969
f 983/5551 1005/5552 1001/5553
vt 0.60957126 0.53417969
vt 0.62262687 0.53417969
vt 0.61007952 0.55723263
f 1002/5554 1006/5555 984/5556
vt 0.57799264 0.55723263
vt 0.59232007 0.55723263
vt 0.59227871 0.53417969
f 990/5557 994/5558 1007/5559
vt 0.63720058 0.53417969
vt 0.63724195 0.55723263
vt 0.62291451 0.55723263
f 1008/5560 995/5561 991/5562
vt 0.57799264 0.55723263
vt 0.59227871 0.53417969
vt 0.57770500 0.53417969
f 990/5563 1007/5564 1005/5565
vt 0.62262687 0.53417969
vt 0.63720058 0.53417969
vt 0.62291451 0.55723263
f 1006/5566 1008/5567 991/5568
vt 0.59232007 0.55723263
vt 0.59472656 0.55723263
vt 0.59472656 0.53417969
f 994/5569 998/5570 1009/5571
vt 0.63964844 0.53417969
vt 0.63964844 0.55723263
vt 0.63724195 0.55723263
f 1010/5572 999/5573 995/5574
vt 0.59232007 0.55723263
vt 0.59472656 0.53417969
vt 0.59227871 0.53417969
f 994/5575 1009/5576 1007/5577
vt 0.63720058 0.53417969
vt 0.63964844 0.53417969
vt 0.63724195 0.55723263
f 1008/5578 1010/5579 995/5580
vt 0.65136719 0.57519531
vt 0.65917969 0.57519531
vt 0.65136719 0.56738281
f 982/5581 981/5582 986/5583
vt 0.65136719 0.57519531
vt 0.65917969 0.57519531
vt 0.65136719 0.56738281
f 982/5584 986/5585 985/5586
vt 0.65136719 0.57519531
vt 0.65917969 0.57519531
vt 0.65136719 0.56738281
f 981/5587 987/5588 988/5589
vt 0.65136719 0.57519531
vt 0.65917969 0.57519531
vt 0.65136719 0.56738281
f 981/5590 988/5591 986/5592
vt 0.65136719 0.57519531
vt 0.65917969 0.57519531
vt 0.65136719 0.56738281
f 989/5593 982/5594 985/5595
vt 0.65136719 0.57519531
vt 0.65917969 0.57519531
vt 0.65136719 0.56738281
f 989/5596 985/5597 992/5598
vt 0.65136719 0.57519531
vt 0.65917969 0.57519531
vt 0.65136719 0.56738281
f 993/5599 989/5600 992/5601
vt 0.65136719 0.57519531
vt 0.65917969 0.57519531
vt 0.65136719 0.56738281
f 993/5602 992/5603 996/5604
vt 0.65136719 0.57519531
vt 0.65917969 0.57519531
vt 0.65136719 0.56738281
f 997/5605 993/5606 996/5607
vt 0.65136719 0.57519531
vt 0.65917969 0.57519531
vt 0.65136719 0.56738281
f 997/5608 996/5609 1000/5610
vt 0.65136719 0.57519531
vt 0.65917969 0.57519531
vt 0.65136719 0.56738281
f 998/5611 997/5612 1000/5613
vt 0.65136719 0.57519531
vt 0.65917969 0.57519531
vt 0.65136719 0.56738281
f 998/5614 1000/5615 999/5616
vt 0.65136719 0.57519531
vt 0.65917969 0.57519531
vt 0.65136719 0.56738281
f 1003/5617 1001/5618 1002/5619
vt 0.65136719 0.57519531
vt 0.65917969 0.57519531
vt 0.65136719 0.56738281
f 1003/5620 1002/5621 1004/5622
vt 0.65136719 0.57519531
vt 0.65917969 0.57519531
vt 0.65136719 0.56738281
f 987/5623 1003/5624 1004/5625
vt 0.65136719 0.57519531
vt 0.65917969 0.57519531
vt 0.65136719 0.56738281
f 987/5626 1004/5627 988/5628
vt 0.65136719 0.57519531
vt 0.65917969 0.57519531
vt 0.65136719 0.56738281
f 1001/5629 1005/5630 1006/5631
vt 0.65136719 0.57519531
vt 0.65917969 0.57519531
vt 0.65136719 0.56738281
f 1001/5632 1006/5633 1002/5634
vt 0.65136719 0.57519531
vt 0.65917969 0.57519531
vt 0.65136719 0.56738281
f 1005/5635 1007/5636 1008/5637
vt 0.65136719 0.57519531
vt 0.65917969 0.57519531
vt 0.65136719 0.56738281
f 1005/5638 1008/5639 1006/5640
vt 0.65136719 0.57519531
vt 0.65917969 0.57519531
vt 0.65136719 0.56738281
f 1009/5641 998/5642 999/5643
vt 0.65136719 0.57519531
vt 0.65917969 0.57519531
vt 0.65136719 0.56738281
f 1009/5644 999/5645 1010/5646
vt 0.65136719 0.57519531
vt 0.65917969 0.57519531
vt 0.65136719 0.56738281
f 1007/5647 1009/5648 1010/5649
vt 0.65136719 0.57519531
vt 0.65917969 0.57519531
vt 0.65136719 0.56738281
f 1007/5650 1010/5651 1008/5652
vt 0.67089844 0.57519531
vt 0.68773545 0.57519531
vt 0.68761081 0.56810532
f 1011/5653 1012/5654 1013/5655
vt 0.73253268 0.56810532
vt 0.73265732 0.57519531
vt 0.71582031 0.57519531
f 1014/5656 1015/5657 1016/5658
vt 0.67089844 0.57519531
vt 0.68761081 0.56810532
vt 0.67089844 0.56810532
f 1011/5659 1013/5660 1017/5661
vt 0.71582031 0.56810532
vt 0.73253268 0.56810532
vt 0.71582031 0.57519531
f 1018/5662 1014/5663 1016/5664
vt 0.68773545 0.57519531
vt 0.70410156 0.57519531
vt 0.70410156 0.56810532
f 1012/5665 1019/5666 1020/5667
vt 0.74902344 0.56810532
vt 0.74902344 0.57519531
vt 0.73265732 0.57519531
f 1021/5668 1022/5669 1015/5670
vt 0.68773545 0.57519531
vt 0.70410156 0.56810532
vt 0.68761081 0.56810532
f 1012/5671 1020/5672 1013/5673
vt 0.73253268 0.56810532
vt 0.74902344 0.56810532
vt 0.73265732 0.57519531
f 1014/5674 1021/5675 1015/5676
vt 0.67089844 0.56810532
vt 0.68761081 0.56810532
vt 0.68750000 0.56738281
f 1017/5677 1013/5678 1023/5679
vt 0.73242188 0.56738281
vt 0.73253268 0.56810532
vt 0.71582031 0.56810532
f 1024/5680 1014/5681 1018/5682
vt 0.67089844 0.56810532
vt 0.68750000 0.56738281
vt 0.67089844 0.56738281
f 1017/5683 1023/5684 1025/5685
vt 0.71582031 0.56738281
vt 0.73242188 0.56738281
vt 0.71582031 0.56810532
f 1026/5686 1024/5687 1018/5688
vt 0.68761081 0.56810532
vt 0.70410156 0.56810532
vt 0.70410156 0.56738281
f 1013/5689 1020/5690 1027/5691
vt 0.74902344 0.56738281
vt 0.74902344 0.56810532
vt 0.73253268 0.56810532
f 1028/5692 1021/5693 1014/5694
vt 0.68761081 0.56810532
vt 0.70410156 0.56738281
vt 0.68750000 0.56738281
f 1013/5695 1027/5696 1023/5697
vt 0.73242188 0.56738281
vt 0.74902344 0.56738281
vt 0.73253268 0.56810532
f 1024/5698 1028/5699 1014/5700
vt 0.76074219 0.57519531
vt 0.76855469 0.57519531
vt 0.76074219 0.56738281
f 1012/5701 1011/5702 1016/5703
vt 0.76074219 0.57519531
vt 0.76855469 0.57519531
vt 0.76074219 0.56738281
f 1012/5704 1016/5705 1015/5706
vt 0.76074219 0.57519531
vt 0.76855469 0.57519531
vt 0.76074219 0.56738281
f 1011/5707 1017/5708 1018/5709
vt 0.76074219 0.57519531
vt 0.76855469 0.57519531
vt 0.76074219 0.56738281
f 1011/5710 1018/5711 1016/5712
vt 0.76074219 0.57519531
vt 0.76855469 0.57519531
vt 0.76074219 0.56738281
f 1019/5713 1012/5714 1015/5715
vt 0.76074219 0.57519531
vt 0.76855469 0.57519531
vt 0.76074219 0.56738281
f 1019/5716 1015/5717 1022/5718
vt 0.76074219 0.57519531
vt 0.76855469 0.57519531
vt 0.76074219 0.56738281
f 1020/5719 1019/5720 1022/5721
vt 0.76074219 0.57519531
vt 0.76855469 0.57519531
vt 0.76074219 0.56738281
f 1020/5722 1022/5723 1021/5724
vt 0.76074219 0.57519531
vt 0.76855469 0.57519531
vt 0.76074219 0.56738281
f 1025/5725 1023/5726 1024/5727
vt 0.76074219 0.57519531
vt 0.76855469 0.57519531
vt 0.76074219 0.56738281
f 1025/5728 1024/5729 1026/5730
vt 0.76074219 0.57519531
vt 0.76855469 0.57519531
vt 0.76074219 0.56738281
f 1017/5731 1025/5732 1026/5733
vt 0.76074219 0.57519531
vt 0.76855469 0.57519531
vt 0.76074219 0.56738281
f 1017/5734 1026/5735 1018/5736
vt 0.76074219 0.57519531
vt 0.76855469 0.57519531
vt 0.76074219 0.56738281
f 1027/5737 1020/5738 1021/5739
vt 0.76074219 0.57519531
vt 0.76855469 0.57519531
vt 0.76074219 0.56738281
f 1027/5740 1021/5741 1028/5742
vt 0.76074219 0.57519531
vt 0.76855469 0.57519531
vt 0.76074219 0.56738281
f 1023/5743 1027/5744 1028/5745
vt 0.76074219 0.57519531
vt 0.76855469 0.57519531
vt 0.76074219 0.56738281
f 1023/5746 1028/5747 1024/5748
vt 0.78027344 0.57519531
vt 0.80644800 0.57519531
vt 0.80644800 0.56738281
f 1029/5749 1030/5750 1031/5751
vt 0.02910425 0.50292969
vt 0.02910425 0.51074219
vt 0.00292969 0.51074219
f 1032/5752 1033/5753 1034/5754
vt 0.78027344 0.57519531
vt 0.80644800 0.56738281
vt 0.78027344 0.56738281
f 1029/5755 1031/5756 1035/5757
vt 0.00292969 0.50292969
vt 0.02910425 0.50292969
vt 0.00292969 0.51074219
f 1036/5758 1032/5759 1034/5760
vt 0.80644800 0.57519531
vt 0.83262257 0.57519531
vt 0.83262257 0.56738281
f 1030/5761 1037/5762 1038/5763
vt 0.05527882 0.50292969
vt 0.05527882 0.51074219
vt 0.02910425 0.51074219
f 1039/5764 1040/5765 1033/5766
vt 0.80644800 0.57519531
vt 0.83262257 0.56738281
vt 0.80644800 0.56738281
f 1030/5767 1038/5768 1031/5769
vt 0.02910425 0.50292969
vt 0.05527882 0.50292969
vt 0.02910425 0.51074219
f 1032/5770 1039/5771 1033/5772
vt 0.83262257 0.57519531
vt 0.84933554 0.57519531
vt 0.84933554 0.56738281
f 1037/5773 1041/5774 1042/5775
vt 0.07199179 0.50292969
vt 0.07199179 0.51074219
vt 0.05527882 0.51074219
f 1043/5776 1044/5777 1040/5778
vt 0.83262257 0.57519531
vt 0.84933554 0.56738281
vt 0.83262257 0.56738281
f 1037/5779 1042/5780 1038/5781
vt 0.05527882 0.50292969
vt 0.07199179 0.50292969
vt 0.05527882 0.51074219
f 1039/5782 1043/5783 1040/5784
vt 0.84933554 0.57519531
vt 0.86816406 0.57519531
vt 0.86816406 0.56738281
f 1041/5785 1045/5786 1046/5787
vt 0.09082031 0.50292969
vt 0.09082031 0.51074219
vt 0.07199179 0.51074219
f 1047/5788 1048/5789 1044/5790
vt 0.84933554 0.57519531
vt 0.86816406 0.56738281
vt 0.84933554 0.56738281
f 1041/5791 1046/5792 1042/5793
vt 0.07199179 0.50292969
vt 0.09082031 0.50292969
vt 0.07199179 0.51074219
f 1043/5794 1047/5795 1044/5796
vt 0.86816406 0.57519531
vt 0.89433863 0.57519531
vt 0.89433863 0.56738281
f 1045/5797 1049/5798 1050/5799
vt 0.11699488 0.50292969
vt 0.11699488 0.51074219
vt 0.09082031 0.51074219
f 1051/5800 1052/5801 1048/5802
vt 0.86816406 0.57519531
vt 0.89433863 0.56738281
vt 0.86816406 0.56738281
f 1045/5803 1050/5804 1046/5805
vt 0.09082031 0.50292969
vt 0.11699488 0.50292969
vt 0.09082031 0.51074219
f 1047/5806 1051/5807 1048/5808
vt 0.89433863 0.57519531
vt 0.92051319 0.57519531
vt 0.92051319 0.56738281
f 1049/5809 1053/5810 1054/5811
vt 0.14316944 0.50292969
vt 0.14316944 0.51074219
vt 0.11699488 0.51074219
f 1055/5812 1056/5813 1052/5814
vt 0.89433863 0.57519531
vt 0.92051319 0.56738281
vt 0.89433863 0.56738281
f 1049/5815 1054/5816 1050/5817
vt 0.11699488 0.50292969
vt 0.14316944 0.50292969
vt 0.11699488 0.51074219
f 1051/5818 1055/5819 1052/5820
vt 0.92051319 0.57519531
vt 0.93934172 0.57519531
vt 0.93934172 0.56738281
f 1053/5821 1057/5822 1058/5823
vt 0.16199797 0.50292969
vt 0.16199797 0.51074219
vt 0.14316944 0.51074219
f 1059/5824 1060/5825 1056/5826
vt 0.92051319 0.57519531
vt 0.93934172 0.56738281
vt 0.92051319 0.56738281
f 1053/5827 1058/5828 1054/5829
vt 0.14316944 0.50292969
vt 0.16199797 0.50292969
vt 0.14316944 0.51074219
f 1055/5830 1059/5831 1056/5832
vt 0.93934172 0.57519531
vt 0.95605469 0.57519531
vt 0.95605469 0.56738281
f 1057/5833 1029/5834 1035/5835
vt 0.17871094 0.50292969
vt 0.17871094 0.51074219
vt 0.16199797 0.51074219
f 1036/5836 1034/5837 1060/5838
vt 0.93934172 0.57519531
vt 0.95605469 0.56738281
vt 0.93934172 0.56738281
f 1057/5839 1035/5840 1058/5841
vt 0.16199797 0.50292969
vt 0.17871094 0.50292969
vt 0.16199797 0.51074219
f 1059/5842 1036/5843 1060/5844
vt 0.19042969 0.51074219
vt 0.19824219 0.51074219
vt 0.19042969 0.50292969
f 1030/5845 1029/5846 1034/5847
vt 0.19042969 0.51074219
vt 0.19824219 0.51074219
vt 0.19042969 0.50292969
f 1030/5848 1034/5849 1033/5850
vt 0.19042969 0.51074219
vt 0.19824219 0.51074219
vt 0.19042969 0.50292969
f 1035/5851 1031/5852 1032/5853
vt 0.19042969 0.51074219
vt 0.19824219 0.51074219
vt 0.19042969 0.50292969
f 1035/5854 1032/5855 1036/5856
vt 0.19042969 0.51074219
vt 0.19824219 0.51074219
vt 0.19042969 0.50292969
f 1037/5857 1030/5858 1033/5859
vt 0.19042969 0.51074219
vt 0.19824219 0.51074219
vt 0.19042969 0.50292969
f 1037/5860 1033/5861 1040/5862
vt 0.19042969 0.51074219
vt 0.19824219 0.51074219
vt 0.19042969 0.50292969
f 1031/5863 1038/5864 1039/5865
vt 0.19042969 0.51074219
vt 0.19824219 0.51074219
vt 0.19042969 0.50292969
f 1031/5866 1039/5867 1032/5868
vt 0.19042969 0.51074219
vt 0.19824219 0.51074219
vt 0.19042969 0.50292969
f 1041/5869 1037/5870 1040/5871
vt 0.19042969 0.51074219
vt 0.19824219 0.51074219
vt 0.19042969 0.50292969
f 1041/5872 1040/5873 1044/5874
vt 0.19042969 0.51074219
vt 0.19824219 0.51074219
vt 0.19042969 0.50292969
f 1038/5875 1042/5876 1043/5877
vt 0.19042969 0.51074219
vt 0.19824219 0.51074219
vt 0.19042969 0.50292969
f 1038/5878 1043/5879 1039/5880
vt 0.19042969 0.51074219
vt 0.19824219 0.51074219
vt 0.19042969 0.50292969
f 1045/5881 1041/5882 1044/5883
vt 0.19042969 0.51074219
vt 0.19824219 0.51074219
vt 0.19042969 0.50292969
f 1045/5884 1044/5885 1048/5886
vt 0.19042969 0.51074219
vt 0.19824219 0.51074219
vt 0.19042969 0.50292969
f 1042/5887 1046/5888 1047/5889
vt 0.19042969 0.51074219
vt 0.19824219 0.51074219
vt 0.19042969 0.50292969
f 1042/5890 1047/5891 1043/5892
vt 0.19042969 0.51074219
vt 0.19824219 0.51074219
vt 0.19042969 0.50292969
f 1049/5893 1045/5894 1048/5895
vt 0.19042969 0.51074219
vt 0.19824219 0.51074219
vt 0.19042969 0.50292969
f 1049/5896 1048/5897 1052/5898
vt 0.19042969 0.51074219
vt 0.19824219 0.51074219
vt 0.19042969 0.50292969
f 1046/5899 1050/5900 1051/5901
vt 0.19042969 0.51074219
vt 0.19824219 0.51074219
vt 0.19042969 0.50292969
f 1046/5902 1051/5903 1047/5904
vt 0.19042969 0.51074219
vt 0.19824219 0.51074219
vt 0.19042969 0.50292969
f 1053/5905 1049/5906 1052/5907
vt 0.19042969 0.51074219
vt 0.19824219 0.51074219
vt 0.19042969 0.50292969
f 1053/5908 1052/5909 1056/5910
vt 0.19042969 0.51074219
vt 0.19824219 0.51074219
vt 0.19042969 0.50292969
f 1050/5911 1054/5912 1055/5913
vt 0.19042969 0.51074219
vt 0.19824219 0.51074219
vt 0.19042969 0.50292969
f 1050/5914 1055/5915 1051/5916
vt 0.19042969 0.51074219
vt 0.19824219 0.51074219
vt 0.19042969 0.50292969
f 1057/5917 1053/5918 1056/5919
vt 0.19042969 0.51074219
vt 0.19824219 0.51074219
vt 0.19042969 0.50292969
f 1057/5920 1056/5921 1060/5922
vt 0.19042969 0.51074219
vt 0.19824219 0.51074219
vt 0.19042969 0.50292969
f 1054/5923 1058/5924 1059/5925
vt 0.19042969 0.51074219
vt 0.19824219 0.51074219
vt 0.19042969 0.50292969
f 1054/5926 1059/5927 1055/5928
vt 0.19042969 0.51074219
vt 0.19824219 0.51074219
vt 0.19042969 0.50292969
f 1029/5929 1057/5930 1060/5931
vt 0.19042969 0.51074219
vt 0.19824219 0.51074219
vt 0.19042969 0.50292969
f 1029/5932 1060/5933 1034/5934
vt 0.19042969 0.51074219
vt 0.19824219 0.51074219
vt 0.19042969 0.50292969
f 1058/5935 1035/5936 1036/5937
vt 0.19042969 0.51074219
vt 0.19824219 0.51074219
vt 0.19042969 0.50292969
f 1058/5938 1036/5939 1059/5940
vt 0.20996094 0.50683594
vt 0.20996094 0.51074219
vt 0.21386719 0.51074219
f 1061/5941 1062/5942 1063/5943
vt 0.20996094 0.50683594
vt 0.21386719 0.51074219
vt 0.21386719 0.50683594
f 1061/5944 1063/5945 1064/5946
vt 0.22558594 0.50683594
vt 0.22949219 0.50683594
vt 0.22949219 0.51074219
f 1065/5947 1066/5948 1067/5949
vt 0.22558594 0.50683594
vt 0.22949219 0.51074219
vt 0.22558594 0.51074219
f 1065/5950 1067/5951 1068/5952
vt 0.24121094 0.50683594
vt 0.24511719 0.50683594
vt 0.24511719 0.51074219
f 1061/5953 1065/5954 1068/5955
vt 0.24121094 0.50683594
vt 0.24511719 0.51074219
vt 0.24121094 0.51074219
f 1061/5956 1068/5957 1062/5958
vt 0.25683594 0.50683594
vt 0.25683594 0.51074219
vt 0.26074219 0.51074219
f 1064/5959 1063/5960 1067/5961
vt 0.25683594 0.50683594
vt 0.26074219 0.51074219
vt 0.26074219 0.50683594
f 1064/5962 1067/5963 1066/5964
vt 0.27246094 0.51074219
vt 0.27636719 0.51074219
vt 0.27636719 0.50683594
f 1061/5965 1064/5966 1066/5967
vt 0.27246094 0.51074219
vt 0.27636719 0.50683594
vt 0.27246094 0.50683594
f 1061/5968 1066/5969 1065/5970
vt 0.28808594 0.51074219
vt 0.28808594 0.50683594
vt 0.29199219 0.50683594
f 1062/5971 1068/5972 1067/5973
vt 0.28808594 0.51074219
vt 0.29199219 0.50683594
vt 0.29199219 0.51074219
f 1062/5974 1067/5975 1063/5976
vt 0.16308594 0.41308594
vt 0.16308594 0.42089844
vt 0.17089844 0.42089844
f 1069/5977 1070/5978 1071/5979
vt 0.16308594 0.41308594
vt 0.17089844 0.42089844
vt 0.17089844 0.41308594
f 1069/5980 1071/5981 1072/5982
vt 0.18261719 0.41308594
vt 0.19042969 0.41308594
vt 0.19042969 0.42089844
f 1073/5983 1074/5984 1075/5985
vt 0.18261719 0.41308594
vt 0.19042969 0.42089844
vt 0.18261719 0.42089844
f 1073/5986 1075/5987 1076/5988
vt 0.20214844 0.41308594
vt 0.20996094 0.41308594
vt 0.20996094 0.42089844
f 1069/5989 1073/5990 1076/5991
vt 0.20214844 0.41308594
vt 0.20996094 0.42089844
vt 0.20214844 0.42089844
f 1069/5992 1076/5993 1070/5994
vt 0.22167969 0.41308594
vt 0.22167969 0.42089844
vt 0.22949219 0.42089844
f 1072/5995 1071/5996 1075/5997
vt 0.22167969 0.41308594
vt 0.22949219 0.42089844
vt 0.22949219 0.41308594
f 1072/5998 1075/5999 1074/6000
vt 0.24121094 0.42089844
vt 0.24902344 0.42089844
vt 0.24902344 0.41308594
f 1069/6001 1072/6002 1074/6003
vt 0.24121094 0.42089844
vt 0.24902344 0.41308594
vt 0.24121094 0.41308594
f 1069/6004 1074/6005 1073/6006
vt 0.26074219 0.42089844
vt 0.26074219 0.41308594
vt 0.26855469 0.41308594
f 1070/6007 1076/6008 1075/6009
vt 0.26074219 0.42089844
vt 0.26855469 0.41308594
vt 0.26855469 0.42089844
f 1070/6010 1075/6011 1071/6012
vt 0.28027344 0.42089844
vt 0.28664708 0.42089844
vt 0.28664219 0.40666349
f 1077/6013 1078/6014 1079/6015
vt 0.32375157 0.40666349
vt 0.32375646 0.42089844
vt 0.31738281 0.42089844
f 1080/6016 1081/6017 1082/6018
vt 0.28027344 0.42089844
vt 0.28664219 0.40666349
vt 0.28027344 0.40666349
f 1077/6019 1079/6020 1083/6021
vt 0.31738281 0.40666349
vt 0.32375157 0.40666349
vt 0.31738281 0.42089844
f 1084/6022 1080/6023 1082/6024
vt 0.28664708 0.42089844
vt 0.29296875 0.42089844
vt 0.29296875 0.40666349
f 1078/6025 1085/6026 1086/6027
vt 0.33007812 0.40666349
vt 0.33007812 0.42089844
vt 0.32375646 0.42089844
f 1087/6028 1088/6029 1081/6030
vt 0.28664708 0.42089844
vt 0.29296875 0.40666349
vt 0.28664219 0.40666349
f 1078/6031 1086/6032 1079/6033
vt 0.32375157 0.40666349
vt 0.33007812 0.40666349
vt 0.32375646 0.42089844
f 1080/6034 1087/6035 1081/6036
vt 0.29296875 0.42089844
vt 0.29929042 0.42089844
vt 0.29929531 0.40666349
f 1085/6037 1089/6038 1090/6039
vt 0.33640468 0.40666349
vt 0.33639979 0.42089844
vt 0.33007812 0.42089844
f 1091/6040 1092/6041 1088/6042
vt 0.29296875 0.42089844
vt 0.29929531 0.40666349
vt 0.29296875 0.40666349
f 1085/6043 1090/6044 1086/6045
vt 0.33007812 0.40666349
vt 0.33640468 0.40666349
vt 0.33007812 0.42089844
f 1087/6046 1091/6047 1088/6048
vt 0.29929042 0.42089844
vt 0.30566406 0.42089844
vt 0.30566406 0.40666349
f 1089/6049 1093/6050 1094/6051
vt 0.34277344 0.40666349
vt 0.34277344 0.42089844
vt 0.33639979 0.42089844
f 1095/6052 1096/6053 1092/6054
vt 0.29929042 0.42089844
vt 0.30566406 0.40666349
vt 0.29929531 0.40666349
f 1089/6055 1094/6056 1090/6057
vt 0.33640468 0.40666349
vt 0.34277344 0.40666349
vt 0.33639979 0.42089844
f 1091/6058 1095/6059 1092/6060
vt 0.28027344 0.40666349
vt 0.28664219 0.40666349
vt 0.28664207 0.39355469
f 1083/6061 1079/6062 1097/6063
vt 0.32375145 0.39355469
vt 0.32375157 0.40666349
vt 0.31738281 0.40666349
f 1098/6064 1080/6065 1084/6066
vt 0.28027344 0.40666349
vt 0.28664207 0.39355469
vt 0.28027344 0.39355469
f 1083/6067 1097/6068 1099/6069
vt 0.31738281 0.39355469
vt 0.32375145 0.39355469
vt 0.31738281 0.40666349
f 1100/6070 1098/6071 1084/6072
vt 0.28664219 0.40666349
vt 0.29296875 0.40666349
vt 0.29296875 0.39355469
f 1079/6073 1086/6074 1101/6075
vt 0.33007812 0.39355469
vt 0.33007812 0.40666349
vt 0.32375157 0.40666349
f 1102/6076 1087/6077 1080/6078
vt 0.28664219 0.40666349
vt 0.29296875 0.39355469
vt 0.28664207 0.39355469
f 1079/6079 1101/6080 1097/6081
vt 0.32375145 0.39355469
vt 0.33007812 0.39355469
vt 0.32375157 0.40666349
f 1098/6082 1102/6083 1080/6084
vt 0.29296875 0.40666349
vt 0.29929531 0.40666349
vt 0.29929543 0.39355469
f 1086/6085 1090/6086 1103/6087
vt 0.33640480 0.39355469
vt 0.33640468 0.40666349
vt 0.33007812 0.40666349
f 1104/6088 1091/6089 1087/6090
vt 0.29296875 0.40666349
vt 0.29929543 0.39355469
vt 0.29296875 0.39355469
f 1086/6091 1103/6092 1101/6093
vt 0.33007812 0.39355469
vt 0.33640480 0.39355469
vt 0.33007812 0.40666349
f 1102/6094 1104/6095 1087/6096
vt 0.29929531 0.40666349
vt 0.30566406 0.40666349
vt 0.30566406 0.39355469
f 1090/6097 1094/6098 1105/6099
vt 0.34277344 0.39355469
vt 0.34277344 0.40666349
vt 0.33640468 0.40666349
f 1106/6100 1095/6101 1091/6102
vt 0.29929531 0.40666349
vt 0.30566406 0.39355469
vt 0.29929543 0.39355469
f 1090/6103 1105/6104 1103/6105
vt 0.33640480 0.39355469
vt 0.34277344 0.39355469
vt 0.33640468 0.40666349
f 1104/6106 1106/6107 1091/6108
vt 0.35449219 0.42089844
vt 0.36230469 0.42089844
vt 0.35449219 0.41308594
f 1078/6109 1077/6110 1082/6111
vt 0.35449219 0.42089844
vt 0.36230469 0.42089844
vt 0.35449219 0.41308594
f 1078/6112 1082/6113 1081/6114
vt 0.35449219 0.42089844
vt 0.36230469 0.42089844
vt 0.35449219 0.41308594
f 1077/6115 1083/6116 1084/6117
vt 0.35449219 0.42089844
vt 0.36230469 0.42089844
vt 0.35449219 0.41308594
f 1077/6118 1084/6119 1082/6120
vt 0.35449219 0.42089844
vt 0.36230469 0.42089844
vt 0.35449219 0.41308594
f 1085/6121 1078/6122 1081/6123
vt 0.35449219 0.42089844
vt 0.36230469 0.42089844
vt 0.35449219 0.41308594
f 1085/6124 1081/6125 1088/6126
vt 0.35449219 0.42089844
vt 0.36230469 0.42089844
vt 0.35449219 0.41308594
f 1089/6127 1085/6128 1088/6129
vt 0.35449219 0.42089844
vt 0.36230469 0.42089844
vt 0.35449219 0.41308594
f 1089/6130 1088/6131 1092/6132
vt 0.35449219 0.42089844
vt 0.36230469 0.42089844
vt 0.35449219 0.41308594
f 1093/6133 1089/6134 1092/6135
vt 0.35449219 0.42089844
vt 0.36230469 0.42089844
vt 0.35449219 0.41308594
f 1093/6136 1092/6137 1096/6138
vt 0.35449219 0.42089844
vt 0.36230469 0.42089844
vt 0.35449219 0.41308594
f 1094/6139 1093/6140 1096/6141
vt 0.35449219 0.42089844
vt 0.36230469 0.42089844
vt 0.35449219 0.41308594
f 1094/6142 1096/6143 1095/6144
vt 0.35449219 0.42089844
vt 0.36230469 0.42089844
vt 0.35449219 0.41308594
f 1099/6145 1097/6146 1098/6147
vt 0.35449219 0.42089844
vt 0.36230469 0.42089844
vt 0.35449219 0.41308594
f 1099/6148 1098/6149 1100/6150
vt 0.35449219 0.42089844
vt 0.36230469 0.42089844
vt 0.35449219 0.41308594
f 1083/6151 1099/6152 1100/6153
vt 0.35449219 0.42089844
vt 0.36230469 0.42089844
vt 0.35449219 0.41308594
f 1083/6154 1100/6155 1084/6156
vt 0.35449219 0.42089844
vt 0.36230469 0.42089844
vt 0.35449219 0.41308594
f 1097/6157 1101/6158 1102/6159
vt 0.35449219 0.42089844
vt 0.36230469 0.42089844
vt 0.35449219 0.41308594
f 1097/6160 1102/6161 1098/6162
vt 0.35449219 0.42089844
vt 0.36230469 0.42089844
vt 0.35449219 0.41308594
f 1101/6163 1103/6164 1104/6165
vt 0.35449219 0.42089844
vt 0.36230469 0.42089844
vt 0.35449219 0.41308594
f 1101/6166 1104/6167 1102/6168
vt 0.35449219 0.42089844
vt 0.36230469 0.42089844
vt 0.35449219 0.41308594
f 1105/6169 1094/6170 1095/6171
vt 0.35449219 0.42089844
vt 0.36230469 0.42089844
vt 0.35449219 0.41308594
f 1105/6172 1095/6173 1106/6174
vt 0.35449219 0.42089844
vt 0.36230469 0.42089844
vt 0.35449219 0.41308594
f 1103/6175 1105/6176 1106/6177
vt 0.35449219 0.42089844
vt 0.36230469 0.42089844
vt 0.35449219 0.41308594
f 1103/6178 1106/6179 1104/6180
vt 0.37402344 0.42089844
vt 0.38039526 0.42089844
vt 0.38039362 0.40601616
f 1107/6181 1108/6182 1109/6183
vt 0.41750299 0.40601616
vt 0.41750463 0.42089844
vt 0.41113281 0.42089844
f 1110/6184 1111/6185 1112/6186
vt 0.37402344 0.42089844
vt 0.38039362 0.40601616
vt 0.37402344 0.40601616
f 1107/6187 1109/6188 1113/6189
vt 0.41113281 0.40601616
vt 0.41750299 0.40601616
vt 0.41113281 0.42089844
f 1114/6190 1110/6191 1112/6192
vt 0.38039526 0.42089844
vt 0.38671875 0.42089844
vt 0.38671875 0.40601616
f 1108/6193 1115/6194 1116/6195
vt 0.42382812 0.40601616
vt 0.42382812 0.42089844
vt 0.41750463 0.42089844
f 1117/6196 1118/6197 1111/6198
vt 0.38039526 0.42089844
vt 0.38671875 0.40601616
vt 0.38039362 0.40601616
f 1108/6199 1116/6200 1109/6201
vt 0.41750299 0.40601616
vt 0.42382812 0.40601616
vt 0.41750463 0.42089844
f 1110/6202 1117/6203 1111/6204
vt 0.38671875 0.42089844
vt 0.39304224 0.42089844
vt 0.39304388 0.40601616
f 1115/6205 1119/6206 1120/6207
vt 0.43015326 0.40601616
vt 0.43015162 0.42089844
vt 0.42382812 0.42089844
f 1121/6208 1122/6209 1118/6210
vt 0.38671875 0.42089844
vt 0.39304388 0.40601616
vt 0.38671875 0.40601616
f 1115/6211 1120/6212 1116/6213
vt 0.42382812 0.40601616
vt 0.43015326 0.40601616
vt 0.42382812 0.42089844
f 1117/6214 1121/6215 1118/6216
vt 0.39304224 0.42089844
vt 0.39941406 0.42089844
vt 0.39941406 0.40601616
f 1119/6217 1123/6218 1124/6219
vt 0.43652344 0.40601616
vt 0.43652344 0.42089844
vt 0.43015162 0.42089844
f 1125/6220 1126/6221 1122/6222
vt 0.39304224 0.42089844
vt 0.39941406 0.40601616
vt 0.39304388 0.40601616
f 1119/6223 1124/6224 1120/6225
vt 0.43015326 0.40601616
vt 0.43652344 0.40601616
vt 0.43015162 0.42089844
f 1121/6226 1125/6227 1122/6228
vt 0.37402344 0.40601616
vt 0.38039362 0.40601616
vt 0.38039644 0.38574219
f 1113/6229 1109/6230 1127/6231
vt 0.41750581 0.38574219
vt 0.41750299 0.40601616
vt 0.41113281 0.40601616
f 1128/6232 1110/6233 1114/6234
vt 0.37402344 0.40601616
vt 0.38039644 0.38574219
vt 0.37402344 0.38574219
f 1113/6235 1127/6236 1129/6237
vt 0.41113281 0.38574219
vt 0.41750581 0.38574219
vt 0.41113281 0.40601616
f 1130/6238 1128/6239 1114/6240
vt 0.38039362 0.40601616
vt 0.38671875 0.40601616
vt 0.38671875 0.38574219
f 1109/6241 1116/6242 1131/6243
vt 0.42382812 0.38574219
vt 0.42382812 0.40601616
vt 0.41750299 0.40601616
f 1132/6244 1117/6245 1110/6246
vt 0.38039362 0.40601616
vt 0.38671875 0.38574219
vt 0.38039644 0.38574219
f 1109/6247 1131/6248 1127/6249
vt 0.41750581 0.38574219
vt 0.42382812 0.38574219
vt 0.41750299 0.40601616
f 1128/6250 1132/6251 1110/6252
vt 0.38671875 0.40601616
vt 0.39304388 0.40601616
vt 0.39304106 0.38574219
f 1116/6253 1120/6254 1133/6255
vt 0.43015044 0.38574219
vt 0.43015326 0.40601616
vt 0.42382812 0.40601616
f 1134/6256 1121/6257 1117/6258
vt 0.38671875 0.40601616
vt 0.39304106 0.38574219
vt 0.38671875 0.38574219
f 1116/6259 1133/6260 1131/6261
vt 0.42382812 0.38574219
vt 0.43015044 0.38574219
vt 0.42382812 0.40601616
f 1132/6262 1134/6263 1117/6264
vt 0.39304388 0.40601616
vt 0.39941406 0.40601616
vt 0.39941406 0.38574219
f 1120/6265 1124/6266 1135/6267
vt 0.43652344 0.38574219
vt 0.43652344 0.40601616
vt 0.43015326 0.40601616
f 1136/6268 1125/6269 1121/6270
vt 0.39304388 0.40601616
vt 0.39941406 0.38574219
vt 0.39304106 0.38574219
f 1120/6271 1135/6272 1133/6273
vt 0.43015044 0.38574219
vt 0.43652344 0.38574219
vt 0.43015326 0.40601616
f 1134/6274 1136/6275 1121/6276
vt 0.44824219 0.42089844
vt 0.45605469 0.42089844
vt 0.44824219 0.41308594
f 1108/6277 1107/6278 1112/6279
vt 0.44824219 0.42089844
vt 0.45605469 0.42089844
vt 0.44824219 0.41308594
f 1108/6280 1112/6281 1111/6282
vt 0.44824219 0.42089844
vt 0.45605469 0.42089844
vt 0.44824219 0.41308594
f 1107/6283 1113/6284 1114/6285
vt 0.44824219 0.42089844
vt 0.45605469 0.42089844
vt 0.44824219 0.41308594
f 1107/6286 1114/6287 1112/6288
vt 0.44824219 0.42089844
vt 0.45605469 0.42089844
vt 0.44824219 0.41308594
f 1115/6289 1108/6290 1111/6291
vt 0.44824219 0.42089844
vt 0.45605469 0.42089844
vt 0.44824219 0.41308594
f 1115/6292 1111/6293 1118/6294
vt 0.44824219 0.42089844
vt 0.45605469 0.42089844
vt 0.44824219 0.41308594
f 1119/6295 1115/6296 1118/6297
vt 0.44824219 0.42089844
vt 0.45605469 0.42089844
vt 0.44824219 0.41308594
f 1119/6298 1118/6299 1122/6300
vt 0.44824219 0.42089844
vt 0.45605469 0.42089844
vt 0.44824219 0.41308594
f 1123/6301 1119/6302 1122/6303
vt 0.44824219 0.42089844
vt 0.45605469 0.42089844
vt 0.44824219 0.41308594
f 1123/6304 1122/6305 1126/6306
vt 0.44824219 0.42089844
vt 0.45605469 0.42089844
vt 0.44824219 0.41308594
f 1124/6307 1123/6308 1126/6309
vt 0.44824219 0.42089844
vt 0.45605469 0.42089844
vt 0.44824219 0.41308594
f 1124/6310 1126/6311 1125/6312
vt 0.44824219 0.42089844
vt 0.45605469 0.42089844
vt 0.44824219 0.41308594
f 1129/6313 1127/6314 1128/6315
vt 0.44824219 0.42089844
vt 0.45605469 0.42089844
vt 0.44824219 0.41308594
f 1129/6316 1128/6317 1130/6318
vt 0.44824219 0.42089844
vt 0.45605469 0.42089844
vt 0.44824219 0.41308594
f 1113/6319 1129/6320 1130/6321
vt 0.44824219 0.42089844
vt 0.45605469 0.42089844
vt 0.44824219 0.41308594
f 1113/6322 1130/6323 1114/6324
vt 0.44824219 0.42089844
vt 0.45605469 0.42089844
vt 0.44824219 0.41308594
f 1127/6325 1131/6326 1132/6327
vt 0.44824219 0.42089844
vt 0.45605469 0.42089844
vt 0.44824219 0.41308594
f 1127/6328 1132/6329 1128/6330
vt 0.44824219 0.42089844
vt 0.45605469 0.42089844
vt 0.44824219 0.41308594
f 1131/6331 1133/6332 1134/6333
vt 0.44824219 0.42089844
vt 0.45605469 0.42089844
vt 0.44824219 0.41308594
f 1131/6334 1134/6335 1132/6336
vt 0.44824219 0.42089844
vt 0.45605469 0.42089844
vt 0.44824219 0.41308594
f 1135/6337 1124/6338 1125/6339
vt 0.44824219 0.42089844
vt 0.45605469 0.42089844
vt 0.44824219 0.41308594
f 1135/6340 1125/6341 1136/6342
vt 0.44824219 0.42089844
vt 0.45605469 0.42089844
vt 0.44824219 0.41308594
f 1133/6343 1135/6344 1136/6345
vt 0.44824219 0.42089844
vt 0.45605469 0.42089844
vt 0.44824219 0.41308594
f 1133/6346 1136/6347 1134/6348
vt 0.46777344 0.42089844
vt 0.47451191 0.42089844
vt 0.47453806 0.40592766
f 1137/6349 1138/6350 1139/6351
vt 0.53117869 0.40592766
vt 0.53115254 0.42089844
vt 0.52441406 0.42089844
f 1140/6352 1141/6353 1142/6354
vt 0.46777344 0.42089844
vt 0.47453806 0.40592766
vt 0.46777344 0.40592766
f 1137/6355 1139/6356 1143/6357
vt 0.52441406 0.40592766
vt 0.53117869 0.40592766
vt 0.52441406 0.42089844
f 1144/6358 1140/6359 1142/6360
vt 0.47451191 0.42089844
vt 0.49023438 0.42089844
vt 0.49026221 0.40592766
f 1138/6361 1145/6362 1146/6363
vt 0.54690283 0.40592766
vt 0.54687500 0.42089844
vt 0.53115254 0.42089844
f 1147/6364 1148/6365 1141/6366
vt 0.47451191 0.42089844
vt 0.49026221 0.40592766
vt 0.47453806 0.40592766
f 1138/6367 1146/6368 1139/6369
vt 0.53117869 0.40592766
vt 0.54690283 0.40592766
vt 0.53115254 0.42089844
f 1140/6370 1147/6371 1141/6372
vt 0.49023438 0.42089844
vt 0.50595684 0.42089844
vt 0.50595291 0.40592766
f 1145/6373 1149/6374 1150/6375
vt 0.56259354 0.40592766
vt 0.56259746 0.42089844
vt 0.54687500 0.42089844
f 1151/6376 1152/6377 1148/6378
vt 0.49023438 0.42089844
vt 0.50595291 0.40592766
vt 0.49026221 0.40592766
f 1145/6379 1150/6380 1146/6381
vt 0.54690283 0.40592766
vt 0.56259354 0.40592766
vt 0.54687500 0.42089844
f 1147/6382 1151/6383 1148/6384
vt 0.50595684 0.42089844
vt 0.51269531 0.42089844
vt 0.51269531 0.40592766
f 1149/6385 1153/6386 1154/6387
vt 0.56933594 0.40592766
vt 0.56933594 0.42089844
vt 0.56259746 0.42089844
f 1155/6388 1156/6389 1152/6390
vt 0.50595684 0.42089844
vt 0.51269531 0.40592766
vt 0.50595291 0.40592766
f 1149/6391 1154/6392 1150/6393
vt 0.56259354 0.40592766
vt 0.56933594 0.40592766
vt 0.56259746 0.42089844
f 1151/6394 1155/6395 1152/6396
vt 0.46777344 0.40592766
vt 0.47453806 0.40592766
vt 0.47453448 0.38964844
f 1143/6397 1139/6398 1157/6399
vt 0.53117510 0.38964844
vt 0.53117869 0.40592766
vt 0.52441406 0.40592766
f 1158/6400 1140/6401 1144/6402
vt 0.46777344 0.40592766
vt 0.47453448 0.38964844
vt 0.46777344 0.38964844
f 1143/6403 1157/6404 1159/6405
vt 0.52441406 0.38964844
vt 0.53117510 0.38964844
vt 0.52441406 0.40592766
f 1160/6406 1158/6407 1144/6408
vt 0.47453806 0.40592766
vt 0.49026221 0.40592766
vt 0.49026415 0.38964844
f 1139/6409 1146/6410 1161/6411
vt 0.54690478 0.38964844
vt 0.54690283 0.40592766
vt 0.53117869 0.40592766
f 1162/6412 1147/6413 1140/6414
vt 0.47453806 0.40592766
vt 0.49026415 0.38964844
vt 0.47453448 0.38964844
f 1139/6415 1161/6416 1157/6417
vt 0.53117510 0.38964844
vt 0.54690478 0.38964844
vt 0.53117869 0.40592766
f 1158/6418 1162/6419 1140/6420
vt 0.49026221 0.40592766
vt 0.50595291 0.40592766
vt 0.50595806 0.38964844
f 1146/6421 1150/6422 1163/6423
vt 0.56259869 0.38964844
vt 0.56259354 0.40592766
vt 0.54690283 0.40592766
f 1164/6424 1151/6425 1147/6426
vt 0.49026221 0.40592766
vt 0.50595806 0.38964844
vt 0.49026415 0.38964844
f 1146/6427 1163/6428 1161/6429
vt 0.54690478 0.38964844
vt 0.56259869 0.38964844
vt 0.54690283 0.40592766
f 1162/6430 1164/6431 1147/6432
vt 0.50595291 0.40592766
vt 0.51269531 0.40592766
vt 0.51269531 0.38964844
f 1150/6433 1154/6434 1165/6435
vt 0.56933594 0.38964844
vt 0.56933594 0.40592766
vt 0.56259354 0.40592766
f 1166/6436 1155/6437 1151/6438
vt 0.50595291 0.40592766
vt 0.51269531 0.38964844
vt 0.50595806 0.38964844
f 1150/6439 1165/6440 1163/6441
vt 0.56259869 0.38964844
vt 0.56933594 0.38964844
vt 0.56259354 0.40592766
f 1164/6442 1166/6443 1151/6444
vt 0.58105469 0.42089844
vt 0.58886719 0.42089844
vt 0.58105469 0.41308594
f 1138/6445 1137/6446 1142/6447
vt 0.58105469 0.42089844
vt 0.58886719 0.42089844
vt 0.58105469 0.41308594
f 1138/6448 1142/6449 1141/6450
vt 0.58105469 0.42089844
vt 0.58886719 0.42089844
vt 0.58105469 0.41308594
f 1137/6451 1143/6452 1144/6453
vt 0.58105469 0.42089844
vt 0.58886719 0.42089844
vt 0.58105469 0.41308594
f 1137/6454 1144/6455 1142/6456
vt 0.58105469 0.42089844
vt 0.58886719 0.42089844
vt 0.58105469 0.41308594
f 1145/6457 1138/6458 1141/6459
vt 0.58105469 0.42089844
vt 0.58886719 0.42089844
vt 0.58105469 0.41308594
f 1145/6460 1141/6461 1148/6462
vt 0.58105469 0.42089844
vt 0.58886719 0.42089844
vt 0.58105469 0.41308594
f 1149/6463 1145/6464 1148/6465
vt 0.58105469 0.42089844
vt 0.58886719 0.42089844
vt 0.58105469 0.41308594
f 1149/6466 1148/6467 1152/6468
vt 0.58105469 0.42089844
vt 0.58886719 0.42089844
vt 0.58105469 0.41308594
f 1153/6469 1149/6470 1152/6471
vt 0.58105469 0.42089844
vt 0.58886719 0.42089844
vt 0.58105469 0.41308594
f 1153/6472 1152/6473 1156/6474
vt 0.58105469 0.42089844
vt 0.58886719 0.42089844
vt 0.58105469 0.41308594
f 1154/6475 1153/6476 1156/6477
vt 0.58105469 0.42089844
vt 0.58886719 0.42089844
vt 0.58105469 0.41308594
f 1154/6478 1156/6479 1155/6480
vt 0.58105469 0.42089844
vt 0.58886719 0.42089844
vt 0.58105469 0.41308594
f 1159/6481 1157/6482 1158/6483
vt 0.58105469 0.42089844
vt 0.58886719 0.42089844
vt 0.58105469 0.41308594
f 1159/6484 1158/6485 1160/6486
vt 0.58105469 0.42089844
vt 0.58886719 0.42089844
vt 0.58105469 0.41308594
f 1143/6487 1159/6488 1160/6489
vt 0.58105469 0.42089844
vt 0.58886719 0.42089844
vt 0.58105469 0.41308594
f 1143/6490 1160/6491 1144/6492
vt 0.58105469 0.42089844
vt 0.58886719 0.42089844
vt 0.58105469 0.41308594
f 1157/6493 1161/6494 1162/6495
vt 0.58105469 0.42089844
vt 0.58886719 0.42089844
vt 0.58105469 0.41308594
f 1157/6496 1162/6497 1158/6498
vt 0.58105469 0.42089844
vt 0.58886719 0.42089844
vt 0.58105469 0.41308594
f 1161/6499 1163/6500 1164/6501
vt 0.58105469 0.42089844
vt 0.58886719 0.42089844
vt 0.58105469 0.41308594
f 1161/6502 1164/6503 1162/6504
vt 0.58105469 0.42089844
vt 0.58886719 0.42089844
vt 0.58105469 0.41308594
f 1165/6505 1154/6506 1155/6507
vt 0.58105469 0.42089844
vt 0.58886719 0.42089844
vt 0.58105469 0.41308594
f 1165/6508 1155/6509 1166/6510
vt 0.58105469 0.42089844
vt 0.58886719 0.42089844
vt 0.58105469 0.41308594
f 1163/6511 1165/6512 1166/6513
vt 0.58105469 0.42089844
vt 0.58886719 0.42089844
vt 0.58105469 0.41308594
f 1163/6514 1166/6515 1164/6516
vt 0.60058594 0.42089844
vt 0.60695457 0.42089844
vt 0.60695457 0.41308594
f 1167/6517 1168/6518 1169/6519
vt 0.64406395 0.41308594
vt 0.64406395 0.42089844
vt 0.63769531 0.42089844
f 1170/6520 1171/6521 1172/6522
vt 0.60058594 0.42089844
vt 0.60695457 0.41308594
vt 0.60058594 0.41308594
f 1167/6523 1169/6524 1173/6525
vt 0.63769531 0.41308594
vt 0.64406395 0.41308594
vt 0.63769531 0.42089844
f 1174/6526 1170/6527 1172/6528
vt 0.60695457 0.42089844
vt 0.61328125 0.42089844
vt 0.61328125 0.41308594
f 1168/6529 1175/6530 1176/6531
vt 0.65039062 0.41308594
vt 0.65039062 0.42089844
vt 0.64406395 0.42089844
f 1177/6532 1178/6533 1171/6534
vt 0.60695457 0.42089844
vt 0.61328125 0.41308594
vt 0.60695457 0.41308594
f 1168/6535 1176/6536 1169/6537
vt 0.64406395 0.41308594
vt 0.65039062 0.41308594
vt 0.64406395 0.42089844
f 1170/6538 1177/6539 1171/6540
vt 0.61328125 0.42089844
vt 0.61960793 0.42089844
vt 0.61960793 0.41308594
f 1175/6541 1179/6542 1180/6543
vt 0.65671730 0.41308594
vt 0.65671730 0.42089844
vt 0.65039062 0.42089844
f 1181/6544 1182/6545 1178/6546
vt 0.61328125 0.42089844
vt 0.61960793 0.41308594
vt 0.61328125 0.41308594
f 1175/6547 1180/6548 1176/6549
vt 0.65039062 0.41308594
vt 0.65671730 0.41308594
vt 0.65039062 0.42089844
f 1177/6550 1181/6551 1178/6552
vt 0.61960793 0.42089844
vt 0.62597656 0.42089844
vt 0.62597656 0.41308594
f 1179/6553 1183/6554 1184/6555
vt 0.66308594 0.41308594
vt 0.66308594 0.42089844
vt 0.65671730 0.42089844
f 1185/6556 1186/6557 1182/6558
vt 0.61960793 0.42089844
vt 0.62597656 0.41308594
vt 0.61960793 0.41308594
f 1179/6559 1184/6560 1180/6561
vt 0.65671730 0.41308594
vt 0.66308594 0.41308594
vt 0.65671730 0.42089844
f 1181/6562 1185/6563 1182/6564
vt 0.67480469 0.42089844
vt 0.68261719 0.42089844
vt 0.67480469 0.41308594
f 1168/6565 1167/6566 1172/6567
vt 0.67480469 0.42089844
vt 0.68261719 0.42089844
vt 0.67480469 0.41308594
f 1168/6568 1172/6569 1171/6570
vt 0.67480469 0.42089844
vt 0.68261719 0.42089844
vt 0.67480469 0.41308594
f 1173/6571 1169/6572 1170/6573
vt 0.67480469 0.42089844
vt 0.68261719 0.42089844
vt 0.67480469 0.41308594
f 1173/6574 1170/6575 1174/6576
vt 0.67480469 0.42089844
vt 0.68261719 0.42089844
vt 0.67480469 0.41308594
f 1167/6577 1173/6578 1174/6579
vt 0.67480469 0.42089844
vt 0.68261719 0.42089844
vt 0.67480469 0.41308594
f 1167/6580 1174/6581 1172/6582
vt 0.67480469 0.42089844
vt 0.68261719 0.42089844
vt 0.67480469 0.41308594
f 1175/6583 1168/6584 1171/6585
vt 0.67480469 0.42089844
vt 0.68261719 0.42089844
vt 0.67480469 0.41308594
f 1175/6586 1171/6587 1178/6588
vt 0.67480469 0.42089844
vt 0.68261719 0.42089844
vt 0.67480469 0.41308594
f 1169/6589 1176/6590 1177/6591
vt 0.67480469 0.42089844
vt 0.68261719 0.42089844
vt 0.67480469 0.41308594
f 1169/6592 1177/6593 1170/6594
vt 0.67480469 0.42089844
vt 0.68261719 0.42089844
vt 0.67480469 0.41308594
f 1179/6595 1175/6596 1178/6597
vt 0.67480469 0.42089844
vt 0.68261719 0.42089844
vt 0.67480469 0.41308594
f 1179/6598 1178/6599 1182/6600
vt 0.67480469 0.42089844
vt 0.68261719 0.42089844
vt 0.67480469 0.41308594
f 1176/6601 1180/6602 1181/6603
vt 0.67480469 0.42089844
vt 0.68261719 0.42089844
vt 0.67480469 0.41308594
f 1176/6604 1181/6605 1177/6606
vt 0.67480469 0.42089844
vt 0.68261719 0.42089844
vt 0.67480469 0.41308594
f 1183/6607 1179/6608 1182/6609
vt 0.67480469 0.42089844
vt 0.68261719 0.42089844
vt 0.67480469 0.41308594
f 1183/6610 1182/6611 1186/6612
vt 0.67480469 0.42089844
vt 0.68261719 0.42089844
vt 0.67480469 0.41308594
f 1184/6613 1183/6614 1186/6615
vt 0.67480469 0.42089844
vt 0.68261719 0.42089844
vt 0.67480469 0.41308594
f 1184/6616 1186/6617 1185/6618
vt 0.67480469 0.42089844
vt 0.68261719 0.42089844
vt 0.67480469 0.41308594
f 1180/6619 1184/6620 1185/6621
vt 0.67480469 0.42089844
vt 0.68261719 0.42089844
vt 0.67480469 0.41308594
f 1180/6622 1185/6623 1181/6624
vt 0.69433594 0.42089844
vt 0.70070894 0.42089844
vt 0.70070894 0.41308594
f 1187/6625 1188/6626 1189/6627
vt 0.73781831 0.41308594
vt 0.73781831 0.42089844
vt 0.73144531 0.42089844
f 1190/6628 1191/6629 1192/6630
vt 0.69433594 0.42089844
vt 0.70070894 0.41308594
vt 0.69433594 0.41308594
f 1187/6631 1189/6632 1193/6633
vt 0.73144531 0.41308594
vt 0.73781831 0.41308594
vt 0.73144531 0.42089844
f 1194/6634 1190/6635 1192/6636
vt 0.70070894 0.42089844
vt 0.70703125 0.42089844
vt 0.70703125 0.41308594
f 1188/6637 1195/6638 1196/6639
vt 0.74414062 0.41308594
vt 0.74414062 0.42089844
vt 0.73781831 0.42089844
f 1197/6640 1198/6641 1191/6642
vt 0.70070894 0.42089844
vt 0.70703125 0.41308594
vt 0.70070894 0.41308594
f 1188/6643 1196/6644 1189/6645
vt 0.73781831 0.41308594
vt 0.74414062 0.41308594
vt 0.73781831 0.42089844
f 1190/6646 1197/6647 1191/6648
vt 0.70703125 0.42089844
vt 0.71335356 0.42089844
vt 0.71335356 0.41308594
f 1195/6649 1199/6650 1200/6651
vt 0.75046294 0.41308594
vt 0.75046294 0.42089844
vt 0.74414062 0.42089844
f 1201/6652 1202/6653 1198/6654
vt 0.70703125 0.42089844
vt 0.71335356 0.41308594
vt 0.70703125 0.41308594
f 1195/6655 1200/6656 1196/6657
vt 0.74414062 0.41308594
vt 0.75046294 0.41308594
vt 0.74414062 0.42089844
f 1197/6658 1201/6659 1198/6660
vt 0.71335356 0.42089844
vt 0.71972656 0.42089844
vt 0.71972656 0.41308594
f 1199/6661 1203/6662 1204/6663
vt 0.75683594 0.41308594
vt 0.75683594 0.42089844
vt 0.75046294 0.42089844
f 1205/6664 1206/6665 1202/6666
vt 0.71335356 0.42089844
vt 0.71972656 0.41308594
vt 0.71335356 0.41308594
f 1199/6667 1204/6668 1200/6669
vt 0.75046294 0.41308594
vt 0.75683594 0.41308594
vt 0.75046294 0.42089844
f 1201/6670 1205/6671 1202/6672
vt 0.76855469 0.42089844
vt 0.77636719 0.42089844
vt 0.76855469 0.41308594
f 1188/6673 1187/6674 1192/6675
vt 0.76855469 0.42089844
vt 0.77636719 0.42089844
vt 0.76855469 0.41308594
f 1188/6676 1192/6677 1191/6678
vt 0.76855469 0.42089844
vt 0.77636719 0.42089844
vt 0.76855469 0.41308594
f 1193/6679 1189/6680 1190/6681
vt 0.76855469 0.42089844
vt 0.77636719 0.42089844
vt 0.76855469 0.41308594
f 1193/6682 1190/6683 1194/6684
vt 0.76855469 0.42089844
vt 0.77636719 0.42089844
vt 0.76855469 0.41308594
f 1187/6685 1193/6686 1194/6687
vt 0.76855469 0.42089844
vt 0.77636719 0.42089844
vt 0.76855469 0.41308594
f 1187/6688 1194/6689 1192/6690
vt 0.76855469 0.42089844
vt 0.77636719 0.42089844
vt 0.76855469 0.41308594
f 1195/6691 1188/6692 1191/6693
vt 0.76855469 0.42089844
vt 0.77636719 0.42089844
vt 0.76855469 0.41308594
f 1195/6694 1191/6695 1198/6696
vt 0.76855469 0.42089844
vt 0.77636719 0.42089844
vt 0.76855469 0.41308594
f 1189/6697 1196/6698 1197/6699
vt 0.76855469 0.42089844
vt 0.77636719 0.42089844
vt 0.76855469 0.41308594
f 1189/6700 1197/6701 1190/6702
vt 0.76855469 0.42089844
vt 0.77636719 0.42089844
vt 0.76855469 0.41308594
f 1199/6703 1195/6704 1198/6705
vt 0.76855469 0.42089844
vt 0.77636719 0.42089844
vt 0.76855469 0.41308594
f 1199/6706 1198/6707 1202/6708
vt 0.76855469 0.42089844
vt 0.77636719 0.42089844
vt 0.76855469 0.41308594
f 1196/6709 1200/6710 1201/6711
vt 0.76855469 0.42089844
vt 0.77636719 0.42089844
vt 0.76855469 0.41308594
f 1196/6712 1201/6713 1197/6714
vt 0.76855469 0.42089844
vt 0.77636719 0.42089844
vt 0.76855469 0.41308594
f 1203/6715 1199/6716 1202/6717
vt 0.76855469 0.42089844
vt 0.77636719 0.42089844
vt 0.76855469 0.41308594
f 1203/6718 1202/6719 1206/6720
vt 0.76855469 0.42089844
vt 0.77636719 0.42089844
vt 0.76855469 0.41308594
f 1204/6721 1203/6722 1206/6723
vt 0.76855469 0.42089844
vt 0.77636719 0.42089844
vt 0.76855469 0.41308594
f 1204/6724 1206/6725 1205/6726
vt 0.76855469 0.42089844
vt 0.77636719 0.42089844
vt 0.76855469 0.41308594
f 1200/6727 1204/6728 1205/6729
vt 0.76855469 0.42089844
vt 0.77636719 0.42089844
vt 0.76855469 0.41308594
f 1200/6730 1205/6731 1201/6732
vt 0.78808594 0.42089844
vt 0.79445958 0.42089844
vt 0.79445469 0.40666349
f 1207/6733 1208/6734 1209/6735
vt 0.83156407 0.40666349
vt 0.83156896 0.42089844
vt 0.82519531 0.42089844
f 1210/6736 1211/6737 1212/6738
vt 0.78808594 0.42089844
vt 0.79445469 0.40666349
vt 0.78808594 0.40666349
f 1207/6739 1209/6740 1213/6741
vt 0.82519531 0.40666349
vt 0.83156407 0.40666349
vt 0.82519531 0.42089844
f 1214/6742 1210/6743 1212/6744
vt 0.79445958 0.42089844
vt 0.80078125 0.42089844
vt 0.80078125 0.40666349
f 1208/6745 1215/6746 1216/6747
vt 0.83789062 0.40666349
vt 0.83789062 0.42089844
vt 0.83156896 0.42089844
f 1217/6748 1218/6749 1211/6750
vt 0.79445958 0.42089844
vt 0.80078125 0.40666349
vt 0.79445469 0.40666349
f 1208/6751 1216/6752 1209/6753
vt 0.83156407 0.40666349
vt 0.83789062 0.40666349
vt 0.83156896 0.42089844
f 1210/6754 1217/6755 1211/6756
vt 0.80078125 0.42089844
vt 0.80710292 0.42089844
vt 0.80710781 0.40666349
f 1215/6757 1219/6758 1220/6759
vt 0.84421718 0.40666349
vt 0.84421229 0.42089844
vt 0.83789062 0.42089844
f 1221/6760 1222/6761 1218/6762
vt 0.80078125 0.42089844
vt 0.80710781 0.40666349
vt 0.80078125 0.40666349
f 1215/6763 1220/6764 1216/6765
vt 0.83789062 0.40666349
vt 0.84421718 0.40666349
vt 0.83789062 0.42089844
f 1217/6766 1221/6767 1218/6768
vt 0.80710292 0.42089844
vt 0.81347656 0.42089844
vt 0.81347656 0.40666349
f 1219/6769 1223/6770 1224/6771
vt 0.85058594 0.40666349
vt 0.85058594 0.42089844
vt 0.84421229 0.42089844
f 1225/6772 1226/6773 1222/6774
vt 0.80710292 0.42089844
vt 0.81347656 0.40666349
vt 0.80710781 0.40666349
f 1219/6775 1224/6776 1220/6777
vt 0.84421718 0.40666349
vt 0.85058594 0.40666349
vt 0.84421229 0.42089844
f 1221/6778 1225/6779 1222/6780
vt 0.78808594 0.40666349
vt 0.79445469 0.40666349
vt 0.79445457 0.39355469
f 1213/6781 1209/6782 1227/6783
vt 0.83156395 0.39355469
vt 0.83156407 0.40666349
vt 0.82519531 0.40666349
f 1228/6784 1210/6785 1214/6786
vt 0.78808594 0.40666349
vt 0.79445457 0.39355469
vt 0.78808594 0.39355469
f 1213/6787 1227/6788 1229/6789
vt 0.82519531 0.39355469
vt 0.83156395 0.39355469
vt 0.82519531 0.40666349
f 1230/6790 1228/6791 1214/6792
vt 0.79445469 0.40666349
vt 0.80078125 0.40666349
vt 0.80078125 0.39355469
f 1209/6793 1216/6794 1231/6795
vt 0.83789062 0.39355469
vt 0.83789062 0.40666349
vt 0.83156407 0.40666349
f 1232/6796 1217/6797 1210/6798
vt 0.79445469 0.40666349
vt 0.80078125 0.39355469
vt 0.79445457 0.39355469
f 1209/6799 1231/6800 1227/6801
vt 0.83156395 0.39355469
vt 0.83789062 0.39355469
vt 0.83156407 0.40666349
f 1228/6802 1232/6803 1210/6804
vt 0.80078125 0.40666349
vt 0.80710781 0.40666349
vt 0.80710793 0.39355469
f 1216/6805 1220/6806 1233/6807
vt 0.84421730 0.39355469
vt 0.84421718 0.40666349
vt 0.83789062 0.40666349
f 1234/6808 1221/6809 1217/6810
vt 0.80078125 0.40666349
vt 0.80710793 0.39355469
vt 0.80078125 0.39355469
f 1216/6811 1233/6812 1231/6813
vt 0.83789062 0.39355469
vt 0.84421730 0.39355469
vt 0.83789062 0.40666349
f 1232/6814 1234/6815 1217/6816
vt 0.80710781 0.40666349
vt 0.81347656 0.40666349
vt 0.81347656 0.39355469
f 1220/6817 1224/6818 1235/6819
vt 0.85058594 0.39355469
vt 0.85058594 0.40666349
vt 0.84421718 0.40666349
f 1236/6820 1225/6821 1221/6822
vt 0.80710781 0.40666349
vt 0.81347656 0.39355469
vt 0.80710793 0.39355469
f 1220/6823 1235/6824 1233/6825
vt 0.84421730 0.39355469
vt 0.85058594 0.39355469
vt 0.84421718 0.40666349
f 1234/6826 1236/6827 1221/6828
vt 0.86230469 0.42089844
vt 0.87011719 0.42089844
vt 0.86230469 0.41308594
f 1208/6829 1207/6830 1212/6831
vt 0.86230469 0.42089844
vt 0.87011719 0.42089844
vt 0.86230469 0.41308594
f 1208/6832 1212/6833 1211/6834
vt 0.86230469 0.42089844
vt 0.87011719 0.42089844
vt 0.86230469 0.41308594
f 1207/6835 1213/6836 1214/6837
vt 0.86230469 0.42089844
vt 0.87011719 0.42089844
vt 0.86230469 0.41308594
f 1207/6838 1214/6839 1212/6840
vt 0.86230469 0.42089844
vt 0.87011719 0.42089844
vt 0.86230469 0.41308594
f 1215/6841 1208/6842 1211/6843
vt 0.86230469 0.42089844
vt 0.87011719 0.42089844
vt 0.86230469 0.41308594
f 1215/6844 1211/6845 1218/6846
vt 0.86230469 0.42089844
vt 0.87011719 0.42089844
vt 0.86230469 0.41308594
f 1219/6847 1215/6848 1218/6849
vt 0.86230469 0.42089844
vt 0.87011719 0.42089844
vt 0.86230469 0.41308594
f 1219/6850 1218/6851 1222/6852
vt 0.86230469 0.42089844
vt 0.87011719 0.42089844
vt 0.86230469 0.41308594
f 1223/6853 1219/6854 1222/6855
vt 0.86230469 0.42089844
vt 0.87011719 0.42089844
vt 0.86230469 0.41308594
f 1223/6856 1222/6857 1226/6858
vt 0.86230469 0.42089844
vt 0.87011719 0.42089844
vt 0.86230469 0.41308594
f 1224/6859 1223/6860 1226/6861
vt 0.86230469 0.42089844
vt 0.87011719 0.42089844
vt 0.86230469 0.41308594
f 1224/6862 1226/6863 1225/6864
vt 0.86230469 0.42089844
vt 0.87011719 0.42089844
vt 0.86230469 0.41308594
f 1229/6865 1227/6866 1228/6867
vt 0.86230469 0.42089844
vt 0.87011719 0.42089844
vt 0.86230469 0.41308594
f 1229/6868 1228/6869 1230/6870
vt 0.86230469 0.42089844
vt 0.87011719 0.42089844
vt 0.86230469 0.41308594
f 1213/6871 1229/6872 1230/6873
vt 0.86230469 0.42089844
vt 0.87011719 0.42089844
vt 0.86230469 0.41308594
f 1213/6874 1230/6875 1214/6876
vt 0.86230469 0.42089844
vt 0.87011719 0.42089844
vt 0.86230469 0.41308594
f 1227/6877 1231/6878 1232/6879
vt 0.86230469 0.42089844
vt 0.87011719 0.42089844
vt 0.86230469 0.41308594
f 1227/6880 1232/6881 1228/6882
vt 0.86230469 0.42089844
vt 0.87011719 0.42089844
vt 0.86230469 0.41308594
f 1231/6883 1233/6884 1234/6885
vt 0.86230469 0.42089844
vt 0.87011719 0.42089844
vt 0.86230469 0.41308594
f 1231/6886 1234/6887 1232/6888
vt 0.86230469 0.42089844
vt 0.87011719 0.42089844
vt 0.86230469 0.41308594
f 1235/6889 1224/6890 1225/6891
vt 0.86230469 0.42089844
vt 0.87011719 0.42089844
vt 0.86230469 0.41308594
f 1235/6892 1225/6893 1236/6894
vt 0.86230469 0.42089844
vt 0.87011719 0.42089844
vt 0.86230469 0.41308594
f 1233/6895 1235/6896 1236/6897
vt 0.86230469 0.42089844
vt 0.87011719 0.42089844
vt 0.86230469 0.41308594
f 1233/6898 1236/6899 1234/6900
vt 0.88183594 0.42089844
vt 0.88820776 0.42089844
vt 0.88820612 0.40601616
f 1237/6901 1238/6902 1239/6903
vt 0.92531549 0.40601616
vt 0.92531713 0.42089844
vt 0.91894531 0.42089844
f 1240/6904 1241/6905 1242/6906
vt 0.88183594 0.42089844
vt 0.88820612 0.40601616
vt 0.88183594 0.40601616
f 1237/6907 1239/6908 1243/6909
vt 0.91894531 0.40601616
vt 0.92531549 0.40601616
vt 0.91894531 0.42089844
f 1244/6910 1240/6911 1242/6912
vt 0.88820776 0.42089844
vt 0.89453125 0.42089844
vt 0.89453125 0.40601616
f 1238/6913 1245/6914 1246/6915
vt 0.93164062 0.40601616
vt 0.93164062 0.42089844
vt 0.92531713 0.42089844
f 1247/6916 1248/6917 1241/6918
vt 0.88820776 0.42089844
vt 0.89453125 0.40601616
vt 0.88820612 0.40601616
f 1238/6919 1246/6920 1239/6921
vt 0.92531549 0.40601616
vt 0.93164062 0.40601616
vt 0.92531713 0.42089844
f 1240/6922 1247/6923 1241/6924
vt 0.89453125 0.42089844
vt 0.90085474 0.42089844
vt 0.90085638 0.40601616
f 1245/6925 1249/6926 1250/6927
vt 0.93796576 0.40601616
vt 0.93796412 0.42089844
vt 0.93164062 0.42089844
f 1251/6928 1252/6929 1248/6930
vt 0.89453125 0.42089844
vt 0.90085638 0.40601616
vt 0.89453125 0.40601616
f 1245/6931 1250/6932 1246/6933
vt 0.93164062 0.40601616
vt 0.93796576 0.40601616
vt 0.93164062 0.42089844
f 1247/6934 1251/6935 1248/6936
vt 0.90085474 0.42089844
vt 0.90722656 0.42089844
vt 0.90722656 0.40601616
f 1249/6937 1253/6938 1254/6939
vt 0.94433594 0.40601616
vt 0.94433594 0.42089844
vt 0.93796412 0.42089844
f 1255/6940 1256/6941 1252/6942
vt 0.90085474 0.42089844
vt 0.90722656 0.40601616
vt 0.90085638 0.40601616
f 1249/6943 1254/6944 1250/6945
vt 0.93796576 0.40601616
vt 0.94433594 0.40601616
vt 0.93796412 0.42089844
f 1251/6946 1255/6947 1252/6948
vt 0.88183594 0.40601616
vt 0.88820612 0.40601616
vt 0.88820894 0.38574219
f 1243/6949 1239/6950 1257/6951
vt 0.92531831 0.38574219
vt 0.92531549 0.40601616
vt 0.91894531 0.40601616
f 1258/6952 1240/6953 1244/6954
vt 0.88183594 0.40601616
vt 0.88820894 0.38574219
vt 0.88183594 0.38574219
f 1243/6955 1257/6956 1259/6957
vt 0.91894531 0.38574219
vt 0.92531831 0.38574219
vt 0.91894531 0.40601616
f 1260/6958 1258/6959 1244/6960
vt 0.88820612 0.40601616
vt 0.89453125 0.40601616
vt 0.89453125 0.38574219
f 1239/6961 1246/6962 1261/6963
vt 0.93164062 0.38574219
vt 0.93164062 0.40601616
vt 0.92531549 0.40601616
f 1262/6964 1247/6965 1240/6966
vt 0.88820612 0.40601616
vt 0.89453125 0.38574219
vt 0.88820894 0.38574219
f 1239/6967 1261/6968 1257/6969
vt 0.92531831 0.38574219
vt 0.93164062 0.38574219
vt 0.92531549 0.40601616
f 1258/6970 1262/6971 1240/6972
vt 0.89453125 0.40601616
vt 0.90085638 0.40601616
vt 0.90085356 0.38574219
f 1246/6973 1250/6974 1263/6975
vt 0.93796294 0.38574219
vt 0.93796576 0.40601616
vt 0.93164062 0.40601616
f 1264/6976 1251/6977 1247/6978
vt 0.89453125 0.40601616
vt 0.90085356 0.38574219
vt 0.89453125 0.38574219
f 1246/6979 1263/6980 1261/6981
vt 0.93164062 0.38574219
vt 0.93796294 0.38574219
vt 0.93164062 0.40601616
f 1262/6982 1264/6983 1247/6984
vt 0.90085638 0.40601616
vt 0.90722656 0.40601616
vt 0.90722656 0.38574219
f 1250/6985 1254/6986 1265/6987
vt 0.94433594 0.38574219
vt 0.94433594 0.40601616
vt 0.93796576 0.40601616
f 1266/6988 1255/6989 1251/6990
vt 0.90085638 0.40601616
vt 0.90722656 0.38574219
vt 0.90085356 0.38574219
f 1250/6991 1265/6992 1263/6993
vt 0.93796294 0.38574219
vt 0.94433594 0.38574219
vt 0.93796576 0.40601616
f 1264/6994 1266/6995 1251/6996
vt 0.95605469 0.42089844
vt 0.96386719 0.42089844
vt 0.95605469 0.41308594
f 1238/6997 1237/6998 1242/6999
vt 0.95605469 0.42089844
vt 0.96386719 0.42089844
vt 0.95605469 0.41308594
f 1238/7000 1242/7001 1241/7002
vt 0.95605469 0.42089844
vt 0.96386719 0.42089844
vt 0.95605469 0.41308594
f 1237/7003 1243/7004 1244/7005
vt 0.95605469 0.42089844
vt 0.96386719 0.42089844
vt 0.95605469 0.41308594
f 1237/7006 1244/7007 1242/7008
vt 0.95605469 0.42089844
vt 0.96386719 0.42089844
vt 0.95605469 0.41308594
f 1245/7009 1238/7010 1241/7011
vt 0.95605469 0.42089844
vt 0.96386719 0.42089844
vt 0.95605469 0.41308594
f 1245/7012 1241/7013 1248/7014
vt 0.95605469 0.42089844
vt 0.96386719 0.42089844
vt 0.95605469 0.41308594
f 1249/7015 1245/7016 1248/7017
vt 0.95605469 0.42089844
vt 0.96386719 0.42089844
vt 0.95605469 0.41308594
f 1249/7018 1248/7019 1252/7020
vt 0.95605469 0.42089844
vt 0.96386719 0.42089844
vt 0.95605469 0.41308594
f 1253/7021 1249/7022 1252/7023
vt 0.95605469 0.42089844
vt 0.96386719 0.42089844
vt 0.95605469 0.41308594
f 1253/7024 1252/7025 1256/7026
vt 0.95605469 0.42089844
vt 0.96386719 0.42089844
vt 0.95605469 0.41308594
f 1254/7027 1253/7028 1256/7029
vt 0.95605469 0.42089844
vt 0.96386719 0.42089844
vt 0.95605469 0.41308594
f 1254/7030 1256/7031 1255/7032
vt 0.95605469 0.42089844
vt 0.96386719 0.42089844
vt 0.95605469 0.41308594
f 1259/7033 1257/7034 1258/7035
vt 0.95605469 0.42089844
vt 0.96386719 0.42089844
vt 0.95605469 0.41308594
f 1259/7036 1258/7037 1260/7038
vt 0.95605469 0.42089844
vt 0.96386719 0.42089844
vt 0.95605469 0.41308594
f 1243/7039 1259/7040 1260/7041
vt 0.95605469 0.42089844
vt 0.96386719 0.42089844
vt 0.95605469 0.41308594
f 1243/7042 1260/7043 1244/7044
vt 0.95605469 0.42089844
vt 0.96386719 0.42089844
vt 0.95605469 0.41308594
f 1257/7045 1261/7046 1262/7047
vt 0.95605469 0.42089844
vt 0.96386719 0.42089844
vt 0.95605469 0.41308594
f 1257/7048 1262/7049 1258/7050
vt 0.95605469 0.42089844
vt 0.96386719 0.42089844
vt 0.95605469 0.41308594
f 1261/7051 1263/7052 1264/7053
vt 0.95605469 0.42089844
vt 0.96386719 0.42089844
vt 0.95605469 0.41308594
f 1261/7054 1264/7055 1262/7056
vt 0.95605469 0.42089844
vt 0.96386719 0.42089844
vt 0.95605469 0.41308594
f 1265/7057 1254/7058 1255/7059
vt 0.95605469 0.42089844
vt 0.96386719 0.42089844
vt 0.95605469 0.41308594
f 1265/7060 1255/7061 1266/7062
vt 0.95605469 0.42089844
vt 0.96386719 0.42089844
vt 0.95605469 0.41308594
f 1263/7063 1265/7064 1266/7065
vt 0.95605469 0.42089844
vt 0.96386719 0.42089844
vt 0.95605469 0.41308594
f 1263/7066 1266/7067 1264/7068
vt 0.00292969 0.37402344
vt 0.00966816 0.37402344
vt 0.00967209 0.35905266
f 1267/7069 1268/7070 1269/7071
vt 0.06631271 0.35905266
vt 0.06630879 0.37402344
vt 0.05957031 0.37402344
f 1270/7072 1271/7073 1272/7074
vt 0.00292969 0.37402344
vt 0.00967209 0.35905266
vt 0.00292969 0.35905266
f 1267/7075 1269/7076 1273/7077
vt 0.05957031 0.35905266
vt 0.06631271 0.35905266
vt 0.05957031 0.37402344
f 1274/7078 1270/7079 1272/7080
vt 0.00966816 0.37402344
vt 0.02539063 0.37402344
vt 0.02536279 0.35905266
f 1268/7081 1275/7082 1276/7083
vt 0.08200342 0.35905266
vt 0.08203125 0.37402344
vt 0.06630879 0.37402344
f 1277/7084 1278/7085 1271/7086
vt 0.00966816 0.37402344
vt 0.02536279 0.35905266
vt 0.00967209 0.35905266
f 1268/7087 1276/7088 1269/7089
vt 0.06631271 0.35905266
vt 0.08200342 0.35905266
vt 0.06630879 0.37402344
f 1270/7090 1277/7091 1271/7092
vt 0.02539063 0.37402344
vt 0.04111309 0.37402344
vt 0.04108694 0.35905266
f 1275/7093 1279/7094 1280/7095
vt 0.09772756 0.35905266
vt 0.09775371 0.37402344
vt 0.08203125 0.37402344
f 1281/7096 1282/7097 1278/7098
vt 0.02539063 0.37402344
vt 0.04108694 0.35905266
vt 0.02536279 0.35905266
f 1275/7099 1280/7100 1276/7101
vt 0.08200342 0.35905266
vt 0.09772756 0.35905266
vt 0.08203125 0.37402344
f 1277/7102 1281/7103 1278/7104
vt 0.04111309 0.37402344
vt 0.04785156 0.37402344
vt 0.04785156 0.35905266
f 1279/7105 1283/7106 1284/7107
vt 0.10449219 0.35905266
vt 0.10449219 0.37402344
vt 0.09775371 0.37402344
f 1285/7108 1286/7109 1282/7110
vt 0.04111309 0.37402344
vt 0.04785156 0.35905266
vt 0.04108694 0.35905266
f 1279/7111 1284/7112 1280/7113
vt 0.09772756 0.35905266
vt 0.10449219 0.35905266
vt 0.09775371 0.37402344
f 1281/7114 1285/7115 1282/7116
vt 0.00292969 0.35905266
vt 0.00967209 0.35905266
vt 0.00966694 0.34277344
f 1273/7117 1269/7118 1287/7119
vt 0.06630756 0.34277344
vt 0.06631271 0.35905266
vt 0.05957031 0.35905266
f 1288/7120 1270/7121 1274/7122
vt 0.00292969 0.35905266
vt 0.00966694 0.34277344
vt 0.00292969 0.34277344
f 1273/7123 1287/7124 1289/7125
vt 0.05957031 0.34277344
vt 0.06630756 0.34277344
vt 0.05957031 0.35905266
f 1290/7126 1288/7127 1274/7128
vt 0.00967209 0.35905266
vt 0.02536279 0.35905266
vt 0.02536085 0.34277344
f 1269/7129 1276/7130 1291/7131
vt 0.08200147 0.34277344
vt 0.08200342 0.35905266
vt 0.06631271 0.35905266
f 1292/7132 1277/7133 1270/7134
vt 0.00967209 0.35905266
vt 0.02536085 0.34277344
vt 0.00966694 0.34277344
f 1269/7135 1291/7136 1287/7137
vt 0.06630756 0.34277344
vt 0.08200147 0.34277344
vt 0.06631271 0.35905266
f 1288/7138 1292/7139 1270/7140
vt 0.02536279 0.35905266
vt 0.04108694 0.35905266
vt 0.04109052 0.34277344
f 1276/7141 1280/7142 1293/7143
vt 0.09773115 0.34277344
vt 0.09772756 0.35905266
vt 0.08200342 0.35905266
f 1294/7144 1281/7145 1277/7146
vt 0.02536279 0.35905266
vt 0.04109052 0.34277344
vt 0.02536085 0.34277344
f 1276/7147 1293/7148 1291/7149
vt 0.08200147 0.34277344
vt 0.09773115 0.34277344
vt 0.08200342 0.35905266
f 1292/7150 1294/7151 1277/7152
vt 0.04108694 0.35905266
vt 0.04785156 0.35905266
vt 0.04785156 0.34277344
f 1280/7153 1284/7154 1295/7155
vt 0.10449219 0.34277344
vt 0.10449219 0.35905266
vt 0.09772756 0.35905266
f 1296/7156 1285/7157 1281/7158
vt 0.04108694 0.35905266
vt 0.04785156 0.34277344
vt 0.04109052 0.34277344
f 1280/7159 1295/7160 1293/7161
vt 0.09773115 0.34277344
vt 0.10449219 0.34277344
vt 0.09772756 0.35905266
f 1294/7162 1296/7163 1281/7164
vt 0.11621094 0.37402344
vt 0.12402344 0.37402344
vt 0.11621094 0.36621094
f 1268/7165 1267/7166 1272/7167
vt 0.11621094 0.37402344
vt 0.12402344 0.37402344
vt 0.11621094 0.36621094
f 1268/7168 1272/7169 1271/7170
vt 0.11621094 0.37402344
vt 0.12402344 0.37402344
vt 0.11621094 0.36621094
f 1267/7171 1273/7172 1274/7173
vt 0.11621094 0.37402344
vt 0.12402344 0.37402344
vt 0.11621094 0.36621094
f 1267/7174 1274/7175 1272/7176
vt 0.11621094 0.37402344
vt 0.12402344 0.37402344
vt 0.11621094 0.36621094
f 1275/7177 1268/7178 1271/7179
vt 0.11621094 0.37402344
vt 0.12402344 0.37402344
vt 0.11621094 0.36621094
f 1275/7180 1271/7181 1278/7182
vt 0.11621094 0.37402344
vt 0.12402344 0.37402344
vt 0.11621094 0.36621094
f 1279/7183 1275/7184 1278/7185
vt 0.11621094 0.37402344
vt 0.12402344 0.37402344
vt 0.11621094 0.36621094
f 1279/7186 1278/7187 1282/7188
vt 0.11621094 0.37402344
vt 0.12402344 0.37402344
vt 0.11621094 0.36621094
f 1283/7189 1279/7190 1282/7191
vt 0.11621094 0.37402344
vt 0.12402344 0.37402344
vt 0.11621094 0.36621094
f 1283/7192 1282/7193 1286/7194
vt 0.11621094 0.37402344
vt 0.12402344 0.37402344
vt 0.11621094 0.36621094
f 1284/7195 1283/7196 1286/7197
vt 0.11621094 0.37402344
vt 0.12402344 0.37402344
vt 0.11621094 0.36621094
f 1284/7198 1286/7199 1285/7200
vt 0.11621094 0.37402344
vt 0.12402344 0.37402344
vt 0.11621094 0.36621094
f 1289/7201 1287/7202 1288/7203
vt 0.11621094 0.37402344
vt 0.12402344 0.37402344
vt 0.11621094 0.36621094
f 1289/7204 1288/7205 1290/7206
vt 0.11621094 0.37402344
vt 0.12402344 0.37402344
vt 0.11621094 0.36621094
f 1273/7207 1289/7208 1290/7209
vt 0.11621094 0.37402344
vt 0.12402344 0.37402344
vt 0.11621094 0.36621094
f 1273/7210 1290/7211 1274/7212
vt 0.11621094 0.37402344
vt 0.12402344 0.37402344
vt 0.11621094 0.36621094
f 1287/7213 1291/7214 1292/7215
vt 0.11621094 0.37402344
vt 0.12402344 0.37402344
vt 0.11621094 0.36621094
f 1287/7216 1292/7217 1288/7218
vt 0.11621094 0.37402344
vt 0.12402344 0.37402344
vt 0.11621094 0.36621094
f 1291/7219 1293/7220 1294/7221
vt 0.11621094 0.37402344
vt 0.12402344 0.37402344
vt 0.11621094 0.36621094
f 1291/7222 1294/7223 1292/7224
vt 0.11621094 0.37402344
vt 0.12402344 0.37402344
vt 0.11621094 0.36621094
f 1295/7225 1284/7226 1285/7227
vt 0.11621094 0.37402344
vt 0.12402344 0.37402344
vt 0.11621094 0.36621094
f 1295/7228 1285/7229 1296/7230
vt 0.11621094 0.37402344
vt 0.12402344 0.37402344
vt 0.11621094 0.36621094
f 1293/7231 1295/7232 1296/7233
vt 0.11621094 0.37402344
vt 0.12402344 0.37402344
vt 0.11621094 0.36621094
f 1293/7234 1296/7235 1294/7236
vt 0.13574219 0.37402344
vt 0.14211082 0.37402344
vt 0.14211082 0.36621094
f 1297/7237 1298/7238 1299/7239
vt 0.17922020 0.36621094
vt 0.17922020 0.37402344
vt 0.17285156 0.37402344
f 1300/7240 1301/7241 1302/7242
vt 0.13574219 0.37402344
vt 0.14211082 0.36621094
vt 0.13574219 0.36621094
f 1297/7243 1299/7244 1303/7245
vt 0.17285156 0.36621094
vt 0.17922020 0.36621094
vt 0.17285156 0.37402344
f 1304/7246 1300/7247 1302/7248
vt 0.14211082 0.37402344
vt 0.14843750 0.37402344
vt 0.14843750 0.36621094
f 1298/7249 1305/7250 1306/7251
vt 0.18554688 0.36621094
vt 0.18554688 0.37402344
vt 0.17922020 0.37402344
f 1307/7252 1308/7253 1301/7254
vt 0.14211082 0.37402344
vt 0.14843750 0.36621094
vt 0.14211082 0.36621094
f 1298/7255 1306/7256 1299/7257
vt 0.17922020 0.36621094
vt 0.18554688 0.36621094
vt 0.17922020 0.37402344
f 1300/7258 1307/7259 1301/7260
vt 0.14843750 0.37402344
vt 0.15476418 0.37402344
vt 0.15476418 0.36621094
f 1305/7261 1309/7262 1310/7263
vt 0.19187355 0.36621094
vt 0.19187355 0.37402344
vt 0.18554688 0.37402344
f 1311/7264 1312/7265 1308/7266
vt 0.14843750 0.37402344
vt 0.15476418 0.36621094
vt 0.14843750 0.36621094
f 1305/7267 1310/7268 1306/7269
vt 0.18554688 0.36621094
vt 0.19187355 0.36621094
vt 0.18554688 0.37402344
f 1307/7270 1311/7271 1308/7272
vt 0.15476418 0.37402344
vt 0.16113281 0.37402344
vt 0.16113281 0.36621094
f 1309/7273 1313/7274 1314/7275
vt 0.19824219 0.36621094
vt 0.19824219 0.37402344
vt 0.19187355 0.37402344
f 1315/7276 1316/7277 1312/7278
vt 0.15476418 0.37402344
vt 0.16113281 0.36621094
vt 0.15476418 0.36621094
f 1309/7279 1314/7280 1310/7281
vt 0.19187355 0.36621094
vt 0.19824219 0.36621094
vt 0.19187355 0.37402344
f 1311/7282 1315/7283 1312/7284
vt 0.20996094 0.37402344
vt 0.21777344 0.37402344
vt 0.20996094 0.36621094
f 1298/7285 1297/7286 1302/7287
vt 0.20996094 0.37402344
vt 0.21777344 0.37402344
vt 0.20996094 0.36621094
f 1298/7288 1302/7289 1301/7290
vt 0.20996094 0.37402344
vt 0.21777344 0.37402344
vt 0.20996094 0.36621094
f 1303/7291 1299/7292 1300/7293
vt 0.20996094 0.37402344
vt 0.21777344 0.37402344
vt 0.20996094 0.36621094
f 1303/7294 1300/7295 1304/7296
vt 0.20996094 0.37402344
vt 0.21777344 0.37402344
vt 0.20996094 0.36621094
f 1297/7297 1303/7298 1304/7299
vt 0.20996094 0.37402344
vt 0.21777344 0.37402344
vt 0.20996094 0.36621094
f 1297/7300 1304/7301 1302/7302
vt 0.20996094 0.37402344
vt 0.21777344 0.37402344
vt 0.20996094 0.36621094
f 1305/7303 1298/7304 1301/7305
vt 0.20996094 0.37402344
vt 0.21777344 0.37402344
vt 0.20996094 0.36621094
f 1305/7306 1301/7307 1308/7308
vt 0.20996094 0.37402344
vt 0.21777344 0.37402344
vt 0.20996094 0.36621094
f 1299/7309 1306/7310 1307/7311
vt 0.20996094 0.37402344
vt 0.21777344 0.37402344
vt 0.20996094 0.36621094
f 1299/7312 1307/7313 1300/7314
vt 0.20996094 0.37402344
vt 0.21777344 0.37402344
vt 0.20996094 0.36621094
f 1309/7315 1305/7316 1308/7317
vt 0.20996094 0.37402344
vt 0.21777344 0.37402344
vt 0.20996094 0.36621094
f 1309/7318 1308/7319 1312/7320
vt 0.20996094 0.37402344
vt 0.21777344 0.37402344
vt 0.20996094 0.36621094
f 1306/7321 1310/7322 1311/7323
vt 0.20996094 0.37402344
vt 0.21777344 0.37402344
vt 0.20996094 0.36621094
f 1306/7324 1311/7325 1307/7326
vt 0.20996094 0.37402344
vt 0.21777344 0.37402344
vt 0.20996094 0.36621094
f 1313/7327 1309/7328 1312/7329
vt 0.20996094 0.37402344
vt 0.21777344 0.37402344
vt 0.20996094 0.36621094
f 1313/7330 1312/7331 1316/7332
vt 0.20996094 0.37402344
vt 0.21777344 0.37402344
vt 0.20996094 0.36621094
f 1314/7333 1313/7334 1316/7335
vt 0.20996094 0.37402344
vt 0.21777344 0.37402344
vt 0.20996094 0.36621094
f 1314/7336 1316/7337 1315/7338
vt 0.20996094 0.37402344
vt 0.21777344 0.37402344
vt 0.20996094 0.36621094
f 1310/7339 1314/7340 1315/7341
vt 0.20996094 0.37402344
vt 0.21777344 0.37402344
vt 0.20996094 0.36621094
f 1310/7342 1315/7343 1311/7344
vt 0.22949219 0.37402344
vt 0.23586519 0.37402344
vt 0.23586519 0.36621094
f 1317/7345 1318/7346 1319/7347
vt 0.27297456 0.36621094
vt 0.27297456 0.37402344
vt 0.26660156 0.37402344
f 1320/7348 1321/7349 1322/7350
vt 0.22949219 0.37402344
vt 0.23586519 0.36621094
vt 0.22949219 0.36621094
f 1317/7351 1319/7352 1323/7353
vt 0.26660156 0.36621094
vt 0.27297456 0.36621094
vt 0.26660156 0.37402344
f 1324/7354 1320/7355 1322/7356
vt 0.23586519 0.37402344
vt 0.24218750 0.37402344
vt 0.24218750 0.36621094
f 1318/7357 1325/7358 1326/7359
vt 0.27929688 0.36621094
vt 0.27929688 0.37402344
vt 0.27297456 0.37402344
f 1327/7360 1328/7361 1321/7362
vt 0.23586519 0.37402344
vt 0.24218750 0.36621094
vt 0.23586519 0.36621094
f 1318/7363 1326/7364 1319/7365
vt 0.27297456 0.36621094
vt 0.27929688 0.36621094
vt 0.27297456 0.37402344
f 1320/7366 1327/7367 1321/7368
vt 0.24218750 0.37402344
vt 0.24850981 0.37402344
vt 0.24850981 0.36621094
f 1325/7369 1329/7370 1330/7371
vt 0.28561919 0.36621094
vt 0.28561919 0.37402344
vt 0.27929688 0.37402344
f 1331/7372 1332/7373 1328/7374
vt 0.24218750 0.37402344
vt 0.24850981 0.36621094
vt 0.24218750 0.36621094
f 1325/7375 1330/7376 1326/7377
vt 0.27929688 0.36621094
vt 0.28561919 0.36621094
vt 0.27929688 0.37402344
f 1327/7378 1331/7379 1328/7380
vt 0.24850981 0.37402344
vt 0.25488281 0.37402344
vt 0.25488281 0.36621094
f 1329/7381 1333/7382 1334/7383
vt 0.29199219 0.36621094
vt 0.29199219 0.37402344
vt 0.28561919 0.37402344
f 1335/7384 1336/7385 1332/7386
vt 0.24850981 0.37402344
vt 0.25488281 0.36621094
vt 0.24850981 0.36621094
f 1329/7387 1334/7388 1330/7389
vt 0.28561919 0.36621094
vt 0.29199219 0.36621094
vt 0.28561919 0.37402344
f 1331/7390 1335/7391 1332/7392
vt 0.30371094 0.37402344
vt 0.31152344 0.37402344
vt 0.30371094 0.36621094
f 1318/7393 1317/7394 1322/7395
vt 0.30371094 0.37402344
vt 0.31152344 0.37402344
vt 0.30371094 0.36621094
f 1318/7396 1322/7397 1321/7398
vt 0.30371094 0.37402344
vt 0.31152344 0.37402344
vt 0.30371094 0.36621094
f 1323/7399 1319/7400 1320/7401
vt 0.30371094 0.37402344
vt 0.31152344 0.37402344
vt 0.30371094 0.36621094
f 1323/7402 1320/7403 1324/7404
vt 0.30371094 0.37402344
vt 0.31152344 0.37402344
vt 0.30371094 0.36621094
f 1317/7405 1323/7406 1324/7407
vt 0.30371094 0.37402344
vt 0.31152344 0.37402344
vt 0.30371094 0.36621094
f 1317/7408 1324/7409 1322/7410
vt 0.30371094 0.37402344
vt 0.31152344 0.37402344
vt 0.30371094 0.36621094
f 1325/7411 1318/7412 1321/7413
vt 0.30371094 0.37402344
vt 0.31152344 0.37402344
vt 0.30371094 0.36621094
f 1325/7414 1321/7415 1328/7416
vt 0.30371094 0.37402344
vt 0.31152344 0.37402344
vt 0.30371094 0.36621094
f 1319/7417 1326/7418 1327/7419
vt 0.30371094 0.37402344
vt 0.31152344 0.37402344
vt 0.30371094 0.36621094
f 1319/7420 1327/7421 1320/7422
vt 0.30371094 0.37402344
vt 0.31152344 0.37402344
vt 0.30371094 0.36621094
f 1329/7423 1325/7424 1328/7425
vt 0.30371094 0.37402344
vt 0.31152344 0.37402344
vt 0.30371094 0.36621094
f 1329/7426 1328/7427 1332/7428
vt 0.30371094 0.37402344
vt 0.31152344 0.37402344
vt 0.30371094 0.36621094
f 1326/7429 1330/7430 1331/7431
vt 0.30371094 0.37402344
vt 0.31152344 0.37402344
vt 0.30371094 0.36621094
f 1326/7432 1331/7433 1327/7434
vt 0.30371094 0.37402344
vt 0.31152344 0.37402344
vt 0.30371094 0.36621094
f 1333/7435 1329/7436 1332/7437
vt 0.30371094 0.37402344
vt 0.31152344 0.37402344
vt 0.30371094 0.36621094
f 1333/7438 1332/7439 1336/7440
vt 0.30371094 0.37402344
vt 0.31152344 0.37402344
vt 0.30371094 0.36621094
f 1334/7441 1333/7442 1336/7443
vt 0.30371094 0.37402344
vt 0.31152344 0.37402344
vt 0.30371094 0.36621094
f 1334/7444 1336/7445 1335/7446
vt 0.30371094 0.37402344
vt 0.31152344 0.37402344
vt 0.30371094 0.36621094
f 1330/7447 1334/7448 1335/7449
vt 0.30371094 0.37402344
vt 0.31152344 0.37402344
vt 0.30371094 0.36621094
f 1330/7450 1335/7451 1331/7452
vt 0.32324219 0.37402344
vt 0.33105469 0.37402344
vt 0.33105469 0.35738460
f 1337/7453 1338/7454 1339/7455
vt 0.35058594 0.35738460
vt 0.35058594 0.37402344
vt 0.34277344 0.37402344
f 1340/7456 1341/7457 1342/7458
vt 0.32324219 0.37402344
vt 0.33105469 0.35738460
vt 0.32324219 0.35738460
f 1337/7459 1339/7460 1343/7461
vt 0.34277344 0.35738460
vt 0.35058594 0.35738460
vt 0.34277344 0.37402344
f 1344/7462 1340/7463 1342/7464
vt 0.32324219 0.35738460
vt 0.33105469 0.35738460
vt 0.33105469 0.35058594
f 1343/7465 1339/7466 1345/7467
vt 0.35058594 0.35058594
vt 0.35058594 0.35738460
vt 0.34277344 0.35738460
f 1346/7468 1340/7469 1344/7470
vt 0.32324219 0.35738460
vt 0.33105469 0.35058594
vt 0.32324219 0.35058594
f 1343/7471 1345/7472 1347/7473
vt 0.34277344 0.35058594
vt 0.35058594 0.35058594
vt 0.34277344 0.35738460
f 1348/7474 1346/7475 1344/7476
vt 0.36230469 0.37402344
vt 0.37011719 0.37402344
vt 0.36230469 0.36621094
f 1338/7477 1337/7478 1342/7479
vt 0.36230469 0.37402344
vt 0.37011719 0.37402344
vt 0.36230469 0.36621094
f 1338/7480 1342/7481 1341/7482
vt 0.36230469 0.37402344
vt 0.37011719 0.37402344
vt 0.36230469 0.36621094
f 1339/7483 1338/7484 1341/7485
vt 0.36230469 0.37402344
vt 0.37011719 0.37402344
vt 0.36230469 0.36621094
f 1339/7486 1341/7487 1340/7488
vt 0.36230469 0.37402344
vt 0.37011719 0.37402344
vt 0.36230469 0.36621094
f 1337/7489 1343/7490 1344/7491
vt 0.36230469 0.37402344
vt 0.37011719 0.37402344
vt 0.36230469 0.36621094
f 1337/7492 1344/7493 1342/7494
vt 0.36230469 0.37402344
vt 0.37011719 0.37402344
vt 0.36230469 0.36621094
f 1345/7495 1339/7496 1340/7497
vt 0.36230469 0.37402344
vt 0.37011719 0.37402344
vt 0.36230469 0.36621094
f 1345/7498 1340/7499 1346/7500
vt 0.36230469 0.37402344
vt 0.37011719 0.37402344
vt 0.36230469 0.36621094
f 1347/7501 1345/7502 1346/7503
vt 0.36230469 0.37402344
vt 0.37011719 0.37402344
vt 0.36230469 0.36621094
f 1347/7504 1346/7505 1348/7506
vt 0.36230469 0.37402344
vt 0.37011719 0.37402344
vt 0.36230469 0.36621094
f 1343/7507 1347/7508 1348/7509
vt 0.36230469 0.37402344
vt 0.37011719 0.37402344
vt 0.36230469 0.36621094
f 1343/7510 1348/7511 1344/7512
vt 0.38183594 0.37402344
vt 0.39435190 0.37402344
vt 0.39423441 0.35699851
f 1349/7513 1350/7514 1351/7515
vt 0.50751566 0.35699851
vt 0.50763315 0.37402344
vt 0.49511719 0.37402344
f 1352/7516 1353/7517 1354/7518
vt 0.38183594 0.37402344
vt 0.39423441 0.35699851
vt 0.38183594 0.35699851
f 1349/7519 1351/7520 1355/7521
vt 0.49511719 0.35699851
vt 0.50751566 0.35699851
vt 0.49511719 0.37402344
f 1356/7522 1352/7523 1354/7524
vt 0.39435190 0.37402344
vt 0.40638666 0.37402344
vt 0.40663288 0.35699851
f 1350/7525 1357/7526 1358/7527
vt 0.51991413 0.35699851
vt 0.51966791 0.37402344
vt 0.50763315 0.37402344
f 1359/7528 1360/7529 1353/7530
vt 0.39435190 0.37402344
vt 0.40663288 0.35699851
vt 0.39423441 0.35699851
f 1350/7531 1358/7532 1351/7533
vt 0.50751566 0.35699851
vt 0.51991413 0.35699851
vt 0.50763315 0.37402344
f 1352/7534 1359/7535 1353/7536
vt 0.40638666 0.37402344
vt 0.41950192 0.37402344
vt 0.41962504 0.35699851
f 1357/7537 1361/7538 1362/7539
vt 0.53290629 0.35699851
vt 0.53278317 0.37402344
vt 0.51966791 0.37402344
f 1363/7540 1364/7541 1360/7542
vt 0.40638666 0.37402344
vt 0.41962504 0.35699851
vt 0.40663288 0.35699851
f 1357/7543 1362/7544 1358/7545
vt 0.51991413 0.35699851
vt 0.53290629 0.35699851
vt 0.51966791 0.37402344
f 1359/7546 1363/7547 1360/7548
vt 0.41950192 0.37402344
vt 0.43261719 0.37402344
vt 0.43261719 0.35699851
f 1361/7549 1365/7550 1366/7551
vt 0.54589844 0.35699851
vt 0.54589844 0.37402344
vt 0.53278317 0.37402344
f 1367/7552 1368/7553 1364/7554
vt 0.41950192 0.37402344
vt 0.43261719 0.35699851
vt 0.41962504 0.35699851
f 1361/7555 1366/7556 1362/7557
vt 0.53290629 0.35699851
vt 0.54589844 0.35699851
vt 0.53278317 0.37402344
f 1363/7558 1367/7559 1364/7560
vt 0.43261719 0.37402344
vt 0.44465195 0.37402344
vt 0.44501566 0.35699851
f 1365/7561 1369/7562 1370/7563
vt 0.55829691 0.35699851
vt 0.55793320 0.37402344
vt 0.54589844 0.37402344
f 1371/7564 1372/7565 1368/7566
vt 0.43261719 0.37402344
vt 0.44501566 0.35699851
vt 0.43261719 0.35699851
f 1365/7567 1370/7568 1366/7569
vt 0.54589844 0.35699851
vt 0.55829691 0.35699851
vt 0.54589844 0.37402344
f 1367/7570 1371/7571 1368/7572
vt 0.44465195 0.37402344
vt 0.45716791 0.37402344
vt 0.45741413 0.35699851
f 1369/7573 1373/7574 1374/7575
vt 0.57069538 0.35699851
vt 0.57044916 0.37402344
vt 0.55793320 0.37402344
f 1375/7576 1376/7577 1372/7578
vt 0.44465195 0.37402344
vt 0.45741413 0.35699851
vt 0.44501566 0.35699851
f 1369/7579 1374/7580 1370/7581
vt 0.55829691 0.35699851
vt 0.57069538 0.35699851
vt 0.55793320 0.37402344
f 1371/7582 1375/7583 1372/7584
vt 0.45716791 0.37402344
vt 0.47028317 0.37402344
vt 0.47040629 0.35699851
f 1373/7585 1377/7586 1378/7587
vt 0.58368754 0.35699851
vt 0.58356442 0.37402344
vt 0.57044916 0.37402344
f 1379/7588 1380/7589 1376/7590
vt 0.45716791 0.37402344
vt 0.47040629 0.35699851
vt 0.45741413 0.35699851
f 1373/7591 1378/7592 1374/7593
vt 0.57069538 0.35699851
vt 0.58368754 0.35699851
vt 0.57044916 0.37402344
f 1375/7594 1379/7595 1376/7596
vt 0.47028317 0.37402344
vt 0.48339844 0.37402344
vt 0.48339844 0.35699851
f 1377/7597 1349/7598 1355/7599
vt 0.59667969 0.35699851
vt 0.59667969 0.37402344
vt 0.58356442 0.37402344
f 1356/7600 1354/7601 1380/7602
vt 0.47028317 0.37402344
vt 0.48339844 0.35699851
vt 0.47040629 0.35699851
f 1377/7603 1355/7604 1378/7605
vt 0.58368754 0.35699851
vt 0.59667969 0.35699851
vt 0.58356442 0.37402344
f 1379/7606 1356/7607 1380/7608
vt 0.38183594 0.35699851
vt 0.39423441 0.35699851
vt 0.39423441 0.33938652
f 1355/7609 1351/7610 1381/7611
vt 0.50751566 0.33938652
vt 0.50751566 0.35699851
vt 0.49511719 0.35699851
f 1382/7612 1352/7613 1356/7614
vt 0.38183594 0.35699851
vt 0.39423441 0.33938652
vt 0.38183594 0.33938652
f 1355/7615 1381/7616 1383/7617
vt 0.49511719 0.33938652
vt 0.50751566 0.33938652
vt 0.49511719 0.35699851
f 1384/7618 1382/7619 1356/7620
vt 0.39423441 0.35699851
vt 0.40663288 0.35699851
vt 0.40663288 0.33938652
f 1351/7621 1358/7622 1385/7623
vt 0.51991413 0.33938652
vt 0.51991413 0.35699851
vt 0.50751566 0.35699851
f 1386/7624 1359/7625 1352/7626
vt 0.39423441 0.35699851
vt 0.40663288 0.33938652
vt 0.39423441 0.33938652
f 1351/7627 1385/7628 1381/7629
vt 0.50751566 0.33938652
vt 0.51991413 0.33938652
vt 0.50751566 0.35699851
f 1382/7630 1386/7631 1352/7632
vt 0.40663288 0.35699851
vt 0.41962504 0.35699851
vt 0.41962504 0.33938652
f 1358/7633 1362/7634 1387/7635
vt 0.53290629 0.33938652
vt 0.53290629 0.35699851
vt 0.51991413 0.35699851
f 1388/7636 1363/7637 1359/7638
vt 0.40663288 0.35699851
vt 0.41962504 0.33938652
vt 0.40663288 0.33938652
f 1358/7639 1387/7640 1385/7641
vt 0.51991413 0.33938652
vt 0.53290629 0.33938652
vt 0.51991413 0.35699851
f 1386/7642 1388/7643 1359/7644
vt 0.41962504 0.35699851
vt 0.43261719 0.35699851
vt 0.43261719 0.33938652
f 1362/7645 1366/7646 1389/7647
vt 0.54589844 0.33938652
vt 0.54589844 0.35699851
vt 0.53290629 0.35699851
f 1390/7648 1367/7649 1363/7650
vt 0.41962504 0.35699851
vt 0.43261719 0.33938652
vt 0.41962504 0.33938652
f 1362/7651 1389/7652 1387/7653
vt 0.53290629 0.33938652
vt 0.54589844 0.33938652
vt 0.53290629 0.35699851
f 1388/7654 1390/7655 1363/7656
vt 0.43261719 0.35699851
vt 0.44501566 0.35699851
vt 0.44501566 0.33938652
f 1366/7657 1370/7658 1391/7659
vt 0.55829691 0.33938652
vt 0.55829691 0.35699851
vt 0.54589844 0.35699851
f 1392/7660 1371/7661 1367/7662
vt 0.43261719 0.35699851
vt 0.44501566 0.33938652
vt 0.43261719 0.33938652
f 1366/7663 1391/7664 1389/7665
vt 0.54589844 0.33938652
vt 0.55829691 0.33938652
vt 0.54589844 0.35699851
f 1390/7666 1392/7667 1367/7668
vt 0.44501566 0.35699851
vt 0.45741413 0.35699851
vt 0.45741413 0.33938652
f 1370/7669 1374/7670 1393/7671
vt 0.57069538 0.33938652
vt 0.57069538 0.35699851
vt 0.55829691 0.35699851
f 1394/7672 1375/7673 1371/7674
vt 0.44501566 0.35699851
vt 0.45741413 0.33938652
vt 0.44501566 0.33938652
f 1370/7675 1393/7676 1391/7677
vt 0.55829691 0.33938652
vt 0.57069538 0.33938652
vt 0.55829691 0.35699851
f 1392/7678 1394/7679 1371/7680
vt 0.45741413 0.35699851
vt 0.47040629 0.35699851
vt 0.47040629 0.33938652
f 1374/7681 1378/7682 1395/7683
vt 0.58368754 0.33938652
vt 0.58368754 0.35699851
vt 0.57069538 0.35699851
f 1396/7684 1379/7685 1375/7686
vt 0.45741413 0.35699851
vt 0.47040629 0.33938652
vt 0.45741413 0.33938652
f 1374/7687 1395/7688 1393/7689
vt 0.57069538 0.33938652
vt 0.58368754 0.33938652
vt 0.57069538 0.35699851
f 1394/7690 1396/7691 1375/7692
vt 0.47040629 0.35699851
vt 0.48339844 0.35699851
vt 0.48339844 0.33938652
f 1378/7693 1355/7694 1383/7695
vt 0.59667969 0.33938652
vt 0.59667969 0.35699851
vt 0.58368754 0.35699851
f 1384/7696 1356/7697 1379/7698
vt 0.47040629 0.35699851
vt 0.48339844 0.33938652
vt 0.47040629 0.33938652
f 1378/7699 1383/7700 1395/7701
vt 0.58368754 0.33938652
vt 0.59667969 0.33938652
vt 0.58368754 0.35699851
f 1396/7702 1384/7703 1379/7704
vt 0.38183594 0.33938652
vt 0.39423441 0.33938652
vt 0.39423441 0.32705812
f 1383/7705 1381/7706 1397/7707
vt 0.50751566 0.32705812
vt 0.50751566 0.33938652
vt 0.49511719 0.33938652
f 1398/7708 1382/7709 1384/7710
vt 0.38183594 0.33938652
vt 0.39423441 0.32705812
vt 0.38183594 0.32705812
f 1383/7711 1397/7712 1399/7713
vt 0.49511719 0.32705812
vt 0.50751566 0.32705812
vt 0.49511719 0.33938652
f 1400/7714 1398/7715 1384/7716
vt 0.39423441 0.33938652
vt 0.40663288 0.33938652
vt 0.40663288 0.32705812
f 1381/7717 1385/7718 1401/7719
vt 0.51991413 0.32705812
vt 0.51991413 0.33938652
vt 0.50751566 0.33938652
f 1402/7720 1386/7721 1382/7722
vt 0.39423441 0.33938652
vt 0.40663288 0.32705812
vt 0.39423441 0.32705812
f 1381/7723 1401/7724 1397/7725
vt 0.50751566 0.32705812
vt 0.51991413 0.32705812
vt 0.50751566 0.33938652
f 1398/7726 1402/7727 1382/7728
vt 0.40663288 0.33938652
vt 0.41962504 0.33938652
vt 0.41962504 0.32705812
f 1385/7729 1387/7730 1403/7731
vt 0.53290629 0.32705812
vt 0.53290629 0.33938652
vt 0.51991413 0.33938652
f 1404/7732 1388/7733 1386/7734
vt 0.40663288 0.33938652
vt 0.41962504 0.32705812
vt 0.40663288 0.32705812
f 1385/7735 1403/7736 1401/7737
vt 0.51991413 0.32705812
vt 0.53290629 0.32705812
vt 0.51991413 0.33938652
f 1402/7738 1404/7739 1386/7740
vt 0.41962504 0.33938652
vt 0.43261719 0.33938652
vt 0.43261719 0.32705812
f 1387/7741 1389/7742 1405/7743
vt 0.54589844 0.32705812
vt 0.54589844 0.33938652
vt 0.53290629 0.33938652
f 1406/7744 1390/7745 1388/7746
vt 0.41962504 0.33938652
vt 0.43261719 0.32705812
vt 0.41962504 0.32705812
f 1387/7747 1405/7748 1403/7749
vt 0.53290629 0.32705812
vt 0.54589844 0.32705812
vt 0.53290629 0.33938652
f 1404/7750 1406/7751 1388/7752
vt 0.43261719 0.33938652
vt 0.44501566 0.33938652
vt 0.44501566 0.32705812
f 1389/7753 1391/7754 1407/7755
vt 0.55829691 0.32705812
vt 0.55829691 0.33938652
vt 0.54589844 0.33938652
f 1408/7756 1392/7757 1390/7758
vt 0.43261719 0.33938652
vt 0.44501566 0.32705812
vt 0.43261719 0.32705812
f 1389/7759 1407/7760 1405/7761
vt 0.54589844 0.32705812
vt 0.55829691 0.32705812
vt 0.54589844 0.33938652
f 1406/7762 1408/7763 1390/7764
vt 0.44501566 0.33938652
vt 0.45741413 0.33938652
vt 0.45741413 0.32705812
f 1391/7765 1393/7766 1409/7767
vt 0.57069538 0.32705812
vt 0.57069538 0.33938652
vt 0.55829691 0.33938652
f 1410/7768 1394/7769 1392/7770
vt 0.44501566 0.33938652
vt 0.45741413 0.32705812
vt 0.44501566 0.32705812
f 1391/7771 1409/7772 1407/7773
vt 0.55829691 0.32705812
vt 0.57069538 0.32705812
vt 0.55829691 0.33938652
f 1408/7774 1410/7775 1392/7776
vt 0.45741413 0.33938652
vt 0.47040629 0.33938652
vt 0.47040629 0.32705812
f 1393/7777 1395/7778 1411/7779
vt 0.58368754 0.32705812
vt 0.58368754 0.33938652
vt 0.57069538 0.33938652
f 1412/7780 1396/7781 1394/7782
vt 0.45741413 0.33938652
vt 0.47040629 0.32705812
vt 0.45741413 0.32705812
f 1393/7783 1411/7784 1409/7785
vt 0.57069538 0.32705812
vt 0.58368754 0.32705812
vt 0.57069538 0.33938652
f 1410/7786 1412/7787 1394/7788
vt 0.47040629 0.33938652
vt 0.48339844 0.33938652
vt 0.48339844 0.32705812
f 1395/7789 1383/7790 1399/7791
vt 0.59667969 0.32705812
vt 0.59667969 0.33938652
vt 0.58368754 0.33938652
f 1400/7792 1384/7793 1396/7794
vt 0.47040629 0.33938652
vt 0.48339844 0.32705812
vt 0.47040629 0.32705812
f 1395/7795 1399/7796 1411/7797
vt 0.58368754 0.32705812
vt 0.59667969 0.32705812
vt 0.58368754 0.33938652
f 1412/7798 1400/7799 1396/7800
vt 0.38183594 0.32705812
vt 0.39423441 0.32705812
vt 0.39458697 0.32324219
f 1399/7801 1397/7802 1413/7803
vt 0.50786822 0.32324219
vt 0.50751566 0.32705812
vt 0.49511719 0.32705812
f 1414/7804 1398/7805 1400/7806
vt 0.38183594 0.32705812
vt 0.39458697 0.32324219
vt 0.38183594 0.32324219
f 1399/7807 1413/7808 1415/7809
vt 0.49511719 0.32324219
vt 0.50786822 0.32324219
vt 0.49511719 0.32705812
f 1416/7810 1414/7811 1400/7812
vt 0.39423441 0.32705812
vt 0.40663288 0.32705812
vt 0.40733801 0.32324219
f 1397/7813 1401/7814 1417/7815
vt 0.52061926 0.32324219
vt 0.51991413 0.32705812
vt 0.50751566 0.32705812
f 1418/7816 1402/7817 1398/7818
vt 0.39423441 0.32705812
vt 0.40733801 0.32324219
vt 0.39458697 0.32324219
f 1397/7819 1417/7820 1413/7821
vt 0.50786822 0.32324219
vt 0.52061926 0.32324219
vt 0.50751566 0.32705812
f 1414/7822 1418/7823 1398/7824
vt 0.40663288 0.32705812
vt 0.41962504 0.32705812
vt 0.41997760 0.32324219
f 1401/7825 1403/7826 1419/7827
vt 0.53325885 0.32324219
vt 0.53290629 0.32705812
vt 0.51991413 0.32705812
f 1420/7828 1404/7829 1402/7830
vt 0.40663288 0.32705812
vt 0.41997760 0.32324219
vt 0.40733801 0.32324219
f 1401/7831 1419/7832 1417/7833
vt 0.52061926 0.32324219
vt 0.53325885 0.32324219
vt 0.51991413 0.32705812
f 1418/7834 1420/7835 1402/7836
vt 0.41962504 0.32705812
vt 0.43261719 0.32705812
vt 0.43261719 0.32324219
f 1403/7837 1405/7838 1421/7839
vt 0.54589844 0.32324219
vt 0.54589844 0.32705812
vt 0.53290629 0.32705812
f 1422/7840 1406/7841 1404/7842
vt 0.41962504 0.32705812
vt 0.43261719 0.32324219
vt 0.41997760 0.32324219
f 1403/7843 1421/7844 1419/7845
vt 0.53325885 0.32324219
vt 0.54589844 0.32324219
vt 0.53290629 0.32705812
f 1420/7846 1422/7847 1404/7848
vt 0.43261719 0.32705812
vt 0.44501566 0.32705812
vt 0.44536822 0.32324219
f 1405/7849 1407/7850 1423/7851
vt 0.55864947 0.32324219
vt 0.55829691 0.32705812
vt 0.54589844 0.32705812
f 1424/7852 1408/7853 1406/7854
vt 0.43261719 0.32705812
vt 0.44536822 0.32324219
vt 0.43261719 0.32324219
f 1405/7855 1423/7856 1421/7857
vt 0.54589844 0.32324219
vt 0.55864947 0.32324219
vt 0.54589844 0.32705812
f 1422/7858 1424/7859 1406/7860
vt 0.44501566 0.32705812
vt 0.45741413 0.32705812
vt 0.45811926 0.32324219
f 1407/7861 1409/7862 1425/7863
vt 0.57140051 0.32324219
vt 0.57069538 0.32705812
vt 0.55829691 0.32705812
f 1426/7864 1410/7865 1408/7866
vt 0.44501566 0.32705812
vt 0.45811926 0.32324219
vt 0.44536822 0.32324219
f 1407/7867 1425/7868 1423/7869
vt 0.55864947 0.32324219
vt 0.57140051 0.32324219
vt 0.55829691 0.32705812
f 1424/7870 1426/7871 1408/7872
vt 0.45741413 0.32705812
vt 0.47040629 0.32705812
vt 0.47075885 0.32324219
f 1409/7873 1411/7874 1427/7875
vt 0.58404010 0.32324219
vt 0.58368754 0.32705812
vt 0.57069538 0.32705812
f 1428/7876 1412/7877 1410/7878
vt 0.45741413 0.32705812
vt 0.47075885 0.32324219
vt 0.45811926 0.32324219
f 1409/7879 1427/7880 1425/7881
vt 0.57140051 0.32324219
vt 0.58404010 0.32324219
vt 0.57069538 0.32705812
f 1426/7882 1428/7883 1410/7884
vt 0.47040629 0.32705812
vt 0.48339844 0.32705812
vt 0.48339844 0.32324219
f 1411/7885 1399/7886 1415/7887
vt 0.59667969 0.32324219
vt 0.59667969 0.32705812
vt 0.58368754 0.32705812
f 1416/7888 1400/7889 1412/7890
vt 0.47040629 0.32705812
vt 0.48339844 0.32324219
vt 0.47075885 0.32324219
f 1411/7891 1415/7892 1427/7893
vt 0.58404010 0.32324219
vt 0.59667969 0.32324219
vt 0.58368754 0.32705812
f 1428/7894 1416/7895 1412/7896
vt 0.60839844 0.37402344
vt 0.61621094 0.37402344
vt 0.60839844 0.36621094
f 1350/7897 1349/7898 1354/7899
vt 0.60839844 0.37402344
vt 0.61621094 0.37402344
vt 0.60839844 0.36621094
f 1350/7900 1354/7901 1353/7902
vt 0.60839844 0.37402344
vt 0.61621094 0.37402344
vt 0.60839844 0.36621094
f 1357/7903 1350/7904 1353/7905
vt 0.60839844 0.37402344
vt 0.61621094 0.37402344
vt 0.60839844 0.36621094
f 1357/7906 1353/7907 1360/7908
vt 0.60839844 0.37402344
vt 0.61621094 0.37402344
vt 0.60839844 0.36621094
f 1361/7909 1357/7910 1360/7911
vt 0.60839844 0.37402344
vt 0.61621094 0.37402344
vt 0.60839844 0.36621094
f 1361/7912 1360/7913 1364/7914
vt 0.60839844 0.37402344
vt 0.61621094 0.37402344
vt 0.60839844 0.36621094
f 1365/7915 1361/7916 1364/7917
vt 0.60839844 0.37402344
vt 0.61621094 0.37402344
vt 0.60839844 0.36621094
f 1365/7918 1364/7919 1368/7920
vt 0.60839844 0.37402344
vt 0.61621094 0.37402344
vt 0.60839844 0.36621094
f 1369/7921 1365/7922 1368/7923
vt 0.60839844 0.37402344
vt 0.61621094 0.37402344
vt 0.60839844 0.36621094
f 1369/7924 1368/7925 1372/7926
vt 0.60839844 0.37402344
vt 0.61621094 0.37402344
vt 0.60839844 0.36621094
f 1373/7927 1369/7928 1372/7929
vt 0.60839844 0.37402344
vt 0.61621094 0.37402344
vt 0.60839844 0.36621094
f 1373/7930 1372/7931 1376/7932
vt 0.60839844 0.37402344
vt 0.61621094 0.37402344
vt 0.60839844 0.36621094
f 1377/7933 1373/7934 1376/7935
vt 0.60839844 0.37402344
vt 0.61621094 0.37402344
vt 0.60839844 0.36621094
f 1377/7936 1376/7937 1380/7938
vt 0.60839844 0.37402344
vt 0.61621094 0.37402344
vt 0.60839844 0.36621094
f 1349/7939 1377/7940 1380/7941
vt 0.60839844 0.37402344
vt 0.61621094 0.37402344
vt 0.60839844 0.36621094
f 1349/7942 1380/7943 1354/7944
vt 0.60839844 0.37402344
vt 0.61621094 0.37402344
vt 0.60839844 0.36621094
f 1415/7945 1413/7946 1414/7947
vt 0.60839844 0.37402344
vt 0.61621094 0.37402344
vt 0.60839844 0.36621094
f 1415/7948 1414/7949 1416/7950
vt 0.60839844 0.37402344
vt 0.61621094 0.37402344
vt 0.60839844 0.36621094
f 1413/7951 1417/7952 1418/7953
vt 0.60839844 0.37402344
vt 0.61621094 0.37402344
vt 0.60839844 0.36621094
f 1413/7954 1418/7955 1414/7956
vt 0.60839844 0.37402344
vt 0.61621094 0.37402344
vt 0.60839844 0.36621094
f 1417/7957 1419/7958 1420/7959
vt 0.60839844 0.37402344
vt 0.61621094 0.37402344
vt 0.60839844 0.36621094
f 1417/7960 1420/7961 1418/7962
vt 0.60839844 0.37402344
vt 0.61621094 0.37402344
vt 0.60839844 0.36621094
f 1419/7963 1421/7964 1422/7965
vt 0.60839844 0.37402344
vt 0.61621094 0.37402344
vt 0.60839844 0.36621094
f 1419/7966 1422/7967 1420/7968
vt 0.60839844 0.37402344
vt 0.61621094 0.37402344
vt 0.60839844 0.36621094
f 1421/7969 1423/7970 1424/7971
vt 0.60839844 0.37402344
vt 0.61621094 0.37402344
vt 0.60839844 0.36621094
f 1421/7972 1424/7973 1422/7974
vt 0.60839844 0.37402344
vt 0.61621094 0.37402344
vt 0.60839844 0.36621094
f 1423/7975 1425/7976 1426/7977
vt 0.60839844 0.37402344
vt 0.61621094 0.37402344
vt 0.60839844 0.36621094
f 1423/7978 1426/7979 1424/7980
vt 0.60839844 0.37402344
vt 0.61621094 0.37402344
vt 0.60839844 0.36621094
f 1425/7981 1427/7982 1428/7983
vt 0.60839844 0.37402344
vt 0.61621094 0.37402344
vt 0.60839844 0.36621094
f 1425/7984 1428/7985 1426/7986
vt 0.60839844 0.37402344
vt 0.61621094 0.37402344
vt 0.60839844 0.36621094
f 1427/7987 1415/7988 1416/7989
vt 0.60839844 0.37402344
vt 0.61621094 0.37402344
vt 0.60839844 0.36621094
f 1427/7990 1416/7991 1428/7992
vt 0.62792969 0.37402344
vt 0.63996445 0.37402344
vt 0.64032816 0.35699851
f 1429/7993 1430/7994 1431/7995
vt 0.75360941 0.35699851
vt 0.75324570 0.37402344
vt 0.74121094 0.37402344
f 1432/7996 1433/7997 1434/7998
vt 0.62792969 0.37402344
vt 0.64032816 0.35699851
vt 0.62792969 0.35699851
f 1429/7999 1431/8000 1435/8001
vt 0.74121094 0.35699851
vt 0.75360941 0.35699851
vt 0.74121094 0.37402344
f 1436/8002 1432/8003 1434/8004
vt 0.63996445 0.37402344
vt 0.65248041 0.37402344
vt 0.65272663 0.35699851
f 1430/8005 1437/8006 1438/8007
vt 0.76600788 0.35699851
vt 0.76576166 0.37402344
vt 0.75324570 0.37402344
f 1439/8008 1440/8009 1433/8010
vt 0.63996445 0.37402344
vt 0.65272663 0.35699851
vt 0.64032816 0.35699851
f 1430/8011 1438/8012 1431/8013
vt 0.75360941 0.35699851
vt 0.76600788 0.35699851
vt 0.75324570 0.37402344
f 1432/8014 1439/8015 1433/8016
vt 0.65248041 0.37402344
vt 0.66559567 0.37402344
vt 0.66571879 0.35699851
f 1437/8017 1441/8018 1442/8019
vt 0.77900004 0.35699851
vt 0.77887692 0.37402344
vt 0.76576166 0.37402344
f 1443/8020 1444/8021 1440/8022
vt 0.65248041 0.37402344
vt 0.66571879 0.35699851
vt 0.65272663 0.35699851
f 1437/8023 1442/8024 1438/8025
vt 0.76600788 0.35699851
vt 0.77900004 0.35699851
vt 0.76576166 0.37402344
f 1439/8026 1443/8027 1440/8028
vt 0.66559567 0.37402344
vt 0.67871094 0.37402344
vt 0.67871094 0.35699851
f 1441/8029 1445/8030 1446/8031
vt 0.79199219 0.35699851
vt 0.79199219 0.37402344
vt 0.77887692 0.37402344
f 1447/8032 1448/8033 1444/8034
vt 0.66559567 0.37402344
vt 0.67871094 0.35699851
vt 0.66571879 0.35699851
f 1441/8035 1446/8036 1442/8037
vt 0.77900004 0.35699851
vt 0.79199219 0.35699851
vt 0.77887692 0.37402344
f 1443/8038 1447/8039 1444/8040
vt 0.67871094 0.37402344
vt 0.69122690 0.37402344
vt 0.69110941 0.35699851
f 1445/8041 1449/8042 1450/8043
vt 0.80439066 0.35699851
vt 0.80450815 0.37402344
vt 0.79199219 0.37402344
f 1451/8044 1452/8045 1448/8046
vt 0.67871094 0.37402344
vt 0.69110941 0.35699851
vt 0.67871094 0.35699851
f 1445/8047 1450/8048 1446/8049
vt 0.79199219 0.35699851
vt 0.80439066 0.35699851
vt 0.79199219 0.37402344
f 1447/8050 1451/8051 1448/8052
vt 0.69122690 0.37402344
vt 0.70326166 0.37402344
vt 0.70350788 0.35699851
f 1449/8053 1453/8054 1454/8055
vt 0.81678913 0.35699851
vt 0.81654291 0.37402344
vt 0.80450815 0.37402344
f 1455/8056 1456/8057 1452/8058
vt 0.69122690 0.37402344
vt 0.70350788 0.35699851
vt 0.69110941 0.35699851
f 1449/8059 1454/8060 1450/8061
vt 0.80439066 0.35699851
vt 0.81678913 0.35699851
vt 0.80450815 0.37402344
f 1451/8062 1455/8063 1452/8064
vt 0.70326166 0.37402344
vt 0.71637692 0.37402344
vt 0.71650004 0.35699851
f 1453/8065 1457/8066 1458/8067
vt 0.82978129 0.35699851
vt 0.82965817 0.37402344
vt 0.81654291 0.37402344
f 1459/8068 1460/8069 1456/8070
vt 0.70326166 0.37402344
vt 0.71650004 0.35699851
vt 0.70350788 0.35699851
f 1453/8071 1458/8072 1454/8073
vt 0.81678913 0.35699851
vt 0.82978129 0.35699851
vt 0.81654291 0.37402344
f 1455/8074 1459/8075 1456/8076
vt 0.71637692 0.37402344
vt 0.72949219 0.37402344
vt 0.72949219 0.35699851
f 1457/8077 1429/8078 1435/8079
vt 0.84277344 0.35699851
vt 0.84277344 0.37402344
vt 0.82965817 0.37402344
f 1436/8080 1434/8081 1460/8082
vt 0.71637692 0.37402344
vt 0.72949219 0.35699851
vt 0.71650004 0.35699851
f 1457/8083 1435/8084 1458/8085
vt 0.82978129 0.35699851
vt 0.84277344 0.35699851
vt 0.82965817 0.37402344
f 1459/8086 1436/8087 1460/8088
vt 0.62792969 0.35699851
vt 0.64032816 0.35699851
vt 0.64032816 0.33938652
f 1435/8089 1431/8090 1461/8091
vt 0.75360941 0.33938652
vt 0.75360941 0.35699851
vt 0.74121094 0.35699851
f 1462/8092 1432/8093 1436/8094
vt 0.62792969 0.35699851
vt 0.64032816 0.33938652
vt 0.62792969 0.33938652
f 1435/8095 1461/8096 1463/8097
vt 0.74121094 0.33938652
vt 0.75360941 0.33938652
vt 0.74121094 0.35699851
f 1464/8098 1462/8099 1436/8100
vt 0.64032816 0.35699851
vt 0.65272663 0.35699851
vt 0.65272663 0.33938652
f 1431/8101 1438/8102 1465/8103
vt 0.76600788 0.33938652
vt 0.76600788 0.35699851
vt 0.75360941 0.35699851
f 1466/8104 1439/8105 1432/8106
vt 0.64032816 0.35699851
vt 0.65272663 0.33938652
vt 0.64032816 0.33938652
f 1431/8107 1465/8108 1461/8109
vt 0.75360941 0.33938652
vt 0.76600788 0.33938652
vt 0.75360941 0.35699851
f 1462/8110 1466/8111 1432/8112
vt 0.65272663 0.35699851
vt 0.66571879 0.35699851
vt 0.66571879 0.33938652
f 1438/8113 1442/8114 1467/8115
vt 0.77900004 0.33938652
vt 0.77900004 0.35699851
vt 0.76600788 0.35699851
f 1468/8116 1443/8117 1439/8118
vt 0.65272663 0.35699851
vt 0.66571879 0.33938652
vt 0.65272663 0.33938652
f 1438/8119 1467/8120 1465/8121
vt 0.76600788 0.33938652
vt 0.77900004 0.33938652
vt 0.76600788 0.35699851
f 1466/8122 1468/8123 1439/8124
vt 0.66571879 0.35699851
vt 0.67871094 0.35699851
vt 0.67871094 0.33938652
f 1442/8125 1446/8126 1469/8127
vt 0.79199219 0.33938652
vt 0.79199219 0.35699851
vt 0.77900004 0.35699851
f 1470/8128 1447/8129 1443/8130
vt 0.66571879 0.35699851
vt 0.67871094 0.33938652
vt 0.66571879 0.33938652
f 1442/8131 1469/8132 1467/8133
vt 0.77900004 0.33938652
vt 0.79199219 0.33938652
vt 0.77900004 0.35699851
f 1468/8134 1470/8135 1443/8136
vt 0.67871094 0.35699851
vt 0.69110941 0.35699851
vt 0.69110941 0.33938652
f 1446/8137 1450/8138 1471/8139
vt 0.80439066 0.33938652
vt 0.80439066 0.35699851
vt 0.79199219 0.35699851
f 1472/8140 1451/8141 1447/8142
vt 0.67871094 0.35699851
vt 0.69110941 0.33938652
vt 0.67871094 0.33938652
f 1446/8143 1471/8144 1469/8145
vt 0.79199219 0.33938652
vt 0.80439066 0.33938652
vt 0.79199219 0.35699851
f 1470/8146 1472/8147 1447/8148
vt 0.69110941 0.35699851
vt 0.70350788 0.35699851
vt 0.70350788 0.33938652
f 1450/8149 1454/8150 1473/8151
vt 0.81678913 0.33938652
vt 0.81678913 0.35699851
vt 0.80439066 0.35699851
f 1474/8152 1455/8153 1451/8154
vt 0.69110941 0.35699851
vt 0.70350788 0.33938652
vt 0.69110941 0.33938652
f 1450/8155 1473/8156 1471/8157
vt 0.80439066 0.33938652
vt 0.81678913 0.33938652
vt 0.80439066 0.35699851
f 1472/8158 1474/8159 1451/8160
vt 0.70350788 0.35699851
vt 0.71650004 0.35699851
vt 0.71650004 0.33938652
f 1454/8161 1458/8162 1475/8163
vt 0.82978129 0.33938652
vt 0.82978129 0.35699851
vt 0.81678913 0.35699851
f 1476/8164 1459/8165 1455/8166
vt 0.70350788 0.35699851
vt 0.71650004 0.33938652
vt 0.70350788 0.33938652
f 1454/8167 1475/8168 1473/8169
vt 0.81678913 0.33938652
vt 0.82978129 0.33938652
vt 0.81678913 0.35699851
f 1474/8170 1476/8171 1455/8172
vt 0.71650004 0.35699851
vt 0.72949219 0.35699851
vt 0.72949219 0.33938652
f 1458/8173 1435/8174 1463/8175
vt 0.84277344 0.33938652
vt 0.84277344 0.35699851
vt 0.82978129 0.35699851
f 1464/8176 1436/8177 1459/8178
vt 0.71650004 0.35699851
vt 0.72949219 0.33938652
vt 0.71650004 0.33938652
f 1458/8179 1463/8180 1475/8181
vt 0.82978129 0.33938652
vt 0.84277344 0.33938652
vt 0.82978129 0.35699851
f 1476/8182 1464/8183 1459/8184
vt 0.62792969 0.33938652
vt 0.64032816 0.33938652
vt 0.64032816 0.32705812
f 1463/8185 1461/8186 1477/8187
vt 0.75360941 0.32705812
vt 0.75360941 0.33938652
vt 0.74121094 0.33938652
f 1478/8188 1462/8189 1464/8190
vt 0.62792969 0.33938652
vt 0.64032816 0.32705812
vt 0.62792969 0.32705812
f 1463/8191 1477/8192 1479/8193
vt 0.74121094 0.32705812
vt 0.75360941 0.32705812
vt 0.74121094 0.33938652
f 1480/8194 1478/8195 1464/8196
vt 0.64032816 0.33938652
vt 0.65272663 0.33938652
vt 0.65272663 0.32705812
f 1461/8197 1465/8198 1481/8199
vt 0.76600788 0.32705812
vt 0.76600788 0.33938652
vt 0.75360941 0.33938652
f 1482/8200 1466/8201 1462/8202
vt 0.64032816 0.33938652
vt 0.65272663 0.32705812
vt 0.64032816 0.32705812
f 1461/8203 1481/8204 1477/8205
vt 0.75360941 0.32705812
vt 0.76600788 0.32705812
vt 0.75360941 0.33938652
f 1478/8206 1482/8207 1462/8208
vt 0.65272663 0.33938652
vt 0.66571879 0.33938652
vt 0.66571879 0.32705812
f 1465/8209 1467/8210 1483/8211
vt 0.77900004 0.32705812
vt 0.77900004 0.33938652
vt 0.76600788 0.33938652
f 1484/8212 1468/8213 1466/8214
vt 0.65272663 0.33938652
vt 0.66571879 0.32705812
vt 0.65272663 0.32705812
f 1465/8215 1483/8216 1481/8217
vt 0.76600788 0.32705812
vt 0.77900004 0.32705812
vt 0.76600788 0.33938652
f 1482/8218 1484/8219 1466/8220
vt 0.66571879 0.33938652
vt 0.67871094 0.33938652
vt 0.67871094 0.32705812
f 1467/8221 1469/8222 1485/8223
vt 0.79199219 0.32705812
vt 0.79199219 0.33938652
vt 0.77900004 0.33938652
f 1486/8224 1470/8225 1468/8226
vt 0.66571879 0.33938652
vt 0.67871094 0.32705812
vt 0.66571879 0.32705812
f 1467/8227 1485/8228 1483/8229
vt 0.77900004 0.32705812
vt 0.79199219 0.32705812
vt 0.77900004 0.33938652
f 1484/8230 1486/8231 1468/8232
vt 0.67871094 0.33938652
vt 0.69110941 0.33938652
vt 0.69110941 0.32705812
f 1469/8233 1471/8234 1487/8235
vt 0.80439066 0.32705812
vt 0.80439066 0.33938652
vt 0.79199219 0.33938652
f 1488/8236 1472/8237 1470/8238
vt 0.67871094 0.33938652
vt 0.69110941 0.32705812
vt 0.67871094 0.32705812
f 1469/8239 1487/8240 1485/8241
vt 0.79199219 0.32705812
vt 0.80439066 0.32705812
vt 0.79199219 0.33938652
f 1486/8242 1488/8243 1470/8244
vt 0.69110941 0.33938652
vt 0.70350788 0.33938652
vt 0.70350788 0.32705812
f 1471/8245 1473/8246 1489/8247
vt 0.81678913 0.32705812
vt 0.81678913 0.33938652
vt 0.80439066 0.33938652
f 1490/8248 1474/8249 1472/8250
vt 0.69110941 0.33938652
vt 0.70350788 0.32705812
vt 0.69110941 0.32705812
f 1471/8251 1489/8252 1487/8253
vt 0.80439066 0.32705812
vt 0.81678913 0.32705812
vt 0.80439066 0.33938652
f 1488/8254 1490/8255 1472/8256
vt 0.70350788 0.33938652
vt 0.71650004 0.33938652
vt 0.71650004 0.32705812
f 1473/8257 1475/8258 1491/8259
vt 0.82978129 0.32705812
vt 0.82978129 0.33938652
vt 0.81678913 0.33938652
f 1492/8260 1476/8261 1474/8262
vt 0.70350788 0.33938652
vt 0.71650004 0.32705812
vt 0.70350788 0.32705812
f 1473/8263 1491/8264 1489/8265
vt 0.81678913 0.32705812
vt 0.82978129 0.32705812
vt 0.81678913 0.33938652
f 1490/8266 1492/8267 1474/8268
vt 0.71650004 0.33938652
vt 0.72949219 0.33938652
vt 0.72949219 0.32705812
f 1475/8269 1463/8270 1479/8271
vt 0.84277344 0.32705812
vt 0.84277344 0.33938652
vt 0.82978129 0.33938652
f 1480/8272 1464/8273 1476/8274
vt 0.71650004 0.33938652
vt 0.72949219 0.32705812
vt 0.71650004 0.32705812
f 1475/8275 1479/8276 1491/8277
vt 0.82978129 0.32705812
vt 0.84277344 0.32705812
vt 0.82978129 0.33938652
f 1492/8278 1480/8279 1476/8280
vt 0.62792969 0.32705812
vt 0.64032816 0.32705812
vt 0.64068072 0.32324219
f 1479/8281 1477/8282 1493/8283
vt 0.75396197 0.32324219
vt 0.75360941 0.32705812
vt 0.74121094 0.32705812
f 1494/8284 1478/8285 1480/8286
vt 0.62792969 0.32705812
vt 0.64068072 0.32324219
vt 0.62792969 0.32324219
f 1479/8287 1493/8288 1495/8289
vt 0.74121094 0.32324219
vt 0.75396197 0.32324219
vt 0.74121094 0.32705812
f 1496/8290 1494/8291 1480/8292
vt 0.64032816 0.32705812
vt 0.65272663 0.32705812
vt 0.65343176 0.32324219
f 1477/8293 1481/8294 1497/8295
vt 0.76671301 0.32324219
vt 0.76600788 0.32705812
vt 0.75360941 0.32705812
f 1498/8296 1482/8297 1478/8298
vt 0.64032816 0.32705812
vt 0.65343176 0.32324219
vt 0.64068072 0.32324219
f 1477/8299 1497/8300 1493/8301
vt 0.75396197 0.32324219
vt 0.76671301 0.32324219
vt 0.75360941 0.32705812
f 1494/8302 1498/8303 1478/8304
vt 0.65272663 0.32705812
vt 0.66571879 0.32705812
vt 0.66607135 0.32324219
f 1481/8305 1483/8306 1499/8307
vt 0.77935260 0.32324219
vt 0.77900004 0.32705812
vt 0.76600788 0.32705812
f 1500/8308 1484/8309 1482/8310
vt 0.65272663 0.32705812
vt 0.66607135 0.32324219
vt 0.65343176 0.32324219
f 1481/8311 1499/8312 1497/8313
vt 0.76671301 0.32324219
vt 0.77935260 0.32324219
vt 0.76600788 0.32705812
f 1498/8314 1500/8315 1482/8316
vt 0.66571879 0.32705812
vt 0.67871094 0.32705812
vt 0.67871094 0.32324219
f 1483/8317 1485/8318 1501/8319
vt 0.79199219 0.32324219
vt 0.79199219 0.32705812
vt 0.77900004 0.32705812
f 1502/8320 1486/8321 1484/8322
vt 0.66571879 0.32705812
vt 0.67871094 0.32324219
vt 0.66607135 0.32324219
f 1483/8323 1501/8324 1499/8325
vt 0.77935260 0.32324219
vt 0.79199219 0.32324219
vt 0.77900004 0.32705812
f 1500/8326 1502/8327 1484/8328
vt 0.67871094 0.32705812
vt 0.69110941 0.32705812
vt 0.69146197 0.32324219
f 1485/8329 1487/8330 1503/8331
vt 0.80474322 0.32324219
vt 0.80439066 0.32705812
vt 0.79199219 0.32705812
f 1504/8332 1488/8333 1486/8334
vt 0.67871094 0.32705812
vt 0.69146197 0.32324219
vt 0.67871094 0.32324219
f 1485/8335 1503/8336 1501/8337
vt 0.79199219 0.32324219
vt 0.80474322 0.32324219
vt 0.79199219 0.32705812
f 1502/8338 1504/8339 1486/8340
vt 0.69110941 0.32705812
vt 0.70350788 0.32705812
vt 0.70421301 0.32324219
f 1487/8341 1489/8342 1505/8343
vt 0.81749426 0.32324219
vt 0.81678913 0.32705812
vt 0.80439066 0.32705812
f 1506/8344 1490/8345 1488/8346
vt 0.69110941 0.32705812
vt 0.70421301 0.32324219
vt 0.69146197 0.32324219
f 1487/8347 1505/8348 1503/8349
vt 0.80474322 0.32324219
vt 0.81749426 0.32324219
vt 0.80439066 0.32705812
f 1504/8350 1506/8351 1488/8352
vt 0.70350788 0.32705812
vt 0.71650004 0.32705812
vt 0.71685260 0.32324219
f 1489/8353 1491/8354 1507/8355
vt 0.83013385 0.32324219
vt 0.82978129 0.32705812
vt 0.81678913 0.32705812
f 1508/8356 1492/8357 1490/8358
vt 0.70350788 0.32705812
vt 0.71685260 0.32324219
vt 0.70421301 0.32324219
f 1489/8359 1507/8360 1505/8361
vt 0.81749426 0.32324219
vt 0.83013385 0.32324219
vt 0.81678913 0.32705812
f 1506/8362 1508/8363 1490/8364
vt 0.71650004 0.32705812
vt 0.72949219 0.32705812
vt 0.72949219 0.32324219
f 1491/8365 1479/8366 1495/8367
vt 0.84277344 0.32324219
vt 0.84277344 0.32705812
vt 0.82978129 0.32705812
f 1496/8368 1480/8369 1492/8370
vt 0.71650004 0.32705812
vt 0.72949219 0.32324219
vt 0.71685260 0.32324219
f 1491/8371 1495/8372 1507/8373
vt 0.83013385 0.32324219
vt 0.84277344 0.32324219
vt 0.82978129 0.32705812
f 1508/8374 1496/8375 1492/8376
vt 0.85449219 0.37402344
vt 0.86230469 0.37402344
vt 0.85449219 0.36621094
f 1430/8377 1429/8378 1434/8379
vt 0.85449219 0.37402344
vt 0.86230469 0.37402344
vt 0.85449219 0.36621094
f 1430/8380 1434/8381 1433/8382
vt 0.85449219 0.37402344
vt 0.86230469 0.37402344
vt 0.85449219 0.36621094
f 1437/8383 1430/8384 1433/8385
vt 0.85449219 0.37402344
vt 0.86230469 0.37402344
vt 0.85449219 0.36621094
f 1437/8386 1433/8387 1440/8388
vt 0.85449219 0.37402344
vt 0.86230469 0.37402344
vt 0.85449219 0.36621094
f 1441/8389 1437/8390 1440/8391
vt 0.85449219 0.37402344
vt 0.86230469 0.37402344
vt 0.85449219 0.36621094
f 1441/8392 1440/8393 1444/8394
vt 0.85449219 0.37402344
vt 0.86230469 0.37402344
vt 0.85449219 0.36621094
f 1445/8395 1441/8396 1444/8397
vt 0.85449219 0.37402344
vt 0.86230469 0.37402344
vt 0.85449219 0.36621094
f 1445/8398 1444/8399 1448/8400
vt 0.85449219 0.37402344
vt 0.86230469 0.37402344
vt 0.85449219 0.36621094
f 1449/8401 1445/8402 1448/8403
vt 0.85449219 0.37402344
vt 0.86230469 0.37402344
vt 0.85449219 0.36621094
f 1449/8404 1448/8405 1452/8406
vt 0.85449219 0.37402344
vt 0.86230469 0.37402344
vt 0.85449219 0.36621094
f 1453/8407 1449/8408 1452/8409
vt 0.85449219 0.37402344
vt 0.86230469 0.37402344
vt 0.85449219 0.36621094
f 1453/8410 1452/8411 1456/8412
vt 0.85449219 0.37402344
vt 0.86230469 0.37402344
vt 0.85449219 0.36621094
f 1457/8413 1453/8414 1456/8415
vt 0.85449219 0.37402344
vt 0.86230469 0.37402344
vt 0.85449219 0.36621094
f 1457/8416 1456/8417 1460/8418
vt 0.85449219 0.37402344
vt 0.86230469 0.37402344
vt 0.85449219 0.36621094
f 1429/8419 1457/8420 1460/8421
vt 0.85449219 0.37402344
vt 0.86230469 0.37402344
vt 0.85449219 0.36621094
f 1429/8422 1460/8423 1434/8424
vt 0.85449219 0.37402344
vt 0.86230469 0.37402344
vt 0.85449219 0.36621094
f 1495/8425 1493/8426 1494/8427
vt 0.85449219 0.37402344
vt 0.86230469 0.37402344
vt 0.85449219 0.36621094
f 1495/8428 1494/8429 1496/8430
vt 0.85449219 0.37402344
vt 0.86230469 0.37402344
vt 0.85449219 0.36621094
f 1493/8431 1497/8432 1498/8433
vt 0.85449219 0.37402344
vt 0.86230469 0.37402344
vt 0.85449219 0.36621094
f 1493/8434 1498/8435 1494/8436
vt 0.85449219 0.37402344
vt 0.86230469 0.37402344
vt 0.85449219 0.36621094
f 1497/8437 1499/8438 1500/8439
vt 0.85449219 0.37402344
vt 0.86230469 0.37402344
vt 0.85449219 0.36621094
f 1497/8440 1500/8441 1498/8442
vt 0.85449219 0.37402344
vt 0.86230469 0.37402344
vt 0.85449219 0.36621094
f 1499/8443 1501/8444 1502/8445
vt 0.85449219 0.37402344
vt 0.86230469 0.37402344
vt 0.85449219 0.36621094
f 1499/8446 1502/8447 1500/8448
vt 0.85449219 0.37402344
vt 0.86230469 0.37402344
vt 0.85449219 0.36621094
f 1501/8449 1503/8450 1504/8451
vt 0.85449219 0.37402344
vt 0.86230469 0.37402344
vt 0.85449219 0.36621094
f 1501/8452 1504/8453 1502/8454
vt 0.85449219 0.37402344
vt 0.86230469 0.37402344
vt 0.85449219 0.36621094
f 1503/8455 1505/8456 1506/8457
vt 0.85449219 0.37402344
vt 0.86230469 0.37402344
vt 0.85449219 0.36621094
f 1503/8458 1506/8459 1504/8460
vt 0.85449219 0.37402344
vt 0.86230469 0.37402344
vt 0.85449219 0.36621094
f 1505/8461 1507/8462 1508/8463
vt 0.85449219 0.37402344
vt 0.86230469 0.37402344
vt 0.85449219 0.36621094
f 1505/8464 1508/8465 1506/8466
vt 0.85449219 0.37402344
vt 0.86230469 0.37402344
vt 0.85449219 0.36621094
f 1507/8467 1495/8468 1496/8469
vt 0.85449219 0.37402344
vt 0.86230469 0.37402344
vt 0.85449219 0.36621094
f 1507/8470 1496/8471 1508/8472
vt 0.00292969 0.31152344
vt 0.02781506 0.31152344
vt 0.02781506 0.29589844
f 1509/8473 1510/8474 1511/8475
vt 0.19383069 0.29589844
vt 0.19383069 0.31152344
vt 0.16894531 0.31152344
f 1512/8476 1513/8477 1514/8478
vt 0.00292969 0.31152344
vt 0.02781506 0.29589844
vt 0.00292969 0.29589844
f 1509/8479 1511/8480 1515/8481
vt 0.16894531 0.29589844
vt 0.19383069 0.29589844
vt 0.16894531 0.31152344
f 1516/8482 1512/8483 1514/8484
vt 0.02781506 0.31152344
vt 0.05270044 0.31152344
vt 0.05270044 0.29589844
f 1510/8485 1517/8486 1518/8487
vt 0.21871606 0.29589844
vt 0.21871606 0.31152344
vt 0.19383069 0.31152344
f 1519/8488 1520/8489 1513/8490
vt 0.02781506 0.31152344
vt 0.05270044 0.29589844
vt 0.02781506 0.29589844
f 1510/8491 1518/8492 1511/8493
vt 0.19383069 0.29589844
vt 0.21871606 0.29589844
vt 0.19383069 0.31152344
f 1512/8494 1519/8495 1513/8496
vt 0.05270044 0.31152344
vt 0.06638928 0.31152344
vt 0.06638928 0.29589844
f 1517/8497 1521/8498 1522/8499
vt 0.23240491 0.29589844
vt 0.23240491 0.31152344
vt 0.21871606 0.31152344
f 1523/8500 1524/8501 1520/8502
vt 0.05270044 0.31152344
vt 0.06638928 0.29589844
vt 0.05270044 0.29589844
f 1517/8503 1522/8504 1518/8505
vt 0.21871606 0.29589844
vt 0.23240491 0.29589844
vt 0.21871606 0.31152344
f 1519/8506 1523/8507 1520/8508
vt 0.06638928 0.31152344
vt 0.08007812 0.31152344
vt 0.08007812 0.29589844
f 1521/8509 1525/8510 1526/8511
vt 0.24609375 0.29589844
vt 0.24609375 0.31152344
vt 0.23240491 0.31152344
f 1527/8512 1528/8513 1524/8514
vt 0.06638928 0.31152344
vt 0.08007812 0.29589844
vt 0.06638928 0.29589844
f 1521/8515 1526/8516 1522/8517
vt 0.23240491 0.29589844
vt 0.24609375 0.29589844
vt 0.23240491 0.31152344
f 1523/8518 1527/8519 1524/8520
vt 0.08007812 0.31152344
vt 0.10496350 0.31152344
vt 0.10496350 0.29589844
f 1525/8521 1529/8522 1530/8523
vt 0.27097912 0.29589844
vt 0.27097912 0.31152344
vt 0.24609375 0.31152344
f 1531/8524 1532/8525 1528/8526
vt 0.08007812 0.31152344
vt 0.10496350 0.29589844
vt 0.08007812 0.29589844
f 1525/8527 1530/8528 1526/8529
vt 0.24609375 0.29589844
vt 0.27097912 0.29589844
vt 0.24609375 0.31152344
f 1527/8530 1531/8531 1528/8532
vt 0.10496350 0.31152344
vt 0.12984887 0.31152344
vt 0.12984887 0.29589844
f 1529/8533 1533/8534 1534/8535
vt 0.29586450 0.29589844
vt 0.29586450 0.31152344
vt 0.27097912 0.31152344
f 1535/8536 1536/8537 1532/8538
vt 0.10496350 0.31152344
vt 0.12984887 0.29589844
vt 0.10496350 0.29589844
f 1529/8539 1534/8540 1530/8541
vt 0.27097912 0.29589844
vt 0.29586450 0.29589844
vt 0.27097912 0.31152344
f 1531/8542 1535/8543 1532/8544
vt 0.12984887 0.31152344
vt 0.14353772 0.31152344
vt 0.14353772 0.29589844
f 1533/8545 1537/8546 1538/8547
vt 0.30955334 0.29589844
vt 0.30955334 0.31152344
vt 0.29586450 0.31152344
f 1539/8548 1540/8549 1536/8550
vt 0.12984887 0.31152344
vt 0.14353772 0.29589844
vt 0.12984887 0.29589844
f 1533/8551 1538/8552 1534/8553
vt 0.29586450 0.29589844
vt 0.30955334 0.29589844
vt 0.29586450 0.31152344
f 1535/8554 1539/8555 1536/8556
vt 0.14353772 0.31152344
vt 0.15722656 0.31152344
vt 0.15722656 0.29589844
f 1537/8557 1509/8558 1515/8559
vt 0.32324219 0.29589844
vt 0.32324219 0.31152344
vt 0.30955334 0.31152344
f 1516/8560 1514/8561 1540/8562
vt 0.14353772 0.31152344
vt 0.15722656 0.29589844
vt 0.14353772 0.29589844
f 1537/8563 1515/8564 1538/8565
vt 0.30955334 0.29589844
vt 0.32324219 0.29589844
vt 0.30955334 0.31152344
f 1539/8566 1516/8567 1540/8568
vt 0.33496094 0.31152344
vt 0.34277344 0.31152344
vt 0.33496094 0.30371094
f 1510/8569 1509/8570 1514/8571
vt 0.33496094 0.31152344
vt 0.34277344 0.31152344
vt 0.33496094 0.30371094
f 1510/8572 1514/8573 1513/8574
vt 0.33496094 0.31152344
vt 0.34277344 0.31152344
vt 0.33496094 0.30371094
f 1515/8575 1511/8576 1512/8577
vt 0.33496094 0.31152344
vt 0.34277344 0.31152344
vt 0.33496094 0.30371094
f 1515/8578 1512/8579 1516/8580
vt 0.33496094 0.31152344
vt 0.34277344 0.31152344
vt 0.33496094 0.30371094
f 1517/8581 1510/8582 1513/8583
vt 0.33496094 0.31152344
vt 0.34277344 0.31152344
vt 0.33496094 0.30371094
f 1517/8584 1513/8585 1520/8586
vt 0.33496094 0.31152344
vt 0.34277344 0.31152344
vt 0.33496094 0.30371094
f 1511/8587 1518/8588 1519/8589
vt 0.33496094 0.31152344
vt 0.34277344 0.31152344
vt 0.33496094 0.30371094
f 1511/8590 1519/8591 1512/8592
vt 0.33496094 0.31152344
vt 0.34277344 0.31152344
vt 0.33496094 0.30371094
f 1521/8593 1517/8594 1520/8595
vt 0.33496094 0.31152344
vt 0.34277344 0.31152344
vt 0.33496094 0.30371094
f 1521/8596 1520/8597 1524/8598
vt 0.33496094 0.31152344
vt 0.34277344 0.31152344
vt 0.33496094 0.30371094
f 1518/8599 1522/8600 1523/8601
vt 0.33496094 0.31152344
vt 0.34277344 0.31152344
vt 0.33496094 0.30371094
f 1518/8602 1523/8603 1519/8604
vt 0.33496094 0.31152344
vt 0.34277344 0.31152344
vt 0.33496094 0.30371094
f 1525/8605 1521/8606 1524/8607
vt 0.33496094 0.31152344
vt 0.34277344 0.31152344
vt 0.33496094 0.30371094
f 1525/8608 1524/8609 1528/8610
vt 0.33496094 0.31152344
vt 0.34277344 0.31152344
vt 0.33496094 0.30371094
f 1522/8611 1526/8612 1527/8613
vt 0.33496094 0.31152344
vt 0.34277344 0.31152344
vt 0.33496094 0.30371094
f 1522/8614 1527/8615 1523/8616
vt 0.33496094 0.31152344
vt 0.34277344 0.31152344
vt 0.33496094 0.30371094
f 1529/8617 1525/8618 1528/8619
vt 0.33496094 0.31152344
vt 0.34277344 0.31152344
vt 0.33496094 0.30371094
f 1529/8620 1528/8621 1532/8622
vt 0.33496094 0.31152344
vt 0.34277344 0.31152344
vt 0.33496094 0.30371094
f 1526/8623 1530/8624 1531/8625
vt 0.33496094 0.31152344
vt 0.34277344 0.31152344
vt 0.33496094 0.30371094
f 1526/8626 1531/8627 1527/8628
vt 0.33496094 0.31152344
vt 0.34277344 0.31152344
vt 0.33496094 0.30371094
f 1533/8629 1529/8630 1532/8631
vt 0.33496094 0.31152344
vt 0.34277344 0.31152344
vt 0.33496094 0.30371094
f 1533/8632 1532/8633 1536/8634
vt 0.33496094 0.31152344
vt 0.34277344 0.31152344
vt 0.33496094 0.30371094
f 1530/8635 1534/8636 1535/8637
vt 0.33496094 0.31152344
vt 0.34277344 0.31152344
vt 0.33496094 0.30371094
f 1530/8638 1535/8639 1531/8640
vt 0.33496094 0.31152344
vt 0.34277344 0.31152344
vt 0.33496094 0.30371094
f 1537/8641 1533/8642 1536/8643
vt 0.33496094 0.31152344
vt 0.34277344 0.31152344
vt 0.33496094 0.30371094
f 1537/8644 1536/8645 1540/8646
vt 0.33496094 0.31152344
vt 0.34277344 0.31152344
vt 0.33496094 0.30371094
f 1534/8647 1538/8648 1539/8649
vt 0.33496094 0.31152344
vt 0.34277344 0.31152344
vt 0.33496094 0.30371094
f 1534/8650 1539/8651 1535/8652
vt 0.33496094 0.31152344
vt 0.34277344 0.31152344
vt 0.33496094 0.30371094
f 1509/8653 1537/8654 1540/8655
vt 0.33496094 0.31152344
vt 0.34277344 0.31152344
vt 0.33496094 0.30371094
f 1509/8656 1540/8657 1514/8658
vt 0.33496094 0.31152344
vt 0.34277344 0.31152344
vt 0.33496094 0.30371094
f 1538/8659 1515/8660 1516/8661
vt 0.33496094 0.31152344
vt 0.34277344 0.31152344
vt 0.33496094 0.30371094
f 1538/8662 1516/8663 1539/8664
vt 0.35449219 0.31152344
vt 0.36774246 0.31152344
vt 0.36774246 0.30371094
f 1541/8665 1542/8666 1543/8667
vt 0.48688309 0.30371094
vt 0.48688309 0.31152344
vt 0.47363281 0.31152344
f 1544/8668 1545/8669 1546/8670
vt 0.35449219 0.31152344
vt 0.36774246 0.30371094
vt 0.35449219 0.30371094
f 1541/8671 1543/8672 1547/8673
vt 0.47363281 0.30371094
vt 0.48688309 0.30371094
vt 0.47363281 0.31152344
f 1548/8674 1544/8675 1546/8676
vt 0.36774246 0.31152344
vt 0.38099274 0.31152344
vt 0.38099274 0.30371094
f 1542/8677 1549/8678 1550/8679
vt 0.50013336 0.30371094
vt 0.50013336 0.31152344
vt 0.48688309 0.31152344
f 1551/8680 1552/8681 1545/8682
vt 0.36774246 0.31152344
vt 0.38099274 0.30371094
vt 0.36774246 0.30371094
f 1542/8683 1550/8684 1543/8685
vt 0.48688309 0.30371094
vt 0.50013336 0.30371094
vt 0.48688309 0.31152344
f 1544/8686 1551/8687 1545/8688
vt 0.38099274 0.31152344
vt 0.39459793 0.31152344
vt 0.39459793 0.30371094
f 1549/8689 1553/8690 1554/8691
vt 0.51373856 0.30371094
vt 0.51373856 0.31152344
vt 0.50013336 0.31152344
f 1555/8692 1556/8693 1552/8694
vt 0.38099274 0.31152344
vt 0.39459793 0.30371094
vt 0.38099274 0.30371094
f 1549/8695 1554/8696 1550/8697
vt 0.50013336 0.30371094
vt 0.51373856 0.30371094
vt 0.50013336 0.31152344
f 1551/8698 1555/8699 1552/8700
vt 0.39459793 0.31152344
vt 0.40820312 0.31152344
vt 0.40820312 0.30371094
f 1553/8701 1557/8702 1558/8703
vt 0.52734375 0.30371094
vt 0.52734375 0.31152344
vt 0.51373856 0.31152344
f 1559/8704 1560/8705 1556/8706
vt 0.39459793 0.31152344
vt 0.40820312 0.30371094
vt 0.39459793 0.30371094
f 1553/8707 1558/8708 1554/8709
vt 0.51373856 0.30371094
vt 0.52734375 0.30371094
vt 0.51373856 0.31152344
f 1555/8710 1559/8711 1556/8712
vt 0.40820312 0.31152344
vt 0.42145340 0.31152344
vt 0.42145340 0.30371094
f 1557/8713 1561/8714 1562/8715
vt 0.54059403 0.30371094
vt 0.54059403 0.31152344
vt 0.52734375 0.31152344
f 1563/8716 1564/8717 1560/8718
vt 0.40820312 0.31152344
vt 0.42145340 0.30371094
vt 0.40820312 0.30371094
f 1557/8719 1562/8720 1558/8721
vt 0.52734375 0.30371094
vt 0.54059403 0.30371094
vt 0.52734375 0.31152344
f 1559/8722 1563/8723 1560/8724
vt 0.42145340 0.31152344
vt 0.43470368 0.31152344
vt 0.43470368 0.30371094
f 1561/8725 1565/8726 1566/8727
vt 0.55384430 0.30371094
vt 0.55384430 0.31152344
vt 0.54059403 0.31152344
f 1567/8728 1568/8729 1564/8730
vt 0.42145340 0.31152344
vt 0.43470368 0.30371094
vt 0.42145340 0.30371094
f 1561/8731 1566/8732 1562/8733
vt 0.54059403 0.30371094
vt 0.55384430 0.30371094
vt 0.54059403 0.31152344
f 1563/8734 1567/8735 1564/8736
vt 0.43470368 0.31152344
vt 0.44830887 0.31152344
vt 0.44830887 0.30371094
f 1565/8737 1569/8738 1570/8739
vt 0.56744949 0.30371094
vt 0.56744949 0.31152344
vt 0.55384430 0.31152344
f 1571/8740 1572/8741 1568/8742
vt 0.43470368 0.31152344
vt 0.44830887 0.30371094
vt 0.43470368 0.30371094
f 1565/8743 1570/8744 1566/8745
vt 0.55384430 0.30371094
vt 0.56744949 0.30371094
vt 0.55384430 0.31152344
f 1567/8746 1571/8747 1568/8748
vt 0.44830887 0.31152344
vt 0.46191406 0.31152344
vt 0.46191406 0.30371094
f 1569/8749 1541/8750 1547/8751
vt 0.58105469 0.30371094
vt 0.58105469 0.31152344
vt 0.56744949 0.31152344
f 1548/8752 1546/8753 1572/8754
vt 0.44830887 0.31152344
vt 0.46191406 0.30371094
vt 0.44830887 0.30371094
f 1569/8755 1547/8756 1570/8757
vt 0.56744949 0.30371094
vt 0.58105469 0.30371094
vt 0.56744949 0.31152344
f 1571/8758 1548/8759 1572/8760
vt 0.59277344 0.31152344
vt 0.60058594 0.31152344
vt 0.59277344 0.30371094
f 1542/8761 1541/8762 1546/8763
vt 0.59277344 0.31152344
vt 0.60058594 0.31152344
vt 0.59277344 0.30371094
f 1542/8764 1546/8765 1545/8766
vt 0.59277344 0.31152344
vt 0.60058594 0.31152344
vt 0.59277344 0.30371094
f 1547/8767 1543/8768 1544/8769
vt 0.59277344 0.31152344
vt 0.60058594 0.31152344
vt 0.59277344 0.30371094
f 1547/8770 1544/8771 1548/8772
vt 0.59277344 0.31152344
vt 0.60058594 0.31152344
vt 0.59277344 0.30371094
f 1549/8773 1542/8774 1545/8775
vt 0.59277344 0.31152344
vt 0.60058594 0.31152344
vt 0.59277344 0.30371094
f 1549/8776 1545/8777 1552/8778
vt 0.59277344 0.31152344
vt 0.60058594 0.31152344
vt 0.59277344 0.30371094
f 1543/8779 1550/8780 1551/8781
vt 0.59277344 0.31152344
vt 0.60058594 0.31152344
vt 0.59277344 0.30371094
f 1543/8782 1551/8783 1544/8784
vt 0.59277344 0.31152344
vt 0.60058594 0.31152344
vt 0.59277344 0.30371094
f 1553/8785 1549/8786 1552/8787
vt 0.59277344 0.31152344
vt 0.60058594 0.31152344
vt 0.59277344 0.30371094
f 1553/8788 1552/8789 1556/8790
vt 0.59277344 0.31152344
vt 0.60058594 0.31152344
vt 0.59277344 0.30371094
f 1550/8791 1554/8792 1555/8793
vt 0.59277344 0.31152344
vt 0.60058594 0.31152344
vt 0.59277344 0.30371094
f 1550/8794 1555/8795 1551/8796
vt 0.59277344 0.31152344
vt 0.60058594 0.31152344
vt 0.59277344 0.30371094
f 1557/8797 1553/8798 1556/8799
vt 0.59277344 0.31152344
vt 0.60058594 0.31152344
vt 0.59277344 0.30371094
f 1557/8800 1556/8801 1560/8802
vt 0.59277344 0.31152344
vt 0.60058594 0.31152344
vt 0.59277344 0.30371094
f 1554/8803 1558/8804 1559/8805
vt 0.59277344 0.31152344
vt 0.60058594 0.31152344
vt 0.59277344 0.30371094
f 1554/8806 1559/8807 1555/8808
vt 0.59277344 0.31152344
vt 0.60058594 0.31152344
vt 0.59277344 0.30371094
f 1561/8809 1557/8810 1560/8811
vt 0.59277344 0.31152344
vt 0.60058594 0.31152344
vt 0.59277344 0.30371094
f 1561/8812 1560/8813 1564/8814
vt 0.59277344 0.31152344
vt 0.60058594 0.31152344
vt 0.59277344 0.30371094
f 1558/8815 1562/8816 1563/8817
vt 0.59277344 0.31152344
vt 0.60058594 0.31152344
vt 0.59277344 0.30371094
f 1558/8818 1563/8819 1559/8820
vt 0.59277344 0.31152344
vt 0.60058594 0.31152344
vt 0.59277344 0.30371094
f 1565/8821 1561/8822 1564/8823
vt 0.59277344 0.31152344
vt 0.60058594 0.31152344
vt 0.59277344 0.30371094
f 1565/8824 1564/8825 1568/8826
vt 0.59277344 0.31152344
vt 0.60058594 0.31152344
vt 0.59277344 0.30371094
f 1562/8827 1566/8828 1567/8829
vt 0.59277344 0.31152344
vt 0.60058594 0.31152344
vt 0.59277344 0.30371094
f 1562/8830 1567/8831 1563/8832
vt 0.59277344 0.31152344
vt 0.60058594 0.31152344
vt 0.59277344 0.30371094
f 1569/8833 1565/8834 1568/8835
vt 0.59277344 0.31152344
vt 0.60058594 0.31152344
vt 0.59277344 0.30371094
f 1569/8836 1568/8837 1572/8838
vt 0.59277344 0.31152344
vt 0.60058594 0.31152344
vt 0.59277344 0.30371094
f 1566/8839 1570/8840 1571/8841
vt 0.59277344 0.31152344
vt 0.60058594 0.31152344
vt 0.59277344 0.30371094
f 1566/8842 1571/8843 1567/8844
vt 0.59277344 0.31152344
vt 0.60058594 0.31152344
vt 0.59277344 0.30371094
f 1541/8845 1569/8846 1572/8847
vt 0.59277344 0.31152344
vt 0.60058594 0.31152344
vt 0.59277344 0.30371094
f 1541/8848 1572/8849 1546/8850
vt 0.59277344 0.31152344
vt 0.60058594 0.31152344
vt 0.59277344 0.30371094
f 1570/8851 1547/8852 1548/8853
vt 0.59277344 0.31152344
vt 0.60058594 0.31152344
vt 0.59277344 0.30371094
f 1570/8854 1548/8855 1571/8856
vt 0.61230469 0.31152344
vt 0.62555496 0.31152344
vt 0.62555496 0.30371094
f 1573/8857 1574/8858 1575/8859
vt 0.74469559 0.30371094
vt 0.74469559 0.31152344
vt 0.73144531 0.31152344
f 1576/8860 1577/8861 1578/8862
vt 0.61230469 0.31152344
vt 0.62555496 0.30371094
vt 0.61230469 0.30371094
f 1573/8863 1575/8864 1579/8865
vt 0.73144531 0.30371094
vt 0.74469559 0.30371094
vt 0.73144531 0.31152344
f 1580/8866 1576/8867 1578/8868
vt 0.62555496 0.31152344
vt 0.63880524 0.31152344
vt 0.63880524 0.30371094
f 1574/8869 1581/8870 1582/8871
vt 0.75794586 0.30371094
vt 0.75794586 0.31152344
vt 0.74469559 0.31152344
f 1583/8872 1584/8873 1577/8874
vt 0.62555496 0.31152344
vt 0.63880524 0.30371094
vt 0.62555496 0.30371094
f 1574/8875 1582/8876 1575/8877
vt 0.74469559 0.30371094
vt 0.75794586 0.30371094
vt 0.74469559 0.31152344
f 1576/8878 1583/8879 1577/8880
vt 0.63880524 0.31152344
vt 0.65241043 0.31152344
vt 0.65241043 0.30371094
f 1581/8881 1585/8882 1586/8883
vt 0.77155106 0.30371094
vt 0.77155106 0.31152344
vt 0.75794586 0.31152344
f 1587/8884 1588/8885 1584/8886
vt 0.63880524 0.31152344
vt 0.65241043 0.30371094
vt 0.63880524 0.30371094
f 1581/8887 1586/8888 1582/8889
vt 0.75794586 0.30371094
vt 0.77155106 0.30371094
vt 0.75794586 0.31152344
f 1583/8890 1587/8891 1584/8892
vt 0.65241043 0.31152344
vt 0.66601562 0.31152344
vt 0.66601562 0.30371094
f 1585/8893 1589/8894 1590/8895
vt 0.78515625 0.30371094
vt 0.78515625 0.31152344
vt 0.77155106 0.31152344
f 1591/8896 1592/8897 1588/8898
vt 0.65241043 0.31152344
vt 0.66601562 0.30371094
vt 0.65241043 0.30371094
f 1585/8899 1590/8900 1586/8901
vt 0.77155106 0.30371094
vt 0.78515625 0.30371094
vt 0.77155106 0.31152344
f 1587/8902 1591/8903 1588/8904
vt 0.66601562 0.31152344
vt 0.67926590 0.31152344
vt 0.67926590 0.30371094
f 1589/8905 1593/8906 1594/8907
vt 0.79840653 0.30371094
vt 0.79840653 0.31152344
vt 0.78515625 0.31152344
f 1595/8908 1596/8909 1592/8910
vt 0.66601562 0.31152344
vt 0.67926590 0.30371094
vt 0.66601562 0.30371094
f 1589/8911 1594/8912 1590/8913
vt 0.78515625 0.30371094
vt 0.79840653 0.30371094
vt 0.78515625 0.31152344
f 1591/8914 1595/8915 1592/8916
vt 0.67926590 0.31152344
vt 0.69251618 0.31152344
vt 0.69251618 0.30371094
f 1593/8917 1597/8918 1598/8919
vt 0.81165680 0.30371094
vt 0.81165680 0.31152344
vt 0.79840653 0.31152344
f 1599/8920 1600/8921 1596/8922
vt 0.67926590 0.31152344
vt 0.69251618 0.30371094
vt 0.67926590 0.30371094
f 1593/8923 1598/8924 1594/8925
vt 0.79840653 0.30371094
vt 0.81165680 0.30371094
vt 0.79840653 0.31152344
f 1595/8926 1599/8927 1596/8928
vt 0.69251618 0.31152344
vt 0.70612137 0.31152344
vt 0.70612137 0.30371094
f 1597/8929 1601/8930 1602/8931
vt 0.82526199 0.30371094
vt 0.82526199 0.31152344
vt 0.81165680 0.31152344
f 1603/8932 1604/8933 1600/8934
vt 0.69251618 0.31152344
vt 0.70612137 0.30371094
vt 0.69251618 0.30371094
f 1597/8935 1602/8936 1598/8937
vt 0.81165680 0.30371094
vt 0.82526199 0.30371094
vt 0.81165680 0.31152344
f 1599/8938 1603/8939 1600/8940
vt 0.70612137 0.31152344
vt 0.71972656 0.31152344
vt 0.71972656 0.30371094
f 1601/8941 1573/8942 1579/8943
vt 0.83886719 0.30371094
vt 0.83886719 0.31152344
vt 0.82526199 0.31152344
f 1580/8944 1578/8945 1604/8946
vt 0.70612137 0.31152344
vt 0.71972656 0.30371094
vt 0.70612137 0.30371094
f 1601/8947 1579/8948 1602/8949
vt 0.82526199 0.30371094
vt 0.83886719 0.30371094
vt 0.82526199 0.31152344
f 1603/8950 1580/8951 1604/8952
vt 0.85058594 0.31152344
vt 0.85839844 0.31152344
vt 0.85058594 0.30371094
f 1574/8953 1573/8954 1578/8955
vt 0.85058594 0.31152344
vt 0.85839844 0.31152344
vt 0.85058594 0.30371094
f 1574/8956 1578/8957 1577/8958
vt 0.85058594 0.31152344
vt 0.85839844 0.31152344
vt 0.85058594 0.30371094
f 1579/8959 1575/8960 1576/8961
vt 0.85058594 0.31152344
vt 0.85839844 0.31152344
vt 0.85058594 0.30371094
f 1579/8962 1576/8963 1580/8964
vt 0.85058594 0.31152344
vt 0.85839844 0.31152344
vt 0.85058594 0.30371094
f 1581/8965 1574/8966 1577/8967
vt 0.85058594 0.31152344
vt 0.85839844 0.31152344
vt 0.85058594 0.30371094
f 1581/8968 1577/8969 1584/8970
vt 0.85058594 0.31152344
vt 0.85839844 0.31152344
vt 0.85058594 0.30371094
f 1575/8971 1582/8972 1583/8973
vt 0.85058594 0.31152344
vt 0.85839844 0.31152344
vt 0.85058594 0.30371094
f 1575/8974 1583/8975 1576/8976
vt 0.85058594 0.31152344
vt 0.85839844 0.31152344
vt 0.85058594 0.30371094
f 1585/8977 1581/8978 1584/8979
vt 0.85058594 0.31152344
vt 0.85839844 0.31152344
vt 0.85058594 0.30371094
f 1585/8980 1584/8981 1588/8982
vt 0.85058594 0.31152344
vt 0.85839844 0.31152344
vt 0.85058594 0.30371094
f 1582/8983 1586/8984 1587/8985
vt 0.85058594 0.31152344
vt 0.85839844 0.31152344
vt 0.85058594 0.30371094
f 1582/8986 1587/8987 1583/8988
vt 0.85058594 0.31152344
vt 0.85839844 0.31152344
vt 0.85058594 0.30371094
f 1589/8989 1585/8990 1588/8991
vt 0.85058594 0.31152344
vt 0.85839844 0.31152344
vt 0.85058594 0.30371094
f 1589/8992 1588/8993 1592/8994
vt 0.85058594 0.31152344
vt 0.85839844 0.31152344
vt 0.85058594 0.30371094
f 1586/8995 1590/8996 1591/8997
vt 0.85058594 0.31152344
vt 0.85839844 0.31152344
vt 0.85058594 0.30371094
f 1586/8998 1591/8999 1587/9000
vt 0.85058594 0.31152344
vt 0.85839844 0.31152344
vt 0.85058594 0.30371094
f 1593/9001 1589/9002 1592/9003
vt 0.85058594 0.31152344
vt 0.85839844 0.31152344
vt 0.85058594 0.30371094
f 1593/9004 1592/9005 1596/9006
vt 0.85058594 0.31152344
vt 0.85839844 0.31152344
vt 0.85058594 0.30371094
f 1590/9007 1594/9008 1595/9009
vt 0.85058594 0.31152344
vt 0.85839844 0.31152344
vt 0.85058594 0.30371094
f 1590/9010 1595/9011 1591/9012
vt 0.85058594 0.31152344
vt 0.85839844 0.31152344
vt 0.85058594 0.30371094
f 1597/9013 1593/9014 1596/9015
vt 0.85058594 0.31152344
vt 0.85839844 0.31152344
vt 0.85058594 0.30371094
f 1597/9016 1596/9017 1600/9018
vt 0.85058594 0.31152344
vt 0.85839844 0.31152344
vt 0.85058594 0.30371094
f 1594/9019 1598/9020 1599/9021
vt 0.85058594 0.31152344
vt 0.85839844 0.31152344
vt 0.85058594 0.30371094
f 1594/9022 1599/9023 1595/9024
vt 0.85058594 0.31152344
vt 0.85839844 0.31152344
vt 0.85058594 0.30371094
f 1601/9025 1597/9026 1600/9027
vt 0.85058594 0.31152344
vt 0.85839844 0.31152344
vt 0.85058594 0.30371094
f 1601/9028 1600/9029 1604/9030
vt 0.85058594 0.31152344
vt 0.85839844 0.31152344
vt 0.85058594 0.30371094
f 1598/9031 1602/9032 1603/9033
vt 0.85058594 0.31152344
vt 0.85839844 0.31152344
vt 0.85058594 0.30371094
f 1598/9034 1603/9035 1599/9036
vt 0.85058594 0.31152344
vt 0.85839844 0.31152344
vt 0.85058594 0.30371094
f 1573/9037 1601/9038 1604/9039
vt 0.85058594 0.31152344
vt 0.85839844 0.31152344
vt 0.85058594 0.30371094
f 1573/9040 1604/9041 1578/9042
vt 0.85058594 0.31152344
vt 0.85839844 0.31152344
vt 0.85058594 0.30371094
f 1602/9043 1579/9044 1580/9045
vt 0.85058594 0.31152344
vt 0.85839844 0.31152344
vt 0.85058594 0.30371094
f 1602/9046 1580/9047 1603/9048
usemtl material1
vt 0.00585938 0.99414062
vt 0.01715970 0.99414062
vt 0.01715970 0.98828125
f 1605/9049 1606/9050 1607/9051
vt 0.01715970 0.95703125
vt 0.01715970 0.96289062
vt 0.00585938 0.96289062
f 1608/9052 1609/9053 1610/9054
vt 0.00585938 0.99414062
vt 0.01715970 0.98828125
vt 0.00585938 0.98828125
f 1605/9055 1607/9056 1611/9057
vt 0.00585938 0.95703125
vt 0.01715970 0.95703125
vt 0.00585938 0.96289062
f 1612/9058 1608/9059 1610/9060
vt 0.01715970 0.99414062
vt 0.02974014 0.99414062
vt 0.02974014 0.98828125
f 1606/9061 1613/9062 1614/9063
vt 0.02974014 0.95703125
vt 0.02974014 0.96289062
vt 0.01715970 0.96289062
f 1615/9064 1616/9065 1609/9066
vt 0.01715970 0.99414062
vt 0.02974014 0.98828125
vt 0.01715970 0.98828125
f 1606/9067 1614/9068 1607/9069
vt 0.01715970 0.95703125
vt 0.02974014 0.95703125
vt 0.01715970 0.96289062
f 1608/9070 1615/9071 1609/9072
vt 0.02974014 0.99414062
vt 0.04036299 0.99414062
vt 0.04036299 0.98828125
f 1613/9073 1617/9074 1618/9075
vt 0.04036299 0.95703125
vt 0.04036299 0.96289062
vt 0.02974014 0.96289062
f 1619/9076 1620/9077 1616/9078
vt 0.02974014 0.99414062
vt 0.04036299 0.98828125
vt 0.02974014 0.98828125
f 1613/9079 1618/9080 1614/9081
vt 0.02974014 0.95703125
vt 0.04036299 0.95703125
vt 0.02974014 0.96289062
f 1615/9082 1619/9083 1616/9084
vt 0.04036299 0.99414062
vt 0.05641117 0.99414062
vt 0.05641117 0.98828125
f 1617/9085 1621/9086 1622/9087
vt 0.05641117 0.95703125
vt 0.05641117 0.96289062
vt 0.04036299 0.96289062
f 1623/9088 1624/9089 1620/9090
vt 0.04036299 0.99414062
vt 0.05641117 0.98828125
vt 0.04036299 0.98828125
f 1617/9091 1622/9092 1618/9093
vt 0.04036299 0.95703125
vt 0.05641117 0.95703125
vt 0.04036299 0.96289062
f 1619/9094 1623/9095 1620/9096
vt 0.05641117 0.99414062
vt 0.06821892 0.99414062
vt 0.06821892 0.98828125
f 1621/9097 1625/9098 1626/9099
vt 0.06821892 0.95703125
vt 0.06821892 0.96289062
vt 0.05641117 0.96289062
f 1627/9100 1628/9101 1624/9102
vt 0.05641117 0.99414062
vt 0.06821892 0.98828125
vt 0.05641117 0.98828125
f 1621/9103 1626/9104 1622/9105
vt 0.05641117 0.95703125
vt 0.06821892 0.95703125
vt 0.05641117 0.96289062
f 1623/9106 1627/9107 1624/9108
vt 0.06821892 0.99414062
vt 0.07876263 0.99414062
vt 0.07876263 0.98828125
f 1625/9109 1629/9110 1630/9111
vt 0.07876263 0.95703125
vt 0.07876263 0.96289062
vt 0.06821892 0.96289062
f 1631/9112 1632/9113 1628/9114
vt 0.06821892 0.99414062
vt 0.07876263 0.98828125
vt 0.06821892 0.98828125
f 1625/9115 1630/9116 1626/9117
vt 0.06821892 0.95703125
vt 0.07876263 0.95703125
vt 0.06821892 0.96289062
f 1627/9118 1631/9119 1628/9120
vt 0.07876263 0.99414062
vt 0.08930633 0.99414062
vt 0.08930633 0.98828125
f 1629/9121 1633/9122 1634/9123
vt 0.08930633 0.95703125
vt 0.08930633 0.96289062
vt 0.07876263 0.96289062
f 1635/9124 1636/9125 1632/9126
vt 0.07876263 0.99414062
vt 0.08930633 0.98828125
vt 0.07876263 0.98828125
f 1629/9127 1634/9128 1630/9129
vt 0.07876263 0.95703125
vt 0.08930633 0.95703125
vt 0.07876263 0.96289062
f 1631/9130 1635/9131 1632/9132
vt 0.08930633 0.99414062
vt 0.10184788 0.99414062
vt 0.10184788 0.98828125
f 1633/9133 1637/9134 1638/9135
vt 0.10184788 0.95703125
vt 0.10184788 0.96289062
vt 0.08930633 0.96289062
f 1639/9136 1640/9137 1636/9138
vt 0.08930633 0.99414062
vt 0.10184788 0.98828125
vt 0.08930633 0.98828125
f 1633/9139 1638/9140 1634/9141
vt 0.08930633 0.95703125
vt 0.10184788 0.95703125
vt 0.08930633 0.96289062
f 1635/9142 1639/9143 1636/9144
vt 0.10184788 0.99414062
vt 0.11263632 0.99414062
vt 0.11263632 0.98828125
f 1637/9145 1641/9146 1642/9147
vt 0.11263632 0.95703125
vt 0.11263632 0.96289062
vt 0.10184788 0.96289062
f 1643/9148 1644/9149 1640/9150
vt 0.10184788 0.99414062
vt 0.11263632 0.98828125
vt 0.10184788 0.98828125
f 1637/9151 1642/9152 1638/9153
vt 0.10184788 0.95703125
vt 0.11263632 0.95703125
vt 0.10184788 0.96289062
f 1639/9154 1643/9155 1640/9156
vt 0.11263632 0.99414062
vt 0.12325917 0.99414062
vt 0.12325917 0.98828125
f 1641/9157 1645/9158 1646/9159
vt 0.12325917 0.95703125
vt 0.12325917 0.96289062
vt 0.11263632 0.96289062
f 1647/9160 1648/9161 1644/9162
vt 0.11263632 0.99414062
vt 0.12325917 0.98828125
vt 0.11263632 0.98828125
f 1641/9163 1646/9164 1642/9165
vt 0.11263632 0.95703125
vt 0.12325917 0.95703125
vt 0.11263632 0.96289062
f 1643/9166 1647/9167 1644/9168
vt 0.12325917 0.99414062
vt 0.13547340 0.99414062
vt 0.13547340 0.98828125
f 1645/9169 1649/9170 1650/9171
vt 0.13547340 0.95703125
vt 0.13547340 0.96289062
vt 0.12325917 0.96289062
f 1651/9172 1652/9173 1648/9174
vt 0.12325917 0.99414062
vt 0.13547340 0.98828125
vt 0.12325917 0.98828125
f 1645/9175 1650/9176 1646/9177
vt 0.12325917 0.95703125
vt 0.13547340 0.95703125
vt 0.12325917 0.96289062
f 1647/9178 1651/9179 1648/9180
vt 0.13547340 0.99414062
vt 0.14648438 0.99414062
vt 0.14648438 0.98828125
f 1649/9181 1605/9182 1611/9183
vt 0.14648438 0.95703125
vt 0.14648438 0.96289062
vt 0.13547340 0.96289062
f 1612/9184 1610/9185 1652/9186
vt 0.13547340 0.99414062
vt 0.14648438 0.98828125
vt 0.13547340 0.98828125
f 1649/9187 1611/9188 1650/9189
vt 0.13547340 0.95703125
vt 0.14648438 0.95703125
vt 0.13547340 0.96289062
f 1651/9190 1612/9191 1652/9192
vt 0.00585938 0.98828125
vt 0.01715970 0.98828125
vt 0.01715970 0.98242188
f 1611/9193 1607/9194 1653/9195
vt 0.01715970 0.95117188
vt 0.01715970 0.95703125
vt 0.00585938 0.95703125
f 1654/9196 1608/9197 1612/9198
vt 0.00585938 0.98828125
vt 0.01715970 0.98242188
vt 0.00585938 0.98242188
f 1611/9199 1653/9200 1655/9201
vt 0.00585938 0.95117188
vt 0.01715970 0.95117188
vt 0.00585938 0.95703125
f 1656/9202 1654/9203 1612/9204
vt 0.01715970 0.98828125
vt 0.02974014 0.98828125
vt 0.02974014 0.98242188
f 1607/9205 1614/9206 1657/9207
vt 0.02974014 0.95117188
vt 0.02974014 0.95703125
vt 0.01715970 0.95703125
f 1658/9208 1615/9209 1608/9210
vt 0.01715970 0.98828125
vt 0.02974014 0.98242188
vt 0.01715970 0.98242188
f 1607/9211 1657/9212 1653/9213
vt 0.01715970 0.95117188
vt 0.02974014 0.95117188
vt 0.01715970 0.95703125
f 1654/9214 1658/9215 1608/9216
vt 0.02974014 0.98828125
vt 0.04036299 0.98828125
vt 0.04036299 0.98242188
f 1614/9217 1618/9218 1659/9219
vt 0.04036299 0.95117188
vt 0.04036299 0.95703125
vt 0.02974014 0.95703125
f 1660/9220 1619/9221 1615/9222
vt 0.02974014 0.98828125
vt 0.04036299 0.98242188
vt 0.02974014 0.98242188
f 1614/9223 1659/9224 1657/9225
vt 0.02974014 0.95117188
vt 0.04036299 0.95117188
vt 0.02974014 0.95703125
f 1658/9226 1660/9227 1615/9228
vt 0.04036299 0.98828125
vt 0.05641117 0.98828125
vt 0.05641117 0.98242188
f 1618/9229 1622/9230 1661/9231
vt 0.05641117 0.95117188
vt 0.05641117 0.95703125
vt 0.04036299 0.95703125
f 1662/9232 1623/9233 1619/9234
vt 0.04036299 0.98828125
vt 0.05641117 0.98242188
vt 0.04036299 0.98242188
f 1618/9235 1661/9236 1659/9237
vt 0.04036299 0.95117188
vt 0.05641117 0.95117188
vt 0.04036299 0.95703125
f 1660/9238 1662/9239 1619/9240
vt 0.05641117 0.98828125
vt 0.06821892 0.98828125
vt 0.06821892 0.98242188
f 1622/9241 1626/9242 1663/9243
vt 0.06821892 0.95117188
vt 0.06821892 0.95703125
vt 0.05641117 0.95703125
f 1664/9244 1627/9245 1623/9246
vt 0.05641117 0.98828125
vt 0.06821892 0.98242188
vt 0.05641117 0.98242188
f 1622/9247 1663/9248 1661/9249
vt 0.05641117 0.95117188
vt 0.06821892 0.95117188
vt 0.05641117 0.95703125
f 1662/9250 1664/9251 1623/9252
vt 0.06821892 0.98828125
vt 0.07876263 0.98828125
vt 0.07876263 0.98242188
f 1626/9253 1630/9254 1665/9255
vt 0.07876263 0.95117188
vt 0.07876263 0.95703125
vt 0.06821892 0.95703125
f 1666/9256 1631/9257 1627/9258
vt 0.06821892 0.98828125
vt 0.07876263 0.98242188
vt 0.06821892 0.98242188
f 1626/9259 1665/9260 1663/9261
vt 0.06821892 0.95117188
vt 0.07876263 0.95117188
vt 0.06821892 0.95703125
f 1664/9262 1666/9263 1627/9264
vt 0.07876263 0.98828125
vt 0.08930633 0.98828125
vt 0.08930633 0.98242188
f 1630/9265 1634/9266 1667/9267
vt 0.08930633 0.95117188
vt 0.08930633 0.95703125
vt 0.07876263 0.95703125
f 1668/9268 1635/9269 1631/9270
vt 0.07876263 0.98828125
vt 0.08930633 0.98242188
vt 0.07876263 0.98242188
f 1630/9271 1667/9272 1665/9273
vt 0.07876263 0.95117188
vt 0.08930633 0.95117188
vt 0.07876263 0.95703125
f 1666/9274 1668/9275 1631/9276
vt 0.08930633 0.98828125
vt 0.10184788 0.98828125
vt 0.10184788 0.98242188
f 1634/9277 1638/9278 1669/9279
vt 0.10184788 0.95117188
vt 0.10184788 0.95703125
vt 0.08930633 0.95703125
f 1670/9280 1639/9281 1635/9282
vt 0.08930633 0.98828125
vt 0.10184788 0.98242188
vt 0.08930633 0.98242188
f 1634/9283 1669/9284 1667/9285
vt 0.08930633 0.95117188
vt 0.10184788 0.95117188
vt 0.08930633 0.95703125
f 1668/9286 1670/9287 1635/9288
vt 0.10184788 0.98828125
vt 0.11263632 0.98828125
vt 0.11263632 0.98242188
f 1638/9289 1642/9290 1671/9291
vt 0.11263632 0.95117188
vt 0.11263632 0.95703125
vt 0.10184788 0.95703125
f 1672/9292 1643/9293 1639/9294
vt 0.10184788 0.98828125
vt 0.11263632 0.98242188
vt 0.10184788 0.98242188
f 1638/9295 1671/9296 1669/9297
vt 0.10184788 0.95117188
vt 0.11263632 0.95117188
vt 0.10184788 0.95703125
f 1670/9298 1672/9299 1639/9300
vt 0.11263632 0.98828125
vt 0.12325917 0.98828125
vt 0.12325917 0.98242188
f 1642/9301 1646/9302 1673/9303
vt 0.12325917 0.95117188
vt 0.12325917 0.95703125
vt 0.11263632 0.95703125
f 1674/9304 1647/9305 1643/9306
vt 0.11263632 0.98828125
vt 0.12325917 0.98242188
vt 0.11263632 0.98242188
f 1642/9307 1673/9308 1671/9309
vt 0.11263632 0.95117188
vt 0.12325917 0.95117188
vt 0.11263632 0.95703125
f 1672/9310 1674/9311 1643/9312
vt 0.12325917 0.98828125
vt 0.13547340 0.98828125
vt 0.13547340 0.98242188
f 1646/9313 1650/9314 1675/9315
vt 0.13547340 0.95117188
vt 0.13547340 0.95703125
vt 0.12325917 0.95703125
f 1676/9316 1651/9317 1647/9318
vt 0.12325917 0.98828125
vt 0.13547340 0.98242188
vt 0.12325917 0.98242188
f 1646/9319 1675/9320 1673/9321
vt 0.12325917 0.95117188
vt 0.13547340 0.95117188
vt 0.12325917 0.95703125
f 1674/9322 1676/9323 1647/9324
vt 0.13547340 0.98828125
vt 0.14648438 0.98828125
vt 0.14648438 0.98242188
f 1650/9325 1611/9326 1655/9327
vt 0.14648438 0.95117188
vt 0.14648438 0.95703125
vt 0.13547340 0.95703125
f 1656/9328 1612/9329 1651/9330
vt 0.13547340 0.98828125
vt 0.14648438 0.98242188
vt 0.13547340 0.98242188
f 1650/9331 1655/9332 1675/9333
vt 0.13547340 0.95117188
vt 0.14648438 0.95117188
vt 0.13547340 0.95703125
f 1676/9334 1656/9335 1651/9336
vt 0.00585938 0.98242188
vt 0.01715970 0.98242188
vt 0.01715970 0.97656250
f 1655/9337 1653/9338 1677/9339
vt 0.01715970 0.94531250
vt 0.01715970 0.95117188
vt 0.00585938 0.95117188
f 1678/9340 1654/9341 1656/9342
vt 0.00585938 0.98242188
vt 0.01715970 0.97656250
vt 0.00585938 0.97656250
f 1655/9343 1677/9344 1679/9345
vt 0.00585938 0.94531250
vt 0.01715970 0.94531250
vt 0.00585938 0.95117188
f 1680/9346 1678/9347 1656/9348
vt 0.01715970 0.98242188
vt 0.02974014 0.98242188
vt 0.02974014 0.97656250
f 1653/9349 1657/9350 1681/9351
vt 0.02974014 0.94531250
vt 0.02974014 0.95117188
vt 0.01715970 0.95117188
f 1682/9352 1658/9353 1654/9354
vt 0.01715970 0.98242188
vt 0.02974014 0.97656250
vt 0.01715970 0.97656250
f 1653/9355 1681/9356 1677/9357
vt 0.01715970 0.94531250
vt 0.02974014 0.94531250
vt 0.01715970 0.95117188
f 1678/9358 1682/9359 1654/9360
vt 0.02974014 0.98242188
vt 0.04036299 0.98242188
vt 0.04036299 0.97656250
f 1657/9361 1659/9362 1683/9363
vt 0.04036299 0.94531250
vt 0.04036299 0.95117188
vt 0.02974014 0.95117188
f 1684/9364 1660/9365 1658/9366
vt 0.02974014 0.98242188
vt 0.04036299 0.97656250
vt 0.02974014 0.97656250
f 1657/9367 1683/9368 1681/9369
vt 0.02974014 0.94531250
vt 0.04036299 0.94531250
vt 0.02974014 0.95117188
f 1682/9370 1684/9371 1658/9372
vt 0.04036299 0.98242188
vt 0.05641117 0.98242188
vt 0.05641117 0.97656250
f 1659/9373 1661/9374 1685/9375
vt 0.05641117 0.94531250
vt 0.05641117 0.95117188
vt 0.04036299 0.95117188
f 1686/9376 1662/9377 1660/9378
vt 0.04036299 0.98242188
vt 0.05641117 0.97656250
vt 0.04036299 0.97656250
f 1659/9379 1685/9380 1683/9381
vt 0.04036299 0.94531250
vt 0.05641117 0.94531250
vt 0.04036299 0.95117188
f 1684/9382 1686/9383 1660/9384
vt 0.05641117 0.98242188
vt 0.06821892 0.98242188
vt 0.06821892 0.97656250
f 1661/9385 1663/9386 1687/9387
vt 0.06821892 0.94531250
vt 0.06821892 0.95117188
vt 0.05641117 0.95117188
f 1688/9388 1664/9389 1662/9390
vt 0.05641117 0.98242188
vt 0.06821892 0.97656250
vt 0.05641117 0.97656250
f 1661/9391 1687/9392 1685/9393
vt 0.05641117 0.94531250
vt 0.06821892 0.94531250
vt 0.05641117 0.95117188
f 1686/9394 1688/9395 1662/9396
vt 0.06821892 0.98242188
vt 0.07876263 0.98242188
vt 0.07876263 0.97656250
f 1663/9397 1665/9398 1689/9399
vt 0.07876263 0.94531250
vt 0.07876263 0.95117188
vt 0.06821892 0.95117188
f 1690/9400 1666/9401 1664/9402
vt 0.06821892 0.98242188
vt 0.07876263 0.97656250
vt 0.06821892 0.97656250
f 1663/9403 1689/9404 1687/9405
vt 0.06821892 0.94531250
vt 0.07876263 0.94531250
vt 0.06821892 0.95117188
f 1688/9406 1690/9407 1664/9408
vt 0.07876263 0.98242188
vt 0.08930633 0.98242188
vt 0.08930633 0.97656250
f 1665/9409 1667/9410 1691/9411
vt 0.08930633 0.94531250
vt 0.08930633 0.95117188
vt 0.07876263 0.95117188
f 1692/9412 1668/9413 1666/9414
vt 0.07876263 0.98242188
vt 0.08930633 0.97656250
vt 0.07876263 0.97656250
f 1665/9415 1691/9416 1689/9417
vt 0.07876263 0.94531250
vt 0.08930633 0.94531250
vt 0.07876263 0.95117188
f 1690/9418 1692/9419 1666/9420
vt 0.08930633 0.98242188
vt 0.10184788 0.98242188
vt 0.10184788 0.97656250
f 1667/9421 1669/9422 1693/9423
vt 0.10184788 0.94531250
vt 0.10184788 0.95117188
vt 0.08930633 0.95117188
f 1694/9424 1670/9425 1668/9426
vt 0.08930633 0.98242188
vt 0.10184788 0.97656250
vt 0.08930633 0.97656250
f 1667/9427 1693/9428 1691/9429
vt 0.08930633 0.94531250
vt 0.10184788 0.94531250
vt 0.08930633 0.95117188
f 1692/9430 1694/9431 1668/9432
vt 0.10184788 0.98242188
vt 0.11263632 0.98242188
vt 0.11263632 0.97656250
f 1669/9433 1671/9434 1695/9435
vt 0.11263632 0.94531250
vt 0.11263632 0.95117188
vt 0.10184788 0.95117188
f 1696/9436 1672/9437 1670/9438
vt 0.10184788 0.98242188
vt 0.11263632 0.97656250
vt 0.10184788 0.97656250
f 1669/9439 1695/9440 1693/9441
vt 0.10184788 0.94531250
vt 0.11263632 0.94531250
vt 0.10184788 0.95117188
f 1694/9442 1696/9443 1670/9444
vt 0.11263632 0.98242188
vt 0.12325917 0.98242188
vt 0.12325917 0.97656250
f 1671/9445 1673/9446 1697/9447
vt 0.12325917 0.94531250
vt 0.12325917 0.95117188
vt 0.11263632 0.95117188
f 1698/9448 1674/9449 1672/9450
vt 0.11263632 0.98242188
vt 0.12325917 0.97656250
vt 0.11263632 0.97656250
f 1671/9451 1697/9452 1695/9453
vt 0.11263632 0.94531250
vt 0.12325917 0.94531250
vt 0.11263632 0.95117188
f 1696/9454 1698/9455 1672/9456
vt 0.12325917 0.98242188
vt 0.13547340 0.98242188
vt 0.13547340 0.97656250
f 1673/9457 1675/9458 1699/9459
vt 0.13547340 0.94531250
vt 0.13547340 0.95117188
vt 0.12325917 0.95117188
f 1700/9460 1676/9461 1674/9462
vt 0.12325917 0.98242188
vt 0.13547340 0.97656250
vt 0.12325917 0.97656250
f 1673/9463 1699/9464 1697/9465
vt 0.12325917 0.94531250
vt 0.13547340 0.94531250
vt 0.12325917 0.95117188
f 1698/9466 1700/9467 1674/9468
vt 0.13547340 0.98242188
vt 0.14648438 0.98242188
vt 0.14648438 0.97656250
f 1675/9469 1655/9470 1679/9471
vt 0.14648438 0.94531250
vt 0.14648438 0.95117188
vt 0.13547340 0.95117188
f 1680/9472 1656/9473 1676/9474
vt 0.13547340 0.98242188
vt 0.14648438 0.97656250
vt 0.13547340 0.97656250
f 1675/9475 1679/9476 1699/9477
vt 0.13547340 0.94531250
vt 0.14648438 0.94531250
vt 0.13547340 0.95117188
f 1700/9478 1680/9479 1676/9480
vt 0.16601562 0.99414062
vt 0.16992188 0.99414062
vt 0.16601562 0.99023438
f 1606/9481 1605/9482 1610/9483
vt 0.16601562 0.99414062
vt 0.16992188 0.99414062
vt 0.16601562 0.99023438
f 1606/9484 1610/9485 1609/9486
vt 0.16601562 0.99414062
vt 0.16992188 0.99414062
vt 0.16601562 0.99023438
f 1613/9487 1606/9488 1609/9489
vt 0.16601562 0.99414062
vt 0.16992188 0.99414062
vt 0.16601562 0.99023438
f 1613/9490 1609/9491 1616/9492
vt 0.16601562 0.99414062
vt 0.16992188 0.99414062
vt 0.16601562 0.99023438
f 1617/9493 1613/9494 1616/9495
vt 0.16601562 0.99414062
vt 0.16992188 0.99414062
vt 0.16601562 0.99023438
f 1617/9496 1616/9497 1620/9498
vt 0.16601562 0.99414062
vt 0.16992188 0.99414062
vt 0.16601562 0.99023438
f 1621/9499 1617/9500 1620/9501
vt 0.16601562 0.99414062
vt 0.16992188 0.99414062
vt 0.16601562 0.99023438
f 1621/9502 1620/9503 1624/9504
vt 0.16601562 0.99414062
vt 0.16992188 0.99414062
vt 0.16601562 0.99023438
f 1625/9505 1621/9506 1624/9507
vt 0.16601562 0.99414062
vt 0.16992188 0.99414062
vt 0.16601562 0.99023438
f 1625/9508 1624/9509 1628/9510
vt 0.16601562 0.99414062
vt 0.16992188 0.99414062
vt 0.16601562 0.99023438
f 1629/9511 1625/9512 1628/9513
vt 0.16601562 0.99414062
vt 0.16992188 0.99414062
vt 0.16601562 0.99023438
f 1629/9514 1628/9515 1632/9516
vt 0.16601562 0.99414062
vt 0.16992188 0.99414062
vt 0.16601562 0.99023438
f 1633/9517 1629/9518 1632/9519
vt 0.16601562 0.99414062
vt 0.16992188 0.99414062
vt 0.16601562 0.99023438
f 1633/9520 1632/9521 1636/9522
vt 0.16601562 0.99414062
vt 0.16992188 0.99414062
vt 0.16601562 0.99023438
f 1637/9523 1633/9524 1636/9525
vt 0.16601562 0.99414062
vt 0.16992188 0.99414062
vt 0.16601562 0.99023438
f 1637/9526 1636/9527 1640/9528
vt 0.16601562 0.99414062
vt 0.16992188 0.99414062
vt 0.16601562 0.99023438
f 1641/9529 1637/9530 1640/9531
vt 0.16601562 0.99414062
vt 0.16992188 0.99414062
vt 0.16601562 0.99023438
f 1641/9532 1640/9533 1644/9534
vt 0.16601562 0.99414062
vt 0.16992188 0.99414062
vt 0.16601562 0.99023438
f 1645/9535 1641/9536 1644/9537
vt 0.16601562 0.99414062
vt 0.16992188 0.99414062
vt 0.16601562 0.99023438
f 1645/9538 1644/9539 1648/9540
vt 0.16601562 0.99414062
vt 0.16992188 0.99414062
vt 0.16601562 0.99023438
f 1649/9541 1645/9542 1648/9543
vt 0.16601562 0.99414062
vt 0.16992188 0.99414062
vt 0.16601562 0.99023438
f 1649/9544 1648/9545 1652/9546
vt 0.16601562 0.99414062
vt 0.16992188 0.99414062
vt 0.16601562 0.99023438
f 1605/9547 1649/9548 1652/9549
vt 0.16601562 0.99414062
vt 0.16992188 0.99414062
vt 0.16601562 0.99023438
f 1605/9550 1652/9551 1610/9552
vt 0.16601562 0.99414062
vt 0.16992188 0.99414062
vt 0.16601562 0.99023438
f 1679/9553 1677/9554 1678/9555
vt 0.16601562 0.99414062
vt 0.16992188 0.99414062
vt 0.16601562 0.99023438
f 1679/9556 1678/9557 1680/9558
vt 0.16601562 0.99414062
vt 0.16992188 0.99414062
vt 0.16601562 0.99023438
f 1677/9559 1681/9560 1682/9561
vt 0.16601562 0.99414062
vt 0.16992188 0.99414062
vt 0.16601562 0.99023438
f 1677/9562 1682/9563 1678/9564
vt 0.16601562 0.99414062
vt 0.16992188 0.99414062
vt 0.16601562 0.99023438
f 1681/9565 1683/9566 1684/9567
vt 0.16601562 0.99414062
vt 0.16992188 0.99414062
vt 0.16601562 0.99023438
f 1681/9568 1684/9569 1682/9570
vt 0.16601562 0.99414062
vt 0.16992188 0.99414062
vt 0.16601562 0.99023438
f 1683/9571 1685/9572 1686/9573
vt 0.16601562 0.99414062
vt 0.16992188 0.99414062
vt 0.16601562 0.99023438
f 1683/9574 1686/9575 1684/9576
vt 0.16601562 0.99414062
vt 0.16992188 0.99414062
vt 0.16601562 0.99023438
f 1685/9577 1687/9578 1688/9579
vt 0.16601562 0.99414062
vt 0.16992188 0.99414062
vt 0.16601562 0.99023438
f 1685/9580 1688/9581 1686/9582
vt 0.16601562 0.99414062
vt 0.16992188 0.99414062
vt 0.16601562 0.99023438
f 1687/9583 1689/9584 1690/9585
vt 0.16601562 0.99414062
vt 0.16992188 0.99414062
vt 0.16601562 0.99023438
f 1687/9586 1690/9587 1688/9588
vt 0.16601562 0.99414062
vt 0.16992188 0.99414062
vt 0.16601562 0.99023438
f 1689/9589 1691/9590 1692/9591
vt 0.16601562 0.99414062
vt 0.16992188 0.99414062
vt 0.16601562 0.99023438
f 1689/9592 1692/9593 1690/9594
vt 0.16601562 0.99414062
vt 0.16992188 0.99414062
vt 0.16601562 0.99023438
f 1691/9595 1693/9596 1694/9597
vt 0.16601562 0.99414062
vt 0.16992188 0.99414062
vt 0.16601562 0.99023438
f 1691/9598 1694/9599 1692/9600
vt 0.16601562 0.99414062
vt 0.16992188 0.99414062
vt 0.16601562 0.99023438
f 1693/9601 1695/9602 1696/9603
vt 0.16601562 0.99414062
vt 0.16992188 0.99414062
vt 0.16601562 0.99023438
f 1693/9604 1696/9605 1694/9606
vt 0.16601562 0.99414062
vt 0.16992188 0.99414062
vt 0.16601562 0.99023438
f 1695/9607 1697/9608 1698/9609
vt 0.16601562 0.99414062
vt 0.16992188 0.99414062
vt 0.16601562 0.99023438
f 1695/9610 1698/9611 1696/9612
vt 0.16601562 0.99414062
vt 0.16992188 0.99414062
vt 0.16601562 0.99023438
f 1697/9613 1699/9614 1700/9615
vt 0.16601562 0.99414062
vt 0.16992188 0.99414062
vt 0.16601562 0.99023438
f 1697/9616 1700/9617 1698/9618
vt 0.16601562 0.99414062
vt 0.16992188 0.99414062
vt 0.16601562 0.99023438
f 1699/9619 1679/9620 1680/9621
vt 0.16601562 0.99414062
vt 0.16992188 0.99414062
vt 0.16601562 0.99023438
f 1699/9622 1680/9623 1700/9624
vt 0.00781250 0.91406250
vt 0.01615585 0.91406250
vt 0.01615585 0.90234375
f 1701/9625 1702/9626 1703/9627
vt 0.01615585 0.90234375
vt 0.01615585 0.91406250
vt 0.00781250 0.91406250
f 1704/9628 1705/9629 1706/9630
vt 0.00781250 0.91406250
vt 0.01615585 0.90234375
vt 0.00781250 0.90234375
f 1701/9631 1703/9632 1707/9633
vt 0.00781250 0.90234375
vt 0.01615585 0.90234375
vt 0.00781250 0.91406250
f 1708/9634 1704/9635 1706/9636
vt 0.01615585 0.91406250
vt 0.01716542 0.91406250
vt 0.01716542 0.90234375
f 1702/9637 1709/9638 1710/9639
vt 0.01716542 0.90234375
vt 0.01716542 0.91406250
vt 0.01615585 0.91406250
f 1711/9640 1712/9641 1705/9642
vt 0.01615585 0.91406250
vt 0.01716542 0.90234375
vt 0.01615585 0.90234375
f 1702/9643 1710/9644 1703/9645
vt 0.01615585 0.90234375
vt 0.01716542 0.90234375
vt 0.01615585 0.91406250
f 1704/9646 1711/9647 1705/9648
vt 0.01716542 0.91406250
vt 0.02633419 0.91406250
vt 0.02633419 0.90234375
f 1709/9649 1713/9650 1714/9651
vt 0.02633419 0.90234375
vt 0.02633419 0.91406250
vt 0.01716542 0.91406250
f 1715/9652 1716/9653 1712/9654
vt 0.01716542 0.91406250
vt 0.02633419 0.90234375
vt 0.01716542 0.90234375
f 1709/9655 1714/9656 1710/9657
vt 0.01716542 0.90234375
vt 0.02633419 0.90234375
vt 0.01716542 0.91406250
f 1711/9658 1715/9659 1712/9660
vt 0.02633419 0.91406250
vt 0.02734375 0.91406250
vt 0.02734375 0.90234375
f 1713/9661 1717/9662 1718/9663
vt 0.02734375 0.90234375
vt 0.02734375 0.91406250
vt 0.02633419 0.91406250
f 1719/9664 1720/9665 1716/9666
vt 0.02633419 0.91406250
vt 0.02734375 0.90234375
vt 0.02633419 0.90234375
f 1713/9667 1718/9668 1714/9669
vt 0.02633419 0.90234375
vt 0.02734375 0.90234375
vt 0.02633419 0.91406250
f 1715/9670 1719/9671 1716/9672
vt 0.02734375 0.91406250
vt 0.03568710 0.91406250
vt 0.03568710 0.90234375
f 1717/9673 1721/9674 1722/9675
vt 0.03568710 0.90234375
vt 0.03568710 0.91406250
vt 0.02734375 0.91406250
f 1723/9676 1724/9677 1720/9678
vt 0.02734375 0.91406250
vt 0.03568710 0.90234375
vt 0.02734375 0.90234375
f 1717/9679 1722/9680 1718/9681
vt 0.02734375 0.90234375
vt 0.03568710 0.90234375
vt 0.02734375 0.91406250
f 1719/9682 1723/9683 1720/9684
vt 0.03568710 0.91406250
vt 0.03669667 0.91406250
vt 0.03669667 0.90234375
f 1721/9685 1725/9686 1726/9687
vt 0.03669667 0.90234375
vt 0.03669667 0.91406250
vt 0.03568710 0.91406250
f 1727/9688 1728/9689 1724/9690
vt 0.03568710 0.91406250
vt 0.03669667 0.90234375
vt 0.03568710 0.90234375
f 1721/9691 1726/9692 1722/9693
vt 0.03568710 0.90234375
vt 0.03669667 0.90234375
vt 0.03568710 0.91406250
f 1723/9694 1727/9695 1724/9696
vt 0.03669667 0.91406250
vt 0.04586544 0.91406250
vt 0.04586544 0.90234375
f 1725/9697 1729/9698 1730/9699
vt 0.04586544 0.90234375
vt 0.04586544 0.91406250
vt 0.03669667 0.91406250
f 1731/9700 1732/9701 1728/9702
vt 0.03669667 0.91406250
vt 0.04586544 0.90234375
vt 0.03669667 0.90234375
f 1725/9703 1730/9704 1726/9705
vt 0.03669667 0.90234375
vt 0.04586544 0.90234375
vt 0.03669667 0.91406250
f 1727/9706 1731/9707 1728/9708
vt 0.04586544 0.91406250
vt 0.04687500 0.91406250
vt 0.04687500 0.90234375
f 1729/9709 1701/9710 1707/9711
vt 0.04687500 0.90234375
vt 0.04687500 0.91406250
vt 0.04586544 0.91406250
f 1708/9712 1706/9713 1732/9714
vt 0.04586544 0.91406250
vt 0.04687500 0.90234375
vt 0.04586544 0.90234375
f 1729/9715 1707/9716 1730/9717
vt 0.04586544 0.90234375
vt 0.04687500 0.90234375
vt 0.04586544 0.91406250
f 1731/9718 1708/9719 1732/9720
vt 0.00781250 0.90234375
vt 0.01615585 0.90234375
vt 0.01615585 0.89453125
f 1707/9721 1703/9722 1733/9723
vt 0.01615585 0.89453125
vt 0.01615585 0.90234375
vt 0.00781250 0.90234375
f 1734/9724 1704/9725 1708/9726
vt 0.00781250 0.90234375
vt 0.01615585 0.89453125
vt 0.00781250 0.89453125
f 1707/9727 1733/9728 1735/9729
vt 0.00781250 0.89453125
vt 0.01615585 0.89453125
vt 0.00781250 0.90234375
f 1736/9730 1734/9731 1708/9732
vt 0.01615585 0.90234375
vt 0.01716542 0.90234375
vt 0.01716542 0.89453125
f 1703/9733 1710/9734 1737/9735
vt 0.01716542 0.89453125
vt 0.01716542 0.90234375
vt 0.01615585 0.90234375
f 1738/9736 1711/9737 1704/9738
vt 0.01615585 0.90234375
vt 0.01716542 0.89453125
vt 0.01615585 0.89453125
f 1703/9739 1737/9740 1733/9741
vt 0.01615585 0.89453125
vt 0.01716542 0.89453125
vt 0.01615585 0.90234375
f 1734/9742 1738/9743 1704/9744
vt 0.01716542 0.90234375
vt 0.02633419 0.90234375
vt 0.02633419 0.89453125
f 1710/9745 1714/9746 1739/9747
vt 0.02633419 0.89453125
vt 0.02633419 0.90234375
vt 0.01716542 0.90234375
f 1740/9748 1715/9749 1711/9750
vt 0.01716542 0.90234375
vt 0.02633419 0.89453125
vt 0.01716542 0.89453125
f 1710/9751 1739/9752 1737/9753
vt 0.01716542 0.89453125
vt 0.02633419 0.89453125
vt 0.01716542 0.90234375
f 1738/9754 1740/9755 1711/9756
vt 0.02633419 0.90234375
vt 0.02734375 0.90234375
vt 0.02734375 0.89453125
f 1714/9757 1718/9758 1741/9759
vt 0.02734375 0.89453125
vt 0.02734375 0.90234375
vt 0.02633419 0.90234375
f 1742/9760 1719/9761 1715/9762
vt 0.02633419 0.90234375
vt 0.02734375 0.89453125
vt 0.02633419 0.89453125
f 1714/9763 1741/9764 1739/9765
vt 0.02633419 0.89453125
vt 0.02734375 0.89453125
vt 0.02633419 0.90234375
f 1740/9766 1742/9767 1715/9768
vt 0.02734375 0.90234375
vt 0.03568710 0.90234375
vt 0.03568710 0.89453125
f 1718/9769 1722/9770 1743/9771
vt 0.03568710 0.89453125
vt 0.03568710 0.90234375
vt 0.02734375 0.90234375
f 1744/9772 1723/9773 1719/9774
vt 0.02734375 0.90234375
vt 0.03568710 0.89453125
vt 0.02734375 0.89453125
f 1718/9775 1743/9776 1741/9777
vt 0.02734375 0.89453125
vt 0.03568710 0.89453125
vt 0.02734375 0.90234375
f 1742/9778 1744/9779 1719/9780
vt 0.03568710 0.90234375
vt 0.03669667 0.90234375
vt 0.03669667 0.89453125
f 1722/9781 1726/9782 1745/9783
vt 0.03669667 0.89453125
vt 0.03669667 0.90234375
vt 0.03568710 0.90234375
f 1746/9784 1727/9785 1723/9786
vt 0.03568710 0.90234375
vt 0.03669667 0.89453125
vt 0.03568710 0.89453125
f 1722/9787 1745/9788 1743/9789
vt 0.03568710 0.89453125
vt 0.03669667 0.89453125
vt 0.03568710 0.90234375
f 1744/9790 1746/9791 1723/9792
vt 0.03669667 0.90234375
vt 0.04586544 0.90234375
vt 0.04586544 0.89453125
f 1726/9793 1730/9794 1747/9795
vt 0.04586544 0.89453125
vt 0.04586544 0.90234375
vt 0.03669667 0.90234375
f 1748/9796 1731/9797 1727/9798
vt 0.03669667 0.90234375
vt 0.04586544 0.89453125
vt 0.03669667 0.89453125
f 1726/9799 1747/9800 1745/9801
vt 0.03669667 0.89453125
vt 0.04586544 0.89453125
vt 0.03669667 0.90234375
f 1746/9802 1748/9803 1727/9804
vt 0.04586544 0.90234375
vt 0.04687500 0.90234375
vt 0.04687500 0.89453125
f 1730/9805 1707/9806 1735/9807
vt 0.04687500 0.89453125
vt 0.04687500 0.90234375
vt 0.04586544 0.90234375
f 1736/9808 1708/9809 1731/9810
vt 0.04586544 0.90234375
vt 0.04687500 0.89453125
vt 0.04586544 0.89453125
f 1730/9811 1735/9812 1747/9813
vt 0.04586544 0.89453125
vt 0.04687500 0.89453125
vt 0.04586544 0.90234375
f 1748/9814 1736/9815 1731/9816
vt 0.00781250 0.89453125
vt 0.01615585 0.89453125
vt 0.01615585 0.88867188
f 1735/9817 1733/9818 1749/9819
vt 0.01615585 0.88867188
vt 0.01615585 0.89453125
vt 0.00781250 0.89453125
f 1750/9820 1734/9821 1736/9822
vt 0.00781250 0.89453125
vt 0.01615585 0.88867188
vt 0.00781250 0.88867188
f 1735/9823 1749/9824 1751/9825
vt 0.00781250 0.88867188
vt 0.01615585 0.88867188
vt 0.00781250 0.89453125
f 1752/9826 1750/9827 1736/9828
vt 0.01615585 0.89453125
vt 0.01716542 0.89453125
vt 0.01716542 0.88867188
f 1733/9829 1737/9830 1753/9831
vt 0.01716542 0.88867188
vt 0.01716542 0.89453125
vt 0.01615585 0.89453125
f 1754/9832 1738/9833 1734/9834
vt 0.01615585 0.89453125
vt 0.01716542 0.88867188
vt 0.01615585 0.88867188
f 1733/9835 1753/9836 1749/9837
vt 0.01615585 0.88867188
vt 0.01716542 0.88867188
vt 0.01615585 0.89453125
f 1750/9838 1754/9839 1734/9840
vt 0.01716542 0.89453125
vt 0.02633419 0.89453125
vt 0.02633419 0.88867188
f 1737/9841 1739/9842 1755/9843
vt 0.02633419 0.88867188
vt 0.02633419 0.89453125
vt 0.01716542 0.89453125
f 1756/9844 1740/9845 1738/9846
vt 0.01716542 0.89453125
vt 0.02633419 0.88867188
vt 0.01716542 0.88867188
f 1737/9847 1755/9848 1753/9849
vt 0.01716542 0.88867188
vt 0.02633419 0.88867188
vt 0.01716542 0.89453125
f 1754/9850 1756/9851 1738/9852
vt 0.02633419 0.89453125
vt 0.02734375 0.89453125
vt 0.02734375 0.88867188
f 1739/9853 1741/9854 1757/9855
vt 0.02734375 0.88867188
vt 0.02734375 0.89453125
vt 0.02633419 0.89453125
f 1758/9856 1742/9857 1740/9858
vt 0.02633419 0.89453125
vt 0.02734375 0.88867188
vt 0.02633419 0.88867188
f 1739/9859 1757/9860 1755/9861
vt 0.02633419 0.88867188
vt 0.02734375 0.88867188
vt 0.02633419 0.89453125
f 1756/9862 1758/9863 1740/9864
vt 0.02734375 0.89453125
vt 0.03568710 0.89453125
vt 0.03568710 0.88867188
f 1741/9865 1743/9866 1759/9867
vt 0.03568710 0.88867188
vt 0.03568710 0.89453125
vt 0.02734375 0.89453125
f 1760/9868 1744/9869 1742/9870
vt 0.02734375 0.89453125
vt 0.03568710 0.88867188
vt 0.02734375 0.88867188
f 1741/9871 1759/9872 1757/9873
vt 0.02734375 0.88867188
vt 0.03568710 0.88867188
vt 0.02734375 0.89453125
f 1758/9874 1760/9875 1742/9876
vt 0.03568710 0.89453125
vt 0.03669667 0.89453125
vt 0.03669667 0.88867188
f 1743/9877 1745/9878 1761/9879
vt 0.03669667 0.88867188
vt 0.03669667 0.89453125
vt 0.03568710 0.89453125
f 1762/9880 1746/9881 1744/9882
vt 0.03568710 0.89453125
vt 0.03669667 0.88867188
vt 0.03568710 0.88867188
f 1743/9883 1761/9884 1759/9885
vt 0.03568710 0.88867188
vt 0.03669667 0.88867188
vt 0.03568710 0.89453125
f 1760/9886 1762/9887 1744/9888
vt 0.03669667 0.89453125
vt 0.04586544 0.89453125
vt 0.04586544 0.88867188
f 1745/9889 1747/9890 1763/9891
vt 0.04586544 0.88867188
vt 0.04586544 0.89453125
vt 0.03669667 0.89453125
f 1764/9892 1748/9893 1746/9894
vt 0.03669667 0.89453125
vt 0.04586544 0.88867188
vt 0.03669667 0.88867188
f 1745/9895 1763/9896 1761/9897
vt 0.03669667 0.88867188
vt 0.04586544 0.88867188
vt 0.03669667 0.89453125
f 1762/9898 1764/9899 1746/9900
vt 0.04586544 0.89453125
vt 0.04687500 0.89453125
vt 0.04687500 0.88867188
f 1747/9901 1735/9902 1751/9903
vt 0.04687500 0.88867188
vt 0.04687500 0.89453125
vt 0.04586544 0.89453125
f 1752/9904 1736/9905 1748/9906
vt 0.04586544 0.89453125
vt 0.04687500 0.88867188
vt 0.04586544 0.88867188
f 1747/9907 1751/9908 1763/9909
vt 0.04586544 0.88867188
vt 0.04687500 0.88867188
vt 0.04586544 0.89453125
f 1764/9910 1752/9911 1748/9912
vt 0.06835938 0.91406250
vt 0.07226562 0.91406250
vt 0.06835938 0.91015625
f 1702/9913 1701/9914 1706/9915
vt 0.06835938 0.91406250
vt 0.07226562 0.91406250
vt 0.06835938 0.91015625
f 1702/9916 1706/9917 1705/9918
vt 0.06835938 0.91406250
vt 0.07226562 0.91406250
vt 0.06835938 0.91015625
f 1709/9919 1702/9920 1705/9921
vt 0.06835938 0.91406250
vt 0.07226562 0.91406250
vt 0.06835938 0.91015625
f 1709/9922 1705/9923 1712/9924
vt 0.06835938 0.91406250
vt 0.07226562 0.91406250
vt 0.06835938 0.91015625
f 1713/9925 1709/9926 1712/9927
vt 0.06835938 0.91406250
vt 0.07226562 0.91406250
vt 0.06835938 0.91015625
f 1713/9928 1712/9929 1716/9930
vt 0.06835938 0.91406250
vt 0.07226562 0.91406250
vt 0.06835938 0.91015625
f 1717/9931 1713/9932 1716/9933
vt 0.06835938 0.91406250
vt 0.07226562 0.91406250
vt 0.06835938 0.91015625
f 1717/9934 1716/9935 1720/9936
vt 0.06835938 0.91406250
vt 0.07226562 0.91406250
vt 0.06835938 0.91015625
f 1721/9937 1717/9938 1720/9939
vt 0.06835938 0.91406250
vt 0.07226562 0.91406250
vt 0.06835938 0.91015625
f 1721/9940 1720/9941 1724/9942
vt 0.06835938 0.91406250
vt 0.07226562 0.91406250
vt 0.06835938 0.91015625
f 1725/9943 1721/9944 1724/9945
vt 0.06835938 0.91406250
vt 0.07226562 0.91406250
vt 0.06835938 0.91015625
f 1725/9946 1724/9947 1728/9948
vt 0.06835938 0.91406250
vt 0.07226562 0.91406250
vt 0.06835938 0.91015625
f 1729/9949 1725/9950 1728/9951
vt 0.06835938 0.91406250
vt 0.07226562 0.91406250
vt 0.06835938 0.91015625
f 1729/9952 1728/9953 1732/9954
vt 0.06835938 0.91406250
vt 0.07226562 0.91406250
vt 0.06835938 0.91015625
f 1701/9955 1729/9956 1732/9957
vt 0.06835938 0.91406250
vt 0.07226562 0.91406250
vt 0.06835938 0.91015625
f 1701/9958 1732/9959 1706/9960
vt 0.06835938 0.91406250
vt 0.07226562 0.91406250
vt 0.06835938 0.91015625
f 1751/9961 1749/9962 1750/9963
vt 0.06835938 0.91406250
vt 0.07226562 0.91406250
vt 0.06835938 0.91015625
f 1751/9964 1750/9965 1752/9966
vt 0.06835938 0.91406250
vt 0.07226562 0.91406250
vt 0.06835938 0.91015625
f 1749/9967 1753/9968 1754/9969
vt 0.06835938 0.91406250
vt 0.07226562 0.91406250
vt 0.06835938 0.91015625
f 1749/9970 1754/9971 1750/9972
vt 0.06835938 0.91406250
vt 0.07226562 0.91406250
vt 0.06835938 0.91015625
f 1753/9973 1755/9974 1756/9975
vt 0.06835938 0.91406250
vt 0.07226562 0.91406250
vt 0.06835938 0.91015625
f 1753/9976 1756/9977 1754/9978
vt 0.06835938 0.91406250
vt 0.07226562 0.91406250
vt 0.06835938 0.91015625
f 1755/9979 1757/9980 1758/9981
vt 0.06835938 0.91406250
vt 0.07226562 0.91406250
vt 0.06835938 0.91015625
f 1755/9982 1758/9983 1756/9984
vt 0.06835938 0.91406250
vt 0.07226562 0.91406250
vt 0.06835938 0.91015625
f 1757/9985 1759/9986 1760/9987
vt 0.06835938 0.91406250
vt 0.07226562 0.91406250
vt 0.06835938 0.91015625
f 1757/9988 1760/9989 1758/9990
vt 0.06835938 0.91406250
vt 0.07226562 0.91406250
vt 0.06835938 0.91015625
f 1759/9991 1761/9992 1762/9993
vt 0.06835938 0.91406250
vt 0.07226562 0.91406250
vt 0.06835938 0.91015625
f 1759/9994 1762/9995 1760/9996
vt 0.06835938 0.91406250
vt 0.07226562 0.91406250
vt 0.06835938 0.91015625
f 1761/9997 1763/9998 1764/9999
vt 0.06835938 0.91406250
vt 0.07226562 0.91406250
vt 0.06835938 0.91015625
f 1761/10000 1764/10001 1762/10002
vt 0.06835938 0.91406250
vt 0.07226562 0.91406250
vt 0.06835938 0.91015625
f 1763/10003 1751/10004 1752/10005
vt 0.06835938 0.91406250
vt 0.07226562 0.91406250
vt 0.06835938 0.91015625
f 1763/10006 1752/10007 1764/10008
vt 0.00781250 0.86328125
vt 0.01615585 0.86328125
vt 0.01615585 0.85156250
f 1765/10009 1766/10010 1767/10011
vt 0.01615585 0.85156250
vt 0.01615585 0.86328125
vt 0.00781250 0.86328125
f 1768/10012 1769/10013 1770/10014
vt 0.00781250 0.86328125
vt 0.01615585 0.85156250
vt 0.00781250 0.85156250
f 1765/10015 1767/10016 1771/10017
vt 0.00781250 0.85156250
vt 0.01615585 0.85156250
vt 0.00781250 0.86328125
f 1772/10018 1768/10019 1770/10020
vt 0.01615585 0.86328125
vt 0.01716542 0.86328125
vt 0.01716542 0.85156250
f 1766/10021 1773/10022 1774/10023
vt 0.01716542 0.85156250
vt 0.01716542 0.86328125
vt 0.01615585 0.86328125
f 1775/10024 1776/10025 1769/10026
vt 0.01615585 0.86328125
vt 0.01716542 0.85156250
vt 0.01615585 0.85156250
f 1766/10027 1774/10028 1767/10029
vt 0.01615585 0.85156250
vt 0.01716542 0.85156250
vt 0.01615585 0.86328125
f 1768/10030 1775/10031 1769/10032
vt 0.01716542 0.86328125
vt 0.02633419 0.86328125
vt 0.02633419 0.85156250
f 1773/10033 1777/10034 1778/10035
vt 0.02633419 0.85156250
vt 0.02633419 0.86328125
vt 0.01716542 0.86328125
f 1779/10036 1780/10037 1776/10038
vt 0.01716542 0.86328125
vt 0.02633419 0.85156250
vt 0.01716542 0.85156250
f 1773/10039 1778/10040 1774/10041
vt 0.01716542 0.85156250
vt 0.02633419 0.85156250
vt 0.01716542 0.86328125
f 1775/10042 1779/10043 1776/10044
vt 0.02633419 0.86328125
vt 0.02734375 0.86328125
vt 0.02734375 0.85156250
f 1777/10045 1781/10046 1782/10047
vt 0.02734375 0.85156250
vt 0.02734375 0.86328125
vt 0.02633419 0.86328125
f 1783/10048 1784/10049 1780/10050
vt 0.02633419 0.86328125
vt 0.02734375 0.85156250
vt 0.02633419 0.85156250
f 1777/10051 1782/10052 1778/10053
vt 0.02633419 0.85156250
vt 0.02734375 0.85156250
vt 0.02633419 0.86328125
f 1779/10054 1783/10055 1780/10056
vt 0.02734375 0.86328125
vt 0.03568710 0.86328125
vt 0.03568710 0.85156250
f 1781/10057 1785/10058 1786/10059
vt 0.03568710 0.85156250
vt 0.03568710 0.86328125
vt 0.02734375 0.86328125
f 1787/10060 1788/10061 1784/10062
vt 0.02734375 0.86328125
vt 0.03568710 0.85156250
vt 0.02734375 0.85156250
f 1781/10063 1786/10064 1782/10065
vt 0.02734375 0.85156250
vt 0.03568710 0.85156250
vt 0.02734375 0.86328125
f 1783/10066 1787/10067 1784/10068
vt 0.03568710 0.86328125
vt 0.03669667 0.86328125
vt 0.03669667 0.85156250
f 1785/10069 1789/10070 1790/10071
vt 0.03669667 0.85156250
vt 0.03669667 0.86328125
vt 0.03568710 0.86328125
f 1791/10072 1792/10073 1788/10074
vt 0.03568710 0.86328125
vt 0.03669667 0.85156250
vt 0.03568710 0.85156250
f 1785/10075 1790/10076 1786/10077
vt 0.03568710 0.85156250
vt 0.03669667 0.85156250
vt 0.03568710 0.86328125
f 1787/10078 1791/10079 1788/10080
vt 0.03669667 0.86328125
vt 0.04586544 0.86328125
vt 0.04586544 0.85156250
f 1789/10081 1793/10082 1794/10083
vt 0.04586544 0.85156250
vt 0.04586544 0.86328125
vt 0.03669667 0.86328125
f 1795/10084 1796/10085 1792/10086
vt 0.03669667 0.86328125
vt 0.04586544 0.85156250
vt 0.03669667 0.85156250
f 1789/10087 1794/10088 1790/10089
vt 0.03669667 0.85156250
vt 0.04586544 0.85156250
vt 0.03669667 0.86328125
f 1791/10090 1795/10091 1792/10092
vt 0.04586544 0.86328125
vt 0.04687500 0.86328125
vt 0.04687500 0.85156250
f 1793/10093 1765/10094 1771/10095
vt 0.04687500 0.85156250
vt 0.04687500 0.86328125
vt 0.04586544 0.86328125
f 1772/10096 1770/10097 1796/10098
vt 0.04586544 0.86328125
vt 0.04687500 0.85156250
vt 0.04586544 0.85156250
f 1793/10099 1771/10100 1794/10101
vt 0.04586544 0.85156250
vt 0.04687500 0.85156250
vt 0.04586544 0.86328125
f 1795/10102 1772/10103 1796/10104
vt 0.00781250 0.85156250
vt 0.01615585 0.85156250
vt 0.01615585 0.84375000
f 1771/10105 1767/10106 1797/10107
vt 0.01615585 0.84375000
vt 0.01615585 0.85156250
vt 0.00781250 0.85156250
f 1798/10108 1768/10109 1772/10110
vt 0.00781250 0.85156250
vt 0.01615585 0.84375000
vt 0.00781250 0.84375000
f 1771/10111 1797/10112 1799/10113
vt 0.00781250 0.84375000
vt 0.01615585 0.84375000
vt 0.00781250 0.85156250
f 1800/10114 1798/10115 1772/10116
vt 0.01615585 0.85156250
vt 0.01716542 0.85156250
vt 0.01716542 0.84375000
f 1767/10117 1774/10118 1801/10119
vt 0.01716542 0.84375000
vt 0.01716542 0.85156250
vt 0.01615585 0.85156250
f 1802/10120 1775/10121 1768/10122
vt 0.01615585 0.85156250
vt 0.01716542 0.84375000
vt 0.01615585 0.84375000
f 1767/10123 1801/10124 1797/10125
vt 0.01615585 0.84375000
vt 0.01716542 0.84375000
vt 0.01615585 0.85156250
f 1798/10126 1802/10127 1768/10128
vt 0.01716542 0.85156250
vt 0.02633419 0.85156250
vt 0.02633419 0.84375000
f 1774/10129 1778/10130 1803/10131
vt 0.02633419 0.84375000
vt 0.02633419 0.85156250
vt 0.01716542 0.85156250
f 1804/10132 1779/10133 1775/10134
vt 0.01716542 0.85156250
vt 0.02633419 0.84375000
vt 0.01716542 0.84375000
f 1774/10135 1803/10136 1801/10137
vt 0.01716542 0.84375000
vt 0.02633419 0.84375000
vt 0.01716542 0.85156250
f 1802/10138 1804/10139 1775/10140
vt 0.02633419 0.85156250
vt 0.02734375 0.85156250
vt 0.02734375 0.84375000
f 1778/10141 1782/10142 1805/10143
vt 0.02734375 0.84375000
vt 0.02734375 0.85156250
vt 0.02633419 0.85156250
f 1806/10144 1783/10145 1779/10146
vt 0.02633419 0.85156250
vt 0.02734375 0.84375000
vt 0.02633419 0.84375000
f 1778/10147 1805/10148 1803/10149
vt 0.02633419 0.84375000
vt 0.02734375 0.84375000
vt 0.02633419 0.85156250
f 1804/10150 1806/10151 1779/10152
vt 0.02734375 0.85156250
vt 0.03568710 0.85156250
vt 0.03568710 0.84375000
f 1782/10153 1786/10154 1807/10155
vt 0.03568710 0.84375000
vt 0.03568710 0.85156250
vt 0.02734375 0.85156250
f 1808/10156 1787/10157 1783/10158
vt 0.02734375 0.85156250
vt 0.03568710 0.84375000
vt 0.02734375 0.84375000
f 1782/10159 1807/10160 1805/10161
vt 0.02734375 0.84375000
vt 0.03568710 0.84375000
vt 0.02734375 0.85156250
f 1806/10162 1808/10163 1783/10164
vt 0.03568710 0.85156250
vt 0.03669667 0.85156250
vt 0.03669667 0.84375000
f 1786/10165 1790/10166 1809/10167
vt 0.03669667 0.84375000
vt 0.03669667 0.85156250
vt 0.03568710 0.85156250
f 1810/10168 1791/10169 1787/10170
vt 0.03568710 0.85156250
vt 0.03669667 0.84375000
vt 0.03568710 0.84375000
f 1786/10171 1809/10172 1807/10173
vt 0.03568710 0.84375000
vt 0.03669667 0.84375000
vt 0.03568710 0.85156250
f 1808/10174 1810/10175 1787/10176
vt 0.03669667 0.85156250
vt 0.04586544 0.85156250
vt 0.04586544 0.84375000
f 1790/10177 1794/10178 1811/10179
vt 0.04586544 0.84375000
vt 0.04586544 0.85156250
vt 0.03669667 0.85156250
f 1812/10180 1795/10181 1791/10182
vt 0.03669667 0.85156250
vt 0.04586544 0.84375000
vt 0.03669667 0.84375000
f 1790/10183 1811/10184 1809/10185
vt 0.03669667 0.84375000
vt 0.04586544 0.84375000
vt 0.03669667 0.85156250
f 1810/10186 1812/10187 1791/10188
vt 0.04586544 0.85156250
vt 0.04687500 0.85156250
vt 0.04687500 0.84375000
f 1794/10189 1771/10190 1799/10191
vt 0.04687500 0.84375000
vt 0.04687500 0.85156250
vt 0.04586544 0.85156250
f 1800/10192 1772/10193 1795/10194
vt 0.04586544 0.85156250
vt 0.04687500 0.84375000
vt 0.04586544 0.84375000
f 1794/10195 1799/10196 1811/10197
vt 0.04586544 0.84375000
vt 0.04687500 0.84375000
vt 0.04586544 0.85156250
f 1812/10198 1800/10199 1795/10200
vt 0.00781250 0.84375000
vt 0.01615585 0.84375000
vt 0.01615585 0.83789062
f 1799/10201 1797/10202 1813/10203
vt 0.01615585 0.83789062
vt 0.01615585 0.84375000
vt 0.00781250 0.84375000
f 1814/10204 1798/10205 1800/10206
vt 0.00781250 0.84375000
vt 0.01615585 0.83789062
vt 0.00781250 0.83789062
f 1799/10207 1813/10208 1815/10209
vt 0.00781250 0.83789062
vt 0.01615585 0.83789062
vt 0.00781250 0.84375000
f 1816/10210 1814/10211 1800/10212
vt 0.01615585 0.84375000
vt 0.01716542 0.84375000
vt 0.01716542 0.83789062
f 1797/10213 1801/10214 1817/10215
vt 0.01716542 0.83789062
vt 0.01716542 0.84375000
vt 0.01615585 0.84375000
f 1818/10216 1802/10217 1798/10218
vt 0.01615585 0.84375000
vt 0.01716542 0.83789062
vt 0.01615585 0.83789062
f 1797/10219 1817/10220 1813/10221
vt 0.01615585 0.83789062
vt 0.01716542 0.83789062
vt 0.01615585 0.84375000
f 1814/10222 1818/10223 1798/10224
vt 0.01716542 0.84375000
vt 0.02633419 0.84375000
vt 0.02633419 0.83789062
f 1801/10225 1803/10226 1819/10227
vt 0.02633419 0.83789062
vt 0.02633419 0.84375000
vt 0.01716542 0.84375000
f 1820/10228 1804/10229 1802/10230
vt 0.01716542 0.84375000
vt 0.02633419 0.83789062
vt 0.01716542 0.83789062
f 1801/10231 1819/10232 1817/10233
vt 0.01716542 0.83789062
vt 0.02633419 0.83789062
vt 0.01716542 0.84375000
f 1818/10234 1820/10235 1802/10236
vt 0.02633419 0.84375000
vt 0.02734375 0.84375000
vt 0.02734375 0.83789062
f 1803/10237 1805/10238 1821/10239
vt 0.02734375 0.83789062
vt 0.02734375 0.84375000
vt 0.02633419 0.84375000
f 1822/10240 1806/10241 1804/10242
vt 0.02633419 0.84375000
vt 0.02734375 0.83789062
vt 0.02633419 0.83789062
f 1803/10243 1821/10244 1819/10245
vt 0.02633419 0.83789062
vt 0.02734375 0.83789062
vt 0.02633419 0.84375000
f 1820/10246 1822/10247 1804/10248
vt 0.02734375 0.84375000
vt 0.03568710 0.84375000
vt 0.03568710 0.83789062
f 1805/10249 1807/10250 1823/10251
vt 0.03568710 0.83789062
vt 0.03568710 0.84375000
vt 0.02734375 0.84375000
f 1824/10252 1808/10253 1806/10254
vt 0.02734375 0.84375000
vt 0.03568710 0.83789062
vt 0.02734375 0.83789062
f 1805/10255 1823/10256 1821/10257
vt 0.02734375 0.83789062
vt 0.03568710 0.83789062
vt 0.02734375 0.84375000
f 1822/10258 1824/10259 1806/10260
vt 0.03568710 0.84375000
vt 0.03669667 0.84375000
vt 0.03669667 0.83789062
f 1807/10261 1809/10262 1825/10263
vt 0.03669667 0.83789062
vt 0.03669667 0.84375000
vt 0.03568710 0.84375000
f 1826/10264 1810/10265 1808/10266
vt 0.03568710 0.84375000
vt 0.03669667 0.83789062
vt 0.03568710 0.83789062
f 1807/10267 1825/10268 1823/10269
vt 0.03568710 0.83789062
vt 0.03669667 0.83789062
vt 0.03568710 0.84375000
f 1824/10270 1826/10271 1808/10272
vt 0.03669667 0.84375000
vt 0.04586544 0.84375000
vt 0.04586544 0.83789062
f 1809/10273 1811/10274 1827/10275
vt 0.04586544 0.83789062
vt 0.04586544 0.84375000
vt 0.03669667 0.84375000
f 1828/10276 1812/10277 1810/10278
vt 0.03669667 0.84375000
vt 0.04586544 0.83789062
vt 0.03669667 0.83789062
f 1809/10279 1827/10280 1825/10281
vt 0.03669667 0.83789062
vt 0.04586544 0.83789062
vt 0.03669667 0.84375000
f 1826/10282 1828/10283 1810/10284
vt 0.04586544 0.84375000
vt 0.04687500 0.84375000
vt 0.04687500 0.83789062
f 1811/10285 1799/10286 1815/10287
vt 0.04687500 0.83789062
vt 0.04687500 0.84375000
vt 0.04586544 0.84375000
f 1816/10288 1800/10289 1812/10290
vt 0.04586544 0.84375000
vt 0.04687500 0.83789062
vt 0.04586544 0.83789062
f 1811/10291 1815/10292 1827/10293
vt 0.04586544 0.83789062
vt 0.04687500 0.83789062
vt 0.04586544 0.84375000
f 1828/10294 1816/10295 1812/10296
vt 0.06835938 0.86328125
vt 0.07226562 0.86328125
vt 0.06835938 0.85937500
f 1766/10297 1765/10298 1770/10299
vt 0.06835938 0.86328125
vt 0.07226562 0.86328125
vt 0.06835938 0.85937500
f 1766/10300 1770/10301 1769/10302
vt 0.06835938 0.86328125
vt 0.07226562 0.86328125
vt 0.06835938 0.85937500
f 1773/10303 1766/10304 1769/10305
vt 0.06835938 0.86328125
vt 0.07226562 0.86328125
vt 0.06835938 0.85937500
f 1773/10306 1769/10307 1776/10308
vt 0.06835938 0.86328125
vt 0.07226562 0.86328125
vt 0.06835938 0.85937500
f 1777/10309 1773/10310 1776/10311
vt 0.06835938 0.86328125
vt 0.07226562 0.86328125
vt 0.06835938 0.85937500
f 1777/10312 1776/10313 1780/10314
vt 0.06835938 0.86328125
vt 0.07226562 0.86328125
vt 0.06835938 0.85937500
f 1781/10315 1777/10316 1780/10317
vt 0.06835938 0.86328125
vt 0.07226562 0.86328125
vt 0.06835938 0.85937500
f 1781/10318 1780/10319 1784/10320
vt 0.06835938 0.86328125
vt 0.07226562 0.86328125
vt 0.06835938 0.85937500
f 1785/10321 1781/10322 1784/10323
vt 0.06835938 0.86328125
vt 0.07226562 0.86328125
vt 0.06835938 0.85937500
f 1785/10324 1784/10325 1788/10326
vt 0.06835938 0.86328125
vt 0.07226562 0.86328125
vt 0.06835938 0.85937500
f 1789/10327 1785/10328 1788/10329
vt 0.06835938 0.86328125
vt 0.07226562 0.86328125
vt 0.06835938 0.85937500
f 1789/10330 1788/10331 1792/10332
vt 0.06835938 0.86328125
vt 0.07226562 0.86328125
vt 0.06835938 0.85937500
f 1793/10333 1789/10334 1792/10335
vt 0.06835938 0.86328125
vt 0.07226562 0.86328125
vt 0.06835938 0.85937500
f 1793/10336 1792/10337 1796/10338
vt 0.06835938 0.86328125
vt 0.07226562 0.86328125
vt 0.06835938 0.85937500
f 1765/10339 1793/10340 1796/10341
vt 0.06835938 0.86328125
vt 0.07226562 0.86328125
vt 0.06835938 0.85937500
f 1765/10342 1796/10343 1770/10344
vt 0.06835938 0.86328125
vt 0.07226562 0.86328125
vt 0.06835938 0.85937500
f 1815/10345 1813/10346 1814/10347
vt 0.06835938 0.86328125
vt 0.07226562 0.86328125
vt 0.06835938 0.85937500
f 1815/10348 1814/10349 1816/10350
vt 0.06835938 0.86328125
vt 0.07226562 0.86328125
vt 0.06835938 0.85937500
f 1813/10351 1817/10352 1818/10353
vt 0.06835938 0.86328125
vt 0.07226562 0.86328125
vt 0.06835938 0.85937500
f 1813/10354 1818/10355 1814/10356
vt 0.06835938 0.86328125
vt 0.07226562 0.86328125
vt 0.06835938 0.85937500
f 1817/10357 1819/10358 1820/10359
vt 0.06835938 0.86328125
vt 0.07226562 0.86328125
vt 0.06835938 0.85937500
f 1817/10360 1820/10361 1818/10362
vt 0.06835938 0.86328125
vt 0.07226562 0.86328125
vt 0.06835938 0.85937500
f 1819/10363 1821/10364 1822/10365
vt 0.06835938 0.86328125
vt 0.07226562 0.86328125
vt 0.06835938 0.85937500
f 1819/10366 1822/10367 1820/10368
vt 0.06835938 0.86328125
vt 0.07226562 0.86328125
vt 0.06835938 0.85937500
f 1821/10369 1823/10370 1824/10371
vt 0.06835938 0.86328125
vt 0.07226562 0.86328125
vt 0.06835938 0.85937500
f 1821/10372 1824/10373 1822/10374
vt 0.06835938 0.86328125
vt 0.07226562 0.86328125
vt 0.06835938 0.85937500
f 1823/10375 1825/10376 1826/10377
vt 0.06835938 0.86328125
vt 0.07226562 0.86328125
vt 0.06835938 0.85937500
f 1823/10378 1826/10379 1824/10380
vt 0.06835938 0.86328125
vt 0.07226562 0.86328125
vt 0.06835938 0.85937500
f 1825/10381 1827/10382 1828/10383
vt 0.06835938 0.86328125
vt 0.07226562 0.86328125
vt 0.06835938 0.85937500
f 1825/10384 1828/10385 1826/10386
vt 0.06835938 0.86328125
vt 0.07226562 0.86328125
vt 0.06835938 0.85937500
f 1827/10387 1815/10388 1816/10389
vt 0.06835938 0.86328125
vt 0.07226562 0.86328125
vt 0.06835938 0.85937500
f 1827/10390 1816/10391 1828/10392
